,flag,epoch,sbx,sby,sbz,sbvx,sbvy,sbvz
0,1.0,2456710.0,-2.049547680484391,0.9623860957236408,0.08197763947907347,-1.5410245006624046,-3.9333316942175656,0.4113664888690162
1,1.0,2456710.0,-2.049547629857933,0.9623862205668552,0.0819776343527532,-1.5410246681209394,-3.933331616218804,0.4113665108198371
