,flag,epoch,sbx,sby,sbz,sbvx,sbvy,sbvz
0,1.0,2456504.5,-4.373867985587707,2.2157692744522985,-0.5186999872186983,-1.9512642008490841,-2.3892083481443134,-0.005123489891740132
