,flag,epoch,sbx,sby,sbz,sbvx,sbvy,sbvz
0,1,2456846.5,-2.3742718649358254,2.272953772665556,-0.22712569923139814,-2.42475524088239,-2.259073599260589,-0.23554904133704874
