,mass_1,radius_1,x_1,y_1,z_1,vx_1,vy_1,vz_1,mass_2,radius_2,x_2,y_2,z_2,vx_2,vy_2,vz_2,mass_3,radius_3,x_3,y_3,z_3,vx_3,vy_3,vz_3,mass_4,radius_4,x_4,y_4,z_4,vx_4,vy_4,vz_4,mass_5,radius_5,x_5,y_5,z_5,vx_5,vy_5,vz_5,mass_6,radius_6,x_6,y_6,z_6,vx_6,vy_6,vz_6,mass_7,radius_7,x_7,y_7,z_7,vx_7,vy_7,vz_7,mass_8,radius_8,x_8,y_8,z_8,vx_8,vy_8,vz_8
0,1.660120825375342e-07,1.631393540950981e-08,0.2124866047308995,0.2320928562799447,-0.0005303328701363317,-9.614058394169557,7.3684869429907955,1.4841165878888787,2.447838287784771e-06,4.045378434654418e-08,-0.0331823751032737,-0.7260329500713122,-0.008036270946015877,7.330358051580314,-0.36492822770759414,-0.4280261549974112,3.040432648020684e-06,4.437104331057835e-07,0.3335046460266339,-0.9603381881554066,3.092345027187904e-05,5.833946182802021,2.03794146857162,-8.614018925564459e-05,3.2271560375549955e-07,2.270212793877687e-08,-0.1801409060989872,1.574763463815629,0.03741806469627322,-4.8839410218563435,-0.14695696244859727,0.11679235218569592,0.0009547919099366768,4.778945025452157e-07,-4.635727991608466,2.721977371335256,0.09242666997369017,-1.4297104026085574,-2.24880077348913,0.04133029246542452,0.0002858856700231729,4.0286669668487467e-07,-4.539867375309147,-8.88834871018792,0.3352363670443936,1.7026303668482001,-0.9345636233576091,-0.05156252128261927,4.3662496132004074e-05,1.708513622580592e-07,19.08630685028064,5.939992638345283,-0.2250988302518353,-0.4381725076127112,1.3024347999199133,0.010535589962930362,5.151383772628657e-05,1.6553711549585576e-07,27.75481707637694,-11.28443633290791,-0.4071893803646029,0.4233157778044587,1.0666728040048712,-0.03176576180088798
