,mass_1,radius_1,x_1,y_1,z_1,vx_1,vy_1,vz_1,mass_2,radius_2,x_2,y_2,z_2,vx_2,vy_2,vz_2,mass_3,radius_3,x_3,y_3,z_3,vx_3,vy_3,vz_3,mass_4,radius_4,x_4,y_4,z_4,vx_4,vy_4,vz_4,mass_5,radius_5,x_5,y_5,z_5,vx_5,vy_5,vz_5,mass_6,radius_6,x_6,y_6,z_6,vx_6,vy_6,vz_6,mass_7,radius_7,x_7,y_7,z_7,vx_7,vy_7,vz_7,mass_8,radius_8,x_8,y_8,z_8,vx_8,vy_8,vz_8
0,1.660120825375342e-07,1.631393540950981e-08,-0.1583194175610521,0.2776859452638805,0.03721413836818693,-10.995952814659146,-4.697108562778851,0.6248470209294945,2.447838287784771e-06,4.045378434654418e-08,-0.5974050884237883,0.3973164208601071,0.03992627282474354,-4.120752790132315,-6.188319228767449,0.15286938580853107,3.040432648020684e-06,4.437104331057835e-07,0.678558240206873,0.7215924104744227,-3.574587559068158e-05,-4.680193609591949,4.281121036956168,-0.00018744583921542028,3.2271560375549955e-07,2.270212793877687e-08,1.164247239673499,0.8527688004345861,-0.01068985986459097,-2.825332727447896,4.559410592088237,0.16485832894016328,0.0009547919099366768,4.778945025452157e-07,2.715890321675416,-4.332956975198114,-0.04276720399375408,2.3045795753291682,1.5955132154833034,-0.0581875322790977,0.0002858856700231729,4.0286669668487467e-07,5.257187250002814,-8.50066834412731,-0.06144348759476837,1.6223265553515522,1.0681835592737374,-0.08311864770752063,4.3662496132004074e-05,1.708513622580592e-07,15.48182497595184,12.3085751486572,-0.154844901937655,-0.9024585905808737,1.059083158173049,0.01557211112917123,5.151383772628657e-05,1.6553711549585576e-07,29.43173639611431,-5.396838147094874,-0.5672260420917362,0.20160768513569083,1.1365391208401339,-0.028030622770180754
