,mass_1,radius_1,x_1,y_1,z_1,vx_1,vy_1,vz_1,mass_2,radius_2,x_2,y_2,z_2,vx_2,vy_2,vz_2,mass_3,radius_3,x_3,y_3,z_3,vx_3,vy_3,vz_3,mass_4,radius_4,x_4,y_4,z_4,vx_4,vy_4,vz_4,mass_5,radius_5,x_5,y_5,z_5,vx_5,vy_5,vz_5,mass_6,radius_6,x_6,y_6,z_6,vx_6,vy_6,vz_6,mass_7,radius_7,x_7,y_7,z_7,vx_7,vy_7,vz_7,mass_8,radius_8,x_8,y_8,z_8,vx_8,vy_8,vz_8
0,1.660120825375342e-07,1.631393540950981e-08,-0.3481641528191002,-0.2692452545159164,0.009943857451672776,4.183819692202394,-7.670436642018853,-1.010590532072979,2.447838287784771e-06,4.045378434654418e-08,-0.345560822756402,0.6293636427187216,0.02856761063003318,-6.500857063541352,-3.5964548206295635,0.32587050078333074,3.040432648020684e-06,4.437104331057835e-07,0.9183058057384712,-0.4205048927677889,1.133246381984545e-05,2.5141899147823703,5.6897835468895925,-0.00019124801972801602,3.2271560375549955e-07,2.270212793877687e-08,0.03695764055833215,-1.451319965103071,-0.03131606121173738,5.303177806711303,0.5697680476451177,-0.11822752750805886,0.0009547919099366768,4.778945025452157e-07,-2.990926260621764,4.349622966618292,0.04886266409996354,-2.3062749423000737,-1.4327970074803846,0.05755728406550558,0.0002858856700231729,4.0286669668487467e-07,-5.941773398112855,-7.948408105011382,0.3747330926406577,1.5193997841837674,-1.2267309176984078,-0.03919295723643203,4.3662496132004074e-05,1.708513622580592e-07,19.43130080836939,4.799004015968313,-0.2338277076859158,-0.3565649365761446,1.3261380257157331,0.009572404882883887,5.151383772628657e-05,1.6553711549585576e-07,27.37257459733615,-12.2040516153447,-0.3794091747202261,0.45752213443932493,1.0524002817863363,-0.03224679644685895
