,flag,epoch,sbx,sby,sbz,sbvx,sbvy,sbvz
0,1,2457290.0,-2.083395135227249,-1.811291043650055,-0.24736828189942026,2.0068436855813356,-2.6272126095127177,-0.16171880433104618
