,flag,epoch,sbx,sby,sbz,sbvx,sbvy,sbvz
0,1.0,2457990.0,1.7551650326124884,1.1657958054648327,-0.030537611254075947,-2.5775183053865205,3.7231075592056144,-0.5060003300799707
1,1.0,2457990.0,1.7551649578492494,1.1657959324364024,-0.03053762807573962,-2.5775184712380095,3.723107426640653,-0.5060003293630878
