,flag,epoch,sbx,sby,sbz,sbvx,sbvy,sbvz
0,1.0,2457321.5,-15.2254577692316,9.293520652750464,-4.592839770649208,-0.6437924053944395,-1.5138915589011828,0.17766550965348102
