,flag,epoch,sbx,sby,sbz,sbvx,sbvy,sbvz
0,1.0,2457659.5,34.03699176884391,-26.00957716820071,-2.5912907246788572,0.5925987040396922,0.693508551658928,-0.015552884020444385
