,flag,epoch,sbx,sby,sbz,sbvx,sbvy,sbvz
0,1.0,2457510.5,35.32836631129083,5.046675007588348,-16.9476562908095,-0.1439133957351405,0.9591601171347073,0.12869995646927357
