,mass_1,radius_1,x_1,y_1,z_1,vx_1,vy_1,vz_1,mass_2,radius_2,x_2,y_2,z_2,vx_2,vy_2,vz_2,mass_3,radius_3,x_3,y_3,z_3,vx_3,vy_3,vz_3,mass_4,radius_4,x_4,y_4,z_4,vx_4,vy_4,vz_4,mass_5,radius_5,x_5,y_5,z_5,vx_5,vy_5,vz_5,mass_6,radius_6,x_6,y_6,z_6,vx_6,vy_6,vz_6,mass_7,radius_7,x_7,y_7,z_7,vx_7,vy_7,vz_7,mass_8,radius_8,x_8,y_8,z_8,vx_8,vy_8,vz_8
0,1.660120825375342e-07,1.631393540950981e-08,-0.3720216474565702,0.04922723292057677,0.03815237436342479,-3.4824264333121504,-9.745764668012841,-0.476864381535608,2.447838287784771e-06,4.045378434654418e-08,0.2776339968656655,0.6655694167251645,-0.006894948669447351,-6.842277278612867,2.8100319111040064,0.43337338724126745,3.040432648020684e-06,4.437104331057835e-07,-0.3641847235052775,0.9135756630864171,-3.270019458145355e-05,-5.939561668129051,-2.3503570226708743,0.00011699132854810435,3.2271560375549955e-07,2.270212793877687e-08,1.309801081380453,0.5452635546995224,-0.0207189792209378,-1.7688957559122902,5.155941305736788,0.15145840003121355,0.0009547919099366768,4.778945025452157e-07,-5.344717212778599,-1.090273972517494,0.1241219936921432,0.5182317374101374,-2.5729006922614555,-0.000911658976024713,0.0002858856700231729,4.0286669668487467e-07,-1.811499233245784,-9.881198973772852,0.2438549716802615,1.8936160942252316,-0.3758176130346847,-0.0688542982566895,4.3662496132004074e-05,1.708513622580592e-07,18.32192370508731,7.863898880616977,-0.208031382986575,-0.5762733736101783,1.2506246217522872,0.01211282499635162,5.151383772628657e-05,1.6553711549585576e-07,28.3470370309638,-9.660608368458844,-0.4543497024805939,0.36304663799111325,1.0896982799384332,-0.03085515666515302
