,flag,epoch,sbx,sby,sbz,sbvx,sbvy,sbvz
0,1.0,2457442.5,45.24610266529443,5.216481944036788,1.7729480158252455,-0.1089944216627226,0.8958568164711079,0.09636159727246091
