,mass_1,radius_1,x_1,y_1,z_1,vx_1,vy_1,vz_1,mass_2,radius_2,x_2,y_2,z_2,vx_2,vy_2,vz_2,mass_3,radius_3,x_3,y_3,z_3,vx_3,vy_3,vz_3,mass_4,radius_4,x_4,y_4,z_4,vx_4,vy_4,vz_4,mass_5,radius_5,x_5,y_5,z_5,vx_5,vy_5,vz_5,mass_6,radius_6,x_6,y_6,z_6,vx_6,vy_6,vz_6,mass_7,radius_7,x_7,y_7,z_7,vx_7,vy_7,vz_7,mass_8,radius_8,x_8,y_8,z_8,vx_8,vy_8,vz_8
0,1.660120825375342e-07,1.631393540950981e-08,0.2797176332631346,-0.3103016276558026,-0.05101685525712047,5.591581142204459,7.371648643337087,0.08938437784057836,2.447838287784771e-06,4.045378434654418e-08,0.3453932706849101,0.6334911385294394,-0.01124176753650469,-6.510180806913667,3.5033549653031124,0.4237347886225693,3.040432648020684e-06,4.437104331057835e-07,0.8570108846414762,-0.5375860961365484,1.854814826960257e-05,3.2369214226083898,5.2998960583454675,-0.00023386012978734424,3.2271560375549955e-07,2.270212793877687e-08,-1.1718346565733,1.167106417077952,0.05321621590586731,-3.414008794363786,-3.1855675425867345,0.01703059220744677,0.0009547919099366768,4.778945025452157e-07,-4.799421559250352,-2.575816801998415,0.1180893262293145,1.271285699142428,-2.3006664128863274,-0.018891455060782526,0.0002858856700231729,4.0286669668487467e-07,-0.655369338109773,-10.03770901345548,0.2005528803493306,1.9232685918251893,-0.14096440911252808,-0.07410264740782853,4.3662496132004074e-05,1.708513622580592e-07,17.95686526548,8.613279301468038,-0.2005208778845725,-0.6303150994537489,1.2260823532822434,0.012711459092554101,5.151383772628657e-05,1.6553711549585576e-07,28.55929891510582,-8.99864502378618,-0.4729013398897349,0.3384702829780512,1.0983516209926605,-0.030460923158503524
