,flag,epoch,sbx,sby,sbz,sbvx,sbvy,sbvz
0,1.0,2457986.5,-2.0152946782361356,1.7184195445537729,-0.22179102751962332,-2.67157710112745,-2.6893432099584413,0.8758588270544176
