,flag,epoch,sbx,sby,sbz,sbvx,sbvy,sbvz
0,1.0,2457306.5,39.76888636156923,4.936270607635401,-1.6270123598625512,-0.14255514452340662,1.030355965844313,-0.005733869744282712
