,flag,epoch,sbx,sby,sbz,sbvx,sbvy,sbvz
0,1.0,2458030.0,32.23999222983517,-21.141892043313433,11.757089899009053,0.36098053426449267,0.9067989380658584,0.29306508752658983
