,flag,epoch,sbx,sby,sbz,sbvx,sbvy,sbvz
0,1.0,2452690.0,13.99348638416852,30.08502857431751,2.162011459342448,-1.0129089003312717,0.5200503893713032,0.2897564320141803
