,mass_1,radius_1,x_1,y_1,z_1,vx_1,vy_1,vz_1,mass_2,radius_2,x_2,y_2,z_2,vx_2,vy_2,vz_2,mass_3,radius_3,x_3,y_3,z_3,vx_3,vy_3,vz_3,mass_4,radius_4,x_4,y_4,z_4,vx_4,vy_4,vz_4,mass_5,radius_5,x_5,y_5,z_5,vx_5,vy_5,vz_5,mass_6,radius_6,x_6,y_6,z_6,vx_6,vy_6,vz_6,mass_7,radius_7,x_7,y_7,z_7,vx_7,vy_7,vz_7,mass_8,radius_8,x_8,y_8,z_8,vx_8,vy_8,vz_8
0,1.660120825375342e-07,1.631393540950981e-08,-0.08887668505507397,-0.4571704403858273,-0.02919070539410743,8.025508741101763,-1.4404781468396937,-0.8542334256297557,2.447838287784771e-06,4.045378434654418e-08,-0.5690490815501359,-0.4451809264224119,0.02675683588248096,4.500069698265052,-5.8532958251265805,-0.3397945105016025,3.040432648020684e-06,4.437104331057835e-07,-0.8637656507032385,0.4809589816828538,-4.24852700434455e-06,-3.1594546161766512,-5.513862361411773,4.3829787893059284e-05,3.2271560375549955e-07,2.270212793877687e-08,-1.095600102587408,-1.113009828182499,0.003601011153894089,3.8353537798038495,-3.1478418604636262,-0.16017927243535449,0.0009547919099366768,4.778945025452157e-07,-3.724779166801023,3.795507596824716,0.06759271235351721,-2.0032663420073114,-1.8023619624989602,0.05231031186966167,0.0002858856700231729,4.0286669668487467e-07,0.321947994277711,9.025994567571106,-0.1698374317822918,-2.1472575787680026,0.06684076291052875,0.0842355976564386,4.3662496132004074e-05,1.708513622580592e-07,17.12083176481993,-10.36986537849968,-0.2603881430321792,0.7314568878958723,1.1600938795027071,-0.005119989374414663,5.151383772628657e-05,1.6553711549585576e-07,19.63735441418258,-22.79002479866772,0.0168153780491939,0.8586958869908362,0.7533858714854813,-0.0353233161990875
