,mass_1,radius_1,x_1,y_1,z_1,vx_1,vy_1,vz_1,mass_2,radius_2,x_2,y_2,z_2,vx_2,vy_2,vz_2,mass_3,radius_3,x_3,y_3,z_3,vx_3,vy_3,vz_3,mass_4,radius_4,x_4,y_4,z_4,vx_4,vy_4,vz_4,mass_5,radius_5,x_5,y_5,z_5,vx_5,vy_5,vz_5,mass_6,radius_6,x_6,y_6,z_6,vx_6,vy_6,vz_6,mass_7,radius_7,x_7,y_7,z_7,vx_7,vy_7,vz_7,mass_8,radius_8,x_8,y_8,z_8,vx_8,vy_8,vz_8
0,1.660120825375342e-07,1.631393540950981e-08,-0.2925396307921133,0.1819027722172845,0.04170265436594646,-7.530920812877037,-8.296846962775371,0.013023421179140095,2.447838287784771e-06,4.045378434654418e-08,-0.446386865988778,-0.5699904094987123,0.01794863034662922,5.764406321866772,-4.589121100737307,-0.3955556467273611,3.040432648020684e-06,4.437104331057835e-07,0.7094711553445033,0.6921117066262341,-2.447521523104688e-05,-4.490143408366581,4.474401088652435,-0.0001357016606743972,3.2271560375549955e-07,2.270212793877687e-08,0.9601578695131887,-1.004295753841942,-0.04460935094728496,3.8889394441940803,3.9702563430914486,-0.012264529201099158,0.0009547919099366768,4.778945025452157e-07,-3.417524708761958,4.054134284286208,0.05963555556128428,-2.142316670147072,-1.6478336844212438,0.0547798401805329,0.0002858856700231729,4.0286669668487467e-07,-5.646243655893894,-8.177592392865,0.3669460761035099,1.5642576586301518,-1.164712113700899,-0.042058389613874425,4.3662496132004074e-05,1.708513622580592e-07,19.36122513258432,5.052696937274013,-0.231972512038414,-0.3747126076814609,1.321293876181928,0.009787429181547933,5.151383772628657e-05,1.6553711549585576e-07,27.45953627519534,-12.00205136808647,-0.3855794363063204,0.4499843591528655,1.055612867599044,-0.03214419296960716
