,flag,epoch,sbx,sby,sbz,sbvx,sbvy,sbvz
0,1,2456980.0,-1.0632919071125868,1.8255398749758258,0.035195842933349056,-4.078303369235359,-1.6129749334242418,0.45224541893631787
