,flag,epoch,sbx,sby,sbz,sbvx,sbvy,sbvz
0,1.0,2457170.0,-0.7033891234700524,-2.347218631611251,0.2743753910247335,3.688628752646895,-1.089709851908962,0.499394700606229
