,flag,epoch,sbx,sby,sbz,sbvx,sbvy,sbvz
0,1.0,2456970.0,-1.7018791107386242,-2.2217696732455736,-0.35302605269138143,2.914857454462851,-2.0324039928672692,-0.238078449953932
