,flag,epoch,sbx,sby,sbz,sbvx,sbvy,sbvz
0,1.0,2457770.0,-2.4543035127961232,0.9873398905659239,-0.10514141400382948,-2.2962263719902176,-3.004376625639007,-0.3263305808639308
1,1.0,2457770.0,-2.4543035157638555,0.9873398926150813,-0.10514141735166635,-2.296226371415939,-3.004376618987294,-0.3263305794840149
