,mass_1,radius_1,x_1,y_1,z_1,vx_1,vy_1,vz_1,mass_2,radius_2,x_2,y_2,z_2,vx_2,vy_2,vz_2,mass_3,radius_3,x_3,y_3,z_3,vx_3,vy_3,vz_3,mass_4,radius_4,x_4,y_4,z_4,vx_4,vy_4,vz_4,mass_5,radius_5,x_5,y_5,z_5,vx_5,vy_5,vz_5,mass_6,radius_6,x_6,y_6,z_6,vx_6,vy_6,vz_6,mass_7,radius_7,x_7,y_7,z_7,vx_7,vy_7,vz_7,mass_8,radius_8,x_8,y_8,z_8,vx_8,vy_8,vz_8
0,1.660120825375342e-07,1.631393540950981e-08,-0.2430895572800782,0.2277514621314618,0.04091526801348707,-9.11337399450078,-7.081645546833505,0.2577899322505373,2.447838287784771e-06,4.045378434654418e-08,0.03143373739675148,-0.7263390438944394,-0.01175134673239231,7.331244324408656,0.29230456645591596,-0.41915013174969307,3.040432648020684e-06,4.437104331057835e-07,0.9823953739659703,-0.2211148985479306,2.299945715924152e-06,1.2774782145881989,6.107272746534675,-7.891796353011557e-05,3.2271560375549955e-07,2.270212793877687e-08,1.378940654806493,0.2514423176925357,-0.02860710893436407,-0.7210569905093784,5.465414549108695,0.13223032711344276,0.0009547919099366768,4.778945025452157e-07,-4.901214601182677,-2.383115946163529,0.1195685800629081,1.1719604053350237,-2.3510797595844077,-0.016465378048180105,0.0002858856700231729,4.0286669668487467e-07,-4.902044119046078,7.653947390334083,0.06183077926816657,-1.8245143505776171,-1.1054332972181167,0.09182909317864954,4.3662496132004074e-05,1.708513622580592e-07,18.70956776304284,-7.258456286491914,-0.2693059367874093,0.5095619767249738,1.270012113041622,-0.0018558845661107528,5.151383772628657e-05,1.6553711549585576e-07,21.7381748601582,-20.76251351369925,-0.07342293784434296,0.7849637441030902,0.8334974198439806,-0.035281580411500466
