,flag,epoch,sbx,sby,sbz,sbvx,sbvy,sbvz
0,1,2456610.0,-2.4536781621697537,0.5369148104494023,-0.035559893235100615,-0.44928478709697817,-3.9095314730703756,1.067910491514437
