,mass_1,radius_1,x_1,y_1,z_1,vx_1,vy_1,vz_1,mass_2,radius_2,x_2,y_2,z_2,vx_2,vy_2,vz_2,mass_3,radius_3,x_3,y_3,z_3,vx_3,vy_3,vz_3,mass_4,radius_4,x_4,y_4,z_4,vx_4,vy_4,vz_4,mass_5,radius_5,x_5,y_5,z_5,vx_5,vy_5,vz_5,mass_6,radius_6,x_6,y_6,z_6,vx_6,vy_6,vz_6,mass_7,radius_7,x_7,y_7,z_7,vx_7,vy_7,vz_7,mass_8,radius_8,x_8,y_8,z_8,vx_8,vy_8,vz_8
0,1.660120825375342e-07,1.631393540950981e-08,-0.1495316877953373,0.2813289089331091,0.03670619027652293,-11.141223735153709,-4.431998942204259,0.6601654893797835,2.447838287784771e-06,4.045378434654418e-08,0.7042138616111593,-0.1769391884562472,-0.04306445199437839,1.7624185990526873,7.131890759674572,-0.004031908002048349,3.040432648020684e-06,4.437104331057835e-07,0.9989027523842708,0.0807410259558803,-5.82246592252383e-06,-0.6083721550948537,6.239993612985775,-0.00015131316271501535,3.2271560375549955e-07,2.270212793877687e-08,-0.756605751729617,-1.32401617862543,-0.009165235200369857,4.630050828331348,-2.0980535540239047,-0.15765594333820543,0.0009547919099366768,4.778945025452157e-07,4.95470136045983,-0.1013166037206111,-0.1104562940558344,0.022354211126319957,2.889271141359051,-0.01249661053917825,0.0002858856700231729,4.0286669668487467e-07,-9.466644043985278,-1.245655177461692,0.3985097328885158,0.15626983423216967,-2.0223734412930336,0.029000465956182143,4.3662496132004074e-05,1.708513622580592e-07,20.08348805987221,-0.5201832405040432,-0.262086725852531,0.026721134329980998,1.3714228100020427,0.004737972036708397,5.151383772628657e-05,1.6553711549585576e-07,25.27903735573009,-16.1837176502699,-0.2492545096171943,0.6107390145555341,0.9747028254396435,-0.03410244456773272
