,flag,epoch,sbx,sby,sbz,sbvx,sbvy,sbvz
0,1,2457420.0,-1.601299052603721,-1.3525624172886692,-0.06941368415656218,3.5263252128363844,-2.8399844678920023,0.6402356691546349
