,flag,epoch,sbx,sby,sbz,sbvx,sbvy,sbvz
0,1.0,2457450.0,1.751878628821827,-1.0831458750413365,-0.04685043361195497,2.3901347149891907,3.9772745455688416,0.5069404872698687
1,1.0,2457450.0,1.751878601025395,-1.0831459159669345,-0.04685043146188493,2.3901347550982384,3.9772745343335933,0.5069404814925196
