,flag,epoch,sbx,sby,sbz,sbvx,sbvy,sbvz
0,1.0,2457423.5,11.178924205982693,-15.671376851347649,0.3946875311179405,1.215670229193623,0.6649576719965161,1.0570818844952556
