,flag,epoch,sbx,sby,sbz,sbvx,sbvy,sbvz
0,1,2457780.0,2.286074575279299,-0.35332906534912467,0.11081869471617099,0.8991916982131648,4.275441277443044,-0.3722201875070121
