,flag,epoch,sbx,sby,sbz,sbvx,sbvy,sbvz
0,1.0,2457526.5,31.855706528830304,11.75486369876149,-7.969212243836601,-0.1880784826878934,1.142535214172631,-0.11271566520575356
