,flag,epoch,sbx,sby,sbz,sbvx,sbvy,sbvz
0,1.0,2456876.5,32.199702791386706,22.554338114113747,4.35653077651731,-0.452139565617914,1.0145262313530419,-0.19756299661341234
