,flag,epoch,sbx,sby,sbz,sbvx,sbvy,sbvz
0,1,2457200.0,1.1524582347625807,-2.098754840304987,0.7998615737473984,3.7415113210418838,2.1202319226370387,0.4923909738716676
