,flag,epoch,sbx,sby,sbz,sbvx,sbvy,sbvz
0,1.0,2457503.5,47.37894822124285,10.489583539576849,2.5283148880958457,-0.11463314652506972,0.8542305932167106,-0.0036808537875299475
