,flag,epoch,sbx,sby,sbz,sbvx,sbvy,sbvz
0,1,2457531.5,2.8008194512250535,1.0120239903453312,0.2676597822442128,-0.9581527487544006,3.4442440369105727,0.12609700528545031
