,mass_1,radius_1,x_1,y_1,z_1,vx_1,vy_1,vz_1,mass_2,radius_2,x_2,y_2,z_2,vx_2,vy_2,vz_2,mass_3,radius_3,x_3,y_3,z_3,vx_3,vy_3,vz_3,mass_4,radius_4,x_4,y_4,z_4,vx_4,vy_4,vz_4,mass_5,radius_5,x_5,y_5,z_5,vx_5,vy_5,vz_5,mass_6,radius_6,x_6,y_6,z_6,vx_6,vy_6,vz_6,mass_7,radius_7,x_7,y_7,z_7,vx_7,vy_7,vz_7,mass_8,radius_8,x_8,y_8,z_8,vx_8,vy_8,vz_8
0,1.660120825375342e-07,1.631393540950981e-08,0.3601398306493382,-0.07645237570722449,-0.03929090823811715,0.14243810947853167,10.513024721803768,0.8459061411792993,2.447838287784771e-06,4.045378434654418e-08,-0.5752506827788215,-0.4369905302670387,0.02721227838103291,4.416927637150219,-5.917516707775061,-0.33599564934225395,3.040432648020684e-06,4.437104331057835e-07,-0.6155453409107331,-0.8013188114420287,2.485388789584211e-05,4.881126074816566,-3.8517227328145376,0.00010666653141661535,3.2271560375549955e-07,2.270212793877687e-08,-1.575849818290266,-0.4128025778364376,0.03004452492810094,1.4865100108859837,-4.50818701549025,-0.13095749226521342,0.0009547919099366768,4.778945025452157e-07,3.010880529268511,3.989721155497148,-0.08394578488853392,-2.2353544641945198,1.7930960180829003,0.04257526531786528,0.0002858856700231729,4.0286669668487467e-07,-8.670565557665098,-4.394277967107565,0.4216170558420583,0.8092205939486117,-1.820862192282085,-0.0005488486066652311,4.3662496132004074e-05,1.708513622580592e-07,19.99599792939069,1.704369234642532,-0.2526896156520617,-0.1342508700453851,1.3656884551315442,0.0068233153859064855,5.151383772628657e-05,1.6553711549585576e-07,26.21950046082933,-14.57165340116288,-0.3040676476989944,0.5476099722804466,1.0102071896995974,-0.033401770591910955
