,flag,epoch,sbx,sby,sbz,sbvx,sbvy,sbvz
0,1.0,2457604.5,-0.9424397575985333,-3.507766337781994,0.09511307209620323,2.9779966443715056,-0.5426649997378311,-0.0766833698898363
