,mass_1,radius_1,x_1,y_1,z_1,vx_1,vy_1,vz_1,mass_2,radius_2,x_2,y_2,z_2,vx_2,vy_2,vz_2,mass_3,radius_3,x_3,y_3,z_3,vx_3,vy_3,vz_3,mass_4,radius_4,x_4,y_4,z_4,vx_4,vy_4,vz_4,mass_5,radius_5,x_5,y_5,z_5,vx_5,vy_5,vz_5,mass_6,radius_6,x_6,y_6,z_6,vx_6,vy_6,vz_6,mass_7,radius_7,x_7,y_7,z_7,vx_7,vy_7,vz_7,mass_8,radius_8,x_8,y_8,z_8,vx_8,vy_8,vz_8
0,1.660120825375342e-07,1.631393540950981e-08,0.2655362802542899,0.1824614839498736,-0.00945457331123569,-7.834553427208305,8.916122470486165,1.4473272574065297,2.447838287784771e-06,4.045378434654418e-08,0.723993241778414,-0.04784381428773211,-0.04243918702346423,0.4541207613567785,7.337690578167376,0.07433704936234313,3.040432648020684e-06,4.437104331057835e-07,0.7764028749600973,0.6183787517956152,-1.98926044159176e-05,-4.017163151586638,4.891897590193049,-0.0001464484219604109,3.2271560375549955e-07,2.270212793877687e-08,-1.022548320150464,1.289543250860751,0.05211801114611522,-3.8118913209900893,-2.740433151140388,0.03615282059439184,0.0009547919099366768,4.778945025452157e-07,-0.8752272873852013,5.095037823833388,-0.001575561421123318,-2.7522426205543513,-0.3362846317169836,0.06298357902276859,0.0002858856700231729,4.0286669668487467e-07,-7.106249128052018,-6.833204950501183,0.4017280523875327,1.2995065789709235,-1.474242769084744,-0.02612921875794369,4.3662496132004074e-05,1.708513622580592e-07,19.69274144744697,3.698360227562778,-0.2413251815374914,-0.27773736764545875,1.3443585845698887,0.008617677633782912,5.151383772628657e-05,1.6553711549585576e-07,26.98218535367466,-13.0654791800943,-0.3526542002682441,0.48988991944415045,1.0381218165103143,-0.03268073546865339
