,flag,epoch,sbx,sby,sbz,sbvx,sbvy,sbvz
0,1.0,2457401.5,43.64697354458488,-5.98193461786548,2.881682268716486,0.13658091663601202,0.9297747816782885,-0.005038443716825725
