,flag,epoch,sbx,sby,sbz,sbvx,sbvy,sbvz
0,1.0,2456740.0,5.174226007493303,27.702375986398057,-7.1207341532741175,-1.2440138897772945,0.34977342698082137,-0.2199410584346463
