,flag,epoch,sbx,sby,sbz,sbvx,sbvy,sbvz
0,1.0,2455497.5,-13.545282894627567,-37.00911486482416,-1.8330295562829104,1.03241706253133,-0.20588172920417944,0.03969605744957279
