,flag,epoch,sbx,sby,sbz,sbvx,sbvy,sbvz
0,1,2457060.0,2.822916369194465,-0.8823160553569138,-0.47831260055787833,1.0561750370291292,3.1136701704402068,1.4280146459962209
