,flag,epoch,sbx,sby,sbz,sbvx,sbvy,sbvz
0,1.0,2457526.5,19.3142745324444,22.66977078414599,-0.7867513475844987,-0.8521962524842669,0.8701029750069579,0.3972010711719527
