,flag,epoch,sbx,sby,sbz,sbvx,sbvy,sbvz
0,1.0,2454863.5,-13.93157758716296,-30.34733599276099,19.541397847542925,1.0883670244308803,-0.5211102683521435,-0.2103679436863867
