,flag,epoch,sbx,sby,sbz,sbvx,sbvy,sbvz
0,1.0,2457650.0,-1.0704868864528687,1.9429133633402613,0.0739102277644083,-3.8842360197041557,-1.9197706419015905,-0.4254785686214816
1,1.0,2457650.0,-1.0704868752211674,1.9429133617972132,0.0739102360031791,-3.884236029403281,-1.9197706418224114,-0.42547857113126275
