,flag,epoch,sbx,sby,sbz,sbvx,sbvy,sbvz
0,1.0,2457060.0,37.751753111405606,16.865147198949817,-1.1604812512401386,-0.42679319102615515,0.9077857314160486,0.0003373032896270771
