,flag,epoch,sbx,sby,sbz,sbvx,sbvy,sbvz
0,1.0,2456662.5,-11.465471845528352,-7.739873472249569,-2.72255426329166,1.2366458537959164,-1.5788506470121764,-0.05277888164707246
