,flag,epoch,sbx,sby,sbz,sbvx,sbvy,sbvz
0,1.0,2454090.0,17.502116978477268,26.17280478308142,2.4055639690825186,-0.9920272370737503,0.7045206760924334,0.11252265621711623
