,flag,epoch,sbx,sby,sbz,sbvx,sbvy,sbvz
0,1.0,2457850.0,1.5855288447498448,1.961592928464091,-0.10265525111796572,-2.6517846364037503,2.818115724943884,-0.3827351849025264
1,1.0,2457850.0,1.5855287575046102,1.961592956392165,-0.10265523694528257,-2.651784742348762,2.8181156947391672,-0.3827351950654566
