,mass_1,radius_1,x_1,y_1,z_1,vx_1,vy_1,vz_1,mass_2,radius_2,x_2,y_2,z_2,vx_2,vy_2,vz_2,mass_3,radius_3,x_3,y_3,z_3,vx_3,vy_3,vz_3,mass_4,radius_4,x_4,y_4,z_4,vx_4,vy_4,vz_4,mass_5,radius_5,x_5,y_5,z_5,vx_5,vy_5,vz_5,mass_6,radius_6,x_6,y_6,z_6,vx_6,vy_6,vz_6,mass_7,radius_7,x_7,y_7,z_7,vx_7,vy_7,vz_7,mass_8,radius_8,x_8,y_8,z_8,vx_8,vy_8,vz_8
0,1.660120825375342e-07,1.631393540950981e-08,-0.281479923370148,0.1936131286001306,0.04164653890001923,-7.923940801914037,-8.039276076182063,0.0702299529794528,2.447838287784771e-06,4.045378434654418e-08,0.7215013522857133,-0.07792274632754452,-0.04270597702579625,0.7589395017860691,7.311262772588864,0.05633882964284783,3.040432648020684e-06,4.437104331057835e-07,0.986910861789645,0.1657600408143168,-7.879616570823767e-06,-1.1429483225957244,6.1736115876970645,-0.00014908880035381777,3.2271560375549955e-07,2.270212793877687e-08,-0.6924536711503501,-1.351340272851118,-0.01131307190949384,4.741166113451469,-1.8928592339276467,-0.15608473678198526,0.0009547919099366768,4.778945025452157e-07,4.954856725910957,-0.06176195892848626,-0.1106240036166592,0.00034350106007832265,2.8896331767493173,-0.012005606512035794,0.0002858856700231729,4.0286669668487467e-07,-9.464464855305978,-1.273334639945028,0.398905040882098,0.1621089699298006,-2.0215932808870307,0.028754011983104854,4.3662496132004074e-05,1.708513622580592e-07,20.08384451971374,-0.5014092489566395,-0.2620217437886693,0.02535766550698149,1.3714570975397906,0.004755908240268921,5.151383772628657e-05,1.6553711549585576e-07,25.28739429742773,-16.17037247651162,-0.2497213094241883,0.6102101635405781,0.9750269672525691,-0.034097004244261125
