,flag,epoch,sbx,sby,sbz,sbvx,sbvy,sbvz
0,1.0,2459031.5,-6.400238108796057,4.37849566145064,-0.19159942731287888,-1.6405032613374337,-2.22670053540244,-0.6988753526807998
