,mass_1,radius_1,x_1,y_1,z_1,vx_1,vy_1,vz_1,mass_2,radius_2,x_2,y_2,z_2,vx_2,vy_2,vz_2,mass_3,radius_3,x_3,y_3,z_3,vx_3,vy_3,vz_3,mass_4,radius_4,x_4,y_4,z_4,vx_4,vy_4,vz_4,mass_5,radius_5,x_5,y_5,z_5,vx_5,vy_5,vz_5,mass_6,radius_6,x_6,y_6,z_6,vx_6,vy_6,vz_6,mass_7,radius_7,x_7,y_7,z_7,vx_7,vy_7,vz_7,mass_8,radius_8,x_8,y_8,z_8,vx_8,vy_8,vz_8
0,1.660120825375342e-07,1.631393540950981e-08,0.3149808563281645,0.1109507521368977,-0.01983186607131309,-5.408320696949908,10.149844155587305,1.3255301664142922,2.447838287784771e-06,4.045378434654418e-08,-0.7187417341306299,-0.01803132251732029,0.04122868937291405,0.14168629272410482,-7.417991475864965,-0.10988099452575381,3.040432648020684e-06,4.437104331057835e-07,-0.1322262445242211,0.9744331699170767,-3.452594249865298e-05,-6.329174129805701,-0.868522712530658,6.028858403385279e-05,3.2271560375549955e-07,2.270212793877687e-08,-1.646360644058016,0.1954450085888572,0.04450147449221654,-0.41182716369755845,-4.639044924245208,-0.08710409317605691,0.0009547919099366768,4.778945025452157e-07,-5.171382775622744,1.603884743580151,0.1090557764146856,-0.8501124729496995,-2.5047799066590555,0.029423143683438395,0.0002858856700231729,4.0286669668487467e-07,-3.724121453124093,-9.286781478844519,0.3096762215316482,1.7796042258017153,-0.7665088403344599,-0.057544212864738827,4.3662496132004074e-05,1.708513622580592e-07,18.87096555486325,6.546378023784466,-0.2200476555096142,-0.4816485428065443,1.287738541300736,0.011039318819285287,5.151383772628657e-05,1.6553711549585576e-07,27.94863617651578,-10.78330653197026,-0.4219973822264587,0.4046772595439266,1.074038953271596,-0.0314928612981494
