,flag,epoch,sbx,sby,sbz,sbvx,sbvy,sbvz
0,1.0,2453590.5,2.778912105924688,-1.908535818300701,1.0957554525470101,3.337590936235112,-0.18609829654025173,-3.23682923365688
