,flag,epoch,sbx,sby,sbz,sbvx,sbvy,sbvz
0,1.0,2457360.0,-2.1472647004876926,-1.7503173838387354,0.7074880973948586,2.1033650415473564,-3.1673604864709604,0.07243374973730736
1,1.0,2457360.0,-2.1472647106613882,-1.7503173618798957,0.7074880775212549,2.1033650137715307,-3.167360515117164,0.07243375312837286
