,flag,epoch,sbx,sby,sbz,sbvx,sbvy,sbvz
0,1,2457348.5,1.2482095177951644,2.004912944291065,0.5136297081143808,-2.65089400809226,2.587591617913172,1.493542144317795
