,mass_1,radius_1,x_1,y_1,z_1,vx_1,vy_1,vz_1,mass_2,radius_2,x_2,y_2,z_2,vx_2,vy_2,vz_2,mass_3,radius_3,x_3,y_3,z_3,vx_3,vy_3,vz_3,mass_4,radius_4,x_4,y_4,z_4,vx_4,vy_4,vz_4,mass_5,radius_5,x_5,y_5,z_5,vx_5,vy_5,vz_5,mass_6,radius_6,x_6,y_6,z_6,vx_6,vy_6,vz_6,mass_7,radius_7,x_7,y_7,z_7,vx_7,vy_7,vz_7,mass_8,radius_8,x_8,y_8,z_8,vx_8,vy_8,vz_8
0,1.660120825375342e-07,1.631393540950981e-08,-0.1419887002348189,-0.4434692605789834,-0.02320851756426887,7.722772458276869,-2.6217179063668046,-0.9227482959247975,2.447838287784771e-06,4.045378434654418e-08,0.366489480974562,0.6216797013280133,-0.01262910568535161,-6.3877607616797665,3.719130753901446,0.4196053116774433,3.040432648020684e-06,4.437104331057835e-07,-0.9526497795731115,0.2753930681591699,-6.237547418143983e-06,-1.8473923194302426,-6.060429361825042,0.00020663953815965583,3.2271560375549955e-07,2.270212793877687e-08,1.266902766808949,0.6564124937134419,-0.0173413267761294,-2.155282890443844,4.974977003199243,0.15714270882004772,0.0009547919099366768,4.778945025452157e-07,-4.059667172603705,3.468664168824082,0.07643565229375808,-1.825031464816646,-1.9672470486121951,0.049007653113039035,0.0002858856700231729,4.0286669668487467e-07,-5.129387398319112,-8.5365522156709,0.3525999050386933,1.6342495598196969,-1.0568421669690335,-0.046718055201271196,4.3662496132004074e-05,1.708513622580592e-07,19.23524194505417,5.478181199610135,-0.2287519000738982,-0.4051772027721716,1.3126174239838022,0.010149806842898694,5.151383772628657e-05,1.6553711549585576e-07,27.60285119903583,-11.66015179705159,-0.3959351658555954,0.4372253964349866,1.0609408686514603,-0.031963731416129924
