,flag,epoch,sbx,sby,sbz,sbvx,sbvy,sbvz
0,1.0,2457160.0,-0.8811695057777943,-1.9213401475954992,-0.18034228044370637,3.9947151618245673,-1.167870458011413,1.9576608435383804
