,flag,epoch,sbx,sby,sbz,sbvx,sbvy,sbvz
0,1.0,2457000.0,1.1439722036993971,-2.8645749461310226,-0.17775301838994567,3.0879164866816744,1.5779622348633426,0.3533398982385324
1,1.0,2457000.0,1.1439727453338095,-2.8645747657116143,-0.17775293719870944,3.0879162981226402,1.5779625514415752,0.3533399060133524
