,flag,epoch,sbx,sby,sbz,sbvx,sbvy,sbvz
0,1.0,2457707.5,-0.07651777822625605,2.888608028872071,-0.010418858962147531,-3.6481779384970885,0.2408246818037415,0.20443388286518754
