,mass_1,radius_1,x_1,y_1,z_1,vx_1,vy_1,vz_1,mass_2,radius_2,x_2,y_2,z_2,vx_2,vy_2,vz_2,mass_3,radius_3,x_3,y_3,z_3,vx_3,vy_3,vz_3,mass_4,radius_4,x_4,y_4,z_4,vx_4,vy_4,vz_4,mass_5,radius_5,x_5,y_5,z_5,vx_5,vy_5,vz_5,mass_6,radius_6,x_6,y_6,z_6,vx_6,vy_6,vz_6,mass_7,radius_7,x_7,y_7,z_7,vx_7,vy_7,vz_7,mass_8,radius_8,x_8,y_8,z_8,vx_8,vy_8,vz_8
0,1.660120825375342e-07,1.631393540950981e-08,0.1808321988529072,0.2538373745811574,0.004151644441472558,-10.413325759575752,6.3803582854646725,1.476688796892649,2.447838287784771e-06,4.045378434654418e-08,-0.1993514915211773,-0.6980043379445267,0.001933001695388801,7.053808129976885,-2.0595579450877923,-0.43528887060173954,3.040432648020684e-06,4.437104331057835e-07,1.002158823600283,0.03721388643923686,-6.284827187239649e-06,-0.3355758695628618,6.256227747648179,-0.00023312020830753267,3.2271560375549955e-07,2.270212793877687e-08,0.9707136432283742,-0.9935799446953898,-0.04464447167207431,3.849605667282565,4.010277999204354,-0.010439432305910289,0.0009547919099366768,4.778945025452157e-07,-5.44098924067211,-0.3134367348972958,0.1230503749954475,0.12562804198221522,-2.6239703056823385,0.008084715198635241,0.0002858856700231729,4.0286669668487467e-07,-2.373093999997085,-9.751959014924484,0.2639669821480957,1.8689966520118166,-0.4901438715729034,-0.06589253706346211,4.3662496132004074e-05,1.708513622580592e-07,18.48987109759185,7.488970461708954,-0.2116008339850548,-0.5492499079271574,1.2619695292772353,0.011808510302867012,5.151383772628657e-05,1.6553711549585576e-07,28.23688919640431,-9.985155878778306,-0.4451132566321461,0.3751355021323867,1.0853237296874354,-0.031045029171169716
