,flag,epoch,sbx,sby,sbz,sbvx,sbvy,sbvz
0,1,2457420.0,3.265431126019517,0.8958839932710063,-0.41190848271954544,-0.8991425780568364,3.0853994574698578,0.7217653213378997
