,flag,epoch,sbx,sby,sbz,sbvx,sbvy,sbvz
0,1.0,2456910.0,-2.88185286993963,0.27717417372681763,0.3899331747102055,-0.4972713546940851,-3.6569744410881064,0.5656493810777536
1,1.0,2456910.0,-2.8818528726059607,0.2771741880873503,0.38993314475130214,-0.49727139022390204,-3.656974432483005,0.5656493720191438
