,mass_1,radius_1,x_1,y_1,z_1,vx_1,vy_1,vz_1,mass_2,radius_2,x_2,y_2,z_2,vx_2,vy_2,vz_2,mass_3,radius_3,x_3,y_3,z_3,vx_3,vy_3,vz_3,mass_4,radius_4,x_4,y_4,z_4,vx_4,vy_4,vz_4,mass_5,radius_5,x_5,y_5,z_5,vx_5,vy_5,vz_5,mass_6,radius_6,x_6,y_6,z_6,vx_6,vy_6,vz_6,mass_7,radius_7,x_7,y_7,z_7,vx_7,vy_7,vz_7,mass_8,radius_8,x_8,y_8,z_8,vx_8,vy_8,vz_8
0,1.660120825375342e-07,1.631393540950981e-08,0.3455140690846395,-0.1777553448614612,-0.04622359219643604,2.6904500270597778,9.605484757496225,0.5380111682992215,2.447838287784771e-06,4.045378434654418e-08,0.5625578147209884,-0.4606784411287916,-0.03877852071800372,4.633759036207712,5.6874508565072945,-0.1894600037149695,3.040432648020684e-06,4.437104331057835e-07,-0.1883394383384064,0.9651134415470461,-3.118893388526454e-05,-6.269769221159599,-1.2273223791646908,5.697047988801065e-05,3.2271560375549955e-07,2.270212793877687e-08,1.359092875963496,-0.2600357888469353,-0.03880662515709313,1.1568727054515957,5.457209021730517,0.0859504545837556,0.0009547919099366768,4.778945025452157e-07,-3.735041877686024,3.789173653045654,0.06784066700076737,-1.997696705668513,-1.8064262794297987,0.05220271593936199,0.0002858856700231729,4.0286669668487467e-07,-5.403777184891534,-8.352290215719787,0.3603254562456867,1.598360420945134,-1.1140044077048876,-0.04429668579798076,4.3662496132004074e-05,1.708513622580592e-07,19.30266417242841,5.254970808967483,-0.2304587229629134,-0.38919280014438357,1.317271744428001,0.009959851607464888,5.151383772628657e-05,1.6553711549585576e-07,27.52806455669968,-11.84000871291565,-0.3905013259851253,0.44393549122357434,1.0581708279358595,-0.03205929874967599
