,mass_1,radius_1,x_1,y_1,z_1,vx_1,vy_1,vz_1,mass_2,radius_2,x_2,y_2,z_2,vx_2,vy_2,vz_2,mass_3,radius_3,x_3,y_3,z_3,vx_3,vy_3,vz_3,mass_4,radius_4,x_4,y_4,z_4,vx_4,vy_4,vz_4,mass_5,radius_5,x_5,y_5,z_5,vx_5,vy_5,vz_5,mass_6,radius_6,x_6,y_6,z_6,vx_6,vy_6,vz_6,mass_7,radius_7,x_7,y_7,z_7,vx_7,vy_7,vz_7,mass_8,radius_8,x_8,y_8,z_8,vx_8,vy_8,vz_8
0,1.660120825375342e-07,1.631393540950981e-08,-0.02413726010866083,-0.4629698482452613,-0.0356162833677684,8.201046874616596,-0.009015590564425007,-0.7530979467755295,2.447838287784771e-06,4.045378434654418e-08,0.5561517035969415,-0.4684860908940846,-0.03851994122723439,4.712301733632787,5.621724414180005,-0.194815003157168,3.040432648020684e-06,4.437104331057835e-07,-0.6168012486264552,0.7678847238695399,-2.988468041345101e-05,-5.00132308972799,-3.9586478200670534,0.00018649830606613655,3.2271560375549955e-07,2.270212793877687e-08,-1.43378041921446,-0.7224091565839402,0.02004963449806265,2.491048189128516,-4.127837585950168,-0.14763038634701667,0.0009547919099366768,4.778945025452157e-07,-4.129647209012499,-3.520808982841738,0.1070265827551816,1.7564845639338875,-1.969306536075485,-0.031125531965437332,0.0002858856700231729,4.0286669668487467e-07,0.1938741641227385,-10.06189837879529,0.167171627990788,1.9275511896328332,0.03128850094939353,-0.07726039948413628,4.3662496132004074e-05,1.708513622580592e-07,17.670444454296,9.14951918122361,-0.1948244938046363,-0.6691646415779099,1.2068145935143968,0.013133591791350816,5.151383772628657e-05,1.6553711549585576e-07,28.70450712609857,-8.513169056069914,-0.4862634121714446,0.32036087201894303,1.104369500414182,-0.030163960754932488
