,flag,epoch,sbx,sby,sbz,sbvx,sbvy,sbvz
0,1,2458147.5,26.535579762927654,23.415366350719516,-10.223976940834246,-0.7083589452255571,0.8099729143551667,-0.054890341276522446
