,mass_1,radius_1,x_1,y_1,z_1,vx_1,vy_1,vz_1,mass_2,radius_2,x_2,y_2,z_2,vx_2,vy_2,vz_2,mass_3,radius_3,x_3,y_3,z_3,vx_3,vy_3,vz_3,mass_4,radius_4,x_4,y_4,z_4,vx_4,vy_4,vz_4,mass_5,radius_5,x_5,y_5,z_5,vx_5,vy_5,vz_5,mass_6,radius_6,x_6,y_6,z_6,vx_6,vy_6,vz_6,mass_7,radius_7,x_7,y_7,z_7,vx_7,vy_7,vz_7,mass_8,radius_8,x_8,y_8,z_8,vx_8,vy_8,vz_8
0,1.660120825375342e-07,1.631393540950981e-08,0.3593303586285554,-0.04542437960626827,-0.03668416970254599,-0.6988737105910008,10.65534965346191,0.9346737026064911,2.447838287784771e-06,4.045378434654418e-08,0.5176526869123277,0.5043373396077729,-0.02297170628056731,-5.17783678503925,5.259866820467793,0.37082909392502916,3.040432648020684e-06,4.437104331057835e-07,-0.1372966220437362,0.9736979144605864,-1.794545317674415e-05,-6.324898860196957,-0.9010096534931158,3.329406767031772e-05,3.2271560375549955e-07,2.270212793877687e-08,-0.07269432542852307,-1.459207587997087,-0.02878736620463377,5.298142591324908,0.18510582230287398,-0.12623688412638545,0.0009547919099366768,4.778945025452157e-07,2.71313716699446,-4.335995623899575,-0.04271347177849856,2.3043186758184695,1.594309159327967,-0.05818366914786455,0.0002858856700231729,4.0286669668487467e-07,-9.076844447879271,2.288529835876058,0.3214203572527533,-0.6055714693782741,-1.9791535056560425,0.05859188401880589,4.3662496132004074e-05,1.708513622580592e-07,19.88616618263493,-2.903258019891612,-0.2683568650328633,0.19880282187591727,1.3556478629601867,0.0024458898717859188,5.151383772628657e-05,1.6553711549585576e-07,24.15570055873675,-17.84683095347588,-0.1891861221497272,0.6757157602691841,0.9300504963769493,-0.03469569059896497
