,flag,epoch,sbx,sby,sbz,sbvx,sbvy,sbvz
0,1.0,2457030.0,-29.7944388858252,-33.96424373286196,-5.153376082074937,0.5218690143234543,-0.7988874985739688,-0.048294013327323436
