,flag,epoch,sbx,sby,sbz,sbvx,sbvy,sbvz
0,1,2457750.0,-2.0191549007651344,-0.8608917879209308,0.017653844408346782,1.1378269512936283,-4.244002113625335,0.14423347812433712
