,flag,epoch,sbx,sby,sbz,sbvx,sbvy,sbvz
0,1.0,2457730.0,1.390778916583634,-2.050949782547767,0.250305200093059,3.150707458601667,2.2343819051629157,-0.14529075894976498
1,1.0,2457730.0,1.3907789269913222,-2.05094976705017,0.25030519525838346,3.150707464340654,2.2343819219901397,-0.1452907789710344
