,mass_1,radius_1,x_1,y_1,z_1,vx_1,vy_1,vz_1,mass_2,radius_2,x_2,y_2,z_2,vx_2,vy_2,vz_2,mass_3,radius_3,x_3,y_3,z_3,vx_3,vy_3,vz_3,mass_4,radius_4,x_4,y_4,z_4,vx_4,vy_4,vz_4,mass_5,radius_5,x_5,y_5,z_5,vx_5,vy_5,vz_5,mass_6,radius_6,x_6,y_6,z_6,vx_6,vy_6,vz_6,mass_7,radius_7,x_7,y_7,z_7,vx_7,vy_7,vz_7,mass_8,radius_8,x_8,y_8,z_8,vx_8,vy_8,vz_8
0,1.660120825375342e-07,1.631393540950981e-08,-0.3913540788330083,-0.1382556276949569,0.02461449232743483,1.2950842150699347,-9.244859041530258,-0.8741610824966921,2.447838287784771e-06,4.045378434654418e-08,-0.7108497074234519,0.1032251172755992,0.0424381678166889,-1.1016021860848884,-7.343995807789517,-0.036992616318163626,3.040432648020684e-06,4.437104331057835e-07,0.8080530329925295,0.5777791755507896,-1.547601579888138e-05,-3.7570332844484127,5.088049752985338,-0.0001045481913332095,3.2271560375549955e-07,2.270212793877687e-08,0.1032662540668674,1.5568649315848,0.03008576085045834,-4.906010307185849,0.7719034648792245,0.13664648369736335,0.0009547919099366768,4.778945025452157e-07,4.284315050901927,-2.613977015403327,-0.08502191110268024,1.4024617478410892,2.48612997902614,-0.04170642448758451,0.0002858856700231729,4.0286669668487467e-07,-9.42876666241939,0.6157583357983148,0.3645765179281223,-0.24101872185359538,-2.0358600420703254,0.04506469809512504,4.3662496132004074e-05,1.708513622580592e-07,20.01758306118045,-1.772202782207371,-0.2658710455364415,0.1172961246906696,1.3659025067876358,0.0035378095567958267,5.151383772628657e-05,1.6553711549585576e-07,24.70464877692559,-17.06479206922511,-0.2179123724935269,0.6453270490966948,0.9520521564957254,-0.034438076417863984
