,mass_1,radius_1,x_1,y_1,z_1,vx_1,vy_1,vz_1,mass_2,radius_2,x_2,y_2,z_2,vx_2,vy_2,vz_2,mass_3,radius_3,x_3,y_3,z_3,vx_3,vy_3,vz_3,mass_4,radius_4,x_4,y_4,z_4,vx_4,vy_4,vz_4,mass_5,radius_5,x_5,y_5,z_5,vx_5,vy_5,vz_5,mass_6,radius_6,x_6,y_6,z_6,vx_6,vy_6,vz_6,mass_7,radius_7,x_7,y_7,z_7,vx_7,vy_7,vz_7,mass_8,radius_8,x_8,y_8,z_8,vx_8,vy_8,vz_8
0,1.660120825375342e-07,1.631393540950981e-08,-0.08142307949894607,-0.4584285421077865,-0.02998024783140731,8.056198625623049,-1.27559178678379,-0.8435378488426183,2.447838287784771e-06,4.045378434654418e-08,0.6153492998641996,-0.3869334627398404,-0.04081073233151982,3.887825206042229,6.223838048573651,-0.13925125019807302,3.040432648020684e-06,4.437104331057835e-07,0.9267550964788125,0.3680635083928592,-5.269898150354355e-06,-2.421796682441943,5.816939831661682,-7.413138501615974e-05,3.2271560375549955e-07,2.270212793877687e-08,1.223387327738599,0.7480772711756122,-0.01437973012445189,-2.4712534834385202,4.797419407649842,0.1612306585571835,0.0009547919099366768,4.778945025452157e-07,-4.78346311786561,-2.605652867560327,0.1178574274149199,1.2852482778760228,-2.29270256280694,-0.019242600592554053,0.0002858856700231729,4.0286669668487467e-07,-5.075676448916903,7.54618293073424,0.07061454936151361,-1.7993052595257728,-1.1436640184137108,0.09149372611958975,4.3662496132004074e-05,1.708513622580592e-07,18.7579811203162,-7.136592921592444,-0.2694778511955593,0.5008870798446231,1.2734400666279995,-0.0017319371273721604,5.151383772628657e-05,1.6553711549585576e-07,21.81325327677319,-20.68250240846017,-0.076803409039384,0.7820248686371203,0.8364461309226833,-0.035273335225965916
