,flag,epoch,sbx,sby,sbz,sbvx,sbvy,sbvz
0,1.0,2456852.5,-37.05625138892731,-28.18824757653522,1.3982091801104681,0.5733284780419551,-0.6811282344552818,-0.04319993466862309
