,flag,epoch,sbx,sby,sbz,sbvx,sbvy,sbvz
0,1.0,2457761.5,-2.74596837059257,0.012689911432911094,-0.05573268748228371,0.3845438782653883,-3.4914172169011506,-0.057642408246873826
