,flag,epoch,sbx,sby,sbz,sbvx,sbvy,sbvz
0,1,2457544.5,-1.3303492165545892,2.1436877920776025,-0.18364695726327956,-3.546073436807182,-1.2446368433031478,0.1956537059956127
