,flag,epoch,sbx,sby,sbz,sbvx,sbvy,sbvz
0,1,2456534.5,30.056339620978996,22.93759497918874,-8.928224160648199,-0.632740299999886,0.755067634990735,0.33926141682836997
