,flag,epoch,sbx,sby,sbz,sbvx,sbvy,sbvz
0,1,2456990.0,-1.9606403100328182,2.1244883719742242,0.040322076555745996,-3.200745500366641,-2.134870105944016,0.004144054122476146
