,mass_1,radius_1,x_1,y_1,z_1,vx_1,vy_1,vz_1,mass_2,radius_2,x_2,y_2,z_2,vx_2,vy_2,vz_2,mass_3,radius_3,x_3,y_3,z_3,vx_3,vy_3,vz_3,mass_4,radius_4,x_4,y_4,z_4,vx_4,vy_4,vz_4,mass_5,radius_5,x_5,y_5,z_5,vx_5,vy_5,vz_5,mass_6,radius_6,x_6,y_6,z_6,vx_6,vy_6,vz_6,mass_7,radius_7,x_7,y_7,z_7,vx_7,vy_7,vz_7,mass_8,radius_8,x_8,y_8,z_8,vx_8,vy_8,vz_8
0,1.660120825375342e-07,1.631393540950981e-08,0.1851903080954069,-0.3992916785262292,-0.0496160415125987,7.265567273851228,4.838203322244923,-0.2712588249968759,2.447838287784771e-06,4.045378434654418e-08,0.07980917518583278,0.7155612511689085,0.005201663465905199,-7.367368289956973,0.7814004766165826,0.43587339930774455,3.040432648020684e-06,4.437104331057835e-07,-0.9954517405673861,0.01999936366107634,2.377975723106722e-06,-0.22851475569246613,-6.306326208930968,0.00021052365589761514,3.2271560375549955e-07,2.270212793877687e-08,1.164392764597217,0.8525322186854386,-0.01071589873100309,-2.823801324034856,4.5604531737938165,0.16486591673072667,0.0009547919099366768,4.778945025452157e-07,-4.133724120629733,3.38712122236377,0.07843143251849342,-1.7814285201733397,-2.0037344164483373,0.04818363449835142,0.0002858856700231729,4.0286669668487467e-07,-5.062099721084083,-8.57966734309407,0.3506694415165096,1.6426413499790589,-1.0428543457900648,-0.047294937032241954,4.3662496132004074e-05,1.708513622580592e-07,19.2185230836583,5.532063799415322,-0.2283341340478126,-0.409030420478495,1.3114635311022633,0.010195366595082904,5.151383772628657e-05,1.6553711549585576e-07,27.62077381400915,-11.61656768552344,-0.3972473698177038,0.4356062417995389,1.0616051302619707,-0.03194060752207196
