,flag,epoch,sbx,sby,sbz,sbvx,sbvy,sbvz
0,1.0,2457970.0,0.9135581330564729,1.92243982641144,0.2732636167477025,-4.043392531315579,1.8513980162613246,-0.071558703018917
1,1.0,2457970.0,0.9135581094262353,1.922439839158762,0.27326360599679195,-4.043392546236558,1.8513979895327173,-0.07155870767839416
