,flag,epoch,sbx,sby,sbz,sbvx,sbvy,sbvz
0,1.0,2457574.5,0.768808250147027,2.6055787811761553,0.03871449235322622,-3.7405399706999836,1.1874107928985544,-0.039548151635141714
