,flag,epoch,sbx,sby,sbz,sbvx,sbvy,sbvz
0,1.0,2458146.5,-3.34975461472307,-0.4720928753312599,0.13380487368060662,0.21736583897193745,-3.3337777116568037,0.08553903305021678
