,flag,epoch,sbx,sby,sbz,sbvx,sbvy,sbvz
0,1,2457840.0,-3.5775972351422873,0.00664939321331337,-0.20491133039449205,0.2239447105883171,-2.984921458103175,0.7029804391154545
