,flag,epoch,sbx,sby,sbz,sbvx,sbvy,sbvz
0,1,2457219.5,-1.8401636481643047,2.6476063817328903,-0.2387922897957585,-2.8332651300946594,-1.728762385312259,0.5754618299009797
