,flag,epoch,sbx,sby,sbz,sbvx,sbvy,sbvz
0,1.0,2457400.0,1.6571483663182656,-1.5007369608386378,0.07145119701439279,2.52950035328622,3.3746903294566013,-0.5124935357117808
1,1.0,2457400.0,1.6571483460095067,-1.5007369875677794,0.07145122364510897,2.52950037362593,3.3746903086628253,-0.5124935139982641
