,mass_1,radius_1,x_1,y_1,z_1,vx_1,vy_1,vz_1,mass_2,radius_2,x_2,y_2,z_2,vx_2,vy_2,vz_2,mass_3,radius_3,x_3,y_3,z_3,vx_3,vy_3,vz_3,mass_4,radius_4,x_4,y_4,z_4,vx_4,vy_4,vz_4,mass_5,radius_5,x_5,y_5,z_5,vx_5,vy_5,vz_5,mass_6,radius_6,x_6,y_6,z_6,vx_6,vy_6,vz_6,mass_7,radius_7,x_7,y_7,z_7,vx_7,vy_7,vz_7,mass_8,radius_8,x_8,y_8,z_8,vx_8,vy_8,vz_8
0,1.660120825375342e-07,1.631393540950981e-08,-0.07350548827103356,0.3026702566276066,0.03147481615257554,-12.047691587393823,-2.0485819463507253,0.9379243248991366,2.447838287784771e-06,4.045378434654418e-08,0.1466015523084051,-0.7124137081450025,-0.01822465382193872,7.186309656342714,1.4636856234240878,-0.39464821353721735,3.040432648020684e-06,4.437104331057835e-07,0.4729121332302453,-0.8993749760132698,2.845004401660896e-05,5.459674039897182,2.9010216818478654,-0.00011436200834675901,3.2271560375549955e-07,2.270212793877687e-08,-0.2998271502128371,1.566442662109305,0.04018129252105802,-4.825949843065496,-0.526895735852278,0.10740749744246403,0.0009547919099366768,4.778945025452157e-07,-4.670598463617137,2.666356946958643,0.09343791835279606,-1.4005794792824648,-2.2656621024720853,0.04074841957688656,0.0002858856700231729,4.0286669668487467e-07,-4.497858654494582,-8.911269946989842,0.3339617943782262,1.7070703580414497,-0.9258736775524853,-0.05189008299889005,4.3662496132004074e-05,1.708513622580592e-07,19.07548167264072,5.972076453156554,-0.2248388963524157,-0.44047086756477,1.3017007840485433,0.010562353920735049,5.151383772628657e-05,1.6553711549585576e-07,27.76523580964363,-11.25814788628267,-0.4079719357506885,0.42233804001865777,1.0670725711024844,-0.03175166512288857
