,flag,epoch,sbx,sby,sbz,sbvx,sbvy,sbvz
0,1.0,2456960.0,1.4241675413775314,1.943827306251968,-0.05531110796949029,-3.737502637213162,2.037145028429795,0.36992414292379094
1,1.0,2456960.0,1.424167542343941,1.9438271454573548,-0.05531114856864226,-3.7375026917612506,2.0371453554640917,0.36992418380204417
