,flag,epoch,sbx,sby,sbz,sbvx,sbvy,sbvz
0,1.0,2457530.0,-2.245486268393854,1.2400358956865332,-0.15478898762114585,-1.611565101452246,-3.2789843761331587,0.3509055877678673
1,1.0,2457530.0,-2.245486268251045,1.2400359022350056,-0.1547889708062372,-1.6115650957918188,-3.2789843646245513,0.35090561195388714
