,mass_1,radius_1,x_1,y_1,z_1,vx_1,vy_1,vz_1,mass_2,radius_2,x_2,y_2,z_2,vx_2,vy_2,vz_2,mass_3,radius_3,x_3,y_3,z_3,vx_3,vy_3,vz_3,mass_4,radius_4,x_4,y_4,z_4,vx_4,vy_4,vz_4,mass_5,radius_5,x_5,y_5,z_5,vx_5,vy_5,vz_5,mass_6,radius_6,x_6,y_6,z_6,vx_6,vy_6,vz_6,mass_7,radius_7,x_7,y_7,z_7,vx_7,vy_7,vz_7,mass_8,radius_8,x_8,y_8,z_8,vx_8,vy_8,vz_8
0,1.660120825375342e-07,1.631393540950981e-08,-0.3497636263020558,-0.266321552673673,0.01034029618720981,4.1223382786661205,-7.717184666475694,-1.0087860860470461,2.447838287784771e-06,4.045378434654418e-08,0.4079328804349607,-0.602363054591978,-0.03178624112228214,6.067540837635898,4.116595959187177,-0.2938909214906039,3.040432648020684e-06,4.437104331057835e-07,0.9943004747293113,0.1195861420592034,-2.090617007662274e-06,-0.8527279270544985,6.215696783401082,-7.981534975079626e-05,3.2271560375549955e-07,2.270212793877687e-08,1.310552597216641,0.5432891827420762,-0.02081200290714004,-1.7617971245546613,5.158607464512199,0.15136934121416729,0.0009547919099366768,4.778945025452157e-07,-4.835256645209945,-2.510966385774691,0.1186233559668904,1.2370151045939524,-2.3183683358111153,-0.018056944370248535,0.0002858856700231729,4.0286669668487467e-07,-5.001558616330613,7.592816113092543,0.06685402297176445,-1.8102084094500368,-1.1273534979836426,0.09164260952140905,4.3662496132004074e-05,1.708513622580592e-07,18.73733434048519,-7.188860290288304,-0.2694056288179893,0.5046099392117002,1.271978654011538,-0.001785256541453288,5.151383772628657e-05,1.6553711549585576e-07,21.78111130703936,-20.7168274842726,-0.07535473340262668,0.7832882035768112,0.8351843630674393,-0.03527711929323572
