,flag,epoch,sbx,sby,sbz,sbvx,sbvy,sbvz
0,1,2457610.0,1.0408017128791243,-2.7258166504549735,-0.5383682238586849,3.257969402457265,1.0064274349283124,-0.41897282047582074
