,flag,epoch,sbx,sby,sbz,sbvx,sbvy,sbvz
0,1.0,2456860.0,1.6418865484385745,2.5773985744785586,0.5270044120075256,-2.2805447778969454,2.2179303637799106,0.35048264886114794
