,flag,epoch,sbx,sby,sbz,sbvx,sbvy,sbvz
0,1.0,2457340.0,-1.320282291640596,2.4891546089033323,0.06804252139395912,-3.2980434423536362,-1.7978484283364924,0.19014771226760452
1,1.0,2457340.0,-1.320282270089817,2.489154623096103,0.0680425426309163,-3.2980434087303427,-1.79784847559847,0.19014770686868554
