,flag,epoch,sbx,sby,sbz,sbvx,sbvy,sbvz
0,1,2455256.5,1.6143206942371213,-1.081294020718177,0.12654636747500972,2.657610660615434,4.279190683258244,-0.5079754615891687
