,flag,epoch,sbx,sby,sbz,sbvx,sbvy,sbvz
0,1.0,2457780.0,-0.5157715664610137,2.3298166450865887,0.19191563132037753,-3.851181642140591,-1.083690489642116,0.39883405350067513
1,1.0,2457780.0,-0.5157715782273729,2.3298166482277693,0.19191563362665892,-3.851181622619991,-1.083690502678887,0.39883406893120155
