,flag,epoch,sbx,sby,sbz,sbvx,sbvy,sbvz
0,1,2457022.5,28.90728201573353,14.578107757135488,-0.5675021056285641,-0.6175242448265125,1.0602342547163193,-0.03987952907460713
