,flag,epoch,sbx,sby,sbz,sbvx,sbvy,sbvz
0,1.0,2457472.5,54.899323644911405,61.62525896166433,-4.100000197733048,-0.2143398209511661,0.6080262917676983,-0.1248526477135821
