,flag,epoch,sbx,sby,sbz,sbvx,sbvy,sbvz
0,1.0,2457302.5,40.921685994394274,12.956981832237675,-5.95714543629536,-0.2923895875048274,0.927896903230022,-0.015991554382970775
