,flag,epoch,sbx,sby,sbz,sbvx,sbvy,sbvz
0,1.0,2457910.0,-0.0026510135366128867,-2.409757877535238,0.24465455255941926,3.9056275920142336,0.0037446785636454567,0.1809696555232731
1,1.0,2457910.0,-0.0026509816814242887,-2.409757876078063,0.2446545596531155,3.905627590857033,0.0037447198906467517,0.18096964026674092
