,flag,epoch,sbx,sby,sbz,sbvx,sbvy,sbvz
0,1.0,2457800.0,-1.563928237187272,1.5874747702577627,0.07965550967218041,-3.06843096292669,-3.0702414069608785,-0.45341534275454887
1,1.0,2457800.0,-1.56392824068918,1.587474783769834,0.07965551326955285,-3.068430964166268,-3.070241375561638,-0.4534153430885852
