,mass_1,radius_1,x_1,y_1,z_1,vx_1,vy_1,vz_1,mass_2,radius_2,x_2,y_2,z_2,vx_2,vy_2,vz_2,mass_3,radius_3,x_3,y_3,z_3,vx_3,vy_3,vz_3,mass_4,radius_4,x_4,y_4,z_4,vx_4,vy_4,vz_4,mass_5,radius_5,x_5,y_5,z_5,vx_5,vy_5,vz_5,mass_6,radius_6,x_6,y_6,z_6,vx_6,vy_6,vz_6,mass_7,radius_7,x_7,y_7,z_7,vx_7,vy_7,vz_7,mass_8,radius_8,x_8,y_8,z_8,vx_8,vy_8,vz_8
0,1.660120825375342e-07,1.631393540950981e-08,-0.3129860650344082,0.1574772853843322,0.04158763479050984,-6.731039808671297,-8.745019288650411,-0.096762755906486,2.447838287784771e-06,4.045378434654418e-08,-0.7171219536305261,-0.05488564045398456,0.04063867781244879,0.5186637173533832,-7.398595298063918,-0.13117907999263162,3.040432648020684e-06,4.437104331057835e-07,-0.4991552564555264,-0.8805386770745901,1.456507344573552e-05,5.364453639871971,-3.1225878839822845,4.3584634121362775e-05,3.2271560375549955e-07,2.270212793877687e-08,1.166054753644851,-0.741956569780533,-0.04418542079283298,2.9383899916588736,4.748927299759602,0.027322487030800945,0.0009547919099366768,4.778945025452157e-07,-1.501622044676425,-5.107640961019383,0.05480564622653027,2.612463539852567,-0.6481240460034418,-0.055769315274469114,0.0002858856700231729,4.0286669668487467e-07,-7.55547112460291,5.262946483077383,0.2090456998543107,-1.2718779766331358,-1.6772980330212321,0.07983261205970084,4.3662496132004074e-05,1.708513622580592e-07,19.44153952456492,-5.059337036001057,-0.2705933700933357,0.35316474268916803,1.32238340695979,0.000339234769832153,5.151383772628657e-05,1.6553711549585576e-07,23.02354424789451,-19.30653508002155,-0.1330562852337391,0.7312328248425828,0.8843685329321064,-0.03506687404658085
