,flag,epoch,sbx,sby,sbz,sbvx,sbvy,sbvz
0,1.0,2454240.0,39.034394048148236,16.038280439071137,-0.1157262385079103,-0.2876361993127852,0.9395459233442865,0.1268437975451744
