,mass_1,radius_1,x_1,y_1,z_1,vx_1,vy_1,vz_1,mass_2,radius_2,x_2,y_2,z_2,vx_2,vy_2,vz_2,mass_3,radius_3,x_3,y_3,z_3,vx_3,vy_3,vz_3,mass_4,radius_4,x_4,y_4,z_4,vx_4,vy_4,vz_4,mass_5,radius_5,x_5,y_5,z_5,vx_5,vy_5,vz_5,mass_6,radius_6,x_6,y_6,z_6,vx_6,vy_6,vz_6,mass_7,radius_7,x_7,y_7,z_7,vx_7,vy_7,vz_7,mass_8,radius_8,x_8,y_8,z_8,vx_8,vy_8,vz_8
0,1.660120825375342e-07,1.631393540950981e-08,0.2438099694262933,-0.3513687929059183,-0.05107826348185422,6.393540299336366,6.359821223009704,-0.0668952907010427,2.447838287784771e-06,4.045378434654418e-08,0.2862780427963303,-0.6688048343712116,-0.0256898569737447,6.742010105113482,2.882115071669565,-0.3495404741153367,3.040432648020684e-06,4.437104331057835e-07,-0.9733958506892673,0.1957746380277491,-2.517495421522588e-06,-1.3414256341332402,-6.184133054140714,0.00023125220877689615,3.2271560375549955e-07,2.270212793877687e-08,-1.460477113109841,-0.676472904915189,0.0216679633388541,2.3389569738633673,-4.2010610215633655,-0.14544046673097522,0.0009547919099366768,4.778945025452157e-07,-5.310500333623247,1.117267543934117,0.1141892426105033,-0.6008684341999594,-2.5694772607255802,0.024114538073081917,0.0002858856700231729,4.0286669668487467e-07,-3.380428051150453,-9.426941179180483,0.2984261571593982,1.806633735439966,-0.695995785943725,-0.05984230397871645,4.3662496132004074e-05,1.708513622580592e-07,18.77696943457591,6.792564213228947,-0.2179127034640547,-0.4992605757623496,1.2813663494968184,0.011240946581648002,5.151383772628657e-05,1.6553711549585576e-07,28.02546450458923,-10.57718301694995,-0.428022234420803,0.39707286830919436,1.0770137446277226,-0.03137966750042948
