,mass_1,radius_1,x_1,y_1,z_1,vx_1,vy_1,vz_1,mass_2,radius_2,x_2,y_2,z_2,vx_2,vy_2,vz_2,mass_3,radius_3,x_3,y_3,z_3,vx_3,vy_3,vz_3,mass_4,radius_4,x_4,y_4,z_4,vx_4,vy_4,vz_4,mass_5,radius_5,x_5,y_5,z_5,vx_5,vy_5,vz_5,mass_6,radius_6,x_6,y_6,z_6,vx_6,vy_6,vz_6,mass_7,radius_7,x_7,y_7,z_7,vx_7,vy_7,vz_7,mass_8,radius_8,x_8,y_8,z_8,vx_8,vy_8,vz_8
0,1.660120825375342e-07,1.631393540950981e-08,0.1533298420149578,0.2691136815187839,0.007922678812575008,-10.978555401023208,5.495299234242762,1.4562237991633642,2.447838287784771e-06,4.045378434654418e-08,0.6458880026736448,-0.3329931574369983,-0.04183734759948961,3.3425424301571494,6.535409956750483,-0.10327924638920426,3.040432648020684e-06,4.437104331057835e-07,-0.9724591658279802,-0.2325204601231453,1.313374723446508e-05,1.3589049206918198,-6.135201212328063,0.00021894446924129504,3.2271560375549955e-07,2.270212793877687e-08,-1.26881482326228,-0.9466623659369596,0.01130204393252726,3.2477594452227185,-3.659444896591701,-0.1563950265548712,0.0009547919099366768,4.778945025452157e-07,-5.348548427694382,0.9407845560219469,0.1157734637631503,-0.5108237446403582,-2.58685384733454,0.0221726387813047,0.0002858856700231729,4.0286669668487467e-07,-3.256460956073237,-9.473710771597764,0.2943028154215582,1.8156265804936613,-0.6705953485384879,-0.060639791132571785,4.3662496132004074e-05,1.708513622580592e-07,18.74258176318362,6.880189686650709,-0.2171408136601017,-0.5055469387000431,1.27904396707372,0.011313622306390318,5.151383772628657e-05,1.6553711549585576e-07,28.05254910650621,-10.50342909304383,-0.4301686206412595,0.3943373792951608,1.0780737652369043,-0.03133771315991266
