,flag,epoch,sbx,sby,sbz,sbvx,sbvy,sbvz
0,1,2457298.5,-1.68826213619593,2.8945034997035837,0.2670993864490603,-2.834403086507495,-1.603887535303532,-0.7652367386671026
