,flag,epoch,sbx,sby,sbz,sbvx,sbvy,sbvz
0,1,2457360.0,1.8481259017049885,1.3491034970435254,-0.4145318592197795,-2.81129659427714,3.0923481921402005,0.7247039415683975
