,flag,epoch,sbx,sby,sbz,sbvx,sbvy,sbvz
0,1,2456413.5,0.05360728632003098,3.472828815494419,0.04351251504412883,-3.16743339538564,0.4519807137544268,0.12115535596898419
