,flag,epoch,sbx,sby,sbz,sbvx,sbvy,sbvz
0,1.0,2457530.5,27.382772780492974,33.51384061151243,-1.7687970713938557,-0.7359025750693406,0.6051596718241758,-0.003885602629483066
