,flag,epoch,sbx,sby,sbz,sbvx,sbvy,sbvz
0,1.0,2457207.5,-31.855116382033913,32.324595392473434,0.8391349401722115,-0.682151642884494,-0.6310279301678631,0.023940954112618998
