,flag,epoch,sbx,sby,sbz,sbvx,sbvy,sbvz
0,1.0,2457640.0,1.5978428446298443,-1.5115343467525733,-0.07061977020613291,2.632865160327388,3.472690091215254,0.44892400181583697
1,1.0,2457640.0,1.597842832527872,-1.5115343298275943,-0.07061977410382164,2.63286515804968,3.4726901323974584,0.4489240120359409
