,flag,epoch,sbx,sby,sbz,sbvx,sbvy,sbvz
0,1.0,2457640.0,0.0714369939247747,-2.2601570207707185,-0.25405161406633275,4.19366409455446,-0.1509748089135356,0.07938459256839032
1,1.0,2457640.0,0.07143698940861737,-2.260157061021279,-0.25405157531212885,4.193664034642485,-0.15097483654824004,0.07938468961466512
