,mass_1,radius_1,x_1,y_1,z_1,vx_1,vy_1,vz_1,mass_2,radius_2,x_2,y_2,z_2,vx_2,vy_2,vz_2,mass_3,radius_3,x_3,y_3,z_3,vx_3,vy_3,vz_3,mass_4,radius_4,x_4,y_4,z_4,vx_4,vy_4,vz_4,mass_5,radius_5,x_5,y_5,z_5,vx_5,vy_5,vz_5,mass_6,radius_6,x_6,y_6,z_6,vx_6,vy_6,vz_6,mass_7,radius_7,x_7,y_7,z_7,vx_7,vy_7,vz_7,mass_8,radius_8,x_8,y_8,z_8,vx_8,vy_8,vz_8
0,1.660120825375342e-07,1.631393540950981e-08,-0.2980520766224556,0.1757319847492652,0.04170934678308609,-7.325554571498251,-8.420453743681401,-0.015646185085093214,2.447838287784771e-06,4.045378434654418e-08,0.7210994583248653,-0.08175180061026822,-0.04273901972258977,0.7979098715182126,7.306835290800893,0.05390626503931885,3.040432648020684e-06,4.437104331057835e-07,-0.995985774581429,0.001577761210430449,5.619691861212838e-07,-0.11224351989736801,-6.3073471512672254,7.535554348631032e-05,3.2271560375549955e-07,2.270212793877687e-08,-0.1605606657425837,-1.459870897175809,-0.02664440263944408,5.273392582808293,-0.11941845751004403,-0.13205079579865883,0.0009547919099366768,4.778945025452157e-07,-5.318764857866586,-1.211314341000714,0.1240474267623877,0.57830905086723,-2.55991092686276,-0.002313694729563914,0.0002858856700231729,4.0286669668487467e-07,-4.007822027637427,8.132539861623043,0.01792613304682981,-1.9368995933199027,-0.9073203483772554,0.09284234899390963,4.3662496132004074e-05,1.708513622580592e-07,18.45738753531778,-7.857570937719118,-0.2682797422447379,0.5521173099766465,1.2522960609176468,-0.0024656458122784657,5.151383772628657e-05,1.6553711549585576e-07,21.3619009168423,-21.1549591021018,-0.05665623466457156,0.7992415256969032,0.8188478445792456,-0.035311731045116444
