,flag,epoch,sbx,sby,sbz,sbvx,sbvy,sbvz
0,1,2452601.5,2.0277901232341913,-1.7404879737919872,-0.7890537090947676,2.3099627731236168,2.7682002987958203,0.12753464361575728
