,flag,epoch,sbx,sby,sbz,sbvx,sbvy,sbvz
0,1.0,2456850.0,-2.8419993199158826,2.1176815389756958,-0.20398436444860105,-2.4400954592256503,-2.515153166883328,0.2916990510536488
1,1.0,2456850.0,-2.841999372175341,2.1176815753075666,-0.20398435402240161,-2.440095430715999,-2.5151531135853857,0.29169904105744937
