,flag,epoch,sbx,sby,sbz,sbvx,sbvy,sbvz
0,1,2457810.0,1.654037818286437,-1.900224187352707,-0.3134618146597276,2.858568203998151,2.484663792328209,-0.21405311580879383
