,mass_1,radius_1,x_1,y_1,z_1,vx_1,vy_1,vz_1,mass_2,radius_2,x_2,y_2,z_2,vx_2,vy_2,vz_2,mass_3,radius_3,x_3,y_3,z_3,vx_3,vy_3,vz_3,mass_4,radius_4,x_4,y_4,z_4,vx_4,vy_4,vz_4,mass_5,radius_5,x_5,y_5,z_5,vx_5,vy_5,vz_5,mass_6,radius_6,x_6,y_6,z_6,vx_6,vy_6,vz_6,mass_7,radius_7,x_7,y_7,z_7,vx_7,vy_7,vz_7,mass_8,radius_8,x_8,y_8,z_8,vx_8,vy_8,vz_8
0,1.660120825375342e-07,1.631393540950981e-08,-0.3875425740382488,-0.006951071228622026,0.03498508498373653,-1.9535452253883978,-9.832818973978968,-0.6242501708420543,2.447838287784771e-06,4.045378434654418e-08,-0.5001758130197647,0.5144600052530505,0.03592022545553532,-5.323692910586654,-5.188867150041115,0.23603487103440518,3.040432648020684e-06,4.437104331057835e-07,0.9792718615401371,0.2028851411129058,-1.275194185898099e-05,-1.377105148647879,6.129868202787267,-0.0002497599635463648,3.2271560375549955e-07,2.270212793877687e-08,-1.50746500904487,0.7075104729130649,0.05182212031018395,-1.9798099816936758,-4.190373030004668,-0.03922339806820559,0.0009547919099366768,4.778945025452157e-07,-4.63398808320576,-2.854313578562238,0.1155441805253663,1.4134853872020063,-2.2188342378181103,-0.022413987449169438,0.0002858856700231729,4.0286669668487467e-07,-0.4182414690306323,-10.05211438704029,0.1913648346809301,1.9259236707544298,-0.09287576934060882,-0.07504314171797515,4.3662496132004074e-05,1.708513622580592e-07,17.87853501181774,8.764012086960465,-0.1989474157321074,-0.6412333965207561,1.220796043650718,0.012830362917246523,5.151383772628657e-05,1.6553711549585576e-07,28.60068770392395,-8.863220184854258,-0.476649153684098,0.33341227092641434,1.1000398352338385,-0.030379039284404847
