,flag,epoch,sbx,sby,sbz,sbvx,sbvy,sbvz
0,1.0,2458030.0,-0.40207574265162704,2.2970039195237044,0.039401191147736964,-4.061170610066028,-0.8825959033569538,0.5145147842707157
1,1.0,2458030.0,-0.40207577532843963,2.2970039061497443,0.039401199944518434,-4.061170608709122,-0.8825959549554161,0.51451479920372
