,flag,epoch,sbx,sby,sbz,sbvx,sbvy,sbvz
0,1.0,2457281.5,-47.61716754251126,-6.580055288136908,4.635084235080586,-0.053435279752483876,-0.7883653167796212,-0.10327899832139312
