,flag,epoch,sbx,sby,sbz,sbvx,sbvy,sbvz
0,1.0,2456885.5,-33.706225239085136,-24.716318328256996,1.6865510520517948,0.5102456530315855,-0.8744512452524662,-0.025076954170300918
