,flag,epoch,sbx,sby,sbz,sbvx,sbvy,sbvz
0,1.0,2455943.5,45.6763052618645,-22.76817602866013,-9.243814072849005,0.5101096203270766,0.5487478345712711,-0.8321869627538692
