,flag,epoch,sbx,sby,sbz,sbvx,sbvy,sbvz
0,1.0,2457282.5,11.89442543074442,37.845094325739275,-11.081970990624137,-0.973343016375633,-0.013845875923602483,-0.38181508322212404
