,flag,epoch,sbx,sby,sbz,sbvx,sbvy,sbvz
0,1.0,2457699.5,35.69524166187552,18.466680733353055,-7.592677942109877,-0.5748720538091684,0.8723430758845208,0.3043453611306188
