,flag,epoch,sbx,sby,sbz,sbvx,sbvy,sbvz
0,1.0,2457200.0,-2.1614007924995016,2.600187900214198,0.329283368815586,-2.6204291316544057,-1.9792066400201476,-0.37902911153456725
1,1.0,2457200.0,-2.1614009036255046,2.6001878542706987,0.3292834570610764,-2.6204289870410764,-1.979206751921729,-0.37902911915909787
