,flag,epoch,sbx,sby,sbz,sbvx,sbvy,sbvz
0,1.0,2457668.5,33.72370308243258,-17.593804297950097,3.7252104664380234,0.3919460871849197,0.8574167521776068,0.44830514666971
