,flag,epoch,sbx,sby,sbz,sbvx,sbvy,sbvz
0,1.0,2457549.5,38.73213157123844,18.656402617750587,-5.29114884981939,-0.7569166177326511,0.7369807770972483,0.364180695609517
