,flag,epoch,sbx,sby,sbz,sbvx,sbvy,sbvz
0,1,2457236.5,-2.364165164628685,-1.8420318714088564,-0.7912903986300049,2.334366872138151,-2.3235066678261407,0.4595567110620746
