,flag,epoch,sbx,sby,sbz,sbvx,sbvy,sbvz
0,1,2457410.5,-1.7462506177987458,1.9994934587544853,-0.09441253012970421,-2.7582423266433196,-2.0992497186286427,-0.26583791030506726
