,flag,epoch,sbx,sby,sbz,sbvx,sbvy,sbvz
0,1.0,2457234.5,-29.66811598607818,-20.555992181855952,-0.040041483723510574,0.7511951621623602,-0.9544478609434025,0.5759595862668919
