,mass_1,radius_1,x_1,y_1,z_1,vx_1,vy_1,vz_1,mass_2,radius_2,x_2,y_2,z_2,vx_2,vy_2,vz_2,mass_3,radius_3,x_3,y_3,z_3,vx_3,vy_3,vz_3,mass_4,radius_4,x_4,y_4,z_4,vx_4,vy_4,vz_4,mass_5,radius_5,x_5,y_5,z_5,vx_5,vy_5,vz_5,mass_6,radius_6,x_6,y_6,z_6,vx_6,vy_6,vz_6,mass_7,radius_7,x_7,y_7,z_7,vx_7,vy_7,vz_7,mass_8,radius_8,x_8,y_8,z_8,vx_8,vy_8,vz_8
0,1.660120825375342e-07,1.631393540950981e-08,0.02776179474879745,-0.45938330807863,-0.04008492619548414,8.19622536265304,1.1474930208003782,-0.6580994064620528,2.447838287784771e-06,4.045378434654418e-08,0.2880212778535043,-0.6680834152932181,-0.02578847046544237,6.734301790090863,2.8995871788003864,-0.34882523135393306,3.040432648020684e-06,4.437104331057835e-07,0.1317199560402592,-1.008076075331696,4.648258379499727e-05,6.128618169415791,0.7906540443271204,-5.1341718687143186e-05,3.2271560375549955e-07,2.270212793877687e-08,0.9607117511417289,-1.003995015720358,-0.04460610292014813,3.8869325838162747,3.9715230471429988,-0.012134005337134992,0.0009547919099366768,4.778945025452157e-07,1.829568377475856,-4.826404488081176,-0.02088797324527614,2.546732292594852,1.1082263884041887,-0.06158231477269462,0.0002858856700231729,4.0286669668487467e-07,4.653095950376722,-8.866894623229717,-0.03104180041736323,1.6941229737163164,0.942507417322525,-0.08378955778507259,4.3662496132004074e-05,1.708513622580592e-07,15.8051098906834,11.91888577657484,-0.1604615305991564,-0.8730935378302142,1.0811036767273676,0.015274456860480975,5.151383772628657e-05,1.6553711549585576e-07,29.35538987055159,-5.810069648141903,-0.5569632812369958,0.21771334153448035,1.133046278813173,-0.028337509507090086
