,flag,epoch,sbx,sby,sbz,sbvx,sbvy,sbvz
0,1,2457183.5,-1.0819177795611072,-1.98012567793596,0.7480986371065981,4.09497218856726,-1.1554896681159714,-0.12230192220958178
