,flag,epoch,sbx,sby,sbz,sbvx,sbvy,sbvz
0,1,2457280.0,3.7074544915963425,-2.621220176630653,-0.11610706216234745,1.2570025047740687,2.3734922793251956,-0.5240208798260632
