,flag,epoch,sbx,sby,sbz,sbvx,sbvy,sbvz
0,1.0,2457670.0,1.2502126596135537,1.7420188249902369,-0.2441515893663552,-3.6955513565097107,2.590893679600906,0.030300502944032612
1,1.0,2457670.0,1.2502126628069683,1.7420188091697777,-0.24415158587127872,-3.695551393990409,2.59089367466997,0.03030050167189104
