,flag,epoch,sbx,sby,sbz,sbvx,sbvy,sbvz
0,1.0,2457560.0,-22.95699327116046,24.779791845503265,-14.218757488868379,-0.9238695704739884,-0.5650801675233476,0.23627027770741055
