,flag,epoch,sbx,sby,sbz,sbvx,sbvy,sbvz
0,1.0,2457790.0,-2.356198597570788,0.8984353365665797,0.20328816447874107,-0.9321499430144551,-3.6278720809339093,0.36686429555049904
1,1.0,2457790.0,-2.3561986109021813,0.8984353236482484,0.20328815729972663,-0.9321499299643885,-3.6278720711968497,0.3668643007722539
