,flag,epoch,sbx,sby,sbz,sbvx,sbvy,sbvz
0,1.0,2452290.0,-35.60109607919111,-14.32981370119941,-1.9892668693409776,0.2959137449068605,-0.8709285771128901,-0.48913898659067434
