,flag,epoch,sbx,sby,sbz,sbvx,sbvy,sbvz
0,1.0,2457132.5,-0.45464695808687017,-2.118839085376484,-0.0649792087239057,4.252248699368772,-1.1100198039304838,0.16449345576098276
