,flag,epoch,sbx,sby,sbz,sbvx,sbvy,sbvz
0,1.0,2457200.0,2.6588010684526737,1.1582030388715554,0.034520922655430414,-1.8157831993606954,3.1010298069817845,-0.720073153448886
