,flag,epoch,sbx,sby,sbz,sbvx,sbvy,sbvz
0,1,2457440.0,-1.2266567142707188,2.825227451090235,-0.17953756628247344,-2.9136424552319062,-1.2049634824898958,0.5169687931017892
