,mass_1,radius_1,x_1,y_1,z_1,vx_1,vy_1,vz_1,mass_2,radius_2,x_2,y_2,z_2,vx_2,vy_2,vz_2,mass_3,radius_3,x_3,y_3,z_3,vx_3,vy_3,vz_3,mass_4,radius_4,x_4,y_4,z_4,vx_4,vy_4,vz_4,mass_5,radius_5,x_5,y_5,z_5,vx_5,vy_5,vz_5,mass_6,radius_6,x_6,y_6,z_6,vx_6,vy_6,vz_6,mass_7,radius_7,x_7,y_7,z_7,vx_7,vy_7,vz_7,mass_8,radius_8,x_8,y_8,z_8,vx_8,vy_8,vz_8
0,1.660120825375342e-07,1.631393540950981e-08,-0.2703977176432412,-0.3679998885692143,-0.005259169175917754,6.201520929508395,0.0,0.0,2.447838287784771e-06,4.045378434654418e-08,0.3146063061852383,0.6491620520643012,-0.00926151521371637,-6.671971514194182,0.0,0.0,3.040432648020684e-06,4.437104331057835e-07,0.1464048997202904,0.9734883623436428,-3.026029584093375e-05,-6.316312473948623,0.0,0.0,3.2271560375549955e-07,2.270212793877687e-08,-1.397632533057222,0.9014353932556242,0.05319331900057455,-2.578273105070461,0.0,0.0,0.0009547919099366768,4.778945025452157e-07,-1.193581091217361,5.046100335065051,0.0057514687300769,-2.717986717415467,-0.5043421586712975,0.06291468027970226,0.0002858856700231729,4.0286669668487467e-07,-6.953077769843889,-7.002839656801713,0.3985762753492152,1.3331066811947243,-1.441361339039066,-0.028040965221061295,4.3662496132004074e-05,1.708513622580592e-07,19.65977061455791,3.854653242713655,-0.2403144271190659,-0.2889643321283621,1.3420256822976695,0.008755176651435752,5.151383772628657e-05,1.6553711549585576e-07,27.03892102776125,-12.94456550372005,-0.3564533739750335,0.4853008612390256,1.0401657060023055,-0.0326203907967858
