,flag,epoch,sbx,sby,sbz,sbvx,sbvy,sbvz
0,1.0,2457960.0,-0.7802027386430942,2.3364824845383985,-0.09128278285241444,-3.88112221478956,-0.6399137339000055,0.431826004503272
1,1.0,2457960.0,-0.7802028902519352,2.336482384400104,-0.09128277942677081,-3.8811222487425825,-0.6399139840534971,0.4318260106625089
