,flag,epoch,sbx,sby,sbz,sbvx,sbvy,sbvz
0,1.0,2456910.0,-3.0920192504061617,-1.1671020269467451,-0.48497294589390544,1.2482455350735413,-2.8213177938177787,-0.17175528356412434
1,1.0,2456910.0,-3.0920193000148775,-1.1671021325318547,-0.4849729522906962,1.2482455558331484,-2.821317683972847,-0.17175528591577563
