,flag,epoch,sbx,sby,sbz,sbvx,sbvy,sbvz
0,1.0,2456760.0,-3.5404618551956974,0.7426911736079046,-0.48863059394143815,-0.9615682019482821,-2.7819121952366115,-0.22051559710054064
1,1.0,2456760.0,-3.5404618773272647,0.7426912229468274,-0.4886307540457983,-0.9615681797366328,-2.781912145523508,-0.22051559895602882
