,flag,epoch,sbx,sby,sbz,sbvx,sbvy,sbvz
0,1.0,2456920.0,2.104156329121574,1.5733235609350347,0.013391044727217749,-1.9180815082723093,3.5346272956013625,0.5566525744872018
1,1.0,2456920.0,2.104156351358488,1.573323586976584,0.013391041083472666,-1.918081536054253,3.534627218074893,0.5566525613263299
