,flag,epoch,sbx,sby,sbz,sbvx,sbvy,sbvz
0,1.0,2457280.5,-36.08438274028554,-18.28659727973515,1.2578307147922576,0.49232502563778385,-0.8912515712499234,-0.03149084461233359
