,flag,epoch,sbx,sby,sbz,sbvx,sbvy,sbvz
0,1.0,2457822.5,-2.945732739999458,-0.6799212957367434,-0.1312864334220953,1.5249623618405688,-3.203302445337044,0.9812363316781176
