,flag,epoch,sbx,sby,sbz,sbvx,sbvy,sbvz
0,1.0,2457180.0,0.7833350549708744,2.8409174963029518,0.10116394042334705,-3.2143797103453196,1.4498571379671032,-0.2759863314601903
1,1.0,2457180.0,0.7833350873229836,2.840917465110783,0.10116393802133383,-3.214379719215547,1.4498572030777679,-0.27598625762455464
