,flag,epoch,sbx,sby,sbz,sbvx,sbvy,sbvz
0,1.0,2457550.5,27.247194683619455,31.788211019848767,-1.2354563516771466,-0.741338829455087,0.6403109659942054,0.008056126766702532
