,flag,epoch,sbx,sby,sbz,sbvx,sbvy,sbvz
0,1.0,2456990.0,-2.773944020714617,1.295407816373182,0.48986601591348,-1.2634263706080566,-2.9464991870775297,0.1348546915035104
