,flag,epoch,sbx,sby,sbz,sbvx,sbvy,sbvz
0,1.0,2457770.0,0.25047347695396577,2.2836974210383603,0.046563816642696404,-4.082081656839499,0.9794715777759812,-0.40008204796091834
1,1.0,2457770.0,0.2504734788016489,2.283697417147655,0.0465638188258347,-4.082081663590933,0.9794715833971479,-0.4000820339506443
