,flag,epoch,sbx,sby,sbz,sbvx,sbvy,sbvz
0,1.0,2457317.5,38.08221874360295,2.9316625577561677,0.44892652380613396,-0.12307856891870861,1.069032365435446,-0.052099798650967755
