,mass_1,radius_1,x_1,y_1,z_1,vx_1,vy_1,vz_1,mass_2,radius_2,x_2,y_2,z_2,vx_2,vy_2,vz_2,mass_3,radius_3,x_3,y_3,z_3,vx_3,vy_3,vz_3,mass_4,radius_4,x_4,y_4,z_4,vx_4,vy_4,vz_4,mass_5,radius_5,x_5,y_5,z_5,vx_5,vy_5,vz_5,mass_6,radius_6,x_6,y_6,z_6,vx_6,vy_6,vz_6,mass_7,radius_7,x_7,y_7,z_7,vx_7,vy_7,vz_7,mass_8,radius_8,x_8,y_8,z_8,vx_8,vy_8,vz_8
0,1.660120825375342e-07,1.631393540950981e-08,-0.3861794662651727,-0.0003508856787600316,0.03540117417511732,-2.128268799966667,-9.834305178203651,-0.6083058789710563,2.447838287784771e-06,4.045378434654418e-08,0.05362656921159222,0.7178872525962277,0.006747826169405309,-7.3921037204419004,0.5121647752260153,0.4335942332172333,3.040432648020684e-06,4.437104331057835e-07,0.7819945249457415,0.611497499614899,-2.567296800054718e-05,-3.973189987442382,4.926666440218194,-0.00015861185598292906,3.2271560375549955e-07,2.270212793877687e-08,-1.401415336975399,0.8957606112569403,0.05316472174060556,-2.5605021993583885,-3.8706525438190877,-0.018264347540783692,0.0009547919099366768,4.778945025452157e-07,-5.01739488790972,2.002833899821518,0.1039534448612913,-1.0556555042138784,-2.4319847876048524,0.03372114180573006,0.0002858856700231729,4.0286669668487467e-07,-4.009606618707222,-9.158217171263859,0.3188102856210188,1.7547830771847752,-0.8251714480010323,-0.055537452237945324,4.3662496132004074e-05,1.708513622580592e-07,18.94756390362668,6.337940287807542,-0.2218170675084092,-0.4667278811877291,1.29298136792935,0.010868143625954707,5.151383772628657e-05,1.6553711549585576e-07,27.88274977131772,-10.95659811896631,-0.4169026434127477,0.4110897635177744,1.0715456777063375,-0.03158675379667706
