,flag,epoch,sbx,sby,sbz,sbvx,sbvy,sbvz
0,1,2457660.0,-0.38765478091433647,2.8245100279874955,-0.015535127127785046,-3.7352862480693783,-0.23999185329214973,-0.05715422380908818
