,mass_1,radius_1,x_1,y_1,z_1,vx_1,vy_1,vz_1,mass_2,radius_2,x_2,y_2,z_2,vx_2,vy_2,vz_2,mass_3,radius_3,x_3,y_3,z_3,vx_3,vy_3,vz_3,mass_4,radius_4,x_4,y_4,z_4,vx_4,vy_4,vz_4,mass_5,radius_5,x_5,y_5,z_5,vx_5,vy_5,vz_5,mass_6,radius_6,x_6,y_6,z_6,vx_6,vy_6,vz_6,mass_7,radius_7,x_7,y_7,z_7,vx_7,vy_7,vz_7,mass_8,radius_8,x_8,y_8,z_8,vx_8,vy_8,vz_8
0,1.660120825375342e-07,1.631393540950981e-08,-0.2184776769346727,-0.4071900583888007,-0.0132287866255356,6.984193386946613,-4.362769460824828,-0.9972338875027437,2.447838287784771e-06,4.045378434654418e-08,0.5613159041343061,-0.4621895887409813,-0.03872886503539651,4.649365379524327,5.674668023137902,-0.19048796877796276,3.040432648020684e-06,4.437104331057835e-07,0.7157193358637879,0.6857554342872374,-2.930958912204127e-05,-4.44977296905626,4.514010363271807,-0.00014881092068394416,3.2271560375549955e-07,2.270212793877687e-08,1.305157596351343,-0.4514254603249535,-0.04149125344453057,1.8658365838880708,5.2679400781719,0.0646012710540955,0.0009547919099366768,4.778945025452157e-07,-5.41778411515367,-0.6144985577730631,0.1237812428965993,0.2778291403562026,-2.610952161540538,0.004624884005826219,0.0002858856700231729,4.0286669668487467e-07,-2.157578377522052,-9.805797282310895,0.256322370447877,1.8792698841751032,-0.44622409877409813,-0.06706285141556416,4.3662496132004074e-05,1.708513622580592e-07,18.42611307386242,7.633838065961771,-0.2102362430924972,-0.5596820579589274,1.2576785448425871,0.011925834461548017,5.151383772628657e-05,1.6553711549585576e-07,28.27975897542068,-9.860256056772222,-0.4486789914088916,0.37048838300456655,1.0870383335498193,-0.030972856508140755
