,flag,epoch,sbx,sby,sbz,sbvx,sbvy,sbvz
0,1.0,2457014.5,-61.08423374976806,-13.68254107028518,-5.170513453616865,-0.37164642199555253,-0.7920349803108988,0.33689197475748545
