,flag,epoch,sbx,sby,sbz,sbvx,sbvy,sbvz
0,1,2456970.0,-0.8310108847081843,-1.7284331465305782,-0.047380865342852664,4.413628400613877,-1.981867706408023,0.6886985863070517
