,mass_1,radius_1,x_1,y_1,z_1,vx_1,vy_1,vz_1,mass_2,radius_2,x_2,y_2,z_2,vx_2,vy_2,vz_2,mass_3,radius_3,x_3,y_3,z_3,vx_3,vy_3,vz_3,mass_4,radius_4,x_4,y_4,z_4,vx_4,vy_4,vz_4,mass_5,radius_5,x_5,y_5,z_5,vx_5,vy_5,vz_5,mass_6,radius_6,x_6,y_6,z_6,vx_6,vy_6,vz_6,mass_7,radius_7,x_7,y_7,z_7,vx_7,vy_7,vz_7,mass_8,radius_8,x_8,y_8,z_8,vx_8,vy_8,vz_8
0,1.660120825375342e-07,1.631393540950981e-08,-0.04654407121049313,-0.4622652429185446,-0.03350311466184898,8.163158744954258,-0.5051227154879693,-0.7901605386815014,2.447838287784771e-06,4.045378434654418e-08,0.5430386910891112,-0.4836960739461693,-0.03797187656203364,4.8661402259349815,5.488460366153481,-0.20552053121579622,3.040432648020684e-06,4.437104331057835e-07,-0.6030135565919467,0.7786034313806267,-3.039059829276922e-05,-5.070330257659323,-3.8711604426163073,0.0001830651737171755,3.2271560375549955e-07,2.270212793877687e-08,-1.440549241966616,-0.7110820853505154,0.02045310360286287,2.453559151170467,-4.146532840714785,-0.14710220583432848,0.0009547919099366768,4.778945025452157e-07,-4.134452375585983,-3.515414056420472,0.1071117007172564,1.753689116829005,-1.9716865717044467,-0.031053130688129624,0.0002858856700231729,4.0286669668487467e-07,0.1885967908679544,-10.06198257638557,0.1673831310941483,1.9275698776046868,0.030217836411084772,-0.07724261363207437,4.3662496132004074e-05,1.708513622580592e-07,17.67227619863886,9.146214934720897,-0.1948604480147333,-0.6689245992404462,1.206937468435416,0.013130958750515882,5.151383772628657e-05,1.6553711549585576e-07,28.7036298708849,-8.516192604306147,-0.4861808251215997,0.3204740590432534,1.1043324837566102,-0.030165878959913135
