,flag,epoch,sbx,sby,sbz,sbvx,sbvy,sbvz
0,1.0,2457163.5,-20.8521149011901,36.23247731265876,-0.8775851882695163,-1.0006341359400068,-0.17566832762498655,0.48981464238969863
