,mass_1,radius_1,x_1,y_1,z_1,vx_1,vy_1,vz_1,mass_2,radius_2,x_2,y_2,z_2,vx_2,vy_2,vz_2,mass_3,radius_3,x_3,y_3,z_3,vx_3,vy_3,vz_3,mass_4,radius_4,x_4,y_4,z_4,vx_4,vy_4,vz_4,mass_5,radius_5,x_5,y_5,z_5,vx_5,vy_5,vz_5,mass_6,radius_6,x_6,y_6,z_6,vx_6,vy_6,vz_6,mass_7,radius_7,x_7,y_7,z_7,vx_7,vy_7,vz_7,mass_8,radius_8,x_8,y_8,z_8,vx_8,vy_8,vz_8
0,1.660120825375342e-07,1.631393540950981e-08,-0.2328765443046277,0.2353983944932836,0.04059912180722626,-9.390096738053018,-6.81325300889314,0.30470952016529296,2.447838287784771e-06,4.045378434654418e-08,0.5585032098107212,0.4591408815079154,-0.02593096566915387,-4.714342514879102,5.675246714161356,0.3498982953443502,3.040432648020684e-06,4.437104331057835e-07,-0.9956119912177452,0.01599132650374837,3.403630217816295e-06,-0.20304057916906973,-6.3066028543380765,0.000268101187548128,3.2271560375549955e-07,2.270212793877687e-08,-0.9728283185921035,-1.20413742680213,-0.001356738721387073,4.167965140747773,-2.7745838390309263,-0.1604221097013088,0.0009547919099366768,4.778945025452157e-07,-3.879810903246706,-3.782023131087594,0.1025210584671116,1.8923222164555347,-1.84546276857968,-0.03467789257652854,0.0002858856700231729,4.0286669668487467e-07,0.457644136792608,-10.05395235383847,0.156535729998961,1.9258943605184673,0.08479065728863228,-0.0781209593842142,4.3662496132004074e-05,1.708513622580592e-07,17.5780200603153,9.314299390332254,-0.1930175998824863,-0.6811469364741942,1.2005999055369112,0.013264635426257347,5.151383772628657e-05,1.6553711549585576e-07,28.74797405801027,-8.36186354466789,-0.4903860302430997,0.3146893327561047,1.106194344269649,-0.03006765333230239
