,flag,epoch,sbx,sby,sbz,sbvx,sbvy,sbvz
0,1,2457264.5,-1.0881538339922994,-2.7599243738906454,0.5940687578721775,3.2037763660150893,-0.7357587151726162,0.4315121284679131
