,flag,epoch,sbx,sby,sbz,sbvx,sbvy,sbvz
0,1.0,2456980.5,-12.901417460493187,-39.53916887031144,-0.3026222699636065,0.968924658082387,-0.24606834725060817,-0.02485013394243067
