,flag,epoch,sbx,sby,sbz,sbvx,sbvy,sbvz
0,1.0,2457372.5,-29.455672317556164,-14.98285651810948,1.2730082583608817,0.5209371500727551,-1.0226438684096812,-0.2718006638971639
