,mass_1,radius_1,x_1,y_1,z_1,vx_1,vy_1,vz_1,mass_2,radius_2,x_2,y_2,z_2,vx_2,vy_2,vz_2,mass_3,radius_3,x_3,y_3,z_3,vx_3,vy_3,vz_3,mass_4,radius_4,x_4,y_4,z_4,vx_4,vy_4,vz_4,mass_5,radius_5,x_5,y_5,z_5,vx_5,vy_5,vz_5,mass_6,radius_6,x_6,y_6,z_6,vx_6,vy_6,vz_6,mass_7,radius_7,x_7,y_7,z_7,vx_7,vy_7,vz_7,mass_8,radius_8,x_8,y_8,z_8,vx_8,vy_8,vz_8
0,1.660120825375342e-07,1.631393540950981e-08,-0.3082223675836512,-0.3283941643707685,0.001446141017383828,5.404082335699295,-6.5614478576598385,-1.0319330416973664,2.447838287784771e-06,4.045378434654418e-08,-0.05926939639666859,-0.7242640806132244,-0.006506010114448691,7.313377261028339,-0.6305395546632856,-0.4306908274582881,3.040432648020684e-06,4.437104331057835e-07,0.409838060005864,0.897531290373496,-3.048422518364913e-05,-5.818316108114307,2.586450940624649,-7.067334850775235e-05,3.2271560375549955e-07,2.270212793877687e-08,1.158553686897705,-0.7534372468629422,-0.04422270298146402,2.9817610068569644,4.722392850171789,0.025761551719957424,0.0009547919099366768,4.778945025452157e-07,-3.539183965253993,3.957632949504035,0.06275855660750754,-2.0894145561360116,-1.7087492216921876,0.05384879798517665,0.0002858856700231729,4.0286669668487467e-07,-5.555932677540314,-8.244014502853085,0.3645035970496142,1.5772363280492454,-1.1458057098511627,-0.04290376847218126,4.3662496132004074e-05,1.708513622580592e-07,19.33952494936448,5.12862176453124,-0.2314079384271613,-0.3801435882525809,1.319802669760215,0.009851759667017485,5.151383772628657e-05,1.6553711549585576e-07,27.48534303207917,-11.94133138310454,-0.3874266679804231,0.4477211027053526,1.0565751835928903,-0.03211293747173805
