,mass_1,radius_1,x_1,y_1,z_1,vx_1,vy_1,vz_1,mass_2,radius_2,x_2,y_2,z_2,vx_2,vy_2,vz_2,mass_3,radius_3,x_3,y_3,z_3,vx_3,vy_3,vz_3,mass_4,radius_4,x_4,y_4,z_4,vx_4,vy_4,vz_4,mass_5,radius_5,x_5,y_5,z_5,vx_5,vy_5,vz_5,mass_6,radius_6,x_6,y_6,z_6,vx_6,vy_6,vz_6,mass_7,radius_7,x_7,y_7,z_7,vx_7,vy_7,vz_7,mass_8,radius_8,x_8,y_8,z_8,vx_8,vy_8,vz_8
0,1.660120825375342e-07,1.631393540950981e-08,-0.3341624996654431,-0.2928394093895964,0.006729603305019559,4.6757297982309325,-7.265392557478733,-1.0226295190678987,2.447838287784771e-06,4.045378434654418e-08,-0.1876664584180894,0.6937312124538111,0.02034081060968765,-7.156099020361254,-1.9702766262734845,0.38594011546750917,3.040432648020684e-06,4.437104331057835e-07,0.6353868681433225,0.7588707262534193,-3.029269440649054e-05,-4.92039293030619,4.010580005214768,-0.0001215184778035517,3.2271560375549955e-07,2.270212793877687e-08,-1.478943347096798,0.7646556247009213,0.05232026553166413,-2.155585659902079,-4.104105636304763,-0.03309496220441147,0.0009547919099366768,4.778945025452157e-07,-5.051398127999662,1.922665816261028,0.1050472267675683,-1.0142546784621735,-2.448133527283514,0.03286153751809759,0.0002858856700231729,4.0286669668487467e-07,-3.951869036067214,-9.185132572512545,0.3169788517607072,1.7599797270960607,-0.813298599364401,-0.05595065615563805,4.3662496132004074e-05,1.708513622580592e-07,18.93217993857519,6.380402848529297,-0.2214594289367909,-0.4697702871347283,1.2919259914276147,0.010903094153469047,5.151383772628657e-05,1.6553711549585576e-07,27.89623433276889,-10.92138499376182,-0.4179400887510759,0.40978316792903813,1.0720531935203288,-0.03156772424885444
