,mass_1,radius_1,x_1,y_1,z_1,vx_1,vy_1,vz_1,mass_2,radius_2,x_2,y_2,z_2,vx_2,vy_2,vz_2,mass_3,radius_3,x_3,y_3,z_3,vx_3,vy_3,vz_3,mass_4,radius_4,x_4,y_4,z_4,vx_4,vy_4,vz_4,mass_5,radius_5,x_5,y_5,z_5,vx_5,vy_5,vz_5,mass_6,radius_6,x_6,y_6,z_6,vx_6,vy_6,vz_6,mass_7,radius_7,x_7,y_7,z_7,vx_7,vy_7,vz_7,mass_8,radius_8,x_8,y_8,z_8,vx_8,vy_8,vz_8
0,1.660120825375342e-07,1.631393540950981e-08,0.09739625906801344,-0.4427116833976574,-0.04510847246495628,7.975391923500947,2.7337343370534213,-0.508381569069425,2.447838287784771e-06,4.045378434654418e-08,0.4851839574908512,-0.5418984316821261,-0.03542666588190031,5.45556683203202,4.900840679304472,-0.2477019438683952,3.040432648020684e-06,4.437104331057835e-07,0.9828322563462932,0.1864696555288034,-6.795140689729699e-06,-1.2735079044679607,6.150312146597322,-0.00018847997439514554,3.2271560375549955e-07,2.270212793877687e-08,-0.7061405301207007,1.464037069393721,0.04800703010116711,-4.410265855980784,-1.7859370710304314,0.07084311649659322,0.0009547919099366768,4.778945025452157e-07,-0.6635640045221673,5.116520418853947,-0.006401153595574367,-2.769143495568156,-0.22399336699018432,0.06289492477977529,0.0002858856700231729,4.0286669668487467e-07,-7.205006108053513,-6.719371936574269,0.4036825024095504,1.2769326403254928,-1.4955292390459354,-0.024859533276361357,4.3662496132004074e-05,1.708513622580592e-07,19.71374842589523,3.595245237623029,-0.241982293385052,-0.2703191931941004,1.3458284621445793,0.008525872406489622,5.151383772628657e-05,1.6553711549585576e-07,26.94451422602058,-13.14500885968178,-0.350147352776326,0.49292166229038703,1.0367463947182105,-0.03272106912916765
