,flag,epoch,sbx,sby,sbz,sbvx,sbvy,sbvz
0,1.0,2457494.5,24.739581594258393,29.20580309347737,-2.2606237902199178,-0.8671969888919471,0.6333129451612225,-0.02372554194330987
