,flag,epoch,sbx,sby,sbz,sbvx,sbvy,sbvz
0,1,2451724.5,16.703225128287595,24.842800789079686,0.22152904171754195,-0.9826813440595122,0.7338660854930602,0.37709806537875057
