,flag,epoch,sbx,sby,sbz,sbvx,sbvy,sbvz
0,1.0,2454139.5,36.50186085737286,-25.11484070242048,-0.8480697275926574,0.6332247362197747,0.7231253818362235,-0.031730777604079496
