,flag,epoch,sbx,sby,sbz,sbvx,sbvy,sbvz
0,1.0,2457518.5,28.928141635189746,13.401887683020071,-17.883158738975,-0.47705822550471083,1.017250390039535,0.2294540023805489
