,flag,epoch,sbx,sby,sbz,sbvx,sbvy,sbvz
0,1.0,2457797.5,42.09971986198386,4.44601812987718,-1.8131450448889395,-0.06540702906148162,0.9625093982334634,0.004136014044892215
