,flag,epoch,sbx,sby,sbz,sbvx,sbvy,sbvz
0,1.0,2457910.0,2.3420816498145784,1.2584107741292474,0.10551540992217162,-1.5946404713567068,3.2903122403805156,-0.32837005683358494
1,1.0,2457910.0,2.3420816137572205,1.2584108189431764,0.10551539809724557,-1.594640528728529,3.2903122270134997,-0.3283700735737408
