,flag,epoch,sbx,sby,sbz,sbvx,sbvy,sbvz
0,1.0,2452495.5,31.074154815678114,-26.16121761661462,-0.8904820136063076,0.6976977073827672,0.7559870493227534,0.014243765125491907
