,flag,epoch,sbx,sby,sbz,sbvx,sbvy,sbvz
0,1.0,2457315.5,16.199567134825237,31.94059894255396,-9.204900151251712,-1.0760884719479595,0.9236266451124368,0.2120342389792498
