,flag,epoch,sbx,sby,sbz,sbvx,sbvy,sbvz
0,1.0,2457483.5,26.057996474013713,31.34521556620609,-1.6302868191125546,-0.7937105008391925,0.6305812288167212,0.033514175517614674
