,flag,epoch,sbx,sby,sbz,sbvx,sbvy,sbvz
0,1.0,2457069.5,-1.4766680195455089,-2.0954089636197404,-0.14843371448456796,3.7025817454523944,-1.2778399244709162,0.23104188648579513
