,flag,epoch,sbx,sby,sbz,sbvx,sbvy,sbvz
0,1.0,2457692.5,8.147388234013892,-6.027536396975007,-0.2759029205640418,1.2754498702616683,2.0151411798407297,-0.44396819276521016
