,flag,epoch,sbx,sby,sbz,sbvx,sbvy,sbvz
0,1.0,2457599.5,-38.496135167874684,14.192838667937187,1.8465276616663673,-0.38047780030891143,-0.9478248878300779,-0.029073486224533634
