,flag,epoch,sbx,sby,sbz,sbvx,sbvy,sbvz
0,1,2457140.5,0.8966937991002599,38.15110559849304,8.436184766700707,-1.0016450372007561,-0.11863320740804872,0.05107097952507362
