,flag,epoch,sbx,sby,sbz,sbvx,sbvy,sbvz
0,1.0,2457840.0,2.0005240681606407,-1.413959644371608,-0.21097438213702602,2.1057628222236207,3.2998408810792736,0.35256292829268254
1,1.0,2457840.0,2.0005240712725136,-1.4139596194189052,-0.21097438443571542,2.105762809746306,3.2998409117770175,0.35256291582957927
