,mass_1,radius_1,x_1,y_1,z_1,vx_1,vy_1,vz_1,mass_2,radius_2,x_2,y_2,z_2,vx_2,vy_2,vz_2,mass_3,radius_3,x_3,y_3,z_3,vx_3,vy_3,vz_3,mass_4,radius_4,x_4,y_4,z_4,vx_4,vy_4,vz_4,mass_5,radius_5,x_5,y_5,z_5,vx_5,vy_5,vz_5,mass_6,radius_6,x_6,y_6,z_6,vx_6,vy_6,vz_6,mass_7,radius_7,x_7,y_7,z_7,vx_7,vy_7,vz_7,mass_8,radius_8,x_8,y_8,z_8,vx_8,vy_8,vz_8
0,1.660120825375342e-07,1.631393540950981e-08,-0.3774684450664348,-0.2000899283598733,0.01828393209962871,2.6955622451515304,-8.63040135307474,-0.9524800491508788,2.447838287784771e-06,4.045378434654418e-08,0.4595079337875968,0.5573029632550366,-0.0188828963022767,-5.722774082588535,4.667760080000851,0.3942377371633298,3.040432648020684e-06,4.437104331057835e-07,0.2912130641676298,0.941488931735974,-2.938916278849617e-05,-6.105571342284866,1.8333951020493329,-5.1481700667396306e-05,3.2271560375549955e-07,2.270212793877687e-08,-1.334432683793687,0.9890796128306465,0.05347835429978059,-2.8512630237344987,-3.6701605914820354,-0.0069104655941123055,0.0009547919099366768,4.778945025452157e-07,-1.130238806354199,5.057449388213815,0.004286931011450067,-2.7256562306154626,-0.4709863152576536,0.06294781073747702,0.0002858856700231729,4.0286669668487467e-07,-6.984024081559642,-6.969219453590259,0.3992244086788646,1.3264504104151462,-1.4479938308405402,-0.02766023927900903,4.3662496132004074e-05,1.708513622580592e-07,19.66646923751561,3.823416451974155,-0.240517856256152,-0.2867228838782005,1.342500206100511,0.008727755551687245,5.151383772628657e-05,1.6553711549585576e-07,27.0276165817506,-12.96876723402261,-0.3556941003737443,0.48621668573681626,1.039759277831738,-0.032632475075638816
