,flag,epoch,sbx,sby,sbz,sbvx,sbvy,sbvz
0,1.0,2457780.0,-0.2169680778865229,-2.6598823424314704,-0.26924217565101605,3.591983609831571,-0.28422472569731677,0.07401382323414973
1,1.0,2457780.0,-0.21696808470298734,-2.6598823451601037,-0.2692421779469539,3.591983607007162,-0.28422474930608355,0.07401381744054011
