,flag,epoch,sbx,sby,sbz,sbvx,sbvy,sbvz
0,1.0,2456080.0,31.463505457196632,20.344502219540036,0.6594781560623633,-0.6197022127199165,0.8869411132427469,0.09460528312519936
