,flag,epoch,sbx,sby,sbz,sbvx,sbvy,sbvz
0,1.0,2457610.0,1.3934192708171584,-1.9230004239138505,0.24095065891402787,3.3122129786143293,2.2463042867854996,0.07984910221084647
1,1.0,2457610.0,1.3934192617231154,-1.9230004345947682,0.2409506695352252,3.31221297741463,2.2463042714349095,0.07984908966982884
