,flag,epoch,sbx,sby,sbz,sbvx,sbvy,sbvz
0,1,2456964.5,-1.562580643666466,2.2375077040435354,-0.06593242479916961,-3.333017689953549,-1.901279806894221,-0.1460711722585263
