,flag,epoch,sbx,sby,sbz,sbvx,sbvy,sbvz
0,1,2456259.5,-2.1816749696665965,-1.7051476061820527,-0.3560854319320625,2.30866369561891,-2.8104110440455714,0.12159646852134533
