,flag,epoch,sbx,sby,sbz,sbvx,sbvy,sbvz
0,1.0,2454400.0,20.38241767621129,35.40464107276711,0.37488024611162185,-0.9171613177706752,0.4572353948974418,0.01210040953008083
