,flag,epoch,sbx,sby,sbz,sbvx,sbvy,sbvz
0,1,2457235.5,1.9318341966487198,-2.1658939434360307,0.23489062133153488,2.4320336817490116,2.245756301140371,1.2425558945268933
