,mass_1,radius_1,x_1,y_1,z_1,vx_1,vy_1,vz_1,mass_2,radius_2,x_2,y_2,z_2,vx_2,vy_2,vz_2,mass_3,radius_3,x_3,y_3,z_3,vx_3,vy_3,vz_3,mass_4,radius_4,x_4,y_4,z_4,vx_4,vy_4,vz_4,mass_5,radius_5,x_5,y_5,z_5,vx_5,vy_5,vz_5,mass_6,radius_6,x_6,y_6,z_6,vx_6,vy_6,vz_6,mass_7,radius_7,x_7,y_7,z_7,vx_7,vy_7,vz_7,mass_8,radius_8,x_8,y_8,z_8,vx_8,vy_8,vz_8
0,1.660120825375342e-07,1.631393540950981e-08,0.2197038866021974,0.2264066611849577,-0.001659401016946029,-9.407126488484124,7.588415473787744,1.483142159441139,2.447838287784771e-06,4.045378434654418e-08,0.1578613530660665,0.7029518581071114,0.000521489421385352,-7.232970005271297,1.5821882671756278,0.4391166037748642,3.040432648020684e-06,4.437104331057835e-07,-0.6453078843189995,-0.7769041942941557,2.453377106011464e-05,4.731769163141854,-4.038477859366312,0.00012040705255171617,3.2271560375549955e-07,2.270212793877687e-08,1.09084175797867,0.9608430717547528,-0.006651595611289592,-3.183586814221417,4.270878656693099,0.1676461781719031,0.0009547919099366768,4.778945025452157e-07,0.4500965066980346,5.087006189194497,-0.03119906168535591,-2.781363236446907,0.37416910708122303,0.06068628666818853,0.0002858856700231729,4.0286669668487467e-07,-7.691073338711329,-6.100138590155754,0.4122758276377192,1.1535043766894728,-1.6012099372075805,-0.01810013841860809,4.3662496132004074e-05,1.708513622580592e-07,19.81407056423062,3.055849195004283,-0.245295227103056,-0.23161297160632938,1.3528489791729577,0.008049803388343614,5.151383772628657e-05,1.6553711549585576e-07,26.74434399344536,-13.55796246178944,-0.3370276198028004,0.508592229960941,1.0294239139254928,-0.032920595041812134
