,mass_1,radius_1,x_1,y_1,z_1,vx_1,vy_1,vz_1,mass_2,radius_2,x_2,y_2,z_2,vx_2,vy_2,vz_2,mass_3,radius_3,x_3,y_3,z_3,vx_3,vy_3,vz_3,mass_4,radius_4,x_4,y_4,z_4,vx_4,vy_4,vz_4,mass_5,radius_5,x_5,y_5,z_5,vx_5,vy_5,vz_5,mass_6,radius_6,x_6,y_6,z_6,vx_6,vy_6,vz_6,mass_7,radius_7,x_7,y_7,z_7,vx_7,vy_7,vz_7,mass_8,radius_8,x_8,y_8,z_8,vx_8,vy_8,vz_8
0,1.660120825375342e-07,1.631393540950981e-08,0.2035648092477594,-0.3862664566339823,-0.05023753878349897,7.035909438017407,5.302074537228584,-0.2123067171255446,2.447838287784771e-06,4.045378434654418e-08,-0.6910477696636688,0.1947532913387605,0.04254897231529953,-2.040437347152677,-7.143944065089705,0.019841772769783578,3.040432648020684e-06,4.437104331057835e-07,1.001680559099367,0.04608948070891919,-4.074979069782765e-06,-0.3908952363642004,6.253638316974772,-0.00020309053730714526,3.2271560375549955e-07,2.270212793877687e-08,0.4367924593577036,-1.35236322399574,-0.03905650825885416,5.057514202124093,2.0103451683758315,-0.08201306033421855,0.0009547919099366768,4.778945025452157e-07,-3.165322259984906,4.236387391212332,0.05323531669921629,-2.243052425188994,-1.5209694385651813,0.056508101210868626,0.0002858856700231729,4.0286669668487467e-07,-5.824595027751958,-8.041507007143315,0.3716842368829233,1.537635838484749,-1.2021103706501977,-0.040347629759025144,4.3662496132004074e-05,1.708513622580592e-07,19.40368795472932,4.900592400365845,-0.2330905802876025,-0.36383239651690924,1.3242251974627086,0.00965867950028702,5.151383772628657e-05,1.6553711549585576e-07,27.40753261875905,-12.12332544558667,-0.3818796421989105,0.45450792290727926,1.0536876636546981,-0.03220588979032402
