,flag,epoch,sbx,sby,sbz,sbvx,sbvy,sbvz
0,1.0,2458000.0,1.0712209915021536,-1.675389544113775,0.14538398062772892,3.844544906539156,2.759926868108057,0.2964847457359052
1,1.0,2458000.0,1.071220994822529,-1.6753895581048217,0.14538398369261377,3.8445448866793672,2.759926847661329,0.29648474589979334
