,mass_1,radius_1,x_1,y_1,z_1,vx_1,vy_1,vz_1,mass_2,radius_2,x_2,y_2,z_2,vx_2,vy_2,vz_2,mass_3,radius_3,x_3,y_3,z_3,vx_3,vy_3,vz_3,mass_4,radius_4,x_4,y_4,z_4,vx_4,vy_4,vz_4,mass_5,radius_5,x_5,y_5,z_5,vx_5,vy_5,vz_5,mass_6,radius_6,x_6,y_6,z_6,vx_6,vy_6,vz_6,mass_7,radius_7,x_7,y_7,z_7,vx_7,vy_7,vz_7,mass_8,radius_8,x_8,y_8,z_8,vx_8,vy_8,vz_8
0,1.660120825375342e-07,1.631393540950981e-08,-0.1090399274818712,0.2948384995738724,0.03409508658179431,-11.701477972850855,-3.1825673435069035,0.8134702637246032,2.447838287784771e-06,4.045378434654418e-08,0.7026962428934443,-0.1828710201382898,-0.04305722641878085,1.822970217173615,7.116616131517588,-0.007621372182628562,3.040432648020684e-06,4.437104331057835e-07,-0.9336126597499074,-0.364281940195484,1.779639642422796e-05,2.181741639002847,-5.877627929698635,0.00020613779358849817,3.2271560375549955e-07,2.270212793877687e-08,-1.194692233455543,-1.02447832892411,0.007852186405466432,3.51863958272465,-3.4426367162460147,-0.15849987378427957,0.0009547919099366768,4.778945025452157e-07,-5.359420446357113,0.8840707010133172,0.1162522532205943,-0.4819207305386196,-2.5917785536675084,0.021546443280602248,0.0002858856700231729,4.0286669668487467e-07,-3.216662854680859,-9.488309474548073,0.2929718627218731,1.8184318637441508,-0.6624470281621969,-0.060892644158342474,4.3662496132004074e-05,1.708513622580592e-07,18.73148685143153,6.90819611950818,-0.2168927608287484,-0.5075568842396666,1.2782928758163883,0.011336678795531576,5.151383772628657e-05,1.6553711549585576e-07,28.06117660412837,-10.47981256878001,-0.4308548584417502,0.3934610910669593,1.0784099450861113,-0.03132439127205659
