,flag,epoch,sbx,sby,sbz,sbvx,sbvy,sbvz
0,1.0,2457371.5,-39.2977524038244,-17.7574486105894,1.5169162919806496,0.4959365245171274,-0.845576836548701,-0.05365781606648208
