,flag,epoch,sbx,sby,sbz,sbvx,sbvy,sbvz
0,1,2456280.0,-2.675236293832857,1.673283924672141,0.5277500354865183,-1.4130296288658115,-3.16626986127567,0.23650766103489332
