,flag,epoch,sbx,sby,sbz,sbvx,sbvy,sbvz
0,1.0,2456913.5,37.338942529681404,4.48204768313532,-5.3564116978014304,-0.2753083645265253,0.9650898345503576,-0.378907898806742
