,flag,epoch,sbx,sby,sbz,sbvx,sbvy,sbvz
0,1.0,2457497.5,-30.64204409133763,7.503426274804944,-7.0305623350590025,-0.3977112163378865,-1.452901998834071,-0.2723074490168574
