,flag,epoch,sbx,sby,sbz,sbvx,sbvy,sbvz
0,1,2457550.0,0.20522148064380985,2.931333913206072,-0.2509182541119589,-3.4302661408623663,0.21699339281662838,0.7450677457771703
