,flag,epoch,sbx,sby,sbz,sbvx,sbvy,sbvz
0,1.0,2458075.5,2.4984993854260042,-1.0789133070543997,0.0035179572089141646,2.0804914673541592,3.240316130225542,-0.14467366807273319
