,flag,epoch,sbx,sby,sbz,sbvx,sbvy,sbvz
0,1.0,2456917.5,33.00697066903043,10.257760742740965,-1.4429745044053064,-0.5204366018905103,1.1359174200946243,-0.05834766406504978
