,flag,epoch,sbx,sby,sbz,sbvx,sbvy,sbvz
0,1,2457323.5,-2.401296827753762,-0.8095689193602587,-0.6003955108088341,0.9258990720727915,-3.64291311222288,-0.3860092421567756
