,mass_1,radius_1,x_1,y_1,z_1,vx_1,vy_1,vz_1,mass_2,radius_2,x_2,y_2,z_2,vx_2,vy_2,vz_2,mass_3,radius_3,x_3,y_3,z_3,vx_3,vy_3,vz_3,mass_4,radius_4,x_4,y_4,z_4,vx_4,vy_4,vz_4,mass_5,radius_5,x_5,y_5,z_5,vx_5,vy_5,vz_5,mass_6,radius_6,x_6,y_6,z_6,vx_6,vy_6,vz_6,mass_7,radius_7,x_7,y_7,z_7,vx_7,vy_7,vz_7,mass_8,radius_8,x_8,y_8,z_8,vx_8,vy_8,vz_8
0,1.660120825375342e-07,1.631393540950981e-08,-0.3466761209527463,0.1057739100022031,0.04044843383820824,-5.124448175304469,-9.389244539894317,-0.2970565971199145,2.447838287784771e-06,4.045378434654418e-08,0.1340698381612476,0.7077428217879116,0.001966645115647677,-7.283354857093492,1.3382672286300497,0.4386447901051291,3.040432648020684e-06,4.437104331057835e-07,0.8235818705550404,0.5561093754739698,-2.387604811351885e-05,-3.618828985917628,5.184379010342303,-0.00016940936476990463,3.2271560375549955e-07,2.270212793877687e-08,-1.372658895433943,0.9376820641529565,0.05333738471132356,-2.6907269470799795,-3.7845742245669696,-0.013264217102817282,0.0009547919099366768,4.778945025452157e-07,-5.005758663593173,2.029437309521557,0.1035825907745725,-1.0694057109450579,-2.4264502884914214,0.03400593967273286,0.0002858856700231729,4.0286669668487467e-07,-4.028814386664084,-9.149158748991038,0.3194177415840404,1.7530341572398926,-0.8291223548171893,-0.05539914512089555,4.3662496132004074e-05,1.708513622580592e-07,18.9526696709756,6.323778408098634,-0.2219360250816685,-0.46571279976599245,1.29333180311388,0.010856482556329932,5.151383772628657e-05,1.6553711549585576e-07,27.87824537502377,-10.96833212053362,-0.4165566894632363,0.4115256408468512,1.0713763476609501,-0.03159308495870968
