,flag,epoch,sbx,sby,sbz,sbvx,sbvy,sbvz
0,1,2457530.0,-2.1580737188189216,1.433444893986032,0.040825971807888856,-1.4244295903121822,-3.412800511802495,-0.37064657967963616
