,mass_1,radius_1,x_1,y_1,z_1,vx_1,vy_1,vz_1,mass_2,radius_2,x_2,y_2,z_2,vx_2,vy_2,vz_2,mass_3,radius_3,x_3,y_3,z_3,vx_3,vy_3,vz_3,mass_4,radius_4,x_4,y_4,z_4,vx_4,vy_4,vz_4,mass_5,radius_5,x_5,y_5,z_5,vx_5,vy_5,vz_5,mass_6,radius_6,x_6,y_6,z_6,vx_6,vy_6,vz_6,mass_7,radius_7,x_7,y_7,z_7,vx_7,vy_7,vz_7,mass_8,radius_8,x_8,y_8,z_8,vx_8,vy_8,vz_8
0,1.660120825375342e-07,1.631393540950981e-08,0.350350311731108,0.01614566795447633,-0.03081809915414606,-2.457656339671191,10.724649970750695,1.1018259204940724,2.447838287784771e-06,4.045378434654418e-08,-0.7181005331302819,0.02876900870012491,0.0418329055918081,-0.33794624570257265,-7.414635032528852,-0.08225724667129408,3.040432648020684e-06,4.437104331057835e-07,0.3249157977020231,-0.9633021663055436,4.46718617672015e-05,5.852053723629547,1.984881824158746,-0.00011305254610608536,3.2271560375549955e-07,2.270212793877687e-08,-1.512921541395718,0.6955109286201199,0.0516875067017624,-1.9438176477992466,-4.207745792064613,-0.040498352378195115,0.0009547919099366768,4.778945025452157e-07,4.041131738703686,-3.003938350670349,-0.0779367334498586,1.6129341349878912,2.3442786563501983,-0.04582229271294294,0.0002858856700231729,4.0286669668487467e-07,6.290897565451338,-7.713456824498031,-0.116257184644261,1.4675271928322906,1.2855225964941652,-0.0807355991230146,4.3662496132004074e-05,1.708513622580592e-07,14.86131264223062,13.00202401707437,-0.1442661024979207,-0.9550071265840275,1.0165351897050343,0.016095380614987085,5.151383772628657e-05,1.6553711549585576e-07,29.5565092583204,-4.635632250994722,-0.5857592756678377,0.1718668024845476,1.1422416522154621,-0.02745029858704321
