,flag,epoch,sbx,sby,sbz,sbvx,sbvy,sbvz
0,1.0,2457900.0,-2.136718221373797,0.5244445853729964,0.25374067603254663,-1.0444906052013025,-4.161953665592738,-0.2644373263713243
1,1.0,2457900.0,-2.1367182392261377,0.5244446815061504,0.2537406868922811,-1.0444906830683012,-4.161953572405667,-0.2644372838199894
