,flag,epoch,sbx,sby,sbz,sbvx,sbvy,sbvz
0,1,2457800.0,1.540064229453583,-0.533290412031509,-0.6802416799885842,1.4163761986291117,4.70486202563284,0.3306592408613398
