,mass_1,radius_1,x_1,y_1,z_1,vx_1,vy_1,vz_1,mass_2,radius_2,x_2,y_2,z_2,vx_2,vy_2,vz_2,mass_3,radius_3,x_3,y_3,z_3,vx_3,vy_3,vz_3,mass_4,radius_4,x_4,y_4,z_4,vx_4,vy_4,vz_4,mass_5,radius_5,x_5,y_5,z_5,vx_5,vy_5,vz_5,mass_6,radius_6,x_6,y_6,z_6,vx_6,vy_6,vz_6,mass_7,radius_7,x_7,y_7,z_7,vx_7,vy_7,vz_7,mass_8,radius_8,x_8,y_8,z_8,vx_8,vy_8,vz_8
0,1.660120825375342e-07,1.631393540950981e-08,0.3502290223759937,0.0166079041550537,-0.03077648659451087,-2.4712943418761038,10.724456878382753,1.1030016848975774,2.447838287784771e-06,4.045378434654418e-08,0.7065545412129607,-0.1671631149883971,-0.0430677377178793,1.6636995216273143,7.155932226831134,0.0020382025199392503,3.040432648020684e-06,4.437104331057835e-07,0.8380551668321375,0.534804596747417,-1.738321167129157e-05,-3.4826319033831483,5.273733201452053,-0.00015879491986821797,3.2271560375549955e-07,2.270212793877687e-08,-0.9587324139396254,1.333001059704176,0.05146204687431821,-3.9563121007049085,-2.5492781352209555,0.043703635311640635,0.0009547919099366768,4.778945025452157e-07,-0.829982740126114,5.100365232274997,-0.002610123674993475,-2.7562464060398915,-0.31231825404770114,0.06297355473408081,0.0002858856700231729,4.0286669668487467e-07,-7.127556797350135,-6.808949720874223,0.4021550514788688,1.2946994613759326,-1.478829220951594,-0.025857862240552643,4.3662496132004074e-05,1.708513622580592e-07,19.69729081557939,3.676273677029439,-0.2414665837926792,-0.2761481167920297,1.3446784500367572,0.008598036529440682,5.151383772628657e-05,1.6553711549585576e-07,26.97413254044316,-13.08253011638777,-0.3521172793760037,0.4905400971334991,1.037829416880564,-0.03268938967857603
