,flag,epoch,sbx,sby,sbz,sbvx,sbvy,sbvz
0,1,2457681.5,1.372624454607431,-1.510677887790596,1.2522346046467718,3.7877429201417923,2.0419991938372744,-0.5337972459252693
