,flag,epoch,sbx,sby,sbz,sbvx,sbvy,sbvz
0,1.0,2457060.0,-36.671407365611344,35.62993550994301,-1.6457702409787893,-0.5114633586991548,-0.6505508984916938,-0.09497172298786846
