,flag,epoch,sbx,sby,sbz,sbvx,sbvy,sbvz
0,1.0,2457383.5,22.895523265244506,23.473667877982578,-9.196307319813656,-0.6090834785048244,0.9342131836815197,0.26146359684193526
