,flag,epoch,sbx,sby,sbz,sbvx,sbvy,sbvz
0,1,2457530.0,-1.1350221434641579,-1.8389740449605871,0.12103573404208659,4.09667568389017,-1.4602428529241627,0.28571810403511466
