,flag,epoch,sbx,sby,sbz,sbvx,sbvy,sbvz
0,1,2457410.0,-2.270804590892731,-0.4563633184474125,0.20133838650135982,0.3864612871717173,-4.017835695860258,-0.16118797927176215
