,flag,epoch,sbx,sby,sbz,sbvx,sbvy,sbvz
0,1.0,2457155.5,-0.7585388622252327,2.618974396451142,0.0823162151155502,-3.2268945281536525,-1.177671766578694,-0.22777692883347656
