,flag,epoch,sbx,sby,sbz,sbvx,sbvy,sbvz
0,1.0,2457910.0,-1.7354173981576542,-1.4289526251554077,0.12140539045135446,2.9802881515294355,-3.1147704349402505,0.354461904475152
1,1.0,2457910.0,-1.7354174136652767,-1.4289526273452184,0.12140540342945597,2.980288129100457,-3.1147704250663875,0.35446186588632594
