,flag,epoch,sbx,sby,sbz,sbvx,sbvy,sbvz
0,1,2456349.5,1.9149557412506528,2.6555430044337367,0.6336760621426116,-2.390544821225622,2.3653919537455455,0.2137831183801551
