,flag,epoch,sbx,sby,sbz,sbvx,sbvy,sbvz
0,1.0,2458850.0,31.2123434987297,-12.681286621960743,20.275201605813212,0.522930850126805,0.9120738055349246,0.007893620123001613
