,flag,epoch,sbx,sby,sbz,sbvx,sbvy,sbvz
0,1.0,2457894.5,1.1536054363834052,-0.3900131173381609,5.382779131832265,0.5109835746373369,-3.3642087785166424,-0.19727162078424754
