,flag,epoch,sbx,sby,sbz,sbvx,sbvy,sbvz
0,1.0,2456970.0,1.963821810448357,0.733714436481873,0.06657427617451553,-1.3403890072330074,4.406803801783691,-1.1534598301559031
1,1.0,2456970.0,1.9638218288594287,0.7337144388562239,0.06657428878231614,-1.3403890340871945,4.406803767385659,-1.1534598246175523
