,flag,epoch,sbx,sby,sbz,sbvx,sbvy,sbvz
0,1.0,2457856.5,-1.75282061337748,-1.547806313269846,-0.022516056821324515,0.34263158774017094,-1.6639067223829502,-5.474984694904467
