,flag,epoch,sbx,sby,sbz,sbvx,sbvy,sbvz
0,1.0,2457770.0,2.0566917024542346,-0.7331084659987512,-0.2742136422557193,1.0632110150452656,4.317135051746427,-0.007853863199786064
1,1.0,2457770.0,2.05669165337854,-0.7331082971164646,-0.2742136588929297,1.0632108540913072,4.317135289906436,-0.007853820829591407
