,flag,epoch,sbx,sby,sbz,sbvx,sbvy,sbvz
0,1,2456980.5,1.991533777974139,0.5001698050006245,-0.17771454658195035,-0.7913121649239686,4.4318753695752555,0.12321766814509562
