,flag,epoch,sbx,sby,sbz,sbvx,sbvy,sbvz
0,1.0,2457100.0,-1.489039108092229,-1.2738138193636992,-0.23594810976463615,2.9021573655504564,-3.957343335750139,0.8064098129160998
1,1.0,2457100.0,-1.4890391032346464,-1.2738137909118235,-0.23594811192740722,2.9021573201276802,-3.9573434269855787,0.8064097901419286
