,flag,epoch,sbx,sby,sbz,sbvx,sbvy,sbvz
0,1.0,2456680.0,-36.52743553536852,-25.127119932995395,1.2935731702298319,0.5449354237122183,-0.7616690252804198,0.007848810180127145
