,mass_1,radius_1,x_1,y_1,z_1,vx_1,vy_1,vz_1,mass_2,radius_2,x_2,y_2,z_2,vx_2,vy_2,vz_2,mass_3,radius_3,x_3,y_3,z_3,vx_3,vy_3,vz_3,mass_4,radius_4,x_4,y_4,z_4,vx_4,vy_4,vz_4,mass_5,radius_5,x_5,y_5,z_5,vx_5,vy_5,vz_5,mass_6,radius_6,x_6,y_6,z_6,vx_6,vy_6,vz_6,mass_7,radius_7,x_7,y_7,z_7,vx_7,vy_7,vz_7,mass_8,radius_8,x_8,y_8,z_8,vx_8,vy_8,vz_8
0,1.660120825375342e-07,1.631393540950981e-08,-0.05409022619754882,-0.4617171900588167,-0.0327641489241849,8.145060814925724,-0.6719469223660453,-0.8021740484555375,2.447838287784771e-06,4.045378434654418e-08,-0.6347381189492427,-0.3430216279246386,0.0319283962875224,3.460840606072265,-6.533443885190459,-0.2892700372131877,3.040432648020684e-06,4.437104331057835e-07,-0.2824642607780224,-0.9744020274670758,3.331711317788002e-05,5.933228434751227,-1.7731818305782479,4.043030264032917e-05,3.2271560375549955e-07,2.270212793877687e-08,0.3152387131228926,1.507822617037326,0.02385674245654599,-4.808810409081275,1.4802425248261324,0.14904503738692187,0.0009547919099366768,4.778945025452157e-07,-4.484903654986285,2.946127754460431,0.08812095703461752,-1.547514973834408,-2.1756223527100276,0.043662234775733985,0.0002858856700231729,4.0286669668487467e-07,-4.711403044310758,-8.79187474491488,0.3403909477346923,1.6839152040861884,-0.9700894623898304,-0.05020160522754942,4.3662496132004074e-05,1.708513622580592e-07,19.13021533315505,5.807904231121847,-0.2261604912695833,-0.4287248922065842,1.305408911855327,0.010425129996173621,5.151383772628657e-05,1.6553711549585576e-07,27.71173193832444,-11.39240704063567,-0.4039685541188285,0.42731898576543703,1.0650179118873828,-0.031823545333205784
