,mass_1,radius_1,x_1,y_1,z_1,vx_1,vy_1,vz_1,mass_2,radius_2,x_2,y_2,z_2,vx_2,vy_2,vz_2,mass_3,radius_3,x_3,y_3,z_3,vx_3,vy_3,vz_3,mass_4,radius_4,x_4,y_4,z_4,vx_4,vy_4,vz_4,mass_5,radius_5,x_5,y_5,z_5,vx_5,vy_5,vz_5,mass_6,radius_6,x_6,y_6,z_6,vx_6,vy_6,vz_6,mass_7,radius_7,x_7,y_7,z_7,vx_7,vy_7,vz_7,mass_8,radius_8,x_8,y_8,z_8,vx_8,vy_8,vz_8
0,1.660120825375342e-07,1.631393540950981e-08,-0.1139278564373585,0.2934671969220827,0.03443167935806293,-11.64348251554936,-3.3361480323556276,0.7955711931165148,2.447838287784771e-06,4.045378434654418e-08,0.6325507990423768,-0.3579039389648354,-0.04141153527236183,3.593991560592028,6.39927152470041,-0.1196178770610847,3.040432648020684e-06,4.437104331057835e-07,0.06038218686668639,-1.014663096581834,4.183456300592174e-05,6.170592527671026,0.3498242915268435,-4.187981381124801e-05,3.2271560375549955e-07,2.270212793877687e-08,-0.5336543223778256,1.522118399908976,0.04499362290205956,-4.629753487195306,-1.2562781826710423,0.08729640995820195,0.0009547919099366768,4.778945025452157e-07,-4.983359956240516,-2.209482687808223,0.1206837776902486,1.08493392002237,-2.391839317570815,-0.0143436891445957,0.0002858856700231729,4.0286669668487467e-07,-0.9551448269321453,-10.01096133796202,0.2120203328983649,1.9182838370093025,-0.20181206403937202,-0.0728499478679089,4.3662496132004074e-05,1.708513622580592e-07,18.05414691785696,8.421427944956012,-0.2024926092524097,-0.6164190059142245,1.2326142648475373,0.012557745613793778,5.151383772628657e-05,1.6553711549585576e-07,28.50597794282146,-9.169880311302615,-0.4681394991757573,0.3448744018377255,1.0961532249861548,-0.030565496737510838
