,mass_1,radius_1,x_1,y_1,z_1,vx_1,vy_1,vz_1,mass_2,radius_2,x_2,y_2,z_2,vx_2,vy_2,vz_2,mass_3,radius_3,x_3,y_3,z_3,vx_3,vy_3,vz_3,mass_4,radius_4,x_4,y_4,z_4,vx_4,vy_4,vz_4,mass_5,radius_5,x_5,y_5,z_5,vx_5,vy_5,vz_5,mass_6,radius_6,x_6,y_6,z_6,vx_6,vy_6,vz_6,mass_7,radius_7,x_7,y_7,z_7,vx_7,vy_7,vz_7,mass_8,radius_8,x_8,y_8,z_8,vx_8,vy_8,vz_8
0,1.660120825375342e-07,1.631393540950981e-08,0.3567146853628638,-0.01910756095137852,-0.03429129787633022,-1.4358843504779544,10.721422280722038,1.0077479702594059,2.447838287784771e-06,4.045378434654418e-08,0.1498199931578977,0.7046572901301236,0.001007873103271289,-7.2509303536665355,1.5001301896483874,0.4390294671283402,3.040432648020684e-06,4.437104331057835e-07,-0.8336932975347529,0.530128481311931,-1.375791099840097e-05,-3.4740812250453126,-5.32628518400701,0.0001620407262296603,3.2271560375549955e-07,2.270212793877687e-08,-1.527820675159692,0.6622717928927205,0.05139090639408644,-1.8407785913973038,-4.253451114187149,-0.04392291747946607,0.0009547919099366768,4.778945025452157e-07,3.509209707283318,3.533706630319,-0.09320350295060234,-1.9908760984037512,2.075215945000775,0.03593394756576604,0.0002858856700231729,4.0286669668487467e-07,-8.850712793433493,-3.960511275019113,0.4212443715298998,0.7205820543465556,-1.8629340291589338,0.0037190615167246063,4.3662496132004074e-05,1.708513622580592e-07,20.02488005237758,1.382565225901009,-0.2542615256267674,-0.11106293703206666,1.3677311879973062,0.006528410391567453,5.151383772628657e-05,1.6553711549585576e-07,26.08948400933195,-14.80894678798151,-0.296190432541122,0.5567789405446111,1.0054119161545931,-0.03350839952398652
