,flag,epoch,sbx,sby,sbz,sbvx,sbvy,sbvz
0,1.0,2457025.5,42.40989077555951,12.806147074026763,-1.4884027891897156,-0.285901863351737,0.888546609825538,0.03702001583142191
