,flag,epoch,sbx,sby,sbz,sbvx,sbvy,sbvz
0,1.0,2456980.0,-13.367199712977008,-31.382660838639623,2.847123376078892,0.9529484100208943,-0.6117936790158074,-0.15019783761698483
