,mass_1,radius_1,x_1,y_1,z_1,vx_1,vy_1,vz_1,mass_2,radius_2,x_2,y_2,z_2,vx_2,vy_2,vz_2,mass_3,radius_3,x_3,y_3,z_3,vx_3,vy_3,vz_3,mass_4,radius_4,x_4,y_4,z_4,vx_4,vy_4,vz_4,mass_5,radius_5,x_5,y_5,z_5,vx_5,vy_5,vz_5,mass_6,radius_6,x_6,y_6,z_6,vx_6,vy_6,vz_6,mass_7,radius_7,x_7,y_7,z_7,vx_7,vy_7,vz_7,mass_8,radius_8,x_8,y_8,z_8,vx_8,vy_8,vz_8
0,1.660120825375342e-07,1.631393540950981e-08,-0.3833768394787557,-0.1791014863197187,0.02053977762847668,2.228188544668712,-8.863289651460862,-0.9286326331815689,2.447838287784771e-06,4.045378434654418e-08,-0.1974305110997708,-0.6986039436098862,0.001818840732060145,7.059099969102938,-2.039554004498274,-0.43532813142040766,3.040432648020684e-06,4.437104331057835e-07,0.5179805965125998,0.8413295237055392,-2.890338674398602e-05,-5.453202900667382,3.2707820163402754,-9.405997431100648e-05,3.2271560375549955e-07,2.270212793877687e-08,1.098288418743015,-0.8417962672341198,-0.04459488953248148,3.3042709113120647,4.49444306647676,0.013069312674097089,0.0009547919099366768,4.778945025452157e-07,-3.498969423398576,3.990188605627774,0.06172351945315552,-2.107230167655985,-1.6886341904178337,0.05416392919258016,0.0002858856700231729,4.0286669668487467e-07,-5.58611916851908,-8.221994629220811,0.3653231546654972,1.5729353973826419,-1.1521229235722068,-0.042622788275108715,4.3662496132004074e-05,1.708513622580592e-07,19.34679303798761,5.103323020152055,-0.2315965408208058,-0.37833336268303747,1.3203016565534371,0.009830255880243294,5.151383772628657e-05,1.6553711549585576e-07,27.4767552400905,-11.96157752658166,-0.3868111240923588,0.44847621215143624,1.0562544600828618,-0.03212344978737461
