,mass_1,radius_1,x_1,y_1,z_1,vx_1,vy_1,vz_1,mass_2,radius_2,x_2,y_2,z_2,vx_2,vy_2,vz_2,mass_3,radius_3,x_3,y_3,z_3,vx_3,vy_3,vz_3,mass_4,radius_4,x_4,y_4,z_4,vx_4,vy_4,vz_4,mass_5,radius_5,x_5,y_5,z_5,vx_5,vy_5,vz_5,mass_6,radius_6,x_6,y_6,z_6,vx_6,vy_6,vz_6,mass_7,radius_7,x_7,y_7,z_7,vx_7,vy_7,vz_7,mass_8,radius_8,x_8,y_8,z_8,vx_8,vy_8,vz_8
0,1.660120825375342e-07,1.631393540950981e-08,0.1059712548925977,0.2887987107327798,0.01387791037061482,-11.704633672161876,3.9327975539412847,1.3950814323953853,2.447838287784771e-06,4.045378434654418e-08,-0.6106386865884019,-0.3850225365034382,0.02995474663779383,3.8885328382250544,-6.28361310566175,-0.31061907690943197,3.040432648020684e-06,4.437104331057835e-07,-0.6681358858431503,-0.7568289668151729,3.656024334633169e-05,4.6084007095615265,-4.182405301997493,0.00018250977263716648,3.2271560375549955e-07,2.270212793877687e-08,0.3113125212406422,-1.396197411010158,-0.03689285996513962,5.18188008723522,1.5517102074352553,-0.09461366241127282,0.0009547919099366768,4.778945025452157e-07,1.469195682394699,-4.967537857273991,-0.01223891309650519,2.612552316269664,0.9127204905877198,-0.062243440295758075,0.0002858856700231729,4.0286669668487467e-07,4.4147796972658,-8.995055403610769,-0.01933174493314496,1.719170633434642,0.8931111521718414,-0.0839283432502987,4.3662496132004074e-05,1.708513622580592e-07,15.92622926724966,11.7673584243015,-0.1625862465970392,-0.8617615456734842,1.0892877148188465,0.015159392905012272,5.151383772628657e-05,1.6553711549585576e-07,29.32456393412532,-5.968176249332142,-0.5529984503831742,0.22381106328568418,1.131597144622045,-0.028452072578650855
