,mass_1,radius_1,x_1,y_1,z_1,vx_1,vy_1,vz_1,mass_2,radius_2,x_2,y_2,z_2,vx_2,vy_2,vz_2,mass_3,radius_3,x_3,y_3,z_3,vx_3,vy_3,vz_3,mass_4,radius_4,x_4,y_4,z_4,vx_4,vy_4,vz_4,mass_5,radius_5,x_5,y_5,z_5,vx_5,vy_5,vz_5,mass_6,radius_6,x_6,y_6,z_6,vx_6,vy_6,vz_6,mass_7,radius_7,x_7,y_7,z_7,vx_7,vy_7,vz_7,mass_8,radius_8,x_8,y_8,z_8,vx_8,vy_8,vz_8
0,1.660120825375342e-07,1.631393540950981e-08,-0.1805802038438704,-0.4278818879882631,-0.01838678505683586,7.400793259534394,-3.490953149609276,-0.9643345512911208,2.447838287784771e-06,4.045378434654418e-08,0.2434121078466581,0.6786210174108158,-0.004759233530978207,-6.978176194161977,2.4593980150493397,0.43640070901387984,3.040432648020684e-06,4.437104331057835e-07,-0.2857701677645478,-0.9734429267003939,1.867172496287225e-05,5.927066530088083,-1.793508871041098,2.1628498308671694e-05,3.2271560375549955e-07,2.270212793877687e-08,-1.611526043556506,0.4099835038210145,0.04816791978018956,-1.069219619200372,-4.51701687085951,-0.06837708653832701,0.0009547919099366768,4.778945025452157e-07,1.290638079580376,-5.027909216946232,-0.008008904290380828,2.637904289417572,0.816552683839808,-0.06241867550176791,0.0002858856700231729,4.0286669668487467e-07,-8.660731992798407,3.397520778476611,0.285533516402554,-0.8512445064226594,-1.9009513576165067,0.06700498122492032,4.3662496132004074e-05,1.708513622580592e-07,19.75683520981709,-3.6744126963172,-0.2695384302998678,0.25418735919352453,1.345792022825279,0.0016963410912508383,5.151383772628657e-05,1.6553711549585576e-07,23.76415917370775,-18.37325349110619,-0.169335573363567,0.6959575251595221,0.9142324639607541,-0.03484680544349029
