,flag,epoch,sbx,sby,sbz,sbvx,sbvy,sbvz
0,1.0,2454621.5,37.638339060163396,-8.208489465416733,-1.5418694923147473,0.4116097453843137,0.9132576607008775,-0.43486991777303036
