,flag,epoch,sbx,sby,sbz,sbvx,sbvy,sbvz
0,1.0,2457796.5,2.285451134859477,2.5278676057185736,0.2089649991812293,-2.3900759633660167,2.139756192004817,0.09866875303539316
