,mass_1,radius_1,x_1,y_1,z_1,vx_1,vy_1,vz_1,mass_2,radius_2,x_2,y_2,z_2,vx_2,vy_2,vz_2,mass_3,radius_3,x_3,y_3,z_3,vx_3,vy_3,vz_3,mass_4,radius_4,x_4,y_4,z_4,vx_4,vy_4,vz_4,mass_5,radius_5,x_5,y_5,z_5,vx_5,vy_5,vz_5,mass_6,radius_6,x_6,y_6,z_6,vx_6,vy_6,vz_6,mass_7,radius_7,x_7,y_7,z_7,vx_7,vy_7,vz_7,mass_8,radius_8,x_8,y_8,z_8,vx_8,vy_8,vz_8
0,1.660120825375342e-07,1.631393540950981e-08,0.04392682882992013,-0.45675173956994,-0.04135251726974352,8.167813547157225,1.5115472821173508,-0.6257968916491655,2.447838287784771e-06,4.045378434654418e-08,-0.191554826003058,0.6926075606936128,0.02055485195498383,-7.145560287002362,-2.010408755295261,0.3847678349308591,3.040432648020684e-06,4.437104331057835e-07,-0.7787240667498848,-0.6387701215661544,3.035467417997915e-05,3.8831842465106794,-4.882051646475194,0.00019266353155291527,3.2271560375549955e-07,2.270212793877687e-08,-0.4491743953600857,-1.425712717147852,-0.01885014438358213,5.067643976680245,-1.0973869690225857,-0.147354055256117,0.0009547919099366768,4.778945025452157e-07,-3.661427693942074,-3.983149439222706,0.09846986632342312,1.9976900438397525,-1.737002222601859,-0.03748572778767048,0.0002858856700231729,4.0286669668487467e-07,0.6737039132784328,-10.04197425711457,0.1477288510671362,1.9235026503844042,0.12861794028290133,-0.07878548615401078,4.3662496132004074e-05,1.708513622580592e-07,17.50101113092144,9.448778642322974,-0.1915226943855568,-0.69091954752861,1.1954159255878432,0.01337005602934605,5.151383772628657e-05,1.6553711549585576e-07,28.78303781392216,-8.237608359403923,-0.4937567840219534,0.3100442675060602,1.1076683716052373,-0.029989240311735492
