,flag,epoch,sbx,sby,sbz,sbvx,sbvy,sbvz
0,1,2457221.5,1.4409921891409285,-2.3144030740972994,0.21398315978557997,3.295401812635366,1.8111801432591983,0.06711457804459983
