,flag,epoch,sbx,sby,sbz,sbvx,sbvy,sbvz
0,1.0,2456083.5,31.744578926546524,19.63368011234634,2.0133405251137417,-0.6870344313649759,0.8914916437659209,0.3899037526152288
