,flag,epoch,sbx,sby,sbz,sbvx,sbvy,sbvz
0,1.0,2452330.0,18.531755749653655,40.75337253275789,-1.635379381254472,-0.8937540752330662,0.2899743618101693,0.060121368411213516
