,flag,epoch,sbx,sby,sbz,sbvx,sbvy,sbvz
0,1.0,2453840.0,32.54563498624605,-22.787718823236062,-0.24627922437481864,0.5598040056585887,0.9183053314466684,0.2289197571228627
