,flag,epoch,sbx,sby,sbz,sbvx,sbvy,sbvz
0,1.0,2456180.0,2.0231565794770403,2.378038416710323,-0.1908538706432846,-2.775312263786708,2.1333089718867724,0.038200819652211594
