,mass_1,radius_1,x_1,y_1,z_1,vx_1,vy_1,vz_1,mass_2,radius_2,x_2,y_2,z_2,vx_2,vy_2,vz_2,mass_3,radius_3,x_3,y_3,z_3,vx_3,vy_3,vz_3,mass_4,radius_4,x_4,y_4,z_4,vx_4,vy_4,vz_4,mass_5,radius_5,x_5,y_5,z_5,vx_5,vy_5,vz_5,mass_6,radius_6,x_6,y_6,z_6,vx_6,vy_6,vz_6,mass_7,radius_7,x_7,y_7,z_7,vx_7,vy_7,vz_7,mass_8,radius_8,x_8,y_8,z_8,vx_8,vy_8,vz_8
0,1.660120825375342e-07,1.631393540950981e-08,-0.3916154898639063,-0.1362940722077721,0.0247905848012533,1.2494494531731997,-9.261058441702408,-0.8713686335011419,2.447838287784771e-06,4.045378434654418e-08,0.1419916990865386,0.7062390722324802,0.001490122949177653,-7.267499310708576,1.4196478832105304,0.43884635847878256,3.040432648020684e-06,4.437104331057835e-07,-0.4749563876589412,0.8616943042979667,-3.021538878637475e-05,-5.605648165434981,-3.05680367891852,0.000141998783346659,3.2271560375549955e-07,2.270212793877687e-08,1.272621902596909,0.6426172835481584,-0.01776641560332206,-2.108568174230222,4.999725731322607,0.15652108859101024,0.0009547919099366768,4.778945025452157e-07,-5.33454668131299,-1.139534112217554,0.1240989762301824,0.543127836953067,-2.5677084783718116,-0.0014903530437384094,0.0002858856700231729,4.0286669668487467e-07,-1.775195102495027,-9.88833080410397,0.2425336358276739,1.894974827936554,-0.3684390367961622,-0.0690363665300213,4.3662496132004074e-05,1.708513622580592e-07,18.31086292168266,7.88785985381163,-0.2077990571290761,-0.5779981184414397,1.249873766021753,0.012132035130112902,5.151383772628657e-05,1.6553711549585576e-07,28.35398738127465,-9.639721728707007,-0.4549409236412916,0.362272143732366,1.0899717508526556,-0.030842990871151495
