,flag,epoch,sbx,sby,sbz,sbvx,sbvy,sbvz
0,1,2452941.5,42.21067955123883,-3.620377614505589,-3.260344190302958,0.15194406420360407,0.9703062238431744,0.0005744309495684519
