,mass_1,radius_1,x_1,y_1,z_1,vx_1,vy_1,vz_1,mass_2,radius_2,x_2,y_2,z_2,vx_2,vy_2,vz_2,mass_3,radius_3,x_3,y_3,z_3,vx_3,vy_3,vz_3,mass_4,radius_4,x_4,y_4,z_4,vx_4,vy_4,vz_4,mass_5,radius_5,x_5,y_5,z_5,vx_5,vy_5,vz_5,mass_6,radius_6,x_6,y_6,z_6,vx_6,vy_6,vz_6,mass_7,radius_7,x_7,y_7,z_7,vx_7,vy_7,vz_7,mass_8,radius_8,x_8,y_8,z_8,vx_8,vy_8,vz_8
0,1.660120825375342e-07,1.631393540950981e-08,-0.3800669635184253,0.02409209520288999,0.03683667553637306,-2.786635070198315,-9.813881211147882,-0.546254861097088,2.447838287784771e-06,4.045378434654418e-08,-0.6074463749801542,0.3818826584121238,0.04028947861328777,-3.961700722293189,-6.290734638656346,0.1423606343473999,3.040432648020684e-06,4.437104331057835e-07,0.4839428251901909,-0.8934387505757981,3.095349389342959e-05,5.422975654212063,2.969494563859439,-0.00013542673097716946,3.2271560375549955e-07,2.270212793877687e-08,0.109582497910032,-1.441978542660318,-0.03290696234489487,5.289231495391132,0.827066704058752,-0.11247751858415654,0.0009547919099366768,4.778945025452157e-07,-5.441986212709481,0.1613308932048855,0.1211012168952486,-0.11473464355111875,-2.6273482021868553,0.01347793006138361,0.0002858856700231729,4.0286669668487467e-07,-2.70921528683792,-9.657185549913475,0.2757022784288224,1.8508443999286828,-0.5587275464682793,-0.0639809325902987,4.3662496132004074e-05,1.708513622580592e-07,18.58763642386335,7.260337800760885,-0.2137179250144993,-0.5328315343559485,1.2685508788822328,0.011624083393823684,5.151383772628657e-05,1.6553711549585576e-07,28.16844657084578,-10.18102572461151,-0.4394933937587658,0.38238765215586307,1.0825985864770162,-0.0311558508382376
