,flag,epoch,sbx,sby,sbz,sbvx,sbvy,sbvz
0,1.0,2457800.0,-1.6899150365650852,1.8908899711145644,-0.2455071024488492,-3.001547473174449,-2.2160852219017895,-0.07754061698053703
1,1.0,2457800.0,-1.6899150769395264,1.8908899308827156,-0.2455070977117336,-3.0015474292297286,-2.216085282475491,-0.07754064446658723
