,mass_1,radius_1,x_1,y_1,z_1,vx_1,vy_1,vz_1,mass_2,radius_2,x_2,y_2,z_2,vx_2,vy_2,vz_2,mass_3,radius_3,x_3,y_3,z_3,vx_3,vy_3,vz_3,mass_4,radius_4,x_4,y_4,z_4,vx_4,vy_4,vz_4,mass_5,radius_5,x_5,y_5,z_5,vx_5,vy_5,vz_5,mass_6,radius_6,x_6,y_6,z_6,vx_6,vy_6,vz_6,mass_7,radius_7,x_7,y_7,z_7,vx_7,vy_7,vz_7,mass_8,radius_8,x_8,y_8,z_8,vx_8,vy_8,vz_8
0,1.660120825375342e-07,1.631393540950981e-08,-0.3924970934367871,-0.1292750213512887,0.02544776077248774,1.0853792707767496,-9.316601872593822,-0.8608221740422559,2.447838287784771e-06,4.045378434654418e-08,-0.2357586874334388,-0.6863610323505864,0.004198524537915989,6.936635760478604,-2.4310787538323297,-0.43362690732834314,3.040432648020684e-06,4.437104331057835e-07,0.547516902240168,0.8229073359752477,-2.837074681804204e-05,-5.33385489282387,3.4571955408907176,-0.00010046454718075309,3.2271560375549955e-07,2.270212793877687e-08,1.079951762597674,-0.8662170402469761,-0.04465650793948726,3.392923463447837,4.424929067697399,0.009436816050165397,0.0009547919099366768,4.778945025452157e-07,-3.48741700765417,3.999419238835507,0.06142668965031894,-2.112287218476361,-1.6828519990121222,0.05425309129457375,0.0002858856700231729,4.0286669668487467e-07,-5.594728717174316,-8.215681013236802,0.3655563241630771,1.5717019042767533,-1.153925110612768,-0.04254235966979248,4.3662496132004074e-05,1.708513622580592e-07,19.348863262509,5.096093052932765,-0.231650351572443,-0.3778161428211161,1.3204438432543761,0.009824121955880692,5.151383772628657e-05,1.6553711549585576e-07,27.47429892784808,-11.96736100980915,-0.3866352174854464,0.4486918245432987,1.0561627871538806,-0.03212643713048355
