,mass_1,radius_1,x_1,y_1,z_1,vx_1,vy_1,vz_1,mass_2,radius_2,x_2,y_2,z_2,vx_2,vy_2,vz_2,mass_3,radius_3,x_3,y_3,z_3,vx_3,vy_3,vz_3,mass_4,radius_4,x_4,y_4,z_4,vx_4,vy_4,vz_4,mass_5,radius_5,x_5,y_5,z_5,vx_5,vy_5,vz_5,mass_6,radius_6,x_6,y_6,z_6,vx_6,vy_6,vz_6,mass_7,radius_7,x_7,y_7,z_7,vx_7,vy_7,vz_7,mass_8,radius_8,x_8,y_8,z_8,vx_8,vy_8,vz_8
0,1.660120825375342e-07,1.631393540950981e-08,-0.3872444561571433,-0.1621107319527386,0.02227994480307586,1.8440259843465696,-9.033413278202833,-0.9073164575057375,2.447838287784771e-06,4.045378434654418e-08,-0.5316873070450012,-0.4899412710391045,0.02396111716007788,4.953935499231649,-5.46765540155039,-0.36086810011750947,3.040432648020684e-06,4.437104331057835e-07,-0.8872081988038292,-0.4700987951102264,2.367999998422581e-05,2.839927181611164,-5.57613929628374,0.00021516210379625344,3.2271560375549955e-07,2.270212793877687e-08,0.3673593868812854,1.490536382225488,0.02221927429528329,-4.769063472444761,1.6580481631476076,0.15178732234822362,0.0009547919099366768,4.778945025452157e-07,-5.164038939099503,-1.755486036406154,0.1228414312332285,0.8547214081436763,-2.481832030681766,-0.008819979596743546,0.0002858856700231729,4.0286669668487467e-07,-1.311541023563435,-9.96664439484504,0.2254369904522453,1.9099065189863045,-0.274226846747357,-0.07126350931666028,4.3662496132004074e-05,1.708513622580592e-07,18.16736161311264,8.191239365979945,-0.2048133400706779,-0.5998085280015315,1.2401845153996374,0.012373239288109648,5.151383772628657e-05,1.6553711549585576e-07,28.4410644898673,-9.373705546437566,-0.4624375158977666,0.3524481254051721,1.0934612444690461,-0.03068811414691582
