,flag,epoch,sbx,sby,sbz,sbvx,sbvy,sbvz
0,1.0,2457530.0,1.4585440685998348,1.994164604604275,0.24179261194239832,-2.9172367401498214,2.4292654084931944,0.3213966831411844
1,1.0,2457530.0,1.458544020186058,1.994164649094643,0.24179263736761178,-2.9172367512023207,2.4292653823096853,0.32139667878671674
