,flag,epoch,sbx,sby,sbz,sbvx,sbvy,sbvz
0,1.0,2457530.0,0.22154975617600436,2.316141200061815,0.005545563842719654,-4.065736875985947,0.17240156211314162,0.5234902053006997
1,1.0,2457530.0,0.2215497298910524,2.316141191825671,0.005545581889190444,-4.0657368897906325,0.17240153743473755,0.523490216650113
