,flag,epoch,sbx,sby,sbz,sbvx,sbvy,sbvz
0,1,2455952.5,38.802209720182,24.88988654907721,2.9887504343518314,-0.323393921241409,0.846922557464733,-0.2666687577674398
