,mass_1,radius_1,x_1,y_1,z_1,vx_1,vy_1,vz_1,mass_2,radius_2,x_2,y_2,z_2,vx_2,vy_2,vz_2,mass_3,radius_3,x_3,y_3,z_3,vx_3,vy_3,vz_3,mass_4,radius_4,x_4,y_4,z_4,vx_4,vy_4,vz_4,mass_5,radius_5,x_5,y_5,z_5,vx_5,vy_5,vz_5,mass_6,radius_6,x_6,y_6,z_6,vx_6,vy_6,vz_6,mass_7,radius_7,x_7,y_7,z_7,vx_7,vy_7,vz_7,mass_8,radius_8,x_8,y_8,z_8,vx_8,vy_8,vz_8
0,1.660120825375342e-07,1.631393540950981e-08,0.2529080532561658,0.1961275026404116,-0.007182129554253591,-8.31714183960616,8.563757151607724,1.4628553508861204,2.447838287784771e-06,4.045378434654418e-08,-0.7163117765898496,-0.06492251328966386,0.0404504351582636,0.6213572839578488,-7.390412153275495,-0.13707271664790055,3.040432648020684e-06,4.437104331057835e-07,-0.04454147587886418,-1.015089509606999,2.406443003962734e-05,6.175658239697837,-0.2990697339517744,-1.3235118934128098e-05,3.2271560375549955e-07,2.270212793877687e-08,-1.60179652087393,-0.3256133234480621,0.03250952448974956,1.2087718604516327,-4.572599897197398,-0.1254962797686881,0.0009547919099366768,4.778945025452157e-07,4.887354608135968,-0.8957204033048424,-0.1056507525294939,0.46313742527517443,2.844607881469526,-0.022174656038878447,0.0002858856700231729,4.0286669668487467e-07,-9.493465980052049,-0.6845738750916854,0.3898050071527987,0.03744813320592791,-2.0346024001714835,0.033949162248984546,4.3662496132004074e-05,1.708513622580592e-07,20.07229597709645,-0.8992811150861191,-0.2633466459397411,0.05419374350701627,1.3703686451196428,0.0043758693389240755,5.151383772628657e-05,1.6553711549585576e-07,25.10868435881427,-16.4523237227753,-0.2398093339452271,0.6213269275939525,0.9680045250031617,-0.034209268187683224
