,flag,epoch,sbx,sby,sbz,sbvx,sbvy,sbvz
0,1.0,2457903.5,2.19999417893528,1.5693751894355887,0.09373571075801802,-2.0773375450331586,2.759893290415651,0.058409681572429185
