,flag,epoch,sbx,sby,sbz,sbvx,sbvy,sbvz
0,1.0,2453659.5,3.1561363860406493,2.4280856521390533,-0.09708333774116351,0.14563789050541148,-1.5817396183087167,-3.6052278125406976
