,mass_1,radius_1,x_1,y_1,z_1,vx_1,vy_1,vz_1,mass_2,radius_2,x_2,y_2,z_2,vx_2,vy_2,vz_2,mass_3,radius_3,x_3,y_3,z_3,vx_3,vy_3,vz_3,mass_4,radius_4,x_4,y_4,z_4,vx_4,vy_4,vz_4,mass_5,radius_5,x_5,y_5,z_5,vx_5,vy_5,vz_5,mass_6,radius_6,x_6,y_6,z_6,vx_6,vy_6,vz_6,mass_7,radius_7,x_7,y_7,z_7,vx_7,vy_7,vz_7,mass_8,radius_8,x_8,y_8,z_8,vx_8,vy_8,vz_8
0,1.660120825375342e-07,1.631393540950981e-08,-0.05925845975755391,-0.4612510781347127,-0.03224491062842411,8.131152808366657,-0.785554694805929,-0.8103816129578904,2.447838287784771e-06,4.045378434654418e-08,0.6257562906356534,-0.3697473433807688,-0.04117628524184586,3.7139909190932348,6.329822711400072,-0.12776776898656267,3.040432648020684e-06,4.437104331057835e-07,0.9199865822739913,0.3839336931063949,-5.472091683188223e-06,-2.52249424304364,5.77593582017993,-7.356717260873336e-05,3.2271560375549955e-07,2.270212793877687e-08,1.216560186659509,0.7611741674887174,-0.01393759108417101,-2.5159146272972928,4.769793826631365,0.16174901776059586,0.0009547919099366768,4.778945025452157e-07,-4.77993992143344,-2.61192755688083,0.1178046361796836,1.2884463475765007,-2.290957274814416,-0.01932139139302212,0.0002858856700231729,4.0286669668487467e-07,-5.080601676112905,7.543050266057964,0.07086503157195477,-1.7985730970414502,-1.144747445393016,0.09148352280329897,4.3662496132004074e-05,1.708513622580592e-07,18.75935213432788,-7.133106299953566,-0.2694825881055536,0.500638651064689,1.2735370306432843,-0.0017283755021824526,5.151383772628657e-05,1.6553711549585576e-07,21.81539422864854,-20.68021222882116,-0.07689998180955561,0.7819404730311786,0.8365300918352927,-0.03527307320866171
