,flag,epoch,sbx,sby,sbz,sbvx,sbvy,sbvz
0,1,2456609.5,-11.115855129994948,-40.167073817322034,0.8031685976224566,0.9586550533328703,-0.2571192700327675,-0.04867500235604748
