,flag,epoch,sbx,sby,sbz,sbvx,sbvy,sbvz
0,1.0,2457464.5,36.521607975151916,4.770899557800375,0.6534754521028467,-0.18151682725707358,1.0309527754517083,-0.021990131098603587
