,mass_1,radius_1,x_1,y_1,z_1,vx_1,vy_1,vz_1,mass_2,radius_2,x_2,y_2,z_2,vx_2,vy_2,vz_2,mass_3,radius_3,x_3,y_3,z_3,vx_3,vy_3,vz_3,mass_4,radius_4,x_4,y_4,z_4,vx_4,vy_4,vz_4,mass_5,radius_5,x_5,y_5,z_5,vx_5,vy_5,vz_5,mass_6,radius_6,x_6,y_6,z_6,vx_6,vy_6,vz_6,mass_7,radius_7,x_7,y_7,z_7,vx_7,vy_7,vz_7,mass_8,radius_8,x_8,y_8,z_8,vx_8,vy_8,vz_8
0,1.660120825375342e-07,1.631393540950981e-08,0.03549033471833264,0.3049675274478517,0.02166150727503065,-12.268448524848493,1.5657283952149896,1.2535699946501992,2.447838287784771e-06,4.045378434654418e-08,-0.4710752874492173,-0.5493507015195984,0.01965964468520234,5.556330899041417,-4.8438013353860425,-0.3870439207169883,3.040432648020684e-06,4.437104331057835e-07,0.7787695834750052,-0.648095005690891,1.919946395847463e-05,3.917532771223426,4.80665703281965,-0.00015233555265993065,3.2271560375549955e-07,2.270212793877687e-08,-0.03181270624546672,1.571938654693608,0.03371398818649365,-4.916547938148671,0.3302861220986571,0.1276187437794123,0.0009547919099366768,4.778945025452157e-07,-0.2677709026359064,5.133414109511817,-0.01532790292909512,-2.7883138300306483,-0.012825766268900387,0.062447244982855504,0.0002858856700231729,4.0286669668487467e-07,-7.383763148000081,-6.503688053909779,0.4070525143017717,1.2340533231841955,-1.5342267955251199,-0.022477311808509245,4.3662496132004074e-05,1.708513622580592e-07,19.75125275001757,3.403454914310652,-0.2431840222984593,-0.2565461032908716,1.3484347537225312,0.008356543492763385,5.151383772628657e-05,1.6553711549585576e-07,26.87393869808436,-13.29242406509405,-0.3454837065420965,0.4985212709352866,1.0341492433066604,-0.03279346629630472
