,flag,epoch,sbx,sby,sbz,sbvx,sbvy,sbvz
0,1.0,2457260.0,25.629384430058828,25.19579483603766,-5.645432915071377,-0.7802557445882121,0.6737276675262869,-0.3662589466838485
