,flag,epoch,sbx,sby,sbz,sbvx,sbvy,sbvz
0,1.0,2458935.5,2.887231716516297,5.007876401786596,-1.2398985761129824,2.6916680881528587,-1.6026871934137275,0.9046354426678357
