,flag,epoch,sbx,sby,sbz,sbvx,sbvy,sbvz
0,1,2457090.0,-1.0170174707902502,-2.9041633587595954,0.1072279100442659,3.581288853864387,-0.5153688172112784,-0.1342574924749397
