,flag,epoch,sbx,sby,sbz,sbvx,sbvy,sbvz
0,1,2456630.0,1.1032583005292087,1.9139935085324702,0.1912506233542572,-3.8795378119660233,1.7470899869434826,0.25185141517237486
