,flag,epoch,sbx,sby,sbz,sbvx,sbvy,sbvz
0,1.0,2458823.5,-2.5142867383609904,3.3139209987436717,-1.439197551407098,-1.5697920850512048,-2.250235684518276,1.9298380398211246
