,flag,epoch,sbx,sby,sbz,sbvx,sbvy,sbvz
0,1,2456680.0,-3.1104356664177866,0.9619715719751118,-0.08865939360693581,-1.265604889196781,-2.8968472372624143,0.3970158768617295
