,mass_1,radius_1,x_1,y_1,z_1,vx_1,vy_1,vz_1,mass_2,radius_2,x_2,y_2,z_2,vx_2,vy_2,vz_2,mass_3,radius_3,x_3,y_3,z_3,vx_3,vy_3,vz_3,mass_4,radius_4,x_4,y_4,z_4,vx_4,vy_4,vz_4,mass_5,radius_5,x_5,y_5,z_5,vx_5,vy_5,vz_5,mass_6,radius_6,x_6,y_6,z_6,vx_6,vy_6,vz_6,mass_7,radius_7,x_7,y_7,z_7,vx_7,vy_7,vz_7,mass_8,radius_8,x_8,y_8,z_8,vx_8,vy_8,vz_8
0,1.660120825375342e-07,1.631393540950981e-08,-0.05048575904593477,0.305846835290121,0.02962319474011589,-12.200433920816772,-1.2991979475917788,1.0131037932864564,2.447838287784771e-06,4.045378434654418e-08,-0.2452322970093777,-0.6829695922003024,0.004782961024993359,6.902477975839143,-2.5282447491676536,-0.43299822845767244,3.040432648020684e-06,4.437104331057835e-07,0.1034177003682655,0.9787359140977836,-4.16123454143864e-05,-6.351356223720463,0.6369325754134615,-1.1589974343644747e-06,3.2271560375549955e-07,2.270212793877687e-08,-1.631567785953954,-0.1879253745248614,0.0361036484478351,0.7756520255200009,-4.6409772450060665,-0.11628780935677673,0.0009547919099366768,4.778945025452157e-07,-4.333723391599731,-3.277414206050402,0.1105823455446002,1.6307084338655122,-2.0703306177584215,-0.027892163631111855,0.0002858856700231729,4.0286669668487467e-07,-0.03835710938916616,-10.06282977683085,0.176430812559278,1.927830733645661,-0.015824645771430272,-0.07645541637002906,4.3662496132004074e-05,1.708513622580592e-07,17.75041918479797,9.003815801245658,-0.1963996861494871,-0.658594848287137,1.2121798743516374,0.013018500278698652,5.151383772628657e-05,1.6553711549585576e-07,28.6656153671304,-8.646108919375813,-0.4826246700402494,0.32532550829481083,1.1027329975306768,-0.030246855887542667
