,flag,epoch,sbx,sby,sbz,sbvx,sbvy,sbvz
0,1,2456900.5,32.793563697398085,-14.445314248061763,-6.880007734347974,0.46550291895555085,1.0711938890658692,0.029239273721460977
