,flag,epoch,sbx,sby,sbz,sbvx,sbvy,sbvz
0,1.0,2457310.0,1.2987438711718755,-1.9013796771345863,-0.29254887876783975,3.5414995858833342,2.139054208315198,-0.06952831359860523
1,1.0,2457310.0,1.2987438370265898,-1.901379713189718,-0.2925489236879534,3.5414995761190937,2.1390541661560434,-0.06952833978737094
