,flag,epoch,sbx,sby,sbz,sbvx,sbvy,sbvz
0,1,2457350.0,2.2963975726573937,-1.989813687219557,0.18914893054436172,2.0990473907262692,2.8658458209259243,0.49774644424311415
