,flag,epoch,sbx,sby,sbz,sbvx,sbvy,sbvz
0,1.0,2457670.0,2.5005812637797398,0.38968684396280817,-0.07311629306069185,-0.5529873324402879,3.754856189547995,-0.3892683070846973
1,1.0,2457670.0,2.500581317167204,0.3896868121167258,-0.0731162944572444,-0.552987251316348,3.7548561189108853,-0.3892682734858044
