,flag,epoch,sbx,sby,sbz,sbvx,sbvy,sbvz
0,1.0,2457360.0,3.129093552517087,-0.6098391838374541,-0.07647382458682482,0.168154301561261,3.5008754794234287,0.43248690033206477
1,1.0,2457360.0,3.12909376927204,-0.6098388829793966,-0.07647383128919658,0.16815398802528903,3.5008753147398446,0.43248692863196153
