,flag,epoch,sbx,sby,sbz,sbvx,sbvy,sbvz
0,1.0,2457630.0,-2.241917904591631,-0.5625447897950764,0.10779235036610355,1.5136077028373975,-3.835371997207784,0.37796292197033865
1,1.0,2457630.0,-2.241917900240022,-0.5625447841925811,0.10779231057160223,1.5136076997238748,-3.8353720109496368,0.3779629583832295
