,flag,epoch,sbx,sby,sbz,sbvx,sbvy,sbvz
0,1.0,2457710.0,0.7755863399583263,2.4394330700016638,0.29832975080615903,-3.468717894003463,1.3420936405774972,0.14300854817522635
1,1.0,2457710.0,0.7755862927717696,2.43943305100035,0.29832974425659187,-3.4687179685414424,1.3420936061173043,0.14300858451254142
