,flag,epoch,sbx,sby,sbz,sbvx,sbvy,sbvz
0,1,2456670.0,1.4941713734549265,-4.356519251243025,-1.0313619573880584,2.366662854554381,1.077544387259655,0.05658866451705514
