,mass_1,radius_1,x_1,y_1,z_1,vx_1,vy_1,vz_1,mass_2,radius_2,x_2,y_2,z_2,vx_2,vy_2,vz_2,mass_3,radius_3,x_3,y_3,z_3,vx_3,vy_3,vz_3,mass_4,radius_4,x_4,y_4,z_4,vx_4,vy_4,vz_4,mass_5,radius_5,x_5,y_5,z_5,vx_5,vy_5,vz_5,mass_6,radius_6,x_6,y_6,z_6,vx_6,vy_6,vz_6,mass_7,radius_7,x_7,y_7,z_7,vx_7,vy_7,vz_7,mass_8,radius_8,x_8,y_8,z_8,vx_8,vy_8,vz_8
0,1.660120825375342e-07,1.631393540950981e-08,0.3249457358570904,0.09083264270457357,-0.02239166565072545,-4.75710877018483,0.0,0.0,2.447838287784771e-06,4.045378434654418e-08,0.04511765172682863,-0.7256675699846816,-0.01254896803260609,7.323861049957953,0.0,0.0,3.040432648020684e-06,4.437104331057835e-07,-0.8516767662551364,-0.5339397194756574,1.949770572767523e-05,3.235745574366289,0.0,0.0,3.2271560375549955e-07,2.270212793877687e-08,-1.457430379290747,-0.6817127499869311,0.02148965948511554,2.3570635754750895,0.0,0.0,0.0009547919099366768,4.778945025452157e-07,-2.134089339427353,4.77815145250996,0.0279096727252658,-2.5520899270042032,-0.9945884345644175,0.0612375682943838,0.0002858856700231729,4.0286669668487467e-07,-6.460974965289481,-7.497370758986968,0.3875722241951476,1.4308271989883647,-1.336428532251332,-0.033758709062008924,4.3662496132004074e-05,1.708513622580592e-07,19.55085147644641,4.330968551198803,-0.237124620525356,-0.3230268174080458,1.3344066327607167,0.009168051767832539,5.151383772628657e-05,1.6553711549585576e-07,27.20917155164824,-12.57324810944851,-0.3680310059155594,0.4713869097513502,1.0463678086920496,-0.0324361708306951
