,mass_1,radius_1,x_1,y_1,z_1,vx_1,vy_1,vz_1,mass_2,radius_2,x_2,y_2,z_2,vx_2,vy_2,vz_2,mass_3,radius_3,x_3,y_3,z_3,vx_3,vy_3,vz_3,mass_4,radius_4,x_4,y_4,z_4,vx_4,vy_4,vz_4,mass_5,radius_5,x_5,y_5,z_5,vx_5,vy_5,vz_5,mass_6,radius_6,x_6,y_6,z_6,vx_6,vy_6,vz_6,mass_7,radius_7,x_7,y_7,z_7,vx_7,vy_7,vz_7,mass_8,radius_8,x_8,y_8,z_8,vx_8,vy_8,vz_8
0,1.660120825375342e-07,1.631393540950981e-08,-0.3290738283152732,0.1349539572980886,0.04121857386674837,-6.018003168837679,-9.070586744936822,-0.18899836297431072,2.447838287784771e-06,4.045378434654418e-08,-0.03571548868360439,0.7185043456622067,0.01190828724777181,-7.403833954115365,-0.40607678631432803,0.42170653494097193,3.040432648020684e-06,4.437104331057835e-07,0.77606824296913,-0.6514092694714133,1.918404545344488e-05,3.937937722467449,4.789520078209006,-0.00016506722425973757,3.2271560375549955e-07,2.270212793877687e-08,-0.1948633032247725,-1.45849698235015,-0.02577641925203126,5.259790146630929,-0.23735647831918655,-0.13407444682497016,0.0009547919099366768,4.778945025452157e-07,-2.88913551795086,4.411259923970972,0.04632893306051201,-2.340926709058357,-1.3811667487566834,0.0581186995028535,0.0002858856700231729,4.0286669668487467e-07,-6.008100075945465,-7.894364474548217,0.3764354156315863,1.5088068510396726,-1.240684463135643,-0.03852811874042399,4.3662496132004074e-05,1.708513622580592e-07,19.44682926601621,4.740888060046934,-0.23424595042424,-0.3524053100169536,1.3272168680969374,0.009522978564689524,5.151383772628657e-05,1.6553711549585576e-07,27.35249481101504,-12.2501365276131,-0.3779960741343156,0.4592458462986405,1.0516639096820937,-0.03227005991512954
