,flag,epoch,sbx,sby,sbz,sbvx,sbvy,sbvz
0,1.0,2457710.0,-2.0241090810167828,0.8147414566916997,0.23507674060306713,-1.7178435185585972,-3.990450607022043,-0.26807659945048645
1,1.0,2457710.0,-2.0241090830368296,0.8147414390964739,0.23507675687888915,-1.7178434862832932,-3.9904506165721614,-0.2680766701631666
