,flag,epoch,sbx,sby,sbz,sbvx,sbvy,sbvz
0,1.0,2457850.0,2.0501522504489555,0.6039598586874174,0.18005943142092656,-1.427389374329971,4.154081976858998,-0.27021937346356817
1,1.0,2457850.0,2.050152326457617,0.6039597968179832,0.18005944924930012,-1.4273892261522163,4.154081922286623,-0.270219344857761
