,flag,epoch,sbx,sby,sbz,sbvx,sbvy,sbvz
0,1.0,2458000.5,2.3517776557205705,-2.2950606333832457,0.11254412250149204,1.8678042295561006,0.9024788720697385,4.371822915569504
