,mass_1,radius_1,x_1,y_1,z_1,vx_1,vy_1,vz_1,mass_2,radius_2,x_2,y_2,z_2,vx_2,vy_2,vz_2,mass_3,radius_3,x_3,y_3,z_3,vx_3,vy_3,vz_3,mass_4,radius_4,x_4,y_4,z_4,vx_4,vy_4,vz_4,mass_5,radius_5,x_5,y_5,z_5,vx_5,vy_5,vz_5,mass_6,radius_6,x_6,y_6,z_6,vx_6,vy_6,vz_6,mass_7,radius_7,x_7,y_7,z_7,vx_7,vy_7,vz_7,mass_8,radius_8,x_8,y_8,z_8,vx_8,vy_8,vz_8
0,1.660120825375342e-07,1.631393540950981e-08,0.2816373162366763,0.1628372404585406,-0.01253340451141616,-7.151722763276051,9.34709998474414,1.419881717947092,2.447838287784771e-06,4.045378434654418e-08,-0.09320596368184157,-0.7205216967999236,-0.004496856277415807,7.276921180190036,-0.9764104031724316,-0.4333238952119013,3.040432648020684e-06,4.437104331057835e-07,0.2851848848535576,-0.975853031623539,3.159109218236202e-05,5.929426999688053,1.7391353916528671,-7.640489842785221e-05,3.2271560375549955e-07,2.270212793877687e-08,-0.1399705905468491,1.575443114967204,0.03644636365149941,-4.896998452836601,-0.018390604756705183,0.1198068737582877,0.0009547919099366768,4.778945025452157e-07,-4.623945264051957,2.740424623861928,0.092086409697652,-1.4393803744787839,-2.243098405967593,0.04152297841224788,0.0002858856700231729,4.0286669668487467e-07,-4.553845905040195,-8.880660742293065,0.335659429057852,1.7011408159679604,-0.9374562266620736,-0.05145305550104853,4.3662496132004074e-05,1.708513622580592e-07,19.08990265600291,5.929294020993459,-0.2251853281041318,-0.43740617941604537,1.302678432482471,0.01052663455372275,5.151383772628657e-05,1.6553711549585576e-07,27.75133881200629,-11.29319695725185,-0.4069284512376265,0.4236415759448429,1.0665391875436716,-0.03177048207739048
