,flag,epoch,sbx,sby,sbz,sbvx,sbvy,sbvz
0,1.0,2455693.5,6.839383129075795,-2.7689686905872044,0.4375512656519096,1.4573106987990858,2.204380777862031,0.4057903513991445
