,flag,epoch,sbx,sby,sbz,sbvx,sbvy,sbvz
0,1,2457304.5,-2.4219968836578767,0.20427877581247733,-0.12950718200892822,-0.6309381826063812,-3.7678613445227422,-0.6126654041516769
