,flag,epoch,sbx,sby,sbz,sbvx,sbvy,sbvz
0,1.0,2457301.5,42.2824515291308,4.272880192962393,1.374087130693967,-0.09901398083064936,0.9404765527720864,-0.20079198024911152
