,flag,epoch,sbx,sby,sbz,sbvx,sbvy,sbvz
0,1.0,2457434.5,-38.110953986513294,-4.529084380797805,1.3284916983709647,0.2556764203847563,-1.0603508757992353,-0.17879678315789407
