,flag,epoch,sbx,sby,sbz,sbvx,sbvy,sbvz
0,1.0,2457395.5,24.92746673785369,13.8333656071862,-5.128443089249523,-0.7504239580567462,1.0755253372042726,-0.019493197599147728
