,flag,epoch,sbx,sby,sbz,sbvx,sbvy,sbvz
0,1.0,2458049.5,-2.2959243697304625,-1.1012211462354837,0.06344723958028764,1.251717395096583,-3.5836282706496507,-0.19412182517771137
