,mass_1,radius_1,x_1,y_1,z_1,vx_1,vy_1,vz_1,mass_2,radius_2,x_2,y_2,z_2,vx_2,vy_2,vz_2,mass_3,radius_3,x_3,y_3,z_3,vx_3,vy_3,vz_3,mass_4,radius_4,x_4,y_4,z_4,vx_4,vy_4,vz_4,mass_5,radius_5,x_5,y_5,z_5,vx_5,vy_5,vz_5,mass_6,radius_6,x_6,y_6,z_6,vx_6,vy_6,vz_6,mass_7,radius_7,x_7,y_7,z_7,vx_7,vy_7,vz_7,mass_8,radius_8,x_8,y_8,z_8,vx_8,vy_8,vz_8
0,1.660120825375342e-07,1.631393540950981e-08,-0.2349914703152988,-0.3962474919464585,-0.01082047526140983,6.765453604304921,-4.7502194610694355,-1.008815990965099,2.447838287784771e-06,4.045378434654418e-08,-0.6881400930347635,0.2045613460302655,0.04251604485272272,-2.1412854166124804,-7.115058282528401,0.02596749159047256,3.040432648020684e-06,4.437104331057835e-07,0.8656947890926655,0.4904371652999043,-2.428067362546359e-05,-3.199728272996771,5.444107131907586,-0.00021423048030157378,3.2271560375549955e-07,2.270212793877687e-08,-1.589093277724855,0.4943928228162435,0.04935943360907111,-1.3269947338540198,-4.443776391286758,-0.060554704500847455,0.0009547919099366768,4.778945025452157e-07,-4.562957594956765,-2.962800729848618,0.1144053048422793,1.4690364172924115,-2.183710373712377,-0.02380333061669247,0.0002858856700231729,4.0286669668487467e-07,-0.3233101666112752,-10.05621708443178,0.1876576089499123,1.92667485176268,-0.0736237178986549,-0.07540722044915416,4.3662496132004074e-05,1.708513622580592e-07,17.84682700413822,8.824121917150718,-0.198313960780969,-0.6455820185465311,1.2186594524313548,0.01287735273758507,5.151383772628657e-05,1.6553711549585576e-07,28.61706897260598,-8.808992185368359,-0.4781454699201649,0.3313941416486543,1.100713289056106,-0.030346417049610563
