,flag,epoch,sbx,sby,sbz,sbvx,sbvy,sbvz
0,1.0,2457302.5,1.9161056524953455,-0.9115332185166973,-0.01790411698947256,2.3888895616369252,3.8283389209858907,0.1416580665059301
