,mass_1,radius_1,x_1,y_1,z_1,vx_1,vy_1,vz_1,mass_2,radius_2,x_2,y_2,z_2,vx_2,vy_2,vz_2,mass_3,radius_3,x_3,y_3,z_3,vx_3,vy_3,vz_3,mass_4,radius_4,x_4,y_4,z_4,vx_4,vy_4,vz_4,mass_5,radius_5,x_5,y_5,z_5,vx_5,vy_5,vz_5,mass_6,radius_6,x_6,y_6,z_6,vx_6,vy_6,vz_6,mass_7,radius_7,x_7,y_7,z_7,vx_7,vy_7,vz_7,mass_8,radius_8,x_8,y_8,z_8,vx_8,vy_8,vz_8
0,1.660120825375342e-07,1.631393540950981e-08,-0.2237129251583103,0.2418536578448411,0.04028840522138595,-9.625977686418645,-6.566293930371891,0.3468863577409434,2.447838287784771e-06,4.045378434654418e-08,0.541888763145084,-0.4849664667639984,-0.03791172822479919,4.8793220521760325,5.476978594401815,-0.20665717209863574,3.040432648020684e-06,4.437104331057835e-07,0.7845782026866869,-0.6409792116365159,9.365304198967256e-06,3.873331729798311,4.8426585021094795,-8.550891731487496e-05,3.2271560375549955e-07,2.270212793877687e-08,1.328862339924013,0.4867154335024139,-0.02244247056726733,-1.562248423975736,5.235625680362849,0.14806223012076603,0.0009547919099366768,4.778945025452157e-07,-0.8917620044788764,-5.220837515126784,0.04162851047349174,2.6851370584180527,-0.33432470509274925,-0.05869809908154615,0.0002858856700231729,4.0286669668487467e-07,-7.837757254244908,4.870390751111677,0.2271181258131932,-1.18258412066844,-1.7357089500982086,0.0773018270683637,4.3662496132004074e-05,1.708513622580592e-07,19.52026601774385,-4.754539232349778,-0.270481006889235,0.33143286630698304,1.3282142752781603,0.0006388852889717724,5.151383772628657e-05,1.6553711549585576e-07,23.19083769201225,-19.1023683853576,-0.1411162390443013,0.7235851515300856,0.8911439270357785,-0.03502449185700999
