,mass_1,radius_1,x_1,y_1,z_1,vx_1,vy_1,vz_1,mass_2,radius_2,x_2,y_2,z_2,vx_2,vy_2,vz_2,mass_3,radius_3,x_3,y_3,z_3,vx_3,vy_3,vz_3,mass_4,radius_4,x_4,y_4,z_4,vx_4,vy_4,vz_4,mass_5,radius_5,x_5,y_5,z_5,vx_5,vy_5,vz_5,mass_6,radius_6,x_6,y_6,z_6,vx_6,vy_6,vz_6,mass_7,radius_7,x_7,y_7,z_7,vx_7,vy_7,vz_7,mass_8,radius_8,x_8,y_8,z_8,vx_8,vy_8,vz_8
0,1.660120825375342e-07,1.631393540950981e-08,0.02599222665630706,-0.4596163362115765,-0.03993806841514447,8.19868233019176,1.1083090195814809,-0.6617100103438425,2.447838287784771e-06,4.045378434654418e-08,0.5583464937601219,0.4593389486317007,-0.02593067555850816,-4.715946055691912,5.673828892903987,0.34990967571773285,3.040432648020684e-06,4.437104331057835e-07,-0.5392163994823685,0.8234653921928686,-2.286654940536243e-05,-5.359363198496446,-3.466013998012676,0.00011104489277513838,3.2271560375549955e-07,2.270212793877687e-08,-1.379516077105376,0.9278641136866518,0.05331433550149083,-2.659980059496563,-3.8052735422903994,-0.014418257755681294,0.0009547919099366768,4.778945025452157e-07,3.637572780517855,3.394937294571101,-0.09549972796823462,-1.9156907351840795,2.1481206794967287,0.03394842868794085,0.0002858856700231729,4.0286669668487467e-07,-8.897235832534662,-3.837737679332081,0.4209607628444691,0.6954335220087984,-1.873933987360596,0.004913507371039454,4.3662496132004074e-05,1.708513622580592e-07,20.03196438119651,1.292676857502407,-0.2546877483277254,-0.10456464586857489,1.368240233981131,0.006444666970985534,5.151383772628657e-05,1.6553711549585576e-07,26.05281440279848,-14.8749666144239,-0.2939876497652649,0.5593530395737505,1.0040645323399748,-0.033538820899402216
