,mass_1,radius_1,x_1,y_1,z_1,vx_1,vy_1,vz_1,mass_2,radius_2,x_2,y_2,z_2,vx_2,vy_2,vz_2,mass_3,radius_3,x_3,y_3,z_3,vx_3,vy_3,vz_3,mass_4,radius_4,x_4,y_4,z_4,vx_4,vy_4,vz_4,mass_5,radius_5,x_5,y_5,z_5,vx_5,vy_5,vz_5,mass_6,radius_6,x_6,y_6,z_6,vx_6,vy_6,vz_6,mass_7,radius_7,x_7,y_7,z_7,vx_7,vy_7,vz_7,mass_8,radius_8,x_8,y_8,z_8,vx_8,vy_8,vz_8
0,1.660120825375342e-07,1.631393540950981e-08,-0.3696137218600609,0.0557775286358464,0.03846796860685012,-3.667062339560339,-9.719684282950384,-0.45774624723863927,2.447838287784771e-06,4.045378434654418e-08,0.6828555427687492,0.2412566158495489,-0.03610028631041631,-2.486103979017389,6.933213910248121,0.2384955917357981,3.040432648020684e-06,4.437104331057835e-07,-0.7407646286572761,0.6512540770831694,-1.930502004871522e-05,-4.2513636461927895,-4.743092006391027,0.00016896923155401122,3.2271560375549955e-07,2.270212793877687e-08,1.372033493678347,0.2984507199809498,-0.02742217927804553,-0.8898288891903434,5.431384919729341,0.1356454566651898,0.0009547919099366768,4.778945025452157e-07,-3.932305187917211,3.601176263051055,0.0730354325547653,-1.8961580867446541,-1.9043184812479599,0.050337635895006914,0.0002858856700231729,4.0286669668487467e-07,-5.240760177390321,-8.4634211516363,0.3557644664137293,1.6200102706884763,-1.0800190171153647,-0.045748784021044216,4.3662496132004074e-05,1.708513622580592e-07,19.26275470615084,5.388272243005833,-0.2294440079611372,-0.39874339236098244,1.3145173178104175,0.010073543890182866,5.151383772628657e-05,1.6553711549585576e-07,27.57283230190109,-11.73273124160403,-0.3937460482545567,0.43992730606587,1.059829487466434,-0.032002254451669564
