,flag,epoch,sbx,sby,sbz,sbvx,sbvy,sbvz
0,1,2456733.5,31.82041019803069,7.321898895660718,-0.8995799398648505,-0.4087467484750691,1.1466617762643847,-0.041724767241640794
