,flag,epoch,sbx,sby,sbz,sbvx,sbvy,sbvz
0,1.0,2455058.5,39.84381357383204,-15.28199999411292,0.11134914583967895,0.343736550132731,0.9052520467061357,-0.025865983501212966
