,flag,epoch,sbx,sby,sbz,sbvx,sbvy,sbvz
0,1.0,2457497.5,21.68366638279603,29.06914982022452,0.08922767674269944,-0.89265289075242,0.6148169368079404,0.033222383570468764
