,flag,epoch,sbx,sby,sbz,sbvx,sbvy,sbvz
0,1.0,2456900.0,3.1288270585538545,-0.49512103688352405,-0.19262036513197525,0.26551623945127745,3.547857186736293,-0.05291313795201617
1,1.0,2456900.0,3.128827022309027,-0.49512108932199744,-0.1926203679081245,0.2655163182648408,3.54785720421342,-0.052913127105226
