,flag,epoch,sbx,sby,sbz,sbvx,sbvy,sbvz
0,1,2454229.5,-33.11217690867369,-21.15206823868759,0.9629071987058699,0.6404274774013681,-0.880052203568962,0.03169863670436866
