,flag,epoch,sbx,sby,sbz,sbvx,sbvy,sbvz
0,1.0,2457840.0,-2.610757037378488,-0.2580751410283921,0.29526549241189404,0.3026460140299777,-3.6022045592975203,0.1749922004541077
1,1.0,2457840.0,-2.610756996508803,-0.2580751577379936,0.2952654908867484,0.30264606870722344,-3.602204613350216,0.1749922022463877
