,mass_1,radius_1,x_1,y_1,z_1,vx_1,vy_1,vz_1,mass_2,radius_2,x_2,y_2,z_2,vx_2,vy_2,vz_2,mass_3,radius_3,x_3,y_3,z_3,vx_3,vy_3,vz_3,mass_4,radius_4,x_4,y_4,z_4,vx_4,vy_4,vz_4,mass_5,radius_5,x_5,y_5,z_5,vx_5,vy_5,vz_5,mass_6,radius_6,x_6,y_6,z_6,vx_6,vy_6,vz_6,mass_7,radius_7,x_7,y_7,z_7,vx_7,vy_7,vz_7,mass_8,radius_8,x_8,y_8,z_8,vx_8,vy_8,vz_8
0,1.660120825375342e-07,1.631393540950981e-08,-0.3873153958460002,-0.005740489341292539,0.03507090928674998,-1.9853116480268242,-9.832979227931256,-0.6211959458294263,2.447838287784771e-06,4.045378434654418e-08,0.6735506313679844,0.2658665919467711,-0.03523153996336334,-2.7371862432599823,6.839033409875586,0.25162112300952344,3.040432648020684e-06,4.437104331057835e-07,0.5815247643139696,-0.8324293601615932,1.663904324348128e-05,5.04924629098449,3.5752917603912717,-9.278994843510401e-05,3.2271560375549955e-07,2.270212793877687e-08,1.165121215299624,0.851540845290709,-0.01076850810269594,-2.8203714397057174,4.562569706711967,0.1648601729615143,0.0009547919099366768,4.778945025452157e-07,3.885316127047437,-3.218585066479426,-0.073583177155431,1.7255302993826487,2.2556057738715896,-0.04797724982252896,0.0002858856700231729,4.0286669668487467e-07,-9.35315108713415,1.132952271480972,0.3525548423333098,-0.352933832547468,-2.025584662694375,0.049344935661152334,4.3662496132004074e-05,1.708513622580592e-07,19.98452115224738,-2.119670160003581,-0.2667294430360934,0.1424022562850347,1.3633108800470772,0.003203539283889659,5.151383772628657e-05,1.6553711549585576e-07,24.53913152196245,-17.30637008142848,-0.209133192374413,0.6547837057460876,0.9454742759893169,-0.034521475264026796
