,mass_1,radius_1,x_1,y_1,z_1,vx_1,vy_1,vz_1,mass_2,radius_2,x_2,y_2,z_2,vx_2,vy_2,vz_2,mass_3,radius_3,x_3,y_3,z_3,vx_3,vy_3,vz_3,mass_4,radius_4,x_4,y_4,z_4,vx_4,vy_4,vz_4,mass_5,radius_5,x_5,y_5,z_5,vx_5,vy_5,vz_5,mass_6,radius_6,x_6,y_6,z_6,vx_6,vy_6,vz_6,mass_7,radius_7,x_7,y_7,z_7,vx_7,vy_7,vz_7,mass_8,radius_8,x_8,y_8,z_8,vx_8,vy_8,vz_8
0,1.660120825375342e-07,1.631393540950981e-08,0.05862444739812462,0.3012698284216119,0.01923841724768637,-12.147305414759773,2.3445248944272454,1.3060179150413378,2.447838287784771e-06,4.045378434654418e-08,-0.6866703844367483,-0.2177511221919341,0.03663969248874253,2.184042357810582,-7.075584169726316,-0.22304379173555172,3.040432648020684e-06,4.437104331057835e-07,-0.3025598498254473,0.9356530113434808,-3.23484343251902e-05,-6.081408048702856,-1.957021188230301,9.83435376111517e-05,3.2271560375549955e-07,2.270212793877687e-08,-1.652274233158441,0.06793773855295478,0.04197468031968957,-0.019414414432697577,-4.670347239437026,-0.0973914847719799,0.0009547919099366768,4.778945025452157e-07,-5.194174742226059,1.535160187020774,0.1098511436441201,-0.8148207964392923,-2.5154690618354967,0.028677630100661253,0.0002858856700231729,4.0286669668487467e-07,-3.67534334187733,-9.307630324855365,0.3080961710503511,1.7836280430034501,-0.7564961504921546,-0.05787820163218555,4.3662496132004074e-05,1.708513622580592e-07,18.85774422179102,6.581622045791028,-0.219745021171753,-0.4841693292445267,1.2868365503442212,0.011068081455622126,5.151383772628657e-05,1.6553711549585576e-07,27.95970077645542,-10.75389516840698,-0.422859391594797,0.4035919544085464,1.0744610612588237,-0.03147694913869438
