,mass_1,radius_1,x_1,y_1,z_1,vx_1,vy_1,vz_1,mass_2,radius_2,x_2,y_2,z_2,vx_2,vy_2,vz_2,mass_3,radius_3,x_3,y_3,z_3,vx_3,vy_3,vz_3,mass_4,radius_4,x_4,y_4,z_4,vx_4,vy_4,vz_4,mass_5,radius_5,x_5,y_5,z_5,vx_5,vy_5,vz_5,mass_6,radius_6,x_6,y_6,z_6,vx_6,vy_6,vz_6,mass_7,radius_7,x_7,y_7,z_7,vx_7,vy_7,vz_7,mass_8,radius_8,x_8,y_8,z_8,vx_8,vy_8,vz_8
0,1.660120825375342e-07,1.631393540950981e-08,0.2942998921108914,0.1452476655301732,-0.0151373621109948,-6.550502596580542,9.669108524542162,1.391059952248066,2.447838287784771e-06,4.045378434654418e-08,0.5570960857359679,0.4608495463168839,-0.02583971919461472,-4.731719833234357,5.660724310728509,0.3505992758081368,3.040432648020684e-06,4.437104331057835e-07,-0.9960026226968418,-0.002152173536329947,3.375074218110048e-06,-0.0886414046677129,-6.307607696402806,0.00014769135321101394,3.2271560375549955e-07,2.270212793877687e-08,-1.466395305306961,0.7878010757655184,0.05251511276109858,-2.227003618893089,-4.066796513362984,-0.030530036421938245,0.0009547919099366768,4.778945025452157e-07,4.726072106031186,-1.585666989469577,-0.09917709297922563,0.8432095275254928,2.7465504605060174,-0.03027191420288343,0.0002858856700231729,4.0286669668487467e-07,-9.489523934877875,-0.1825050664337697,0.380902191732321,-0.06958506972531583,-2.039577481693738,0.03830123471703926,4.3662496132004074e-05,1.708513622580592e-07,20.05593674901056,-1.236789015091996,-0.2643852583790074,0.0785895153795963,1.3690091996162663,0.004053766996271172,5.151383772628657e-05,1.6553711549585576e-07,24.95443731928588,-16.69010200176161,-0.2313688127936287,0.6306405299504036,0.9619544643243676,-0.03429935753203723
