,flag,epoch,sbx,sby,sbz,sbvx,sbvy,sbvz
0,1.0,2456884.5,37.93269309796993,18.418151994753824,1.5622176171043347,-0.34550631996408293,0.9360857369486921,-0.00037825892084638934
