,flag,epoch,sbx,sby,sbz,sbvx,sbvy,sbvz
0,1,2457440.0,-0.5991932777481548,2.7119624174632904,0.5579037186805346,-3.357499126824189,-1.2156064583486619,0.44503876365117245
