,mass_1,radius_1,x_1,y_1,z_1,vx_1,vy_1,vz_1,mass_2,radius_2,x_2,y_2,z_2,vx_2,vy_2,vz_2,mass_3,radius_3,x_3,y_3,z_3,vx_3,vy_3,vz_3,mass_4,radius_4,x_4,y_4,z_4,vx_4,vy_4,vz_4,mass_5,radius_5,x_5,y_5,z_5,vx_5,vy_5,vz_5,mass_6,radius_6,x_6,y_6,z_6,vx_6,vy_6,vz_6,mass_7,radius_7,x_7,y_7,z_7,vx_7,vy_7,vz_7,mass_8,radius_8,x_8,y_8,z_8,vx_8,vy_8,vz_8
0,1.660120825375342e-07,1.631393540950981e-08,0.07215475028073641,0.2983934519425036,0.01776267551110914,-12.04802412009774,0.0,0.0,2.447838287784771e-06,4.045378434654418e-08,-0.1309218591990894,-0.7144060267777753,-0.002240711449800126,7.217118677890735,0.0,0.0,3.040432648020684e-06,4.437104331057835e-07,0.9971429357944787,0.09706117486995926,-8.506683014948694e-06,-0.7111837361635412,0.0,0.0,3.2271560375549955e-07,2.270212793877687e-08,1.006937955413086,-0.9544885946676619,-0.04471430789600026,3.7099918915742047,0.0,0.0,0.0009547919099366768,4.778945025452157e-07,-5.439724491261646,-0.338577263002423,0.1231264682429685,0.13834246102131112,-2.623207310040305,0.007797006083770998,0.0002858856700231729,4.0286669668487467e-07,-2.355180093367356,-9.756638310274171,0.2633350942484567,1.869890451131761,-0.48649169476010556,-0.06599145697792126,4.3662496132004074e-05,1.708513622580592e-07,18.48460375320719,7.501061558429622,-0.2114876323905368,-0.5501200704740187,1.2616149710994502,0.011818275510146569,5.151383772628657e-05,1.6553711549585576e-07,28.24048207153677,-9.974755100844677,-0.4454107164022263,0.3747488638744943,1.085467167337243,-0.03103907687678054
