,flag,epoch,sbx,sby,sbz,sbvx,sbvy,sbvz
0,1.0,2457730.0,-1.7035119840834974,1.8358037368641615,0.15167140648058416,-2.570057724195085,-2.747969182260576,0.3925899362840986
1,1.0,2457730.0,-1.7035119872963627,1.835803745179478,0.1516713916600606,-2.5700577272264185,-2.7479691651032194,0.39258996927450757
