,flag,epoch,sbx,sby,sbz,sbvx,sbvy,sbvz
0,1.0,2457467.5,3.7073314762953142,-1.2045578206115195,-1.4660670973179855,2.255153494623867,2.6652308191196226,0.676597834946884
