,flag,epoch,sbx,sby,sbz,sbvx,sbvy,sbvz
0,1.0,2456610.0,-2.8523782417307846,-1.3303763778761675,0.5397306585666268,1.733139013125919,-2.923746504669901,0.23622991801905643
1,1.0,2456610.0,-2.8523782630656993,-1.3303761546133788,0.5397308558743922,1.7331389218636781,-2.9237466138494987,0.23623005819600468
