,flag,epoch,sbx,sby,sbz,sbvx,sbvy,sbvz
0,1.0,2456248.5,37.279995823343484,-12.895175908186186,5.801091930138275,0.529832861173082,1.00182763214125,0.03879600691256216
