,flag,epoch,sbx,sby,sbz,sbvx,sbvy,sbvz
0,1,2457420.0,-1.6405111935784826,-0.3174500434227799,-0.6852887083372801,0.9326134188023999,-4.657202883358217,-0.07519968540136676
