,flag,epoch,sbx,sby,sbz,sbvx,sbvy,sbvz
0,1,2457570.0,-2.4118280738807627,-0.9942491794718762,-0.3483208118172994,2.0297509464385155,-3.301280318310884,0.32598300224338667
