,flag,epoch,sbx,sby,sbz,sbvx,sbvy,sbvz
0,1.0,2457608.5,22.27247449059992,-25.303737038981982,-18.389265407960927,0.8663698785171995,0.6037932264792822,0.023558892708242723
