,flag,epoch,sbx,sby,sbz,sbvx,sbvy,sbvz
0,1.0,2457593.5,22.00119159456426,28.173361783057874,0.0378832404884939,-0.8145929886802249,0.689025121570478,-0.25353780846678553
