,flag,epoch,sbx,sby,sbz,sbvx,sbvy,sbvz
0,1.0,2457610.0,1.944832259675186,0.4933481268508084,-0.2698779779711073,-0.9892986142601863,4.604465175922574,-0.1215373971610671
1,1.0,2457610.0,1.944832255542919,0.49334811873198103,-0.269877972992244,-0.9892986091045316,4.604465191717754,-0.12153744330495501
