,flag,epoch,sbx,sby,sbz,sbvx,sbvy,sbvz
0,1.0,2457780.0,1.4584653510153291,-1.7076455729609905,0.24104262683977512,2.9022209481616397,3.1110900059044897,-0.026362994009854857
1,1.0,2457780.0,1.4584653528716398,-1.7076455654422897,0.24104262783030136,2.9022209546821145,3.1110900133968347,-0.02636300257803167
