,flag,epoch,sbx,sby,sbz,sbvx,sbvy,sbvz
0,1,2457220.0,0.34830723719963885,-2.2764412665191824,0.30129270858349216,4.441101837247462,0.16201500849753772,-0.6993463349278594
