,mass_1,radius_1,x_1,y_1,z_1,vx_1,vy_1,vz_1,mass_2,radius_2,x_2,y_2,z_2,vx_2,vy_2,vz_2,mass_3,radius_3,x_3,y_3,z_3,vx_3,vy_3,vz_3,mass_4,radius_4,x_4,y_4,z_4,vx_4,vy_4,vz_4,mass_5,radius_5,x_5,y_5,z_5,vx_5,vy_5,vz_5,mass_6,radius_6,x_6,y_6,z_6,vx_6,vy_6,vz_6,mass_7,radius_7,x_7,y_7,z_7,vx_7,vy_7,vz_7,mass_8,radius_8,x_8,y_8,z_8,vx_8,vy_8,vz_8
0,1.660120825375342e-07,1.631393540950981e-08,-0.1367831151002773,-0.4451935899842527,-0.02382905544856379,7.7592802025224055,-2.505314082486212,-0.9165645156742205,2.447838287784771e-06,4.045378434654418e-08,-0.2188577487357999,0.6843832621597671,0.02201368827021329,-7.061365906020055,-2.291422119829626,0.37606404179368025,3.040432648020684e-06,4.437104331057835e-07,-0.7229517772189261,0.6706320148223066,-2.182150357942347e-05,-4.375896993199987,-4.630449037252088,0.00019590698228001414,3.2271560375549955e-07,2.270212793877687e-08,1.148552591366003,0.8772191295152669,-0.009805263222717948,-2.907543928575778,4.498862786900133,0.1656338024269447,0.0009547919099366768,4.778945025452157e-07,-5.306207440433031,-1.265725458777012,0.1239888775406702,0.6069161855115648,-2.5533047665817703,-0.0029775880510789325,0.0002858856700231729,4.0286669668487467e-07,-1.681724451814068,-9.906020044581368,0.239119983679294,1.898346368940491,-0.34944420706314855,-0.06949990995458857,4.3662496132004074e-05,1.708513622580592e-07,18.28226926631102,7.949407538109853,-0.2071999593677327,-0.5824260136758781,1.2479344140407762,0.012181313690572104,5.151383772628657e-05,1.6553711549585576e-07,28.37179159632971,-9.585989169458973,-0.4564601347962096,0.3602827676981857,1.090674568268396,-0.030811656337146255
