,flag,epoch,sbx,sby,sbz,sbvx,sbvy,sbvz
0,1.0,2455243.5,-10.148488419927654,-29.40398691943133,-1.3964509852830627,1.2564221750058349,-0.6191811869926371,0.08527571070302696
