,flag,epoch,sbx,sby,sbz,sbvx,sbvy,sbvz
0,1.0,2457710.0,-1.9293975595368424,-1.1574393885973864,-0.26106416996662446,2.0995768002711266,-3.6994944449340617,-0.08457971814221578
1,1.0,2457710.0,-1.9293975484027335,-1.1574394037263431,-0.261064186236239,2.0995768135148305,-3.699494444174426,-0.08457970443520912
