,flag,epoch,sbx,sby,sbz,sbvx,sbvy,sbvz
0,1.0,2457248.5,40.2615976338201,-14.73009268489635,-0.7440461855452418,0.3474643734796236,0.8918683458139288,-0.008758055300752896
1,1.0,2457248.5,40.26077132807086,-14.729791585912642,-0.7440250917139878,0.347435823255141,0.891861951715409,-0.008756323892774821
