,flag,epoch,sbx,sby,sbz,sbvx,sbvy,sbvz
0,1.0,2453562.5,14.553991885334197,3.718978410459167,-0.062341289495408736,-0.7623858986853033,1.584468425329984,-0.4123171268878088
