,mass_1,radius_1,x_1,y_1,z_1,vx_1,vy_1,vz_1,mass_2,radius_2,x_2,y_2,z_2,vx_2,vy_2,vz_2,mass_3,radius_3,x_3,y_3,z_3,vx_3,vy_3,vz_3,mass_4,radius_4,x_4,y_4,z_4,vx_4,vy_4,vz_4,mass_5,radius_5,x_5,y_5,z_5,vx_5,vy_5,vz_5,mass_6,radius_6,x_6,y_6,z_6,vx_6,vy_6,vz_6,mass_7,radius_7,x_7,y_7,z_7,vx_7,vy_7,vz_7,mass_8,radius_8,x_8,y_8,z_8,vx_8,vy_8,vz_8
0,1.660120825375342e-07,1.631393540950981e-08,-0.2454337890357202,-0.3886537198944727,-0.009228169133325035,6.613948641557974,-4.99735198609986,-1.0152404125915784,2.447838287784771e-06,4.045378434654418e-08,-0.7155576539929752,0.06483966477633694,0.04218789445361439,-0.7075980072032115,-7.390458990304408,-0.06026553805098975,3.040432648020684e-06,4.437104331057835e-07,0.3264737225618527,-0.9627723678179083,1.200542385280434e-05,5.848704140082175,1.994629149655266,-2.7197502771413428e-05,3.2271560375549955e-07,2.270212793877687e-08,1.218660654562578,-0.6494892109928326,-0.04354680073053949,2.5985939682244386,4.948018184525332,0.03983793262963065,0.0009547919099366768,4.778945025452157e-07,-5.08006773438866,-1.982809815068765,0.121909020321741,0.9687224214646225,-2.4400060822751355,-0.011547867379997424,0.0002858856700231729,4.0286669668487467e-07,-4.593795123633355,7.832906170874947,0.04645248083866848,-1.8664706302050453,-1.037373522640107,0.09231018751755858,4.3662496132004074e-05,1.708513622580592e-07,18.62320950846762,-7.470051943615392,-0.2689780731624307,0.5245934435474789,1.263906188473362,-0.0020701988917045133,5.151383772628657e-05,1.6553711549585576e-07,21.60665525017474,-20.9012844543348,-0.06752958996308626,0.7900227190954566,0.8283387579734349,-0.035293249136382925
