,flag,epoch,sbx,sby,sbz,sbvx,sbvy,sbvz
0,1.0,2456054.5,28.8329008779842,17.462890984599643,3.082561827715937,-0.6674431004935855,0.9798724986169038,0.011266458213518767
