,flag,epoch,sbx,sby,sbz,sbvx,sbvy,sbvz
0,1.0,2456318.5,-2.7704471045853802,2.963203053762881,0.1512035478888638,2.6180293694533803,1.230252195951368,2.6154123435323453
