,flag,epoch,sbx,sby,sbz,sbvx,sbvy,sbvz
0,1.0,2458435.5,34.72127041058371,11.527636571918025,-17.82711044956322,-0.39464017873869806,0.984021951152192,0.35903007950217336
