,flag,epoch,sbx,sby,sbz,sbvx,sbvy,sbvz
0,1.0,2457810.5,3.2047893414899926,-0.21932643535179253,-0.05177018394963889,-0.5210786696066152,3.26332927119961,0.3478653277448781
