,flag,epoch,sbx,sby,sbz,sbvx,sbvy,sbvz
0,1.0,2457449.5,22.61248373838826,-27.59074438598021,-16.09176952342116,0.8603797360554899,0.6181462285578468,0.14980704601374772
