,flag,epoch,sbx,sby,sbz,sbvx,sbvy,sbvz
0,1,2457251.5,2.128337189105727,-2.019119259269734,-0.244763917294333,2.3605015126915854,2.7521479726819797,0.39771158359452785
