,flag,epoch,sbx,sby,sbz,sbvx,sbvy,sbvz
0,1.0,2458153.5,-2.0780683158937325,0.48148643302706073,-0.031163857071913437,-1.9505288524667879,-4.678727865915946,2.627419642479641
