,mass_1,radius_1,x_1,y_1,z_1,vx_1,vy_1,vz_1,mass_2,radius_2,x_2,y_2,z_2,vx_2,vy_2,vz_2,mass_3,radius_3,x_3,y_3,z_3,vx_3,vy_3,vz_3,mass_4,radius_4,x_4,y_4,z_4,vx_4,vy_4,vz_4,mass_5,radius_5,x_5,y_5,z_5,vx_5,vy_5,vz_5,mass_6,radius_6,x_6,y_6,z_6,vx_6,vy_6,vz_6,mass_7,radius_7,x_7,y_7,z_7,vx_7,vy_7,vz_7,mass_8,radius_8,x_8,y_8,z_8,vx_8,vy_8,vz_8
0,1.660120825375342e-07,1.631393540950981e-08,-0.3227450534103763,-0.3096019688597272,0.004323974353600045,5.020671160313451,-6.948639803350972,-1.0284295976203037,2.447838287784771e-06,4.045378434654418e-08,0.2771910799370895,-0.6726538685736082,-0.0252031215646212,6.780382620324448,2.789885828247407,-0.3531626543330803,3.040432648020684e-06,4.437104331057835e-07,0.1065793529670287,0.9784007340745079,-1.548293936276855e-05,-6.349312433011891,0.6569466934706119,-3.90017499340102e-06,3.2271560375549955e-07,2.270212793877687e-08,-0.8564525032923358,-1.274224869608207,-0.005658290305094864,4.434738639866003,-2.4135401595952803,-0.15950450425052282,0.0009547919099366768,4.778945025452157e-07,-2.579784913974652,-4.709311641117629,0.0772783108682723,2.3851221908987443,-1.1955115006296544,-0.04841049938264686,0.0002858856700231729,4.0286669668487467e-07,-6.97416262871075,5.958223591184214,0.1738027188391286,-1.431046907654358,-1.5549523086863641,0.08402618598727547,4.3662496132004074e-05,1.708513622580592e-07,19.28106730445025,-5.625294106753381,-0.2706192953662359,0.39345492602388166,1.310747811757472,-0.00022047326639618015,5.151383772628657e-05,1.6553711549585576e-07,22.70620732581679,-19.68395971213094,-0.117967797633774,0.7452755345557524,0.8717067351319933,-0.035138063922515825
