,mass_1,radius_1,x_1,y_1,z_1,vx_1,vy_1,vz_1,mass_2,radius_2,x_2,y_2,z_2,vx_2,vy_2,vz_2,mass_3,radius_3,x_3,y_3,z_3,vx_3,vy_3,vz_3,mass_4,radius_4,x_4,y_4,z_4,vx_4,vy_4,vz_4,mass_5,radius_5,x_5,y_5,z_5,vx_5,vy_5,vz_5,mass_6,radius_6,x_6,y_6,z_6,vx_6,vy_6,vz_6,mass_7,radius_7,x_7,y_7,z_7,vx_7,vy_7,vz_7,mass_8,radius_8,x_8,y_8,z_8,vx_8,vy_8,vz_8
0,1.660120825375342e-07,1.631393540950981e-08,0.3595694307362912,-0.04926352404760561,-0.03701720963357156,-0.5931421944052564,10.641274153633988,0.9238737631479716,2.447838287784771e-06,4.045378434654418e-08,0.3210039915861273,-0.652860818663293,-0.0274708937669089,6.579966010782434,3.2347308159384007,-0.3354331474300015,3.040432648020684e-06,4.437104331057835e-07,0.5362316679903278,0.8300865079076064,-2.518819427542088e-05,-5.3806704312129945,3.3862452111695274,-8.661608288593191e-05,3.2271560375549955e-07,2.270212793877687e-08,-0.7419380550259753,1.449040498052941,0.04857950178972015,-4.355704221412982,-1.8948120567531894,0.06724728862334851,0.0009547919099366768,4.778945025452157e-07,3.959418719905508,2.996045879938096,-0.1010454016190934,-1.6980606410504522,2.3311843438842894,0.028317666410336752,0.0002858856700231729,4.0286669668487467e-07,-9.014875687744558,-3.50170967409561,0.4197980127755957,0.6264467498592339,-1.9021075611953981,0.008155616972969116,4.3662496132004074e-05,1.708513622580592e-07,20.04900392778348,1.049073807447712,-0.255814393852016,-0.08692508657615876,1.3694385869577959,0.0062169329576993145,5.151383772628657e-05,1.6553711549585576e-07,25.95265032544219,-15.05332112261337,-0.2880117857702196,0.5663396851760186,1.0003487415087244,-0.033620448473053
