,flag,epoch,sbx,sby,sbz,sbvx,sbvy,sbvz
0,1.0,2457535.5,51.48726373265356,10.519002142077316,2.4035333120487676,-0.08013584001755843,0.7828679697679212,0.15012057265146775
