,flag,epoch,sbx,sby,sbz,sbvx,sbvy,sbvz
0,1.0,2457470.0,2.0307779630563982,0.4885623698882694,-0.10922667189125373,-1.2975948084466051,4.349207308446229,-0.4704200877422611
1,1.0,2457470.0,2.030777938937784,0.4885624488367116,-0.10922667241150524,-1.297594888190344,4.349207293621109,-0.470420102331463
