,flag,epoch,sbx,sby,sbz,sbvx,sbvy,sbvz
0,1.0,2456970.0,-2.302987138014075,1.512262304081047,1.0669496015269904,-2.159451328922836,-2.8917937313634616,1.0054670145856899
