,flag,epoch,sbx,sby,sbz,sbvx,sbvy,sbvz
0,1.0,2457540.0,-1.5940156280537523,1.490251651413681,-0.020281623821197414,-3.0174689991817587,-3.1215425845354536,-0.4757881785520261
1,1.0,2457540.0,-1.5940156319015446,1.4902518228696988,-0.02028160793475054,-3.017468990743269,-3.12154229136809,-0.4757880983059381
