,flag,epoch,sbx,sby,sbz,sbvx,sbvy,sbvz
0,1.0,2457200.0,35.64677123390081,15.166782593876233,4.843831297957289,-0.4654555230066288,0.943432613440264,0.05547466217806407
