,mass_1,radius_1,x_1,y_1,z_1,vx_1,vy_1,vz_1,mass_2,radius_2,x_2,y_2,z_2,vx_2,vy_2,vz_2,mass_3,radius_3,x_3,y_3,z_3,vx_3,vy_3,vz_3,mass_4,radius_4,x_4,y_4,z_4,vx_4,vy_4,vz_4,mass_5,radius_5,x_5,y_5,z_5,vx_5,vy_5,vz_5,mass_6,radius_6,x_6,y_6,z_6,vx_6,vy_6,vz_6,mass_7,radius_7,x_7,y_7,z_7,vx_7,vy_7,vz_7,mass_8,radius_8,x_8,y_8,z_8,vx_8,vy_8,vz_8
0,1.660120825375342e-07,1.631393540950981e-08,0.1649426076637778,0.2630286440936924,0.006354183666332621,-10.753560045308763,5.872092352699938,1.4665163544175168,2.447838287784771e-06,4.045378434654418e-08,-0.6482924878169474,-0.316052345462274,0.03308673873449033,3.186178712161116,-6.674789776097766,-0.27527460182585156,3.040432648020684e-06,4.437104331057835e-07,-0.9487537832356661,-0.3203888435516073,9.537653782377342e-06,1.9081167570951754,-5.977135725511766,0.00012303108238918614,3.2271560375549955e-07,2.270212793877687e-08,1.17022643880681,-0.7348740997454046,-0.04413428497830358,2.9133288989882224,4.765623957073452,0.02831045695154855,0.0009547919099366768,4.778945025452157e-07,3.311509482821063,-3.852909672329121,-0.05810921449907284,2.057833895054658,1.9292034449441313,-0.05405916249421799,0.0002858856700231729,4.0286669668487467e-07,-9.226269724432123,1.742914948133244,0.3368755598453254,-0.4858295853259126,-2.0053143795422304,0.054281102417921286,4.3662496132004074e-05,1.708513622580592e-07,19.93693988474097,-2.531561474839625,-0.267638077381591,0.17209753794370605,1.3595293490048372,0.0028044837448474567,5.151383772628657e-05,1.6553711549585576e-07,24.33935337783483,-17.5911908105866,-0.1986745593887626,0.6658655456290038,0.9374005347128829,-0.034616921101779864
