,flag,epoch,sbx,sby,sbz,sbvx,sbvy,sbvz
0,1.0,2457170.0,-2.2137076762961603,-1.75848927396839,0.009879288528720638,2.176714576519938,-2.6477334068319114,0.09319037276486364
