,flag,epoch,sbx,sby,sbz,sbvx,sbvy,sbvz
0,1,2456689.5,1.9013361350574165,1.0556059666571307,0.04679400304693893,-2.3812993943941994,3.7624874498169563,0.24173589507356782
