,flag,epoch,sbx,sby,sbz,sbvx,sbvy,sbvz
0,1.0,2456410.0,1.7176510174799648,2.242815756484741,-0.19858706408876958,-2.8882566606781044,2.3763359920818106,-1.0056295980775272
1,1.0,2456410.0,1.7176510972293257,2.242815681857479,-0.19858701250035665,-2.888256608105993,2.3763361050964296,-1.0056295811681286
