,mass_1,radius_1,x_1,y_1,z_1,vx_1,vy_1,vz_1,mass_2,radius_2,x_2,y_2,z_2,vx_2,vy_2,vz_2,mass_3,radius_3,x_3,y_3,z_3,vx_3,vy_3,vz_3,mass_4,radius_4,x_4,y_4,z_4,vx_4,vy_4,vz_4,mass_5,radius_5,x_5,y_5,z_5,vx_5,vy_5,vz_5,mass_6,radius_6,x_6,y_6,z_6,vx_6,vy_6,vz_6,mass_7,radius_7,x_7,y_7,z_7,vx_7,vy_7,vz_7,mass_8,radius_8,x_8,y_8,z_8,vx_8,vy_8,vz_8
0,1.660120825375342e-07,1.631393540950981e-08,-0.3876993623797099,-0.1598288069647744,0.02250843733127003,1.7919979321969175,-9.055088230718946,-0.9043065436429476,2.447838287784771e-06,4.045378434654418e-08,-0.6710570160495173,0.2546717425961975,0.04221597818497057,-2.6552351512965484,-6.941255002598062,0.05804961832055954,3.040432648020684e-06,4.437104331057835e-07,0.5842919076352012,-0.8304886259173871,2.814632104638497e-05,5.036967964849357,3.592425205550509,-0.000157188348861728,3.2271560375549955e-07,2.270212793877687e-08,0.2106050394137393,-1.422668711244359,-0.03498162429937914,5.248837485360013,1.1882314642669198,-0.10391764282140743,0.0009547919099366768,4.778945025452157e-07,-5.443940527787208,0.110971391853335,0.1213540732570043,-0.08921222516707214,-2.6279859468176716,0.012909282291030366,0.0002858856700231729,4.0286669668487467e-07,-2.673724331617855,-9.667824127365376,0.2744741017433175,1.8528857574147586,-0.5514827415302601,-0.06418791102351766,4.3662496132004074e-05,1.708513622580592e-07,18.57740803043906,7.284642903181713,-0.2134949632185505,-0.534574267097388,1.2678599443289946,0.011643575192957528,5.151383772628657e-05,1.6553711549585576e-07,28.17576767127636,-10.16027500690257,-0.4400903838307662,0.38162141413598316,1.0828871045609105,-0.03114431875481142
