,flag,epoch,sbx,sby,sbz,sbvx,sbvy,sbvz
0,1.0,2457456.5,36.73430112364367,43.84246981201985,-0.8432874201723575,-0.35042619551958,0.730845831233281,-0.27751290926568883
