,mass_1,radius_1,x_1,y_1,z_1,vx_1,vy_1,vz_1,mass_2,radius_2,x_2,y_2,z_2,vx_2,vy_2,vz_2,mass_3,radius_3,x_3,y_3,z_3,vx_3,vy_3,vz_3,mass_4,radius_4,x_4,y_4,z_4,vx_4,vy_4,vz_4,mass_5,radius_5,x_5,y_5,z_5,vx_5,vy_5,vz_5,mass_6,radius_6,x_6,y_6,z_6,vx_6,vy_6,vz_6,mass_7,radius_7,x_7,y_7,z_7,vx_7,vy_7,vz_7,mass_8,radius_8,x_8,y_8,z_8,vx_8,vy_8,vz_8
0,1.660120825375342e-07,1.631393540950981e-08,0.3573439097341478,-0.1183948687770646,-0.04245767548308412,1.2335951069147062,10.21709513719902,0.721677873505893,2.447838287784771e-06,4.045378434654418e-08,0.006976947598830721,0.7196126481964005,0.00946410003003339,-7.412247579291889,0.032732219709238175,0.4281820499688428,3.040432648020684e-06,4.437104331057835e-07,-0.1043195021775783,-1.010429489165019,3.793826120608725e-05,6.148251511654169,-0.6688010716612233,-2.4080888838491127e-06,3.2271560375549955e-07,2.270212793877687e-08,-0.4079431460238924,-1.434047844342677,-0.02003952541047678,5.108769129128433,-0.9592687670838007,-0.14548354401982855,0.0009547919099366768,4.778945025452157e-07,-5.424210527634793,0.4199944226829715,0.1196292565678809,-0.24593606936773713,-2.6203217417565448,0.016385362981198682,0.0002858856700231729,4.0286669668487467e-07,-2.891107075197163,-9.600284020184073,0.2819554152823885,1.8399279023985238,-0.5958676102271263,-0.06290179721993563,4.3662496132004074e-05,1.708513622580592e-07,18.63971132851628,7.135131739192278,-0.2148586699099229,-0.5238478485843538,1.2720800896342177,0.01152307265789598,5.151383772628657e-05,1.6553711549585576e-07,28.13056312520079,-10.28765661451804,-0.4364196735736969,0.3863333740250023,1.081119162243392,-0.0312153543638281
