,flag,epoch,sbx,sby,sbz,sbvx,sbvy,sbvz
0,1,2457091.5,-2.9420561698888292,-0.39131331373652023,0.12804770982547364,1.3217639579267455,-3.4980483568962275,0.489742158243102
