,flag,epoch,sbx,sby,sbz,sbvx,sbvy,sbvz
0,1.0,2457677.5,33.64489921297516,16.130146640831388,-6.226292215625174,-0.32597407911368237,0.7860561732103479,0.5736915561897565
