,flag,epoch,sbx,sby,sbz,sbvx,sbvy,sbvz
0,1,2456255.5,-2.6039555485455197,-0.8478367854375541,-0.02647895353978791,1.5470234416907136,-3.040433007220768,0.650001282939909
