,flag,epoch,sbx,sby,sbz,sbvx,sbvy,sbvz
0,1.0,2456384.5,-20.491755349090532,-21.749010148237605,1.6190870505512487,0.9900944279408534,-0.806297436578451,0.07720216929673114
