,flag,epoch,sbx,sby,sbz,sbvx,sbvy,sbvz
0,1.0,2457407.5,17.401603032159905,-5.348310368253091,-3.3586810248700147,0.512738332727854,1.5012799927690716,-0.13679441386672886
