,mass_1,radius_1,x_1,y_1,z_1,vx_1,vy_1,vz_1,mass_2,radius_2,x_2,y_2,z_2,vx_2,vy_2,vz_2,mass_3,radius_3,x_3,y_3,z_3,vx_3,vy_3,vz_3,mass_4,radius_4,x_4,y_4,z_4,vx_4,vy_4,vz_4,mass_5,radius_5,x_5,y_5,z_5,vx_5,vy_5,vz_5,mass_6,radius_6,x_6,y_6,z_6,vx_6,vy_6,vz_6,mass_7,radius_7,x_7,y_7,z_7,vx_7,vy_7,vz_7,mass_8,radius_8,x_8,y_8,z_8,vx_8,vy_8,vz_8
0,1.660120825375342e-07,1.631393540950981e-08,0.0391201883472062,-0.4576037948706072,-0.04098051443547851,8.177742673506234,1.4031975901971914,-0.6355849611105864,2.447838287784771e-06,4.045378434654418e-08,-0.6784478976750208,-0.2427798744639628,0.03582170368375439,2.439519362901704,-6.989367297519635,-0.23661024933509586,3.040432648020684e-06,4.437104331057835e-07,0.8679259665262805,-0.5193005377536565,1.520089516811706e-05,3.1239865067584027,5.3690164218520815,-0.00021553497580755466,3.2271560375549955e-07,2.270212793877687e-08,0.5594297766625889,-1.297424057242492,-0.04091794710295085,4.886368494170904,2.463160453269643,-0.06830475236060775,0.0009547919099366768,4.778945025452157e-07,-5.446927890058753,-0.06893344466175355,0.122167978999395,0.001909698742246565,-2.628330421770749,0.010871279516277846,0.0002858856700231729,4.0286669668487467e-07,-2.546657349433195,-9.704684048375523,0.2700555867181912,1.859953074604107,-0.525549037430968,-0.06491896984156895,4.3662496132004074e-05,1.708513622580592e-07,18.54060552234948,7.371338435851628,-0.212695618746973,-0.5407941539593207,1.2653801838625458,0.011713301103990484,5.151383772628657e-05,1.6553711549585576e-07,28.20179448166764,-10.08612008809493,-0.4422206764733165,0.37888067571393014,1.0839201213935714,-0.03110272423810528
