,flag,epoch,sbx,sby,sbz,sbvx,sbvy,sbvz
0,1.0,2457930.5,-0.37155572219262356,-2.871470840263192,-0.21371321648637714,3.515018284832379,-0.2499242869787868,-0.03643875091261797
