,mass_1,radius_1,x_1,y_1,z_1,vx_1,vy_1,vz_1,mass_2,radius_2,x_2,y_2,z_2,vx_2,vy_2,vz_2,mass_3,radius_3,x_3,y_3,z_3,vx_3,vy_3,vz_3,mass_4,radius_4,x_4,y_4,z_4,vx_4,vy_4,vz_4,mass_5,radius_5,x_5,y_5,z_5,vx_5,vy_5,vz_5,mass_6,radius_6,x_6,y_6,z_6,vx_6,vy_6,vz_6,mass_7,radius_7,x_7,y_7,z_7,vx_7,vy_7,vz_7,mass_8,radius_8,x_8,y_8,z_8,vx_8,vy_8,vz_8
0,1.660120825375342e-07,1.631393540950981e-08,-0.2878741315776988,0.1869582874798817,0.0416868460304326,-7.699787382846883,0.0,0.0,2.447838287784771e-06,4.045378434654418e-08,0.3769544996240772,0.6155049912158159,-0.01331284671626149,-6.323336138059309,0.0,0.0,3.040432648020684e-06,4.437104331057835e-07,-0.2731734926744392,0.9446163996636032,-3.430594288623701e-05,-6.138918453998816,0.0,0.0,3.2271560375549955e-07,2.270212793877687e-08,1.334364481643605,0.466808051960672,-0.02296590097871236,-1.4922187898408235,0.0,0.0,0.0009547919099366768,4.778945025452157e-07,-5.352373346995567,-1.051501092454848,0.1241322976212402,0.4986373196583249,-2.5768190718024284,-0.0004568786957842249,0.0002858856700231729,4.0286669668487467e-07,-1.840005486292932,-9.875496216768937,0.2448907103927526,1.8925298822614087,-0.381611701209873,-0.06871052953142495,4.3662496132004074e-05,1.708513622580592e-07,18.3305911225449,7.845062317329922,-0.2082136663788466,-0.5749170781923948,1.2512132795939463,0.012097722505168204,5.151383772628657e-05,1.6553711549585576e-07,28.34156562552344,-9.677015622450693,-0.4538850081385574,0.36365554943700895,1.0894833613652115,-0.030864698377647274
