,flag,epoch,sbx,sby,sbz,sbvx,sbvy,sbvz
0,1.0,2457760.0,31.802692792991795,2.9060990056687253,-16.059686055575902,-0.2247610696400751,1.1099181418945074,-0.08129490856984005
