,flag,epoch,sbx,sby,sbz,sbvx,sbvy,sbvz
0,1.0,2456860.0,-0.0760613505767136,-3.1705551130675174,0.23906954411314657,3.39397891139985,0.10032381285050017,-0.30315268031515363
1,1.0,2456860.0,-0.07606157001188985,-3.170554981633718,0.23907000268591827,3.3939790159115493,0.10032356976648248,-0.3031527654889177
