,flag,epoch,sbx,sby,sbz,sbvx,sbvy,sbvz
0,1.0,2457210.0,0.0018564966365377522,-2.462857227301116,0.042579440002250835,3.865865244440027,-0.0978941698612711,0.4107618145772057
1,1.0,2457210.0,0.0018565146559772483,-2.4628572374573574,0.04257943883749228,3.8658652217694196,-0.09789414896968235,0.41076179597907003
