,flag,sbx,sby,sbz,sbvx,sbvy,sbvz
0,1.0,26.92454675326236,2.8033008743945094,-31.688368672532224,0.7409922000647786,-0.24977148416381587,0.6075003328012373
