,flag,epoch,sbx,sby,sbz,sbvx,sbvy,sbvz
0,1,2457055.5,37.75889802373297,16.849978584982225,-1.160486932301256,-0.42644090840482396,0.9079428670120651,0.0003265434240183012
