,flag,epoch,sbx,sby,sbz,sbvx,sbvy,sbvz
0,1.0,2457390.0,-36.03642394698997,-15.594016611705614,-5.438569213846489,0.2883356499443187,-1.0398219532844772,-0.1865678373388605
