,flag,epoch,sbx,sby,sbz,sbvx,sbvy,sbvz
0,1.0,2457800.0,-1.7388732679906984,-1.9712334867503867,-0.18927103118959038,2.788862576345365,-2.30889166275252,0.27193986463418723
1,1.0,2457800.0,-1.7388732842099914,-1.9712334789084172,-0.18927103939037862,2.7888625689425375,-2.3088916617424107,0.27193985130342585
