,flag,epoch,sbx,sby,sbz,sbvx,sbvy,sbvz
0,1.0,2457448.5,12.850238876075931,2.2603232914312676,0.8204983600663021,-1.0851886021089376,1.702981390015249,0.26304895489068897
