,flag,epoch,sbx,sby,sbz,sbvx,sbvy,sbvz
0,1.0,2457508.5,32.925250518232126,6.17047577773012,0.3792603442375746,-0.25458951780469247,1.3190758339886526,-0.48520212511290095
