,flag,epoch,sbx,sby,sbz,sbvx,sbvy,sbvz
0,1.0,2457393.5,0.5989203229797561,-2.100165085642669,0.23482191798306926,4.002179128536198,1.4101074122121935,-0.06518263727387409
