,flag,epoch,sbx,sby,sbz,sbvx,sbvy,sbvz
0,1.0,2456950.0,2.001557078825431,-0.5007071424540894,0.14316798903747377,0.6797376772259357,4.7001517512465405,0.6034452935145721
1,1.0,2456950.0,2.0015571349542216,-0.5007072136372146,0.14316797316782515,0.6797377542863748,4.70015159646851,0.6034453292325322
