,flag,epoch,sbx,sby,sbz,sbvx,sbvy,sbvz
0,1.0,2458010.0,0.8779464655214659,2.34260836469176,0.1881897823482952,-3.4791094211836513,1.4420078011085282,-0.2962571049715936
1,1.0,2458010.0,0.8779464885188792,2.342608343464015,0.18818976939684962,-3.479109437364272,1.4420078250439343,-0.296257121254716
