,flag,epoch,sbx,sby,sbz,sbvx,sbvy,sbvz
0,1.0,2457451.5,29.32834783676553,4.601911714896112,0.7393789060794165,-0.24388503324906033,1.2088825898696296,-0.3603309005114261
