,flag,epoch,sbx,sby,sbz,sbvx,sbvy,sbvz
0,1.0,2457462.5,-37.68166240784088,3.7086818237066357,8.051564056065569,-0.10852393993823896,-0.9346784247831914,-0.4663937078133001
