,flag,epoch,sbx,sby,sbz,sbvx,sbvy,sbvz
0,1,2456621.5,1.731387123850228,-0.590470647965168,0.5086866598773637,1.8612641524326432,4.780317764654096,-0.13446961086272546
