,mass_1,radius_1,x_1,y_1,z_1,vx_1,vy_1,vz_1,mass_2,radius_2,x_2,y_2,z_2,vx_2,vy_2,vz_2,mass_3,radius_3,x_3,y_3,z_3,vx_3,vy_3,vz_3,mass_4,radius_4,x_4,y_4,z_4,vx_4,vy_4,vz_4,mass_5,radius_5,x_5,y_5,z_5,vx_5,vy_5,vz_5,mass_6,radius_6,x_6,y_6,z_6,vx_6,vy_6,vz_6,mass_7,radius_7,x_7,y_7,z_7,vx_7,vy_7,vz_7,mass_8,radius_8,x_8,y_8,z_8,vx_8,vy_8,vz_8
0,1.660120825375342e-07,1.631393540950981e-08,-0.08292712533598073,-0.4581900780726469,-0.02982468775854902,8.050118220807732,-1.3091388767526577,-0.8456514387424515,2.447838287784771e-06,4.045378434654418e-08,-0.5591528785213996,0.4495762332524171,0.03842416068002628,-4.657253943645468,-5.795235373909912,0.1894498851522569,3.040432648020684e-06,4.437104331057835e-07,-0.9240586567439836,0.356508739493696,-4.204151118475104e-06,-2.3644112885333484,-5.886305126116365,0.00011923424754900429,3.2271560375549955e-07,2.270212793877687e-08,0.7581487550321416,-1.177306858548989,-0.04328487843257085,4.491062126682617,3.205753557639629,-0.04312158163455103,0.0009547919099366768,4.778945025452157e-07,3.080319611827937,-4.057117073905928,-0.05208790729425931,2.162864935562042,1.7991913356401283,-0.05586956092423198,0.0002858856700231729,4.0286669668487467e-07,-9.170435259775548,1.962012262594927,0.3308353109675072,-0.5338308128145379,-1.9957505582780721,0.05602482361778416,4.3662496132004074e-05,1.708513622580592e-07,19.91750747807079,-2.680367086392553,-0.2679373584930932,0.18278278595263592,1.3580228309839288,0.0026611660246592074,5.151383772628657e-05,1.6553711549585576e-07,24.26621556635581,-17.69368825033543,-0.1948817622732939,0.6698095166042094,0.9344591925842975,-0.03464888009977994
