,flag,epoch,sbx,sby,sbz,sbvx,sbvy,sbvz
0,1.0,2456001.5,25.802184479389606,15.051099431193999,1.9103113713479871,-0.5365744001466554,1.1631428210276737,0.058603870964954057
