,flag,epoch,sbx,sby,sbz,sbvx,sbvy,sbvz
0,1.0,2457621.5,-11.689453734420269,27.076682949500963,1.1253805942716135,-1.2445303813315791,-0.35919274801621637,0.012964883085898176
