,flag,epoch,sbx,sby,sbz,sbvx,sbvy,sbvz
0,1.0,2456520.0,-2.9681411883377695,44.31735571017455,-1.7622914289638256,-0.9224128882730143,0.0022609589957920083,-0.11199765254691897
