,flag,epoch,sbx,sby,sbz,sbvx,sbvy,sbvz
0,1,2457500.0,1.7513864022544205,1.7884941006955772,-0.3381673144664602,-2.6148770147091844,2.6164714763040413,0.05827298357083792
