,flag,epoch,sbx,sby,sbz,sbvx,sbvy,sbvz
0,1.0,2456860.5,44.4194151630403,10.356015920350057,-1.1303520594304093,-0.004656047575941361,0.8809029497357717,0.14003555192068398
