,flag,epoch,sbx,sby,sbz,sbvx,sbvy,sbvz
0,1.0,2457290.0,-1.0495693324054098,2.5290591454995406,0.3375444104496426,-3.6671561749533685,-0.9305516274713965,-0.03169533499525328
1,1.0,2457290.0,-1.0495693124945755,2.529059147179667,0.33754443107916887,-3.667156184641946,-0.9305516202489672,-0.03169535578385148
