,flag,epoch,sbx,sby,sbz,sbvx,sbvy,sbvz
0,1.0,2457650.0,-0.6732978248879217,-2.4737772081235536,0.008957199545708477,3.6960612214929083,-0.6319893364790679,0.4028014070968245
1,1.0,2457650.0,-0.6732978143997111,-2.4737772154559,0.008957199539724792,3.696061215740402,-0.6319893331332618,0.4028014272004407
