,flag,epoch,sbx,sby,sbz,sbvx,sbvy,sbvz
0,1.0,2457490.0,-2.606242131834807,-0.07469015465148554,0.2970154048102832,-0.314952034054345,-3.739394979420382,-0.17605687121373206
1,1.0,2457490.0,-2.6062421378928304,-0.07469017194507765,0.29701542784980284,-0.31495201618754454,-3.7393949650937284,-0.17605687465875827
