,flag,epoch,sbx,sby,sbz,sbvx,sbvy,sbvz
0,1,2456627.5,-16.493731624017958,-37.705265692709254,-3.8740021218141907,0.9594742396637057,-0.3508624602749132,0.20200609239708542
