,flag,epoch,sbx,sby,sbz,sbvx,sbvy,sbvz
0,1,2456860.0,-0.4349978275411004,-2.666154434969697,-0.2319660651159094,4.037903005858808,-0.31755866750186795,0.16997866654109217
