,flag,epoch,sbx,sby,sbz,sbvx,sbvy,sbvz
0,1.0,2458262.5,2.659602520058318,-0.7251431322998316,-1.2207550996271348,1.7277323782010574,3.19758709537805,0.7415081674563035
