,flag,epoch,sbx,sby,sbz,sbvx,sbvy,sbvz
0,1.0,2457420.0,1.5345519317422098,1.4679883069513402,-0.27024930012607207,-2.8827773524312774,3.4855305291698357,-0.01774288967577763
1,1.0,2457420.0,1.5345519830592291,1.467988283184179,-0.27024931562637455,-2.8827773063172173,3.4855305190532104,-0.017742910896744322
