,flag,epoch,sbx,sby,sbz,sbvx,sbvy,sbvz
0,1,2456067.5,36.25090229366865,23.642500509480055,0.7544075928131624,-0.5483420213497043,0.7935653964727608,0.022600071789213493
