,flag,epoch,sbx,sby,sbz,sbvx,sbvy,sbvz
0,1.0,2458725.5,37.701606311504236,16.46631711502475,-5.589836426088342,-0.06715391634379457,0.14605203305552075,-0.022696804523836805
