,flag,epoch,sbx,sby,sbz,sbvx,sbvy,sbvz
0,1,2457143.5,1.2577445729287458,1.8008400949025158,-0.10328482410396754,-3.422609388327949,2.5919525634056813,0.2398493967000856
