,flag,epoch,sbx,sby,sbz,sbvx,sbvy,sbvz
0,1.0,2456690.5,-42.729919064912266,1.2289420103086286,1.5511249488668535,-0.13495761577057347,-0.978213482130583,0.038463235419045866
