,flag,epoch,sbx,sby,sbz,sbvx,sbvy,sbvz
0,1.0,2457900.0,0.027338238054337882,2.5475093373657183,-0.28884212533815085,-3.772449547194153,0.5299043572851134,0.009974650123569972
1,1.0,2457900.0,0.02733826702269715,2.54750927887814,-0.28884217925410516,-3.7724496232287845,0.5299043397702836,0.009974623306057856
