,flag,epoch,sbx,sby,sbz,sbvx,sbvy,sbvz
0,1,2457398.5,1.0248001774914004,2.7022286659311723,0.07161956410031237,-3.313667512231282,1.1905768045168175,0.19963416685110766
