,flag,epoch,sbx,sby,sbz,sbvx,sbvy,sbvz
0,1.0,2456742.5,39.35450138719198,8.86808857200335,-1.7391516561562945,-0.20640743515478374,1.0066143078558596,-0.0126212594280631
