,flag,epoch,sbx,sby,sbz,sbvx,sbvy,sbvz
0,1.0,2458292.5,-3.9885323830110244,-4.429845229037418,0.2665551695422969,2.18438208499864,-1.858751371147867,-0.30612466387808995
