,mass_1,radius_1,x_1,y_1,z_1,vx_1,vy_1,vz_1,mass_2,radius_2,x_2,y_2,z_2,vx_2,vy_2,vz_2,mass_3,radius_3,x_3,y_3,z_3,vx_3,vy_3,vz_3,mass_4,radius_4,x_4,y_4,z_4,vx_4,vy_4,vz_4,mass_5,radius_5,x_5,y_5,z_5,vx_5,vy_5,vz_5,mass_6,radius_6,x_6,y_6,z_6,vx_6,vy_6,vz_6,mass_7,radius_7,x_7,y_7,z_7,vx_7,vy_7,vz_7,mass_8,radius_8,x_8,y_8,z_8,vx_8,vy_8,vz_8
0,1.660120825375342e-07,1.631393540950981e-08,0.1546888753984721,-0.4176251470075047,-0.0483156796032079,7.577544569416246,4.088823969830314,-0.3611124378880966,2.447838287784771e-06,4.045378434654418e-08,0.1099851637522976,0.7117152299713075,0.003407523551302612,-7.326158829799389,1.0913002932933065,0.43774270231440254,3.040432648020684e-06,4.437104331057835e-07,-0.9941775187411312,0.04588837534519073,1.512814195039941e-06,-0.39203057356715626,-6.300912160796292,0.00021078622935842152,3.2271560375549955e-07,2.270212793877687e-08,1.175859943872962,0.8337096146294145,-0.01139175289529706,-2.760574569159129,4.606012258353899,0.1642686237904211,0.0009547919099366768,4.778945025452157e-07,-4.126399174143316,3.395342711021887,0.07823338207363645,-1.7858193008832648,-2.0001289517638425,0.04826690037055098,0.0002858856700231729,4.0286669668487467e-07,-5.068843969208745,-8.57538169560376,0.3508635531156124,1.6418072965271024,-1.044255880081426,-0.04723740590200399,4.3662496132004074e-05,1.708513622580592e-07,19.22020208936107,5.526677674346092,-0.2283759947998849,-0.40864534774004846,1.3115793617285314,0.010190819337868105,5.151383772628657e-05,1.6553711549585576e-07,27.61898454435881,-11.62092732390786,-0.3971161921468903,0.43576808055908284,1.0615387612892768,-0.03194291822849848
