,mass_1,radius_1,x_1,y_1,z_1,vx_1,vy_1,vz_1,mass_2,radius_2,x_2,y_2,z_2,vx_2,vy_2,vz_2,mass_3,radius_3,x_3,y_3,z_3,vx_3,vy_3,vz_3,mass_4,radius_4,x_4,y_4,z_4,vx_4,vy_4,vz_4,mass_5,radius_5,x_5,y_5,z_5,vx_5,vy_5,vz_5,mass_6,radius_6,x_6,y_6,z_6,vx_6,vy_6,vz_6,mass_7,radius_7,x_7,y_7,z_7,vx_7,vy_7,vz_7,mass_8,radius_8,x_8,y_8,z_8,vx_8,vy_8,vz_8
0,1.660120825375342e-07,1.631393540950981e-08,0.1932201486811432,-0.3937548814658293,-0.04990062439902619,7.1694837477289886,5.0410569569482275,-0.24627512797994391,2.447838287784771e-06,4.045378434654418e-08,-0.5381002533045685,-0.4827795901470083,0.02446418525014156,4.881157631306469,-5.533660960841328,-0.35734862849699733,3.040432648020684e-06,4.437104331057835e-07,0.7614010910524117,0.636247077065257,1.517031049097515e-06,-4.1315262965684845,4.798393247282489,1.7284434412217582e-05,3.2271560375549955e-07,2.270212793877687e-08,-1.201800316623197,1.138275202057232,0.05338972062575258,-3.321372328348683,-3.276057197855631,0.013014534047251744,0.0009547919099366768,4.778945025452157e-07,4.955661739654306,-0.225661896830519,-0.1100503324134614,0.08904159245365069,2.885203130814761,-0.013941967703226048,0.0002858856700231729,4.0286669668487467e-07,7.990958203603371,4.710753021776402,-0.3997136249459822,-1.1427073160703198,1.7544900399578331,0.01489426525768777,4.3662496132004074e-05,1.708513622580592e-07,13.24503505507484,-14.82287029216593,-0.2267927527894279,1.0607470808254653,0.8934445939570401,-0.010451261313631416,5.151383772628657e-05,1.6553711549585576e-07,15.69873633138128,-25.72271925572451,0.1678722272270732,0.9712354132821532,0.6069564490770158,-0.034828590412946316
