,flag,epoch,sbx,sby,sbz,sbvx,sbvy,sbvz
0,1,2453960.5,36.9394847879659,-0.6766697101241896,0.8434973737351179,0.040865163221860706,1.032959978784829,-0.022905152309614367
