,flag,epoch,sbx,sby,sbz,sbvx,sbvy,sbvz
0,1.0,2458725.5,-1.2290438307819083,-40.77291596050094,1.256419601647488,0.16388084192371624,-0.005035584478243275,-0.0031030437511604466
