,flag,epoch,sbx,sby,sbz,sbvx,sbvy,sbvz
0,1.0,2453763.5,-18.297000162992084,-36.6884852239623,-0.4695528679126362,0.8876094518653783,-0.46624643046394054,-0.05681570117058559
