,flag,epoch,sbx,sby,sbz,sbvx,sbvy,sbvz
0,1.0,2456857.5,-26.225887678574246,-51.163706338938155,6.065892953826459,0.2721938309397194,-0.621872735185518,-0.317903304076937
