,flag,epoch,sbx,sby,sbz,sbvx,sbvy,sbvz
0,1.0,2457515.5,41.20517955934043,9.148430919498646,2.133838786030853,-0.06895961147063534,0.9209379028023986,0.08693513367258277
