,flag,epoch,sbx,sby,sbz,sbvx,sbvy,sbvz
0,1,2457540.0,2.2934193652183117,2.0302842946015454,0.11546377193485036,-2.3807483068811637,2.5946860351925976,-0.5303851204716803
