,flag,epoch,sbx,sby,sbz,sbvx,sbvy,sbvz
0,1.0,2457810.0,0.29909518391008183,2.121796833765739,-0.053343823170404994,-4.2993478420244395,1.0318017210564079,-0.4512205195862826
1,1.0,2457810.0,0.29909512612086964,2.121796805871301,-0.053343832252476645,-4.2993479190155535,1.0318016469010207,-0.45122055834813957
