,flag,epoch,sbx,sby,sbz,sbvx,sbvy,sbvz
0,1.0,2456930.0,1.7153974632441167,-1.2231981165049315,-0.04844810758032584,2.581895942617973,3.6858906039276986,0.7899186499643496
1,1.0,2456930.0,1.7153973441650516,-1.22319818627892,-0.048448126770234606,2.5818961975555994,3.6858905481382522,0.7899187030267147
