,flag,epoch,sbx,sby,sbz,sbvx,sbvy,sbvz
0,1.0,2458073.5,-2.607199906159562,0.29620908117478684,0.26438177970407145,-0.6576294889417486,-3.5743963253471827,-0.3515221819957179
