,flag,epoch,sbx,sby,sbz,sbvx,sbvy,sbvz
0,1.0,2457410.0,-1.675932684246678,2.1933383029798357,0.055440116990055514,-3.023115623133132,-2.612372598985541,0.15343591634514334
1,1.0,2457410.0,-1.6759326997290422,2.193338372693196,0.05544013759602042,-3.023115581451131,-2.612372514342878,0.15343591771084927
