,flag,epoch,sbx,sby,sbz,sbvx,sbvy,sbvz
0,1.0,2458016.5,-1.4107334800399718,-1.6397368809720416,-0.07787413802379543,3.4709788918761664,-2.6989957244715246,-0.48592483395952957
