,mass_1,radius_1,x_1,y_1,z_1,vx_1,vy_1,vz_1,mass_2,radius_2,x_2,y_2,z_2,vx_2,vy_2,vz_2,mass_3,radius_3,x_3,y_3,z_3,vx_3,vy_3,vz_3,mass_4,radius_4,x_4,y_4,z_4,vx_4,vy_4,vz_4,mass_5,radius_5,x_5,y_5,z_5,vx_5,vy_5,vz_5,mass_6,radius_6,x_6,y_6,z_6,vx_6,vy_6,vz_6,mass_7,radius_7,x_7,y_7,z_7,vx_7,vy_7,vz_7,mass_8,radius_8,x_8,y_8,z_8,vx_8,vy_8,vz_8
0,1.660120825375342e-07,1.631393540950981e-08,0.3480420733455085,-0.1681706738463017,-0.04567921200929742,2.4624019125235126,0.0,0.0,2.447838287784771e-06,4.045378434654418e-08,-0.6010284716566658,0.3918871400385232,0.04005115272898623,-4.064781039786857,0.0,0.0,3.040432648020684e-06,4.437104331057835e-07,-0.6900793631035337,0.703840405543128,-8.774569997109592e-06,-4.5892269349116495,0.0,0.0,3.2271560375549955e-07,2.270212793877687e-08,-0.03758231858048164,1.572231311071791,0.0338662274510638,-4.916209015273476,0.0,0.0,0.0009547919099366768,4.778945025452157e-07,-4.338147562066194,-3.273224789267477,0.1106639005600647,1.6271440996587043,-2.072367087605198,-0.027807901988316303,0.0002858856700231729,4.0286669668487467e-07,-5.612076259880506,7.178932328610841,0.09834899623139243,-1.713583642697873,-1.2613130760956142,0.09013661174145705,4.3662496132004074e-05,1.708513622580592e-07,18.90665093351255,-6.746236878660809,-0.2699461400591527,0.47312659471884627,1.2839010076903525,-0.0013372704720756331,5.151383772628657e-05,1.6553711549585576e-07,22.050542688119,-20.42574501620116,-0.08756683141134264,0.7726021600075119,0.845693691292909,-0.03524442922562597
