,flag,epoch,sbx,sby,sbz,sbvx,sbvy,sbvz
0,1.0,2457080.0,-1.396132272062002,1.9774328008354902,0.20218476933566032,-3.6687620135267416,-1.4848310888580807,-0.49305387130439665
1,1.0,2457080.0,-1.3961322941140824,1.9774328013143192,0.20218479176897255,-3.668761971533644,-1.4848311205382343,-0.49305384474304836
