,flag,epoch,sbx,sby,sbz,sbvx,sbvy,sbvz
0,1.0,2457557.5,-42.22240063993126,-5.47759909117508,-9.24775262818836,0.08087935409515326,-0.9503625435551167,0.0669788871017194
