,mass_1,radius_1,x_1,y_1,z_1,vx_1,vy_1,vz_1,mass_2,radius_2,x_2,y_2,z_2,vx_2,vy_2,vz_2,mass_3,radius_3,x_3,y_3,z_3,vx_3,vy_3,vz_3,mass_4,radius_4,x_4,y_4,z_4,vx_4,vy_4,vz_4,mass_5,radius_5,x_5,y_5,z_5,vx_5,vy_5,vz_5,mass_6,radius_6,x_6,y_6,z_6,vx_6,vy_6,vz_6,mass_7,radius_7,x_7,y_7,z_7,vx_7,vy_7,vz_7,mass_8,radius_8,x_8,y_8,z_8,vx_8,vy_8,vz_8
0,1.660120825375342e-07,1.631393540950981e-08,-0.05271277786278885,-0.4618277100396028,-0.03289993635383075,8.148600890847906,-0.6414267100770424,-0.8000002473230656,2.447838287784771e-06,4.045378434654418e-08,-0.4562644282565493,0.5539321289239124,0.0339239536706041,-5.727997690378915,-4.736833220305719,0.2655985777109893,3.040432648020684e-06,4.437104331057835e-07,0.4138706891719661,0.8956959816933808,-3.419490443284521e-05,-5.806715500914168,2.6122898163281922,-6.732737643247378e-05,3.2271560375549955e-07,2.270212793877687e-08,-1.556621681828655,0.5910146522862167,0.05058814348988605,-1.6228179579431126,-4.34205320375103,-0.051157753375065645,0.0009547919099366768,4.778945025452157e-07,-5.091983530253184,1.821728040580743,0.1063745322257178,-0.9621995966489456,-2.4673577345999003,0.0317762769586062,0.0002858856700231729,4.0286669668487467e-07,-3.879458994799727,-9.218227476806971,0.3146705378950739,1.7663696485498281,-0.7984154470136258,-0.056463562723213775,4.3662496132004074e-05,1.708513622580592e-07,18.91280953357008,6.433432127018301,-0.2210107679589706,-0.47356734047652616,1.290598380990531,0.010946673553722565,5.151383772628657e-05,1.6553711549585576e-07,27.91302970938702,-10.87734515678993,-0.4192360154476991,0.4081520608957374,1.0726867805767224,-0.03154390087976899
