,mass_1,radius_1,x_1,y_1,z_1,vx_1,vy_1,vz_1,mass_2,radius_2,x_2,y_2,z_2,vx_2,vy_2,vz_2,mass_3,radius_3,x_3,y_3,z_3,vx_3,vy_3,vz_3,mass_4,radius_4,x_4,y_4,z_4,vx_4,vy_4,vz_4,mass_5,radius_5,x_5,y_5,z_5,vx_5,vy_5,vz_5,mass_6,radius_6,x_6,y_6,z_6,vx_6,vy_6,vz_6,mass_7,radius_7,x_7,y_7,z_7,vx_7,vy_7,vz_7,mass_8,radius_8,x_8,y_8,z_8,vx_8,vy_8,vz_8
0,1.660120825375342e-07,1.631393540950981e-08,-0.1269116627431159,-0.4482291210174278,-0.02498535615256574,7.824128091679345,-2.2855503051184494,-0.9044863226092187,2.447838287784771e-06,4.045378434654418e-08,0.3365605769378053,0.6381981659317447,-0.01066367366722112,-6.5584729461485685,3.4126201694853555,0.42529639251164886,3.040432648020684e-06,4.437104331057835e-07,1.001407116841805,-0.08304222061861517,9.86491195804219e-07,0.41700051098215263,6.238801895661436,-0.0002928890232131376,3.2271560375549955e-07,2.270212793877687e-08,1.390679909004263,0.1185159818281899,-0.03163173260603584,-0.23797099739859376,5.529290659926626,0.12170824293698687,0.0009547919099366768,4.778945025452157e-07,2.380019331507263,-4.546966050173043,-0.03436390775912011,2.4112345541606928,1.4097393395854043,-0.059801645888008,0.0002858856700231729,4.0286669668487467e-07,5.024128720115901,-8.649295719187643,-0.04958690053964144,1.6514729810707738,1.0196197570654337,-0.08343280097300047,4.3662496132004074e-05,1.708513622580592e-07,15.60949484533318,12.1571719349317,-0.15705377373544,-0.8910401301456906,1.0678159697355316,0.015457584677245962,5.151383772628657e-05,1.6553711549585576e-07,29.40258543849841,-5.558552771933337,-0.5632268549543459,0.2079099731335659,1.1352297753690024,-0.028150579958059765
