,flag,epoch,sbx,sby,sbz,sbvx,sbvy,sbvz
0,1,2456849.5,-2.8529582865644243,0.33649643936767726,0.01669562554728434,-0.47963555457397256,-3.686731468012738,-0.11097377713115393
