,flag,epoch,sbx,sby,sbz,sbvx,sbvy,sbvz
0,1,2457277.5,-0.2262539255339331,2.5572779287558958,0.0003833713351151097,-3.551414654109429,-0.2055764315399713,0.3616254134028259
