,flag,epoch,sbx,sby,sbz,sbvx,sbvy,sbvz
0,1,2456990.5,1.0918957953284436,2.4266886290319576,0.052734064754652615,-3.80252521410383,1.62318151384302,0.1823778009501689
