,flag,epoch,sbx,sby,sbz,sbvx,sbvy,sbvz
0,1.0,2457374.5,10.676609145777633,40.956982197460405,-22.59055071697061,-0.7772742486872788,0.2169764642270385,-0.30762876152308544
