,flag,epoch,sbx,sby,sbz,sbvx,sbvy,sbvz
0,1.0,2457260.0,2.053900509204333,1.9967220700600272,0.036091738923764057,-2.8189321956179505,2.3049771250284232,0.7314414311162514
1,1.0,2457260.0,2.0539004674075527,1.9967220100221963,0.03609174121136299,-2.818932303007708,2.3049771370315684,0.7314413456297169
