,flag,epoch,sbx,sby,sbz,sbvx,sbvy,sbvz
0,1.0,2457640.0,0.0714369939247747,-2.2601570207707185,-0.25405161406633275,4.19366409455446,-0.1509748089135356,0.07938459256839032
1,1.0,2457640.0,0.07143697176275537,-2.260157029016972,-0.25405162648471713,4.193664081365845,-0.15097486250037817,0.07938462894349516
