,flag,epoch,sbx,sby,sbz,sbvx,sbvy,sbvz
0,1.0,2455938.5,9.612039195741731,33.10992960019713,-3.9038315352018857,-1.063950194108392,0.3847551646123145,-0.21332187041794046
