,mass_1,radius_1,x_1,y_1,z_1,vx_1,vy_1,vz_1,mass_2,radius_2,x_2,y_2,z_2,vx_2,vy_2,vz_2,mass_3,radius_3,x_3,y_3,z_3,vx_3,vy_3,vz_3,mass_4,radius_4,x_4,y_4,z_4,vx_4,vy_4,vz_4,mass_5,radius_5,x_5,y_5,z_5,vx_5,vy_5,vz_5,mass_6,radius_6,x_6,y_6,z_6,vx_6,vy_6,vz_6,mass_7,radius_7,x_7,y_7,z_7,vx_7,vy_7,vz_7,mass_8,radius_8,x_8,y_8,z_8,vx_8,vy_8,vz_8
0,1.660120825375342e-07,1.631393540950981e-08,-0.136717570463182,0.2861518690679198,0.03592439764833762,-11.338049769817678,-4.04237774929187,0.7099140359066389,2.447838287784771e-06,4.045378434654418e-08,-0.5776955967814471,0.4254980323874526,0.03916998962427744,-4.410078680196107,-5.98533544047721,0.17246548677431028,3.040432648020684e-06,4.437104331057835e-07,-0.8216456365169819,-0.5806044614879181,2.187410340857669e-05,3.52414304402275,-5.155581677083182,0.0001611781273473578,3.2271560375549955e-07,2.270212793877687e-08,0.8091078764666012,1.249495405606389,0.006322164180359097,-4.095571290952219,3.2135220070457398,0.16785835550744332,0.0009547919099366768,4.778945025452157e-07,-4.308626335637308,3.179743184244706,0.08320637152525183,-1.6710549138931348,-2.0895902412551526,0.046070118221957675,0.0002858856700231729,4.0286669668487467e-07,-4.894669798906239,-8.683551366366279,0.345806938892536,1.6628529627567679,-1.0080926969922026,-0.048703309179297376,4.3662496132004074e-05,1.708513622580592e-07,19.17660757993618,5.664769911893312,-0.2272956867077694,-0.4185112673873012,1.3085755450898666,0.010306495930255665,5.151383772628657e-05,1.6553711549585576e-07,27.66469889137122,-11.50894378397926,-0.4004800940612151,0.4316196186791539,1.0632384007130407,-0.03188415042451773
