,flag,epoch,sbx,sby,sbz,sbvx,sbvy,sbvz
0,1,2457010.0,-2.1438173700076715,2.4932162565588243,0.07206664847405812,-2.5395083468375383,-2.202642006292415,0.3415509756692996
