,flag,epoch,sbx,sby,sbz,sbvx,sbvy,sbvz
0,1,2457547.5,-0.6337562812677815,-1.8451610077661855,-0.08249670324257016,4.58490794185844,-1.03822860178273,-0.39550168848141964
