,mass_1,radius_1,x_1,y_1,z_1,vx_1,vy_1,vz_1,mass_2,radius_2,x_2,y_2,z_2,vx_2,vy_2,vz_2,mass_3,radius_3,x_3,y_3,z_3,vx_3,vy_3,vz_3,mass_4,radius_4,x_4,y_4,z_4,vx_4,vy_4,vz_4,mass_5,radius_5,x_5,y_5,z_5,vx_5,vy_5,vz_5,mass_6,radius_6,x_6,y_6,z_6,vx_6,vy_6,vz_6,mass_7,radius_7,x_7,y_7,z_7,vx_7,vy_7,vz_7,mass_8,radius_8,x_8,y_8,z_8,vx_8,vy_8,vz_8
0,1.660120825375342e-07,1.631393540950981e-08,0.270954981160753,-0.321422266923207,-0.0511219894298131,5.813547161005532,7.117289509151642,0.048225896085032,2.447838287784771e-06,4.045378434654418e-08,-0.5447312016308279,0.4669812138977572,0.03783747572869501,-4.835749970286398,-5.646814057014513,0.20161923911721083,3.040432648020684e-06,4.437104331057835e-07,-0.9101982798095428,0.3893739946405448,-1.0250874060387e-05,-2.5738442482347477,-5.8009620669282205,0.0002337650545295743,3.2271560375549955e-07,2.270212793877687e-08,0.9732583282020918,1.099905971983788,-0.0008366263384375893,-3.633487406351748,3.823444631949272,0.16929619130171017,0.0009547919099366768,4.778945025452157e-07,-5.271969513815933,-1.401587363061853,0.1237869432611838,0.6756157276292801,-2.535996363044192,-0.004586753127320512,0.0002858856700231729,4.0286669668487467e-07,-1.580282264164983,-9.924126134507691,0.2353962767076211,1.9017992678120292,-0.32883171656733934,-0.06999457246571301,4.3662496132004074e-05,1.708513622580592e-07,18.25104685294264,8.015976010490132,-0.2065482026715111,-0.5872118753916546,1.2458210086637185,0.012234457683880153,5.151383772628657e-05,1.6553711549585576e-07,28.39096894354049,-9.527739798944223,-0.4581042034787007,0.3581304976742161,1.0914368017180696,-0.030777675000899264
