,flag,epoch,sbx,sby,sbz,sbvx,sbvy,sbvz
0,1,2455176.5,20.873453862544977,42.490894827456444,-1.3666596499272077,-0.8386706863855485,0.28953772319152116,-0.07500457308881237
