,flag,epoch,sbx,sby,sbz,sbvx,sbvy,sbvz
0,1.0,2457953.5,-2.8300958153974274,-1.4470126075469363,-0.36606534704275573,1.7134291890752473,-2.749810473379364,-0.2596942519592883
