,mass_1,radius_1,x_1,y_1,z_1,vx_1,vy_1,vz_1,mass_2,radius_2,x_2,y_2,z_2,vx_2,vy_2,vz_2,mass_3,radius_3,x_3,y_3,z_3,vx_3,vy_3,vz_3,mass_4,radius_4,x_4,y_4,z_4,vx_4,vy_4,vz_4,mass_5,radius_5,x_5,y_5,z_5,vx_5,vy_5,vz_5,mass_6,radius_6,x_6,y_6,z_6,vx_6,vy_6,vz_6,mass_7,radius_7,x_7,y_7,z_7,vx_7,vy_7,vz_7,mass_8,radius_8,x_8,y_8,z_8,vx_8,vy_8,vz_8
0,1.660120825375342e-07,1.631393540950981e-08,0.294857931837709,0.1444236359322095,-0.0152560647244939,-6.5225990569868095,9.682773109323927,1.3896134171004781,2.447838287784771e-06,4.045378434654418e-08,-0.1267568883556016,-0.7152297857633892,-0.002479055735557727,7.224263669086223,-1.3187861051966125,-0.4349871628387009,3.040432648020684e-06,4.437104331057835e-07,-0.01960500422422946,0.9834661631494246,-2.233962028141907e-05,-6.384798791844871,-0.1489308039269816,2.197527273569524e-05,3.2271560375549955e-07,2.270212793877687e-08,-0.6199403473275165,1.495968166929235,0.0465687501149382,-4.528004176566984,-1.522807705137105,0.07928030778178821,0.0009547919099366768,4.778945025452157e-07,4.480041035428871,-2.230774429437979,-0.09099295371150179,1.195301268357696,2.600642252808387,-0.03754657835268787,0.0002858856700231729,4.0286669668487467e-07,-9.46008132412493,0.3089312008916029,0.3711686946941398,-0.1749236133518954,-2.038999603487205,0.04248646615164407,4.3662496132004074e-05,1.708513622580592e-07,20.03412759208865,-1.566420764316615,-0.2653234853595684,0.10243749639910667,1.3672326576908054,0.003735247601970191,5.151383772628657e-05,1.6553711549585576e-07,24.8014013581512,-16.92114028167922,-0.2230943254578852,0.6397139861616096,0.9559004894163643,-0.034386963385945435
