,flag,epoch,sbx,sby,sbz,sbvx,sbvy,sbvz
0,1.0,2458548.5,16.847102004797865,54.64054819003892,-8.40427041599942,-0.5391933759371618,0.7347757051619155,0.25121461103122233
