,flag,epoch,sbx,sby,sbz,sbvx,sbvy,sbvz
0,1.0,2453830.0,-42.86565838839494,-12.675711427245291,-0.2773952527375666,0.26604976819189924,-0.8977287951267456,-0.009483794045953824
