,mass_1,radius_1,x_1,y_1,z_1,vx_1,vy_1,vz_1,mass_2,radius_2,x_2,y_2,z_2,vx_2,vy_2,vz_2,mass_3,radius_3,x_3,y_3,z_3,vx_3,vy_3,vz_3,mass_4,radius_4,x_4,y_4,z_4,vx_4,vy_4,vz_4,mass_5,radius_5,x_5,y_5,z_5,vx_5,vy_5,vz_5,mass_6,radius_6,x_6,y_6,z_6,vx_6,vy_6,vz_6,mass_7,radius_7,x_7,y_7,z_7,vx_7,vy_7,vz_7,mass_8,radius_8,x_8,y_8,z_8,vx_8,vy_8,vz_8
0,1.660120825375342e-07,1.631393540950981e-08,-0.1001296177318645,0.2971408925691886,0.03346528237959219,-11.801041235338884,-2.901124220221405,0.8456945086119518,2.447838287784771e-06,4.045378434654418e-08,-0.6619967344667572,0.277239146383481,0.04200312246310929,-2.8872386864402557,-6.848602849894365,0.07276801843123887,3.040432648020684e-06,4.437104331057835e-07,-0.7552314881980758,0.6347807862183537,-1.838882392384226e-05,-4.145435078070232,-4.833992914218189,0.00016427507440192342,3.2271560375549955e-07,2.270212793877687e-08,-1.64383842980024,0.2213284211665874,0.04498666143535267,-0.4910370826457057,-4.628719932441899,-0.08493188569269143,0.0009547919099366768,4.778945025452157e-07,-1.616792977108089,4.949153507475065,0.01562423434527169,-2.6556347259094757,-0.7261335131894625,0.062439884811293776,0.0002858856700231729,4.0286669668487467e-07,-6.739714411626512,-7.226175428366034,0.3939603532930692,1.3772894901799615,-1.3957615490007327,-0.03059525504583214,4.3662496132004074e-05,1.708513622580592e-07,19.61308949250888,4.065665601498744,-0.2389216186212242,-0.3040728177240085,1.3387233530064149,0.008938841167215938,5.151383772628657e-05,1.6553711549585576e-07,27.11483410313956,-12.78060069982228,-0.3615822701080264,0.4791336668438121,1.0428961240010368,-0.0325392344131744
