,flag,epoch,sbx,sby,sbz,sbvx,sbvy,sbvz
0,1.0,2457710.0,0.9673023974270079,2.205147117831491,0.09055979604756781,-3.823995911560902,1.284934789390393,0.4598111022819245
1,1.0,2457710.0,0.967302369786813,2.2051471282235373,0.09055982061053781,-3.823995927745849,1.284934775020899,0.45981107708135616
