,flag,epoch,sbx,sby,sbz,sbvx,sbvy,sbvz
0,1,2457379.5,0.39263191130061337,2.816908507769815,-0.24573062025778225,-3.750370243958915,0.6326526263162158,0.04093436829492202
