,flag,epoch,sbx,sby,sbz,sbvx,sbvy,sbvz
0,1.0,2457560.0,1.1663532620004986,2.2165301101709374,0.28529754978662136,-3.4042171132531833,1.7317326794548054,0.12834010611210145
1,1.0,2457560.0,1.1663532967512116,2.216530081517167,0.28529753849033257,-3.4042171242621992,1.73173269740631,0.12834010772684648
