,flag,epoch,sbx,sby,sbz,sbvx,sbvy,sbvz
0,1.0,2457350.0,-0.9447074244186432,2.683218438470441,0.5715928152834802,-3.5961451240977484,-1.273942711152752,0.2862503889006906
1,1.0,2457350.0,-0.9447073990399071,2.6832184663224137,0.5715928162330697,-3.5961451563280358,-1.2739425887690796,0.2862502936173923
