,flag,epoch,sbx,sby,sbz,sbvx,sbvy,sbvz
0,1,2457580.0,-0.6333403540866307,-1.8030555607336716,0.059383530653651935,4.670647073816669,-1.2927344896902915,0.32565154326388873
