,flag,epoch,sbx,sby,sbz,sbvx,sbvy,sbvz
0,1.0,2457612.5,29.93342475698442,36.66393310893889,0.0630793259194925,-0.6733181359987734,0.5879789085699616,0.03163022223063641
