,mass_1,radius_1,x_1,y_1,z_1,vx_1,vy_1,vz_1,mass_2,radius_2,x_2,y_2,z_2,vx_2,vy_2,vz_2,mass_3,radius_3,x_3,y_3,z_3,vx_3,vy_3,vz_3,mass_4,radius_4,x_4,y_4,z_4,vx_4,vy_4,vz_4,mass_5,radius_5,x_5,y_5,z_5,vx_5,vy_5,vz_5,mass_6,radius_6,x_6,y_6,z_6,vx_6,vy_6,vz_6,mass_7,radius_7,x_7,y_7,z_7,vx_7,vy_7,vz_7,mass_8,radius_8,x_8,y_8,z_8,vx_8,vy_8,vz_8
0,1.660120825375342e-07,1.631393540950981e-08,-0.3089011511813454,-0.3275463336381542,0.001567723296613318,5.387089216873936,-6.5799294586894455,-1.031846415000895,2.447838287784771e-06,4.045378434654418e-08,0.5025760833829469,-0.5257345227077338,-0.0362168980594101,5.2918619758535765,5.077962940374126,-0.23564544036631546,3.040432648020684e-06,4.437104331057835e-07,-0.5684990922058523,-0.8362155621790034,4.495678769194134e-05,5.094503907501852,-3.556888998796011,0.00015118013643235592,3.2271560375549955e-07,2.270212793877687e-08,0.960710470543411,-1.004023008370529,-0.04460814890322792,3.8861754168037104,3.9720222616513365,-0.01208219731554748,0.0009547919099366768,4.778945025452157e-07,4.909852977523591,-0.7554848781866761,-0.1067115215944855,0.3869797699832301,2.8566187442763744,-0.02052300476308897,0.0002858856700231729,4.0286669668487467e-07,7.438680439033496,-6.515375408103501,-0.1827522570553746,1.229871025490874,1.53147990648661,-0.07555859072869997,4.3662496132004074e-05,1.708513622580592e-07,14.02322952043152,13.84044769847328,-0.1303368078916654,-1.019358733708569,0.958390569391253,0.016720046875073898,5.151383772628657e-05,1.6553711549585576e-07,29.68611747413177,-3.663598244675493,-0.6087316145195883,0.13351442501771962,1.1480068239136882,-0.026676794280020327
