,flag,epoch,sbx,sby,sbz,sbvx,sbvy,sbvz
0,1.0,2457110.0,-2.3869956874240277,-1.1450808604936251,0.0579137430652523,2.1286427852547956,-3.2467405752639,0.2368433158774407
