,mass_1,radius_1,x_1,y_1,z_1,vx_1,vy_1,vz_1,mass_2,radius_2,x_2,y_2,z_2,vx_2,vy_2,vz_2,mass_3,radius_3,x_3,y_3,z_3,vx_3,vy_3,vz_3,mass_4,radius_4,x_4,y_4,z_4,vx_4,vy_4,vz_4,mass_5,radius_5,x_5,y_5,z_5,vx_5,vy_5,vz_5,mass_6,radius_6,x_6,y_6,z_6,vx_6,vy_6,vz_6,mass_7,radius_7,x_7,y_7,z_7,vx_7,vy_7,vz_7,mass_8,radius_8,x_8,y_8,z_8,vx_8,vy_8,vz_8
0,1.660120825375342e-07,1.631393540950981e-08,0.2106156782008277,-0.3808317197456588,-0.05044062988969449,6.938292801251671,5.482661949686995,-0.18851753346174782,2.447838287784771e-06,4.045378434654418e-08,0.41436735740975,0.5912210827758264,-0.01580183382542626,-6.073156535784899,4.207859349114998,0.4081793443649966,3.040432648020684e-06,4.437104331057835e-07,0.8196318887550972,-0.5943555367589924,2.106489049308174e-05,3.5866837294990566,5.063768256572826,-0.00022559055260424653,3.2271560375549955e-07,2.270212793877687e-08,-1.13384008499711,1.201376303662684,0.05300190542424144,-3.5242096131160836,-3.072357775375207,0.0221074418309282,0.0009547919099366768,4.778945025452157e-07,-4.813273543968089,-2.55058366647986,0.1182944834115013,1.2584272590972567,-2.307523523564705,-0.018575295191983487,0.0002858856700231729,4.0286669668487467e-07,-0.6764302483143497,-10.03614185851594,0.2013639398635919,1.9229786414440522,-0.14523720632322826,-0.07401703935389235,4.3662496132004074e-05,1.708513622580592e-07,17.96376276994555,8.599849435642254,-0.2006600273800235,-0.6293415979154923,1.2265467401586847,0.012700715340984384,5.151383772628657e-05,1.6553711549585576e-07,28.55558972510801,-9.010672682828918,-0.4725677096454352,0.338920532735297,1.0981995541622567,-0.030468300317102542
