,flag,epoch,sbx,sby,sbz,sbvx,sbvy,sbvz
0,1.0,2459840.5,4.322656358767894,-0.21574176146730173,0.578061534385712,-1.2700883493413546,1.8516992759633515,2.4665423838169955
