,flag,epoch,sbx,sby,sbz,sbvx,sbvy,sbvz
0,1,2457480.0,-2.7183495859784843,-1.8887840980341917,-0.40506721013703406,1.9576377704260262,-2.564267963202933,-0.3605069695622497
