,flag,epoch,sbx,sby,sbz,sbvx,sbvy,sbvz
0,1.0,2457160.0,39.070596673821925,18.053958142696676,-2.801114937515706,-0.24271785280257208,0.9598629069236572,0.14791912834347418
