,flag,epoch,sbx,sby,sbz,sbvx,sbvy,sbvz
0,1.0,2457960.0,1.6952695160987565,1.5931474709479165,-0.10767351360315194,-2.4023662947037736,3.3308090713107785,0.45784623147421943
1,1.0,2457960.0,1.6952695404457723,1.5931474474499179,-0.10767351510552021,-2.4023662621210473,3.330809093444718,0.4578462337566074
