,flag,epoch,sbx,sby,sbz,sbvx,sbvy,sbvz
0,1.0,2458725.5,-28.793113937709137,-29.054933637535893,-0.32434847354171104,0.11295546173946362,-0.11180639031596545,-0.011753497176915654
