,flag,epoch,sbx,sby,sbz,sbvx,sbvy,sbvz
0,1,2457165.5,-0.6641822302957723,-1.991121012283029,0.1371830161582424,4.368760162451973,-0.9757799542903769,0.27603126690928204
