,flag,epoch,sbx,sby,sbz,sbvx,sbvy,sbvz
0,1.0,2457550.0,1.5759336360628027,1.9351319211767457,0.21187746317118103,-3.1004890423701257,2.3276819036550496,-0.20244966820445262
1,1.0,2457550.0,1.5759336537409916,1.9351319132982325,0.2118774605541315,-3.100489023588295,2.327681926020714,-0.20244961123641877
