,flag,epoch,sbx,sby,sbz,sbvx,sbvy,sbvz
0,1.0,2457800.0,-1.6899150365650852,1.8908899711145644,-0.2455071024488492,-3.001547473174449,-2.2160852219017895,-0.07754061698053703
1,1.0,2457800.0,-1.689915028805996,1.8908899054370227,-0.24550709693456813,-3.00154749922433,-2.2160853255885615,-0.0775406229390226
