,flag,epoch,sbx,sby,sbz,sbvx,sbvy,sbvz
0,1.0,2457987.5,27.49107337068011,21.5472615105634,-8.103452766840553,-1.0122050116357835,0.9968180862029492,0.09464542112456385
