,flag,epoch,sbx,sby,sbz,sbvx,sbvy,sbvz
0,1.0,2455900.0,5.338927949396847,-42.389818522583866,1.392169716881012,0.9581381738677697,0.17273248139757966,0.029297943752012678
