,flag,epoch,sbx,sby,sbz,sbvx,sbvy,sbvz
0,1.0,2457370.0,-2.040278565941695,-1.6851275294421983,0.2614476097566988,2.6659418153357555,-2.5268666587628177,-0.35044197781074105
1,1.0,2457370.0,-2.040278520823788,-1.685127583156494,0.26144764845707186,2.665941735220631,-2.526866729686375,-0.3504420332005338
