,flag,epoch,sbx,sby,sbz,sbvx,sbvy,sbvz
0,1.0,2459339.5,5.944845612895648,-0.23178774772845223,1.341272701038871,-0.7033888900339501,2.766368184290083,0.4266843605013025
