,flag,epoch,sbx,sby,sbz,sbvx,sbvy,sbvz
0,1.0,2456590.0,-2.526248008814002,-2.2826814084717526,0.38468001877523644,2.3182076069895112,-2.2565225650196625,0.35772402727235453
