,flag,epoch,sbx,sby,sbz,sbvx,sbvy,sbvz
0,1,2456870.0,-2.4607178084669217,1.580141016237744,0.5211959515479658,-2.3360319596231585,-2.8200225548530833,-0.1957412483626585
