,mass_1,radius_1,x_1,y_1,z_1,vx_1,vy_1,vz_1,mass_2,radius_2,x_2,y_2,z_2,vx_2,vy_2,vz_2,mass_3,radius_3,x_3,y_3,z_3,vx_3,vy_3,vz_3,mass_4,radius_4,x_4,y_4,z_4,vx_4,vy_4,vz_4,mass_5,radius_5,x_5,y_5,z_5,vx_5,vy_5,vz_5,mass_6,radius_6,x_6,y_6,z_6,vx_6,vy_6,vz_6,mass_7,radius_7,x_7,y_7,z_7,vx_7,vy_7,vz_7,mass_8,radius_8,x_8,y_8,z_8,vx_8,vy_8,vz_8
0,1.660120825375342e-07,1.631393540950981e-08,0.0336104675432571,-0.4585094282883001,-0.04054744819274411,8.187515320477912,1.2792640434613376,-0.6466594298340808,2.447838287784771e-06,4.045378434654418e-08,-0.6292080812904353,0.3449606888257423,0.04103889246760987,-3.582823102547736,-6.513361845342727,0.11749448053083503,3.040432648020684e-06,4.437104331057835e-07,1.000843645451963,-0.09088707879869519,3.948228902307028e-07,0.4662480441433509,6.2345358989989,-0.00020441804272323456,3.2271560375549955e-07,2.270212793877687e-08,0.3247088196507582,-1.391918249046272,-0.03713423010745028,5.171226325653036,1.6007172469932482,-0.09338711121847355,0.0009547919099366768,4.778945025452157e-07,-3.115991212888152,4.269428577657454,0.05199424185529954,-2.261445426966433,-1.4960651228528112,0.056816417037329134,0.0002858856700231729,4.0286669668487467e-07,-5.858216997817923,-8.015100056522057,0.372564364641782,1.532465002949603,-1.2091708520166116,-0.04001887955154481,4.3662496132004074e-05,1.708513622580592e-07,19.41163418218185,4.871582128284942,-0.2333018627993783,-0.361757343438906,1.3247748604169174,0.009634053390956236,5.151383772628657e-05,1.6553711549585576e-07,27.39756818943422,-12.14640013510512,-0.3811741144405057,0.4553690162742474,1.0533199195240615,-0.032217607873398973
