,flag,epoch,sbx,sby,sbz,sbvx,sbvy,sbvz
0,1.0,2457042.5,33.198220040862154,21.34095191006923,-6.473602435046779,-0.475417273210101,0.8643470396345192,-0.007464680894891027
