,flag,epoch,sbx,sby,sbz,sbvx,sbvy,sbvz
0,1.0,2456787.5,42.46943189923949,13.002049381556818,-1.4241611220881614,-0.2124567812667503,0.9245635800101837,-0.004276274620422903
