,flag,epoch,sbx,sby,sbz,sbvx,sbvy,sbvz
0,1,2457608.5,0.29504608678707367,2.558497548372114,0.3087362411864184,-3.759184859324112,1.1494488720447358,1.0994735023031115
