,flag,epoch,sbx,sby,sbz,sbvx,sbvy,sbvz
0,1,2454124.5,-39.34696303476247,-11.154594514180944,0.9198365566367772,0.37979474435132216,-0.9571524770296134,-0.06074965364528799
