,mass_1,radius_1,x_1,y_1,z_1,vx_1,vy_1,vz_1,mass_2,radius_2,x_2,y_2,z_2,vx_2,vy_2,vz_2,mass_3,radius_3,x_3,y_3,z_3,vx_3,vy_3,vz_3,mass_4,radius_4,x_4,y_4,z_4,vx_4,vy_4,vz_4,mass_5,radius_5,x_5,y_5,z_5,vx_5,vy_5,vz_5,mass_6,radius_6,x_6,y_6,z_6,vx_6,vy_6,vz_6,mass_7,radius_7,x_7,y_7,z_7,vx_7,vy_7,vz_7,mass_8,radius_8,x_8,y_8,z_8,vx_8,vy_8,vz_8
0,1.660120825375342e-07,1.631393540950981e-08,0.1992165387742627,-0.3894655053030299,-0.05010024783637303,7.093365289733756,0.0,0.0,2.447838287784771e-06,4.045378434654418e-08,-0.7049738966352128,-0.1454589761531208,0.0387020890949392,1.4453813681069936,0.0,0.0,3.040432648020684e-06,4.437104331057835e-07,-0.9813449672860508,-0.1876426892348703,1.264949669801175e-06,1.0779953647909912,0.0,0.0,3.2271560375549955e-07,2.270212793877687e-08,-1.131425390010374,-1.082373902764952,0.005137020664523201,3.7262993933418733,0.0,0.0,0.0009547919099366768,4.778945025452157e-07,1.141965020457786,4.943560485634596,-0.04609159785182575,-2.722945610803219,0.7513880454090793,0.05783012741174976,0.0002858856700231729,4.0286669668487467e-07,4.223448984201689,8.053591986628273,-0.3080883501030249,-1.9149528795893176,0.9427254948974138,0.059754665744807894,4.3662496132004074e-05,1.708513622580592e-07,15.59225338608197,-12.46764617576711,-0.2484531196861833,0.8839243587027785,1.055874235533465,-0.007502769305515861,5.151383772628657e-05,1.6553711549585576e-07,17.96551408309167,-24.15645006277429,0.08348197021587503,0.9096438885455225,0.6916713964962475,-0.03518656072490174
