,flag,epoch,sbx,sby,sbz,sbvx,sbvy,sbvz
0,1,2457150.0,0.18106395944389586,2.5085589909810326,-0.2532251694589116,-4.227758994600556,-0.03689691146137853,0.8328475436707912
