,mass_1,radius_1,x_1,y_1,z_1,vx_1,vy_1,vz_1,mass_2,radius_2,x_2,y_2,z_2,vx_2,vy_2,vz_2,mass_3,radius_3,x_3,y_3,z_3,vx_3,vy_3,vz_3,mass_4,radius_4,x_4,y_4,z_4,vx_4,vy_4,vz_4,mass_5,radius_5,x_5,y_5,z_5,vx_5,vy_5,vz_5,mass_6,radius_6,x_6,y_6,z_6,vx_6,vy_6,vz_6,mass_7,radius_7,x_7,y_7,z_7,vx_7,vy_7,vz_7,mass_8,radius_8,x_8,y_8,z_8,vx_8,vy_8,vz_8
0,1.660120825375342e-07,1.631393540950981e-08,-0.07187824725446883,-0.4598150866802378,-0.0309713178120721,8.09131952343622,-1.0648127351651593,-0.8294705793543891,2.447838287784771e-06,4.045378434654418e-08,-0.5654723430647177,0.4415984213336805,0.03867966316006809,-4.575330988584478,-5.86015358839724,0.18383308011727006,3.040432648020684e-06,4.437104331057835e-07,-0.9272601433768362,0.3484373590504171,-4.040706854923065e-06,-2.312934116919889,-5.905905707388914,0.00011955677393030974,3.2271560375549955e-07,2.270212793877687e-08,0.7642864562672673,-1.172902600629943,-0.04334332597871658,4.476097355422486,3.2288557784735823,-0.042269983084146937,0.0009547919099366768,4.778945025452157e-07,3.083279549895354,-4.054652979270864,-0.05216437396961186,2.161604358262513,1.800850786639104,-0.05584824619124974,0.0002858856700231729,4.0286669668487467e-07,-9.171165624104857,1.959280142047874,0.330911989957462,-0.5332314689210828,-1.995877529559323,0.05600318004555451,4.3662496132004074e-05,1.708513622580592e-07,19.91775760272878,-2.678508041318363,-0.267933714330453,0.1826493391516279,1.3580420209522686,0.002662955596254694,5.151383772628657e-05,1.6553711549585576e-07,24.26713245195485,-17.69240902027374,-0.1949291937362335,0.669760343347368,0.9344959277401288,-0.03464848723240499
