,flag,epoch,sbx,sby,sbz,sbvx,sbvy,sbvz
0,1.0,2456210.0,-33.74625412831215,-22.186796169857637,-2.4942271513594987,0.5154875162979636,-0.8763017972187854,-0.14867987411607736
