,flag,epoch,sbx,sby,sbz,sbvx,sbvy,sbvz
0,1.0,2458020.0,-1.658960977622668,-1.9901910688655777,0.2878324201558824,3.097331016535978,-2.0432870343177356,-0.27298405595937014
1,1.0,2458020.0,-1.658961017351894,-1.9901910650240016,0.28783242374977636,3.0973309605364543,-2.043287063044051,-0.2729840557121115
