,flag,epoch,sbx,sby,sbz,sbvx,sbvy,sbvz
0,1.0,2453678.5,-19.133671575365682,-27.490010604520677,1.0569736214006442,0.9442660469426314,-0.6041252213429347,0.32304035092752775
