,flag,epoch,sbx,sby,sbz,sbvx,sbvy,sbvz
0,1.0,2456023.5,-21.785347073572225,32.050679396736115,-5.259446655690908,-0.899447198819987,-0.440245456231486,0.41971309440694726
