,flag,epoch,sbx,sby,sbz,sbvx,sbvy,sbvz
0,1,2457660.0,2.879945591461395,-1.2927507007763506,-0.1083621469996542,1.370074344656694,3.1063420869912473,-0.63749537077674
