,flag,epoch,sbx,sby,sbz,sbvx,sbvy,sbvz
0,1.0,2457670.0,1.7195660462140958,-1.0892936817070462,-0.16424407622123785,2.246202063693718,4.0632427364020876,-0.43777175371686966
1,1.0,2457670.0,1.7195660674965703,-1.0892937208437716,-0.16424407796196885,2.246202058277673,4.063242646555649,-0.4377717179534907
