,flag,epoch,sbx,sby,sbz,sbvx,sbvy,sbvz
0,1.0,2457690.0,2.009077638544673,-1.2061703086630196,0.20587636747436197,2.3844903482604174,3.3318399345082885,-0.30507314034125205
1,1.0,2457690.0,2.009077636413048,-1.206170314146889,0.20587635556734046,2.3844903454773907,3.331839933933905,-0.3050731341879944
