,flag,epoch,sbx,sby,sbz,sbvx,sbvy,sbvz
0,1,2457081.5,-2.582986508672803,1.2250471125798434,0.4629188934965766,-1.4726526690259805,-3.5348703655546796,-0.0983357234596969
