,flag,epoch,sbx,sby,sbz,sbvx,sbvy,sbvz
0,1.0,2456904.5,32.47634635411104,9.835457972333371,-1.4613343615315921,-0.47140333269187,1.1136294523768784,-0.18537092305168795
