,flag,epoch,sbx,sby,sbz,sbvx,sbvy,sbvz
0,1.0,2457375.5,40.36398178454621,-3.132384347561512,1.1810986604843252,0.10537525954567505,1.0180269842480236,0.01265415991590594
