,flag,epoch,sbx,sby,sbz,sbvx,sbvy,sbvz
0,1.0,2456830.0,2.620098074561997,0.3445714562545975,-0.5207347005829855,-1.2453848756945929,3.915074702027833,-0.05431145899679024
1,1.0,2456830.0,2.6200981898230307,0.3445716987712124,-0.5207347007685452,-1.245385142055382,3.9150744220919957,-0.0543113865259397
