,flag,epoch,sbx,sby,sbz,sbvx,sbvy,sbvz
0,1,2457500.0,1.2353287632558785,-2.503298255218564,0.08030354769496796,3.3817802880510004,1.841497677886256,-0.07193644987356979
