,mass_1,radius_1,x_1,y_1,z_1,vx_1,vy_1,vz_1,mass_2,radius_2,x_2,y_2,z_2,vx_2,vy_2,vz_2,mass_3,radius_3,x_3,y_3,z_3,vx_3,vy_3,vz_3,mass_4,radius_4,x_4,y_4,z_4,vx_4,vy_4,vz_4,mass_5,radius_5,x_5,y_5,z_5,vx_5,vy_5,vz_5,mass_6,radius_6,x_6,y_6,z_6,vx_6,vy_6,vz_6,mass_7,radius_7,x_7,y_7,z_7,vx_7,vy_7,vz_7,mass_8,radius_8,x_8,y_8,z_8,vx_8,vy_8,vz_8
0,1.660120825375342e-07,1.631393540950981e-08,-0.3199545742754331,-0.3133800613222538,0.003746756487012075,5.098349017055714,-6.873957120561695,-1.029412599274047,2.447838287784771e-06,4.045378434654418e-08,0.6366159250248549,0.3442244197663354,-0.03201698928039592,-3.5369033844901847,6.466530733087031,0.29276416760193824,3.040432648020684e-06,4.437104331057835e-07,-0.6804082385377171,-0.7455114390523494,3.069777553350166e-05,4.538993259310634,-4.259638387654114,0.00013695170510053174,3.2271560375549955e-07,2.270212793877687e-08,-0.903460429917468,-1.247737399356802,-0.003973990786649966,4.331961993396828,-2.5595285116068682,-0.15995483991730775,0.0009547919099366768,4.778945025452157e-07,-5.391432040252949,0.6919297426330342,0.1177664662226838,-0.3841085390326079,-2.6061141693887246,0.019417658903577675,0.0002858856700231729,4.0286669668487467e-07,-3.081897877217979,-9.536260279910376,0.2884392603754442,1.8276426017547822,-0.6348690796095098,-0.06173704963862958,4.3662496132004074e-05,1.708513622580592e-07,18.69371678603081,7.002595789499478,-0.2160518627938511,-0.5143316688091626,1.2757372206687854,0.011414302990146107,5.151383772628657e-05,1.6553711549585576e-07,28.09015272033332,-10.4000525279723,-0.4331687556494498,0.3905029417546205,1.0795413551340247,-0.03127927601547679
