,flag,epoch,sbx,sby,sbz,sbvx,sbvy,sbvz
0,1.0,2457700.0,-0.09555230462852238,2.403870257245938,-0.12307205558642624,-3.959757615563122,-0.34943654454931056,0.4782620851909038
1,1.0,2457700.0,-0.09555229791391917,2.403870262024278,-0.12307207886976496,-3.9597576076775427,-0.34943653237429434,0.478262076859846
