,flag,epoch,sbx,sby,sbz,sbvx,sbvy,sbvz
0,1,2457374.5,-2.169059167730837,0.9864841944387802,-0.3037479281237875,-1.773662167137561,-3.7136465923698494,0.8830860546424736
