,flag,epoch,sbx,sby,sbz,sbvx,sbvy,sbvz
0,1.0,2457670.0,-1.5218101800835737,1.6186710601281673,0.043376248192896386,-3.206046008150684,-2.8437194476209617,0.529849367009897
1,1.0,2457670.0,-1.52181014787455,1.6186710791862768,0.04337626947277817,-3.2060460331985827,-2.8437194390062537,0.5298493299570006
