,flag,epoch,sbx,sby,sbz,sbvx,sbvy,sbvz
0,1,2457320.0,3.050759938343259,1.076306794084157,0.4108728149503255,-1.2566481284964632,3.0516889497182267,0.6220541685516128
