,flag,epoch,sbx,sby,sbz,sbvx,sbvy,sbvz
0,1.0,2456780.0,-27.915289723533977,-43.797637712473914,5.851123826407063,0.6868256329208053,-0.42003903856562347,-0.13320244604896758
