,flag,epoch,sbx,sby,sbz,sbvx,sbvy,sbvz
0,1.0,2456870.0,-28.049304092608143,-18.833418659428617,10.841761645482007,0.6050836797774175,-0.9163922900725137,0.19684612971124227
