,mass_1,radius_1,x_1,y_1,z_1,vx_1,vy_1,vz_1,mass_2,radius_2,x_2,y_2,z_2,vx_2,vy_2,vz_2,mass_3,radius_3,x_3,y_3,z_3,vx_3,vy_3,vz_3,mass_4,radius_4,x_4,y_4,z_4,vx_4,vy_4,vz_4,mass_5,radius_5,x_5,y_5,z_5,vx_5,vy_5,vz_5,mass_6,radius_6,x_6,y_6,z_6,vx_6,vy_6,vz_6,mass_7,radius_7,x_7,y_7,z_7,vx_7,vy_7,vz_7,mass_8,radius_8,x_8,y_8,z_8,vx_8,vy_8,vz_8
0,1.660120825375342e-07,1.631393540950981e-08,-0.06248289570254802,-0.4609270376197659,-0.03193051113955885,8.121649423680715,0.0,0.0,2.447838287784771e-06,4.045378434654418e-08,0.4642362318415097,0.5534143461957675,-0.01920139028825101,-5.682516957227068,0.0,0.0,3.040432648020684e-06,4.437104331057835e-07,-0.4963868637480351,-0.8821784771963095,3.492740692097305e-05,5.374035812709625,0.0,0.0,3.2271560375549955e-07,2.270212793877687e-08,-0.7370154450493805,-1.332806432464737,-0.009841678174629739,4.665194444733723,0.0,0.0,0.0009547919099366768,4.778945025452157e-07,-5.40472316166944,0.5954944368146389,0.1184643554220766,-0.33507676478789894,-2.611960627549633,0.018345016279847585,0.0002858856700231729,4.0286669668487467e-07,-3.014263767674749,-9.559470140610914,0.2861496827032972,1.832097565219973,-0.6210377283532158,-0.06215396531039625,4.3662496132004074e-05,1.708513622580592e-07,18.67464403885657,7.049724464343933,-0.2156292621386499,-0.5177153821081139,1.2744462006607877,0.01145307018421819,5.151383772628657e-05,1.6553711549585576e-07,28.10455872845037,-10.36014120989587,-0.4343244488567164,0.38902204043230193,1.080103996836607,-0.03125656309373347
