,flag,epoch,sbx,sby,sbz,sbvx,sbvy,sbvz
0,1.0,2457530.0,-22.22183136379654,-29.352359883195042,-1.5593035032184661,0.8643407475900712,-0.6343509795238389,-0.07938079594367353
