,mass_1,radius_1,x_1,y_1,z_1,vx_1,vy_1,vz_1,mass_2,radius_2,x_2,y_2,z_2,vx_2,vy_2,vz_2,mass_3,radius_3,x_3,y_3,z_3,vx_3,vy_3,vz_3,mass_4,radius_4,x_4,y_4,z_4,vx_4,vy_4,vz_4,mass_5,radius_5,x_5,y_5,z_5,vx_5,vy_5,vz_5,mass_6,radius_6,x_6,y_6,z_6,vx_6,vy_6,vz_6,mass_7,radius_7,x_7,y_7,z_7,vx_7,vy_7,vz_7,mass_8,radius_8,x_8,y_8,z_8,vx_8,vy_8,vz_8
0,1.660120825375342e-07,1.631393540950981e-08,0.3169586031095265,-0.2508974859605124,-0.04958004706408767,4.350316982032684,8.53605369306479,0.2983578145588139,2.447838287784771e-06,4.045378434654418e-08,-0.375458215021345,-0.6197938299479975,0.01317215405355143,6.267374520246217,-3.8611304812648104,-0.41460407186351245,3.040432648020684e-06,4.437104331057835e-07,0.03525308222763737,-1.015771185966741,3.369902373473488e-05,6.177935149949126,0.19438192337440574,-2.5768079797202745e-05,3.2271560375549955e-07,2.270212793877687e-08,0.06175331124668804,1.562822927872066,0.0312307925699661,-4.913046006123968,0.6358008201440807,0.1339088397924377,0.0009547919099366768,4.778945025452157e-07,-4.563844875445896,2.831949114386156,0.09036151224102482,-1.487422342341677,-2.2139742906422053,0.042476888977241535,0.0002858856700231729,4.0286669668487467e-07,-4.623553928760137,-8.841864985139328,0.3377612190731342,1.6936193397189923,-0.951888354307852,-0.05090346977069948,4.3662496132004074e-05,1.708513622580592e-07,19.10778727671289,5.875771035771765,-0.2256167123526895,-0.43357515265836144,1.3038890203100717,0.010481779229514338,5.151383772628657e-05,1.6553711549585576e-07,27.73390739332756,-11.33698357578857,-0.4056232238056516,0.4252675414869794,1.0658686224559561,-0.03179406655288007
