,mass_1,radius_1,x_1,y_1,z_1,vx_1,vy_1,vz_1,mass_2,radius_2,x_2,y_2,z_2,vx_2,vy_2,vz_2,mass_3,radius_3,x_3,y_3,z_3,vx_3,vy_3,vz_3,mass_4,radius_4,x_4,y_4,z_4,vx_4,vy_4,vz_4,mass_5,radius_5,x_5,y_5,z_5,vx_5,vy_5,vz_5,mass_6,radius_6,x_6,y_6,z_6,vx_6,vy_6,vz_6,mass_7,radius_7,x_7,y_7,z_7,vx_7,vy_7,vz_7,mass_8,radius_8,x_8,y_8,z_8,vx_8,vy_8,vz_8
0,1.660120825375342e-07,1.631393540950981e-08,0.3506407271724261,0.0147807119828721,-0.03096426579696649,-2.4174765335613255,10.726952328287764,1.0982673391983402,2.447838287784771e-06,4.045378434654418e-08,0.3109771835982127,0.6508868065241847,-0.009028712482628747,-6.689841490403071,3.1509191014395976,0.4292666032848748,3.040432648020684e-06,4.437104331057835e-07,-0.7426951967604869,-0.681578271094776,2.168089285638381e-05,4.146689471059924,-4.653175993221463,0.0001396922483607166,3.2271560375549955e-07,2.270212793877687e-08,1.157116141083758,0.864416472133978,-0.01029908293643704,-2.8639269792133306,4.5303403371574085,0.16523444717726404,0.0009547919099366768,4.778945025452157e-07,0.5109826806052411,5.078448818912275,-0.03252600881050557,-2.778238552976763,0.40722530981064564,0.06047905339968465,0.0002858856700231729,4.0286669668487467e-07,-7.71626142684753,-6.06500712132608,0.4126681534235263,1.1464785666175883,-1.6067277068352452,-0.017724038409926823,4.3662496132004074e-05,1.708513622580592e-07,19.81912021301498,3.02621406946571,-0.2454712501210314,-0.22948283138965656,1.353207706572507,0.008023269482346862,5.151383772628657e-05,1.6553711549585576e-07,26.73319497674567,-13.5805053217508,-0.3363064462860801,0.5094524802044567,1.0290206868500518,-0.03293158392520657
