,flag,epoch,sbx,sby,sbz,sbvx,sbvy,sbvz
0,1.0,2456830.0,-1.1509663442646207,2.7810116722198384,0.4872438481934039,-3.216798477085857,-1.5302462935219143,0.7451994026263475
