,flag,epoch,sbx,sby,sbz,sbvx,sbvy,sbvz
0,1.0,2456220.0,-0.46868335949419027,3.429207465618785,0.760337764209956,-3.1745605698255197,-0.34541851967058523,0.9003246594165788
