,flag,epoch,sbx,sby,sbz,sbvx,sbvy,sbvz
0,1.0,2456870.0,16.582081459561103,31.565959794598097,-1.1445463997658445,-0.988913331007695,0.3578954310355144,-0.16787740888095296
