,flag,epoch,sbx,sby,sbz,sbvx,sbvy,sbvz
0,1.0,2457860.0,-2.528047397611787,-0.6413008269967273,-0.2700524198307314,0.8117624728015815,-3.531920323555718,0.04935863985829508
1,1.0,2457860.0,-2.5280474100414096,-0.6413008040836453,-0.2700524256399729,0.8117624348727598,-3.5319203242629866,0.0493586330908044
