,flag,epoch,sbx,sby,sbz,sbvx,sbvy,sbvz
0,1.0,2457844.5,42.85146174274979,30.526578777516264,0.6898030809253558,-0.2782936655403443,0.8084177394823605,0.0024941147012172114
