,flag,epoch,sbx,sby,sbz,sbvx,sbvy,sbvz
0,1.0,2458093.5,2.605645341455912,1.2276114040226203,1.0863835497550416,-1.5363213399337872,3.281358453711088,0.14144976134332354
