,flag,epoch,sbx,sby,sbz,sbvx,sbvy,sbvz
0,1.0,2457280.5,-17.741805037732465,-26.37948126270839,2.9163919487088625,0.9485410770444037,-0.7187094203215584,-0.24671706561217938
