,flag,epoch,sbx,sby,sbz,sbvx,sbvy,sbvz
0,1.0,2458120.5,-0.9855334426011958,2.1614555191487215,-0.04645326336394044,-3.5322122177890125,-1.8289063761800044,0.4875346703291508
