,mass_1,radius_1,x_1,y_1,z_1,vx_1,vy_1,vz_1,mass_2,radius_2,x_2,y_2,z_2,vx_2,vy_2,vz_2,mass_3,radius_3,x_3,y_3,z_3,vx_3,vy_3,vz_3,mass_4,radius_4,x_4,y_4,z_4,vx_4,vy_4,vz_4,mass_5,radius_5,x_5,y_5,z_5,vx_5,vy_5,vz_5,mass_6,radius_6,x_6,y_6,z_6,vx_6,vy_6,vz_6,mass_7,radius_7,x_7,y_7,z_7,vx_7,vy_7,vz_7,mass_8,radius_8,x_8,y_8,z_8,vx_8,vy_8,vz_8
0,1.660120825375342e-07,1.631393540950981e-08,-0.3300809217365068,0.1334344204422321,0.04118625168526753,-5.97041625843591,-9.089921909572064,-0.1949659169142982,2.447838287784771e-06,4.045378434654418e-08,0.7008692474528284,0.1835348329854688,-0.03793096013213867,-1.897833016595834,7.113817622064579,0.20702227963449926,3.040432648020684e-06,4.437104331057835e-07,-0.7048337702766359,0.6892896982457255,-2.066478506905799e-05,-4.495835126500889,-4.516382393843463,0.00016205695889450058,3.2271560375549955e-07,2.270212793877687e-08,1.378680346956276,0.2537032016481831,-0.02852292781742224,-0.7284194953119594,5.463786795557265,0.13236263357767403,0.0009547919099366768,4.778945025452157e-07,-3.916696470074752,3.61678577382591,0.07262134095995695,-1.9045598602339582,-1.8965911472997512,0.05049353417631628,0.0002858856700231729,4.0286669668487467e-07,-5.254059114949685,-8.45453898290259,0.3561397461228047,1.6182802662616553,-1.0827886471906167,-0.04563180076382957,4.3662496132004074e-05,1.708513622580592e-07,19.26602663170477,5.377474457694482,-0.2295267099273784,-0.39797044814413685,1.3147433400818138,0.010064385168637915,5.151383772628657e-05,1.6553711549585576e-07,27.56921760368694,-11.74143565740802,-0.3934831771618518,0.44025171582761796,1.059695752395321,-0.03200685530545953
