,mass_1,radius_1,x_1,y_1,z_1,vx_1,vy_1,vz_1,mass_2,radius_2,x_2,y_2,z_2,vx_2,vy_2,vz_2,mass_3,radius_3,x_3,y_3,z_3,vx_3,vy_3,vz_3,mass_4,radius_4,x_4,y_4,z_4,vx_4,vy_4,vz_4,mass_5,radius_5,x_5,y_5,z_5,vx_5,vy_5,vz_5,mass_6,radius_6,x_6,y_6,z_6,vx_6,vy_6,vz_6,mass_7,radius_7,x_7,y_7,z_7,vx_7,vy_7,vz_7,mass_8,radius_8,x_8,y_8,z_8,vx_8,vy_8,vz_8
0,1.660120825375342e-07,1.631393540950981e-08,-0.02781874276865217,0.3075663266950801,0.02768251144800375,-12.295583223743984,-0.5518224714284558,1.0830729449540717,2.447838287784771e-06,4.045378434654418e-08,0.6441998903799091,0.3299980044601575,-0.03265715013544443,-3.3917221884159807,6.542859136861541,0.2853996885885667,3.040432648020684e-06,4.437104331057835e-07,0.9149019481972418,-0.4281302304233727,1.134124309186552e-05,2.5610690826375984,5.66806116206352,-0.00017464694756032798,3.2271560375549955e-07,2.270212793877687e-08,-0.5862850378833844,-1.389066643031575,-0.01470789158020827,4.902145979984259,-1.5495335014001657,-0.15282997766027712,0.0009547919099366768,4.778945025452157e-07,2.318408420705413,4.45891441748472,-0.07039840637424999,-2.4809749132466585,1.4039823328700418,0.04968834259342009,0.0002858856700231729,4.0286669668487467e-07,-8.417780761989128,-4.919355314941122,0.4206841300415538,0.9158616648393225,-1.7629052025825738,-0.005809569189895786,4.3662496132004074e-05,1.708513622580592e-07,19.95244386885249,2.104022140187308,-0.250636970062952,-0.16310837654342064,1.3626695708050296,0.007190778052206677,5.151383772628657e-05,1.6553711549585576e-07,26.3782407152226,-14.27484417767895,-0.3138325184430341,0.5360959909021451,1.0161012823434383,-0.033262385551709094
