,flag,epoch,sbx,sby,sbz,sbvx,sbvy,sbvz
0,1.0,2457274.5,7.972753054539494,1.590622903838009,-0.30225616198172545,-0.15036684566244618,2.2619258834720393,0.40703251087601494
