,mass_1,radius_1,x_1,y_1,z_1,vx_1,vy_1,vz_1,mass_2,radius_2,x_2,y_2,z_2,vx_2,vy_2,vz_2,mass_3,radius_3,x_3,y_3,z_3,vx_3,vy_3,vz_3,mass_4,radius_4,x_4,y_4,z_4,vx_4,vy_4,vz_4,mass_5,radius_5,x_5,y_5,z_5,vx_5,vy_5,vz_5,mass_6,radius_6,x_6,y_6,z_6,vx_6,vy_6,vz_6,mass_7,radius_7,x_7,y_7,z_7,vx_7,vy_7,vz_7,mass_8,radius_8,x_8,y_8,z_8,vx_8,vy_8,vz_8
0,1.660120825375342e-07,1.631393540950981e-08,0.2783069514114341,-0.3121401149071676,-0.05103801405210362,5.628659330841994,7.330508416969081,0.08260758297484823,2.447838287784771e-06,4.045378434654418e-08,0.7252024755760568,-0.01775444695537571,-0.04209214250938127,0.14887805575902788,7.351786764466095,0.09221541665222314,3.040432648020684e-06,4.437104331057835e-07,0.3697953139117617,0.9142553861209645,-3.626250567629571e-05,-5.927797019380099,2.332889228690465,-5.9420870037488835e-05,3.2271560375549955e-07,2.270212793877687e-08,1.384643245156564,-0.09451310466678721,-0.03596268499900176,0.5437380401111408,5.5367343291769755,0.10268116301374834,0.0009547919099366768,4.778945025452157e-07,-5.396683999817391,-0.7857069832858048,0.1240200397926367,0.36434050643554516,-2.5997503883712096,0.0026431023282296896,0.0002858856700231729,4.0286669668487467e-07,-2.033914583257144,-9.8342910563896,0.2518942909402595,1.8846929864851958,-0.4210464892088063,-0.06771481726224406,4.3662496132004074e-05,1.708513622580592e-07,18.38914156138506,7.716396376224603,-0.2094503985355778,-0.5656371917402293,1.255184245207087,0.011993319476874648,5.151383772628657e-05,1.6553711549585576e-07,28.30401560776652,-9.788796659902355,-0.4507127825705501,0.36782194754187936,1.088004789692659,-0.030930579757384603
