,mass_1,radius_1,x_1,y_1,z_1,vx_1,vy_1,vz_1,mass_2,radius_2,x_2,y_2,z_2,vx_2,vy_2,vz_2,mass_3,radius_3,x_3,y_3,z_3,vx_3,vy_3,vz_3,mass_4,radius_4,x_4,y_4,z_4,vx_4,vy_4,vz_4,mass_5,radius_5,x_5,y_5,z_5,vx_5,vy_5,vz_5,mass_6,radius_6,x_6,y_6,z_6,vx_6,vy_6,vz_6,mass_7,radius_7,x_7,y_7,z_7,vx_7,vy_7,vz_7,mass_8,radius_8,x_8,y_8,z_8,vx_8,vy_8,vz_8
0,1.660120825375342e-07,1.631393540950981e-08,-0.002380821412044236,0.30782777393245,0.02537031146408162,-12.337254194202439,0.29468028003513724,1.1559949212930278,2.447838287784771e-06,4.045378434654418e-08,0.2049511418812589,0.6909453778939328,-0.002358185274251279,-7.107396650124988,2.065658502727573,0.4384754233760413,3.040432648020684e-06,4.437104331057835e-07,0.631757816084071,-0.7944243749133585,2.417267310346485e-05,4.816260244191437,3.887656837482428,-0.00013762052977138063,3.2271560375549955e-07,2.270212793877687e-08,-0.3660026936646384,-1.441077380385281,-0.02121082190708597,5.147471059312789,-0.8188912673927866,-0.14350262653019527,0.0009547919099366768,4.778945025452157e-07,-2.811809471609473,4.455992786701993,0.04441283312249954,-2.3661917138252555,-1.341864350492297,0.05852119444697063,0.0002858856700231729,4.0286669668487467e-07,-6.057539083253434,-7.853431644863575,0.3776930021304471,1.5007814204550407,-1.251093496913079,-0.03802714385052832,4.3662496132004074e-05,1.708513622580592e-07,19.4583559579666,4.697270199367624,-0.2345582105316986,-0.34928122717158167,1.328019445658496,0.009485825662898855,5.151383772628657e-05,1.6553711549585576e-07,27.33738539371896,-12.28467904028146,-0.3769355809346957,0.46054039736200897,1.0511115138347549,-0.03228747723591999
