,flag,epoch,sbx,sby,sbz,sbvx,sbvy,sbvz
0,1,2457230.0,1.332114098853781,-1.5790905380426166,-0.02153942126508597,3.340279130694152,3.177653767937478,-0.46129566084920753
