,flag,epoch,sbx,sby,sbz,sbvx,sbvy,sbvz
0,1.0,2457790.0,-2.2574955022861527,1.2993893805145666,0.30557633136609547,-1.7159297741592487,-3.142085863152515,-0.14320587617831682
1,1.0,2457790.0,-2.2574954922847037,1.2993893924723157,0.30557633492342456,-1.715929792204362,-3.1420858622701684,-0.14320587792731504
