,flag,epoch,sbx,sby,sbz,sbvx,sbvy,sbvz
0,1.0,2457240.0,-1.2361092790478083,2.1914235378200866,-0.026274272319597183,-3.646314488506192,-1.3968921598159658,-0.3788489088066072
1,1.0,2457240.0,-1.236109280819768,2.191423546598499,-0.026274264951081032,-3.646314471312017,-1.396892136877194,-0.37884891122120146
