,mass_1,radius_1,x_1,y_1,z_1,vx_1,vy_1,vz_1,mass_2,radius_2,x_2,y_2,z_2,vx_2,vy_2,vz_2,mass_3,radius_3,x_3,y_3,z_3,vx_3,vy_3,vz_3,mass_4,radius_4,x_4,y_4,z_4,vx_4,vy_4,vz_4,mass_5,radius_5,x_5,y_5,z_5,vx_5,vy_5,vz_5,mass_6,radius_6,x_6,y_6,z_6,vx_6,vy_6,vz_6,mass_7,radius_7,x_7,y_7,z_7,vx_7,vy_7,vz_7,mass_8,radius_8,x_8,y_8,z_8,vx_8,vy_8,vz_8
0,1.660120825375342e-07,1.631393540950981e-08,-0.3440443534878084,-0.2766133343170112,0.008969692995915646,4.338303712258346,-7.548540707436602,-1.0148075522450444,2.447838287784771e-06,4.045378434654418e-08,0.5609445371512382,0.4561947261575178,-0.02612647517665055,-4.684042161632095,5.699891090199996,0.34838004323655897,3.040432648020684e-06,4.437104331057835e-07,0.7227951969353192,-0.7111573826188274,1.35684257422913e-05,4.305058761508038,4.4558850174804805,-0.00011055340995518634,3.2271560375549955e-07,2.270212793877687e-08,1.073475432663286,0.9836566494399012,-0.005749723954900754,-3.25784159804386,4.204111197052589,0.16809184444168404,0.0009547919099366768,4.778945025452157e-07,3.936738042097973,-3.150208350510407,-0.07501773834359017,1.6892610657567062,2.285133474695568,-0.04728820927992654,0.0002858856700231729,4.0286669668487467e-07,-9.363580831380975,1.071925675058407,0.3540334003730427,-0.33969595268709735,-2.027121727004101,0.04884450392823445,4.3662496132004074e-05,1.708513622580592e-07,19.98876509025092,-2.078607138834047,-0.266632364802024,0.13943358040235812,1.3636457214671973,0.0032433426010091025,5.151383772628657e-05,1.6553711549585576e-07,24.55883441047025,-17.27788395770716,-0.2101727045498406,0.6536669443214083,0.9462627961691648,-0.034511568736366044
