,flag,epoch,sbx,sby,sbz,sbvx,sbvy,sbvz
0,1.0,2456628.5,-30.01201132155287,-24.08110869624068,0.2714134668217394,0.7396693385285382,-0.7844020702267192,-0.1565228607877881
