,mass_1,radius_1,x_1,y_1,z_1,vx_1,vy_1,vz_1,mass_2,radius_2,x_2,y_2,z_2,vx_2,vy_2,vz_2,mass_3,radius_3,x_3,y_3,z_3,vx_3,vy_3,vz_3,mass_4,radius_4,x_4,y_4,z_4,vx_4,vy_4,vz_4,mass_5,radius_5,x_5,y_5,z_5,vx_5,vy_5,vz_5,mass_6,radius_6,x_6,y_6,z_6,vx_6,vy_6,vz_6,mass_7,radius_7,x_7,y_7,z_7,vx_7,vy_7,vz_7,mass_8,radius_8,x_8,y_8,z_8,vx_8,vy_8,vz_8
0,1.660120825375342e-07,1.631393540950981e-08,-0.06745797474504278,-0.460375370127121,-0.0314302083048238,8.10596383327922,-0.9675744877924654,-0.8226958478605977,2.447838287784771e-06,4.045378434654418e-08,-0.3668613692543883,-0.6250011376459922,0.01259680407620604,6.319836095716885,-3.773304513204262,-0.41645723049767336,3.040432648020684e-06,4.437104331057835e-07,0.4912232783498117,-0.8894010232030704,3.615580566475295e-05,5.398500579620785,3.014461458833432,-0.00014983522853250059,3.2271560375549955e-07,2.270212793877687e-08,0.7158154100941903,-1.206711744778892,-0.04284972779281526,4.588839113835603,3.0459252066719866,-0.04878278398496245,0.0009547919099366768,4.778945025452157e-07,-3.184813494464836,-4.351315607664458,0.08933427589362658,2.192891279889887,-1.499393848419461,-0.04284088953897832,0.0002858856700231729,4.0286669668487467e-07,1.109999916410399,-10.00267782705631,0.1296828937142983,1.9157801358159734,0.2172042325502494,-0.08001432983143354,4.3662496132004074e-05,1.708513622580592e-07,17.34176825045831,9.719218084306528,-0.188460582299682,-0.7105894754606144,1.184741995491297,0.013579612028833838,5.151383772628657e-05,1.6553711549585576e-07,28.85242328357532,-7.985561487985514,-0.5005535592312871,0.30062179708678394,1.1106528220057452,-0.029830261260543146
