,mass_1,radius_1,x_1,y_1,z_1,vx_1,vy_1,vz_1,mass_2,radius_2,x_2,y_2,z_2,vx_2,vy_2,vz_2,mass_3,radius_3,x_3,y_3,z_3,vx_3,vy_3,vz_3,mass_4,radius_4,x_4,y_4,z_4,vx_4,vy_4,vz_4,mass_5,radius_5,x_5,y_5,z_5,vx_5,vy_5,vz_5,mass_6,radius_6,x_6,y_6,z_6,vx_6,vy_6,vz_6,mass_7,radius_7,x_7,y_7,z_7,vx_7,vy_7,vz_7,mass_8,radius_8,x_8,y_8,z_8,vx_8,vy_8,vz_8
0,1.660120825375342e-07,1.631393540950981e-08,-0.2249169951451701,-0.4030794373997926,-0.01229862835626163,6.901825313472998,-4.513079969797933,-1.00198827221434,2.447838287784771e-06,4.045378434654418e-08,-0.6209973837278078,-0.3677765075039187,0.03079734811165199,3.7128861475724544,-6.390787103766505,-0.301855456213064,3.040432648020684e-06,4.437104331057835e-07,-0.9869529474959523,0.1189124457684522,-1.227429319775216e-06,-0.8538480541030539,-6.262377863688812,0.00020411454416429615,3.2271560375549955e-07,2.270212793877687e-08,-1.629525960129142,-0.1997331711033834,0.03581286059210913,0.8127519621836602,-4.6364251031224155,-0.11709699348411333,0.0009547919099366768,4.778945025452157e-07,-1.854791686046339,4.877931591877382,0.02124559551375911,-2.6118424735666683,-0.8500123559354008,0.06197372387050325,0.0002858856700231729,4.0286669668487467e-07,-6.614158649125254,-7.351075786958323,0.3911305416793283,1.4019731834453018,-1.3690058437345947,-0.03204405486345989,4.3662496132004074e-05,1.708513622580592e-07,19.58522687838945,4.186530281305974,-0.2381093145994367,-0.3127018486343285,1.336777414147877,0.009042729659107315,5.151383772628657e-05,1.6553711549585576e-07,27.15796445560822,-12.68630504153733,-0.3645200906214921,0.47561521214782787,1.0444701240084262,-0.03249319547240761
