,flag,epoch,sbx,sby,sbz,sbvx,sbvy,sbvz
0,1.0,2457230.0,1.6912353208857422,1.4842461125245148,-0.23126489263105046,-3.1321564725217526,2.748691315642164,0.38022694602534884
