,flag,epoch,sbx,sby,sbz,sbvx,sbvy,sbvz
0,1.0,2450968.5,41.29924831126297,-2.5329332082246268,0.12936902279596607,-0.017673902941079324,0.9697655509879637,0.22547406205548515
