,flag,epoch,sbx,sby,sbz,sbvx,sbvy,sbvz
0,1.0,2457410.5,0.7600319792691451,1.861753710893758,0.04733987007455111,-4.219501650528826,2.254976803940965,0.03538932335293239
