,flag,epoch,sbx,sby,sbz,sbvx,sbvy,sbvz
0,1,2457111.5,-38.794606192321595,23.63527658110761,2.239353110776098,-0.6920024014844733,-0.664273845785604,-0.2984060546897008
