,flag,epoch,sbx,sby,sbz,sbvx,sbvy,sbvz
0,1.0,2457380.0,-2.513629018828312,-1.7655814499829832,0.3559124787994896,1.762844454376822,-2.534254219347558,0.07801832437319398
1,1.0,2457380.0,-2.51362904427554,-1.7655814350052148,0.35591240824797393,1.7628444474258609,-2.5342542315751087,0.07801832490678973
