,mass_1,radius_1,x_1,y_1,z_1,vx_1,vy_1,vz_1,mass_2,radius_2,x_2,y_2,z_2,vx_2,vy_2,vz_2,mass_3,radius_3,x_3,y_3,z_3,vx_3,vy_3,vz_3,mass_4,radius_4,x_4,y_4,z_4,vx_4,vy_4,vz_4,mass_5,radius_5,x_5,y_5,z_5,vx_5,vy_5,vz_5,mass_6,radius_6,x_6,y_6,z_6,vx_6,vy_6,vz_6,mass_7,radius_7,x_7,y_7,z_7,vx_7,vy_7,vz_7,mass_8,radius_8,x_8,y_8,z_8,vx_8,vy_8,vz_8
0,1.660120825375342e-07,1.631393540950981e-08,-0.3022364306633022,-0.3354776711964321,0.0003142138601012221,5.54762492782627,-6.405418955615245,-1.032343394801619,2.447838287784771e-06,4.045378434654418e-08,0.3387749735306511,-0.6438720880907599,-0.02838172848941058,6.4878774907522425,3.4147024499729652,-0.32755195271595516,3.040432648020684e-06,4.437104331057835e-07,-0.4083841488426914,0.8948614802279631,-3.605207421589665e-05,-5.818936670181793,-2.632330941482917,0.00013368635063615547,3.2271560375549955e-07,2.270212793877687e-08,-1.519094803734353,-0.5595425146280425,0.02555617677042171,1.9576256579652527,-4.359544023765887,-0.13939607270179805,0.0009547919099366768,4.778945025452157e-07,-4.196219718141931,-3.444691378282454,0.1082001380993624,1.7170766665274693,-2.0022745883520234,-0.030107236921943246,0.0002858856700231729,4.0286669668487467e-07,0.1199869248288774,-10.06281038123231,0.1701282139538508,1.9277606711818835,0.016298140308619525,-0.07700926562635353,4.3662496132004074e-05,1.708513622580592e-07,17.69602905951076,9.103229171275352,-0.1953271972721928,-0.6658032255292489,1.2085304338232494,0.013096775238532017,5.151383772628657e-05,1.6553711549585576e-07,28.6921973707896,-8.555489493792093,-0.4851067169795067,0.3219440439112615,1.1038500731031011,-0.030190697998407404
