,flag,epoch,sbx,sby,sbz,sbvx,sbvy,sbvz
0,1,2456489.5,-1.0663961343353523,3.057894074060285,1.0372972073316906,-3.1270853075189415,-1.0685070588226777,0.09512277145052006
