,flag,epoch,sbx,sby,sbz,sbvx,sbvy,sbvz
0,1.0,2457500.0,-32.20200940821297,-17.578687048873242,5.245698218493668,0.6965889403480295,-0.8095453595237273,0.3057092309296766
