,flag,epoch,sbx,sby,sbz,sbvx,sbvy,sbvz
0,1.0,2457463.5,45.30024500120842,-8.09749045485544,2.5257264124191305,0.17218820813487148,0.820130067195699,-0.0627893464568316
