,flag,epoch,sbx,sby,sbz,sbvx,sbvy,sbvz
0,1.0,2449980.0,-1.9813324940645345,0.8218648936453503,-0.40671369026110815,-2.3589843972084785,-3.235685690564297,2.4255309646927747
1,1.0,2449980.0,-1.981332776952812,0.8218645522583401,-0.40671348766692533,-2.3589838681646604,-3.235685801944334,2.4255310158643733
