,flag,epoch,sbx,sby,sbz,sbvx,sbvy,sbvz
0,1.0,2456680.0,-1.6384174654435903,1.9707510980464988,0.5552945370141911,-3.138065132316433,-2.0557041626943855,0.7494980920324005
1,1.0,2456680.0,-1.638417332682716,1.9707511703052656,0.5552945317494486,-3.1380652303047856,-2.055704051106794,0.7494982112076624
