,flag,epoch,sbx,sby,sbz,sbvx,sbvy,sbvz
0,1.0,2456934.5,29.85364504546406,17.128384917617275,2.16362980957985,-0.6753842101813086,0.8598168530654282,0.10101834318647425
