,flag,epoch,sbx,sby,sbz,sbvx,sbvy,sbvz
0,1.0,2457000.0,-43.035558486825416,3.135614237641043,-6.947926531405412,-0.07765088445933876,-0.9467987855876726,-0.21833880428395322
