,flag,epoch,sbx,sby,sbz,sbvx,sbvy,sbvz
0,1.0,2457373.5,-37.268068475269644,-15.995940968623405,0.2926267388059638,0.11798469478659038,-0.950940475986231,0.17544868200348468
