,flag,epoch,sbx,sby,sbz,sbvx,sbvy,sbvz
0,1.0,2458340.5,33.743850542090016,12.50825220913829,-10.900691232937568,-0.28057134930079974,1.0752882339653809,-0.05813613601505981
