,flag,epoch,sbx,sby,sbz,sbvx,sbvy,sbvz
0,1.0,2457500.0,-39.28474005507069,-4.828109489551929,-3.006303202438956,0.18725721040100599,-0.7465831510398233,-0.6231622999876816
