,flag,epoch,sbx,sby,sbz,sbvx,sbvy,sbvz
0,1.0,2456970.0,2.302797196856761,0.8785025289615134,0.26522089111375047,-1.8218370453855448,3.7249732778210416,0.09542831714345283
1,1.0,2456970.0,2.302797184201622,0.8785025775105157,0.2652208821494795,-1.82183711925424,3.724973233578817,0.095428342583182
