,flag,epoch,sbx,sby,sbz,sbvx,sbvy,sbvz
0,1.0,2458057.5,1.2239793715448424,3.2994267532181287,-0.6601452826382108,-2.894400433733116,0.8932215498798559,0.44281170651134777
