,flag,epoch,sbx,sby,sbz,sbvx,sbvy,sbvz
0,1,2457332.5,42.764544714854104,4.30029681054932,-0.5750015665806064,-0.13137550776908363,0.9468251491467294,-0.013530891318900997
