,flag,epoch,sbx,sby,sbz,sbvx,sbvy,sbvz
0,1.0,2457550.0,43.073351730072524,29.869346736150945,0.6877105150311845,-0.26981486906484903,0.8149309207471828,0.0026725143004347686
