,flag,epoch,sbx,sby,sbz,sbvx,sbvy,sbvz
0,1.0,2457940.0,0.3774989989360694,-2.361198528135021,-0.14792575902230304,3.895497322050043,0.5710694614727952,0.37733966337418373
1,1.0,2457940.0,0.3774989935882952,-2.361198562313556,-0.14792575937050859,3.895497277810869,0.571069416591001,0.37733970083766005
