,mass_1,radius_1,x_1,y_1,z_1,vx_1,vy_1,vz_1,mass_2,radius_2,x_2,y_2,z_2,vx_2,vy_2,vz_2,mass_3,radius_3,x_3,y_3,z_3,vx_3,vy_3,vz_3,mass_4,radius_4,x_4,y_4,z_4,vx_4,vy_4,vz_4,mass_5,radius_5,x_5,y_5,z_5,vx_5,vy_5,vz_5,mass_6,radius_6,x_6,y_6,z_6,vx_6,vy_6,vz_6,mass_7,radius_7,x_7,y_7,z_7,vx_7,vy_7,vz_7,mass_8,radius_8,x_8,y_8,z_8,vx_8,vy_8,vz_8
0,1.660120825375342e-07,1.631393540950981e-08,-0.3829485362041868,0.01333926993927866,0.03622007894560534,-2.495058524883015,-9.828413638396443,-0.5742347216420007,2.447838287784771e-06,4.045378434654418e-08,-0.7188385057658491,-0.01389270963712823,0.04129161949470398,0.09924283082251519,-7.4186273674068675,-0.10752062032433142,3.040432648020684e-06,4.437104331057835e-07,0.9724633040390568,-0.2641722933928565,9.767728669292651e-06,1.5448871060218263,6.040346432621093,-0.0002802841305187292,3.2271560375549955e-07,2.270212793877687e-08,-1.581706720477976,0.5183837087459485,0.049670887628674,-1.4009128628562018,-4.420149276127484,-0.05824887254855155,0.0009547919099366768,4.778945025452157e-07,-0.3309366312081365,-5.258302665022024,0.02924527595685443,2.720259298610007,-0.043133007762962125,-0.06068573740316128,0.0002858856700231729,4.0286669668487467e-07,3.230915311371354,-9.510955425706687,0.03674084511476203,1.8198390105770068,0.6494795672394377,-0.083699939769996,4.3662496132004074e-05,1.708513622580592e-07,16.48360754954703,11.02691947254088,-0.172525576629046,-0.8066897130043491,1.1270062100043106,0.01459282024061437,5.151383772628657e-05,1.6553711549585576e-07,29.16537578731881,-6.721768053190776,-0.5338119864490867,0.25273003167872116,1.124400008030073,-0.028985654458356512
