,flag,epoch,sbx,sby,sbz,sbvx,sbvy,sbvz
0,1.0,2457670.0,-2.424088524552704,1.3248106756683677,-0.030466430991640443,-1.6951906573702928,-3.0310301755332745,0.394312504446816
1,1.0,2457670.0,-2.4240885282430553,1.324810679911324,-0.0304664257994633,-1.6951906607218887,-3.0310301659412735,0.3943125079008464
