,flag,sbx,sby,sbz,sbvx,sbvy,sbvz
0,1.0,37.676164575509496,-0.09664358792594485,16.467102466141977,-0.2358320755327967,0.8232487985339749,0.5444072401951852
