,mass_1,radius_1,x_1,y_1,z_1,vx_1,vy_1,vz_1,mass_2,radius_2,x_2,y_2,z_2,vx_2,vy_2,vz_2,mass_3,radius_3,x_3,y_3,z_3,vx_3,vy_3,vz_3,mass_4,radius_4,x_4,y_4,z_4,vx_4,vy_4,vz_4,mass_5,radius_5,x_5,y_5,z_5,vx_5,vy_5,vz_5,mass_6,radius_6,x_6,y_6,z_6,vx_6,vy_6,vz_6,mass_7,radius_7,x_7,y_7,z_7,vx_7,vy_7,vz_7,mass_8,radius_8,x_8,y_8,z_8,vx_8,vy_8,vz_8
0,1.660120825375342e-07,1.631393540950981e-08,-0.3927672260059763,-0.1268971762086178,0.02566760970721557,1.02958642680226,-9.334812185199338,-0.8571860491358697,2.447838287784771e-06,4.045378434654418e-08,-0.7123975180720564,-0.1010739713404501,0.03972715397726377,0.9913888780602692,-7.34699105278964,-0.15790153312539432,3.040432648020684e-06,4.437104331057835e-07,-0.925448846241686,0.3530749912441197,-8.928868612306822e-06,-2.342139139174178,-5.894722997362372,0.0001956541387111353,3.2271560375549955e-07,2.270212793877687e-08,-1.650007999826361,-0.02110420090177827,0.04005842754116721,0.2562533206012121,-4.67398652398025,-0.10422394925489546,0.0009547919099366768,4.778945025452157e-07,-1.754307390175402,4.909513175958359,0.01886595846603321,-2.631115556569587,-0.7977869400153769,0.0621882461410771,0.0002858856700231729,4.0286669668487467e-07,-6.667696964670253,-7.29838311573939,0.3923470505464105,1.3915640054754381,-1.3804096831466586,-0.031431198111124735,4.3662496132004074e-05,1.708513622580592e-07,19.59714258644033,4.135275830772858,-0.2384550748471896,-0.3090425887602163,1.3376057639081864,0.008998567991459726,5.151383772628657e-05,1.6553711549585576e-07,27.13970554768168,-12.72632663799153,-0.36327425081128,0.4771082391897438,1.0438000350522092,-0.032512902617544095
