,flag,epoch,sbx,sby,sbz,sbvx,sbvy,sbvz
0,1.0,2457176.5,42.13815375539764,8.77568776846655,-3.4424165159193736,-0.2610308885821416,0.9546991198360212,-0.008214974908380248
