,flag,epoch,sbx,sby,sbz,sbvx,sbvy,sbvz
0,1.0,2457840.0,2.1166261602544614,-0.018803891326860556,-0.0980062508896484,0.22689339895834498,4.532076176339262,-0.4702625575744361
1,1.0,2457840.0,2.116626114248528,-0.018803723408641115,-0.09800629729803392,0.22689315088557518,4.532076268056684,-0.47026256628280705
