,flag,epoch,sbx,sby,sbz,sbvx,sbvy,sbvz
0,1.0,2457810.0,-1.7813809716455542,-1.5850230169168618,0.0032040644649799915,2.415766533381372,-3.173468299363375,0.4239722637409131
1,1.0,2457810.0,-1.781380949349002,-1.5850230219722674,0.003204074246193442,2.4157665920483358,-3.173468280416275,0.4239722447856982
