,flag,epoch,sbx,sby,sbz,sbvx,sbvy,sbvz
0,1.0,2456950.0,2.127492025573899,0.3236999321962224,0.23080654138046405,0.6221288131710343,4.582774175773901,-0.9385353622710608
1,1.0,2456950.0,2.127492033491749,0.323699964752995,0.23080656014470005,0.6221288300844927,4.582774139127784,-0.9385353945437429
