,flag,epoch,sbx,sby,sbz,sbvx,sbvy,sbvz
0,1.0,2457660.0,-2.121200974264015,1.1649192492947569,0.25114707416934434,-1.61199251008015,-3.599759403069447,-0.30949568148472983
1,1.0,2457660.0,-2.1212009776502345,1.1649192488886475,0.2511470701549632,-1.6119925069402168,-3.599759400890779,-0.30949568146526785
