,flag,epoch,sbx,sby,sbz,sbvx,sbvy,sbvz
0,1,2457332.5,-2.524725003731628,-0.25856511087210976,0.12301965835364512,0.1901546213213755,-3.6257728533099107,-0.2799691482119848
