,flag,epoch,sbx,sby,sbz,sbvx,sbvy,sbvz
0,1.0,2457760.0,2.2518081144601823,0.021008319085690452,-0.18097664355970247,0.41397327886365437,4.187455815613868,0.32976956857093365
1,1.0,2457760.0,2.2518081160915204,0.021008350236065704,-0.1809766445551081,0.4139732852266906,4.1874558236998585,0.32976956299869464
