,mass_1,radius_1,x_1,y_1,z_1,vx_1,vy_1,vz_1,mass_2,radius_2,x_2,y_2,z_2,vx_2,vy_2,vz_2,mass_3,radius_3,x_3,y_3,z_3,vx_3,vy_3,vz_3,mass_4,radius_4,x_4,y_4,z_4,vx_4,vy_4,vz_4,mass_5,radius_5,x_5,y_5,z_5,vx_5,vy_5,vz_5,mass_6,radius_6,x_6,y_6,z_6,vx_6,vy_6,vz_6,mass_7,radius_7,x_7,y_7,z_7,vx_7,vy_7,vz_7,mass_8,radius_8,x_8,y_8,z_8,vx_8,vy_8,vz_8
0,1.660120825375342e-07,1.631393540950981e-08,0.360068051003393,-0.06133459835771521,-0.03804513372833886,-0.2637810417514208,10.590350482822236,0.8895496132088002,2.447838287784771e-06,4.045378434654418e-08,-0.03359990209345421,0.7186493886654934,0.01179243180417246,-7.404522771088226,-0.38452113735158217,0.42201526053024463,3.040432648020684e-06,4.437104331057835e-07,-0.0706009594838215,-1.013520584347138,3.790367688558102e-05,6.166285957577084,-0.46013332965332265,-1.0222639715185353e-05,3.2271560375549955e-07,2.270212793877687e-08,-0.3798977646342539,-1.439043743857169,-0.02083251831153564,5.1345232125900635,-0.8653475575160622,-0.14414731313449444,0.0009547919099366768,4.778945025452157e-07,-5.42553725887564,0.4056447957569998,0.1197185380776476,-0.23865237553082239,-2.6208762751837575,0.01622469134614671,0.0002858856700231729,4.0286669668487467e-07,-2.881030467711329,-9.603541177701501,0.2816108180007972,1.8405526168977453,-0.5938090798764967,-0.06296234758426189,4.3662496132004074e-05,1.708513622580592e-07,18.63684152474464,7.142096737823597,-0.2147955574256233,-0.5243479665433038,1.2718856258301752,0.011528761336935296,5.151383772628657e-05,1.6553711549585576e-07,28.13267797042212,-10.28173650261412,-0.4365905903448533,0.3861138418852035,1.0812017006694872,-0.03121199670585706
