,mass_1,radius_1,x_1,y_1,z_1,vx_1,vy_1,vz_1,mass_2,radius_2,x_2,y_2,z_2,vx_2,vy_2,vz_2,mass_3,radius_3,x_3,y_3,z_3,vx_3,vy_3,vz_3,mass_4,radius_4,x_4,y_4,z_4,vx_4,vy_4,vz_4,mass_5,radius_5,x_5,y_5,z_5,vx_5,vy_5,vz_5,mass_6,radius_6,x_6,y_6,z_6,vx_6,vy_6,vz_6,mass_7,radius_7,x_7,y_7,z_7,vx_7,vy_7,vz_7,mass_8,radius_8,x_8,y_8,z_8,vx_8,vy_8,vz_8
0,1.660120825375342e-07,1.631393540950981e-08,-0.08341371251542869,-0.4581116905578522,-0.02978306085273719,8.048051813298832,-1.320631723359049,-0.8461783892394242,2.447838287784771e-06,4.045378434654418e-08,0.3001369998529111,0.6558694652401312,-0.008319301789001293,-6.7417762530921275,3.040060680608296,0.43076146780173047,3.040432648020684e-06,4.437104331057835e-07,1.003105647870471,-0.04883859603765266,-6.176240315841893e-07,0.2032690209956402,6.252860293960749,-0.00029295673822923635,3.2271560375549955e-07,2.270212793877687e-08,1.389074738426637,0.1487647710202659,-0.03095846849112387,-0.34824574090737065,5.518684498693462,0.12419143352758821,0.0009547919099366768,4.778945025452157e-07,2.393212082367008,-4.539226828396062,-0.03469121259166784,2.4074139169372626,1.4170098473028103,-0.059746353305144724,0.0002858856700231729,4.0286669668487467e-07,5.033168693773133,-8.643707433442154,-0.05004372395284552,1.650377059285528,1.0215014286441195,-0.0834219342401243,4.3662496132004074e-05,1.708513622580592e-07,15.6046145681209,12.16301806465516,-0.1569691203893888,-0.8914810999219634,1.0674828731561306,0.015462049423774622,5.151383772628657e-05,1.6553711549585576e-07,29.4037232273441,-5.552336451267244,-0.5633809864524143,0.20766740290518412,1.1352813305005207,-0.028145949678626648
