,flag,epoch,sbx,sby,sbz,sbvx,sbvy,sbvz
0,1.0,2456904.5,41.109638407830715,23.09612971979334,2.7469105871863126,-0.35032027931749454,0.7755210190507195,0.09467504346810075
