,flag,epoch,sbx,sby,sbz,sbvx,sbvy,sbvz
0,1,2457460.0,-1.9557361109708886,-0.89382890740978,-0.0939067232355215,2.408362479933372,-3.6035832974102315,0.030793716561031206
