,flag,epoch,sbx,sby,sbz,sbvx,sbvy,sbvz
0,1.0,2456700.0,-21.43231023919879,-33.53670957018683,6.260776104746936,0.8123205131055115,-0.5630524775887686,0.1592306614843845
