,flag,epoch,sbx,sby,sbz,sbvx,sbvy,sbvz
0,1,2456870.0,0.7463748169345146,3.2047165297002334,-1.1078711578900056,-3.224805841079368,0.8771859508389069,-0.18308070027100207
