,mass_1,radius_1,x_1,y_1,z_1,vx_1,vy_1,vz_1,mass_2,radius_2,x_2,y_2,z_2,vx_2,vy_2,vz_2,mass_3,radius_3,x_3,y_3,z_3,vx_3,vy_3,vz_3,mass_4,radius_4,x_4,y_4,z_4,vx_4,vy_4,vz_4,mass_5,radius_5,x_5,y_5,z_5,vx_5,vy_5,vz_5,mass_6,radius_6,x_6,y_6,z_6,vx_6,vy_6,vz_6,mass_7,radius_7,x_7,y_7,z_7,vx_7,vy_7,vz_7,mass_8,radius_8,x_8,y_8,z_8,vx_8,vy_8,vz_8
0,1.660120825375342e-07,1.631393540950981e-08,-0.05841185216302437,-0.4613357680564613,-0.03232600724230873,8.133453642159466,-0.7667737836406762,-0.8091263671924289,2.447838287784771e-06,4.045378434654418e-08,0.699778735134548,0.1877197477251427,-0.03782438360014836,-1.9404811256347905,7.102110532408884,0.20910650385204219,3.040432648020684e-06,4.437104331057835e-07,-0.9614685422261514,0.244847204892749,-1.609092715216159e-06,-1.6529873287131278,-6.1129600221631755,3.524058236769384e-05,3.2271560375549955e-07,2.270212793877687e-08,0.68953142648126,1.334671349698037,0.01101091737446943,-4.346192634484113,2.7802966590017144,0.16504565123657983,0.0009547919099366768,4.778945025452157e-07,-1.430207068843923,4.993938033537902,0.01126793548107308,-2.6868280476399975,-0.6292699117166047,0.062742699186326,0.0002858856700231729,4.0286669668487467e-07,2.357809134510926,8.740190778795977,-0.2458346237549499,-2.078345951693393,0.5258801625271347,0.07351064161937826,4.3662496132004074e-05,1.708513622580592e-07,16.38094407467961,-11.45933147453363,-0.2548931920265373,0.8101515727772833,1.109672950645296,-0.0063321530767563505,5.151383772628657e-05,1.6553711549585576e-07,18.80075531051198,-23.49819559942327,0.05068775699036794,0.8848102717612746,0.7224328160113848,-0.03526778909561575
