,flag,epoch,sbx,sby,sbz,sbvx,sbvy,sbvz
0,1.0,2457668.5,29.41871716655465,13.361196985950192,-12.67898293952403,-0.5840090123126576,0.9525317176928969,-0.2829646316647192
