,flag,epoch,sbx,sby,sbz,sbvx,sbvy,sbvz
0,1.0,2457570.0,1.804119783880937,-0.9338453767683923,-0.22108558695949926,1.9867771703804482,4.2087457108159265,0.34517884188626863
1,1.0,2457570.0,1.8041198074655052,-0.9338453586703928,-0.22108558202586814,1.9867771286515996,4.208745706261393,0.3451788428600825
