,flag,epoch,sbx,sby,sbz,sbvx,sbvy,sbvz
0,1,2457490.0,-1.452528198236789,2.7856255075199154,0.0530056739850882,-2.9464717487539334,-1.9747412143606886,-0.00943575479038221
