,flag,sbx,sby,sbz,sbvx,sbvy,sbvz
0,1.0,-37.26856354070818,-16.441513669475455,10.514846674980662,-0.09284033475878747,-0.36497077222641994,-0.8997466295090402
