,flag,epoch,sbx,sby,sbz,sbvx,sbvy,sbvz
0,1,2453635.5,-37.01482274721768,6.607880396014034,1.2352982733622844,-0.1924554273269145,-1.0141784119076347,0.08984522959627139
