,flag,epoch,sbx,sby,sbz,sbvx,sbvy,sbvz
0,1,2456920.0,1.3910119711929814,-2.0790039400426403,0.4175877523084469,3.029444062472328,2.6109345610576136,-0.008972301379359313
