,flag,epoch,sbx,sby,sbz,sbvx,sbvy,sbvz
0,1.0,2457740.0,2.206174985403294,0.4448204121652687,-0.12330983091282369,-0.3060648974663154,4.264987430952064,0.4212014543660075
1,1.0,2457740.0,2.206174988939904,0.44482040258232514,-0.12330983179783833,-0.306064904564419,4.264987423967418,0.4212014396372144
