,flag,epoch,sbx,sby,sbz,sbvx,sbvy,sbvz
0,1,2457410.5,2.295626359387963,-2.0456656862739906,0.7203560488829727,2.1633874925141745,2.6251175737535863,-0.4934118816407522
