,flag,epoch,sbx,sby,sbz,sbvx,sbvy,sbvz
0,1.0,2454894.5,-2.615598587011124,0.3022696659818407,0.05715480186514843,-1.8299346618969894,1.7023796936963378,4.776395801753357
