,flag,epoch,sbx,sby,sbz,sbvx,sbvy,sbvz
0,1.0,2456650.0,-1.5221247926204577,2.2569817302511135,0.006615554122233597,-3.3627770547220335,-1.75861774833901,-0.16619839876981354
