,flag,epoch,sbx,sby,sbz,sbvx,sbvy,sbvz
0,1,2456944.5,-2.407099935866845,1.8372836371203216,-0.09602545195199078,-1.843421187724901,-3.1978855307072274,0.18668648507957072
