,mass_1,radius_1,x_1,y_1,z_1,vx_1,vy_1,vz_1,mass_2,radius_2,x_2,y_2,z_2,vx_2,vy_2,vz_2,mass_3,radius_3,x_3,y_3,z_3,vx_3,vy_3,vz_3,mass_4,radius_4,x_4,y_4,z_4,vx_4,vy_4,vz_4,mass_5,radius_5,x_5,y_5,z_5,vx_5,vy_5,vz_5,mass_6,radius_6,x_6,y_6,z_6,vx_6,vy_6,vz_6,mass_7,radius_7,x_7,y_7,z_7,vx_7,vy_7,vz_7,mass_8,radius_8,x_8,y_8,z_8,vx_8,vy_8,vz_8
0,1.660120825375342e-07,1.631393540950981e-08,0.3600328936219864,-0.0822424681763384,-0.03974913319898286,0.29596860138119335,10.478779096527312,0.8291051388931687,2.447838287784771e-06,4.045378434654418e-08,0.1367207006297231,-0.7143701774613994,-0.01768914891655411,7.206112286719087,1.3629695619505526,-0.39714344831550563,3.040432648020684e-06,4.437104331057835e-07,0.8171327836027811,-0.5979076647599576,2.241361478782732e-05,3.6085050995934735,5.047705111256427,-0.00023023937373227774,3.2271560375549955e-07,2.270212793877687e-08,1.012413569568492,-0.9486162089705729,-0.04471979598067594,3.688217297318655,4.167292249210499,-0.00318162379973707,0.0009547919099366768,4.778945025452157e-07,-3.026712650632025,-4.455245172073662,0.08622826421767489,2.248690774693853,-1.4202705892114482,-0.04441757479399617,0.0002858856700231729,4.0286669668487467e-07,1.246260320614872,-9.986230352107173,0.123974547661194,1.9125472139723558,0.24489979700297387,-0.08036548348796001,4.3662496132004074e-05,1.708513622580592e-07,17.29096663385789,9.803432387239338,-0.1874915822213916,-0.7167410186384101,1.181350728202847,0.013645650467932596,5.151383772628657e-05,1.6553711549585576e-07,28.87371689026641,-7.906467259584669,-0.5026751795579932,0.2976432178055707,1.1115894099972092,-0.029778932151929654
