,flag,epoch,sbx,sby,sbz,sbvx,sbvy,sbvz
0,1.0,2457314.5,13.130058733615499,40.25295887414782,-0.6977132892319136,-0.9141918859343913,0.3175889343514542,0.007308658075497072
