,flag,epoch,sbx,sby,sbz,sbvx,sbvy,sbvz
0,1.0,2457420.0,-32.03725095254201,-14.624832001272047,6.001123506315927,0.35532742892226526,-1.087057051020101,0.07570613270644144
