,flag,epoch,sbx,sby,sbz,sbvx,sbvy,sbvz
0,1.0,2457915.5,-1.8196147354485315,-1.8812445366452382,-0.41120133937941405,2.4569415244406305,-2.884827256720446,0.2982259654004803
