,mass_1,radius_1,x_1,y_1,z_1,vx_1,vy_1,vz_1,mass_2,radius_2,x_2,y_2,z_2,vx_2,vy_2,vz_2,mass_3,radius_3,x_3,y_3,z_3,vx_3,vy_3,vz_3,mass_4,radius_4,x_4,y_4,z_4,vx_4,vy_4,vz_4,mass_5,radius_5,x_5,y_5,z_5,vx_5,vy_5,vz_5,mass_6,radius_6,x_6,y_6,z_6,vx_6,vy_6,vz_6,mass_7,radius_7,x_7,y_7,z_7,vx_7,vy_7,vz_7,mass_8,radius_8,x_8,y_8,z_8,vx_8,vy_8,vz_8
0,1.660120825375342e-07,1.631393540950981e-08,-0.3736610315974303,-0.2116169406880176,0.01698775094193238,2.9489817985892586,-8.491658575717196,-0.9644173410683006,2.447838287784771e-06,4.045378434654418e-08,-0.6030732218857705,0.3886941045766042,0.04013291797234971,-4.0322757013619785,-6.246097118655814,0.14700956265328902,3.040432648020684e-06,4.437104331057835e-07,0.9399272200231473,0.3347995801457209,-1.808975427921515e-05,-2.2108191645607627,5.896223039608615,-0.00023685476601253158,3.2271560375549955e-07,2.270212793877687e-08,-1.547713227927656,0.614343826011628,0.05085752753318665,-1.6940938309667373,-4.3140060875752,-0.04882615422435262,0.0009547919099366768,4.778945025452157e-07,-4.602757049379883,-2.902743637236618,0.1150464679517496,1.438272570716796,-2.2033907857854036,-0.023032992648711413,0.0002858856700231729,4.0286669668487467e-07,-0.3760543699147811,-10.05405493891634,0.1897193947168373,1.926279872231452,-0.0843205268202699,-0.07520585473154758,4.3662496132004074e-05,1.708513622580592e-07,17.86446902212209,8.790740565021592,-0.1986661660928924,-0.6431670312580043,1.2198477652943516,0.01285124563935347,5.151383772628657e-05,1.6553711549585576e-07,28.60798054607607,-8.839122949105363,-0.4773143815744904,0.33251537708402956,1.1003390403426272,-0.03036457328456246
