,flag,epoch,sbx,sby,sbz,sbvx,sbvy,sbvz
0,1.0,2457900.0,0.268361811233476,-2.514920183461162,0.2026181409553734,3.8672639452901487,0.16971070665461277,0.23297274117298056
1,1.0,2457900.0,0.268361831566968,-2.5149202069589,0.20261814678929957,3.8672639049245343,0.16971070735968577,0.23297274490400344
