,flag,epoch,sbx,sby,sbz,sbvx,sbvy,sbvz
0,1.0,2458020.0,-1.658960977622668,-1.9901910688655777,0.2878324201558824,3.097331016535978,-2.0432870343177356,-0.27298405595937014
1,1.0,2458020.0,-1.6589609780160892,-1.9901910669340483,0.2878324259305516,3.0973310145386406,-2.043287032816914,-0.2729840530696256
