,flag,epoch,sbx,sby,sbz,sbvx,sbvy,sbvz
0,1.0,2457018.5,-10.619117047909347,25.459618267668723,-1.9570374583112509,-1.2782982132637408,-0.2335941126675884,-0.5138183086347587
