,mass_1,radius_1,x_1,y_1,z_1,vx_1,vy_1,vz_1,mass_2,radius_2,x_2,y_2,z_2,vx_2,vy_2,vz_2,mass_3,radius_3,x_3,y_3,z_3,vx_3,vy_3,vz_3,mass_4,radius_4,x_4,y_4,z_4,vx_4,vy_4,vz_4,mass_5,radius_5,x_5,y_5,z_5,vx_5,vy_5,vz_5,mass_6,radius_6,x_6,y_6,z_6,vx_6,vy_6,vz_6,mass_7,radius_7,x_7,y_7,z_7,vx_7,vy_7,vz_7,mass_8,radius_8,x_8,y_8,z_8,vx_8,vy_8,vz_8
0,1.660120825375342e-07,1.631393540950981e-08,-0.3745720864102099,0.04182322093678647,0.03777982607214368,-3.275739460912257,-9.771261525614586,-0.49793589295666246,2.447838287784771e-06,4.045378434654418e-08,-0.1566390633387083,-0.7090743377021931,-0.0006901090930489615,7.164120674371679,-1.623393375083769,-0.43569945458853176,3.040432648020684e-06,4.437104331057835e-07,-0.9885524651106842,0.1064592154834813,-2.003177729272364e-06,-0.775228841482655,-6.271444493232339,0.0002863597438496682,3.2271560375549955e-07,2.270212793877687e-08,0.2487722247539718,1.526384705498433,0.02587898592351206,-4.851511714195613,1.256563328516392,0.14537098191179956,0.0009547919099366768,4.778945025452157e-07,-1.625168564406567,-5.073587434765268,0.05743614534134388,2.5941002251158483,-0.7115498192706443,-0.05508901151868222,0.0002858856700231729,4.0286669668487467e-07,2.335547257835054,-9.781535579532784,0.07707064319144487,1.8725701603608185,0.4664887249740445,-0.08262113002867923,4.3662496132004074e-05,1.708513622580592e-07,16.86467797229172,10.47449536148788,-0.1794948827247673,-0.7659251703110014,1.1526526846577951,0.014166360621021338,5.151383772628657e-05,1.6553711549585576e-07,29.03787991021614,-7.265291635588932,-0.5196754928642344,0.27341812688296496,1.1187008363937427,-0.029356977572811048
