,flag,epoch,sbx,sby,sbz,sbvx,sbvy,sbvz
0,1,2457530.0,1.4913457425691754,2.449251457457887,-0.08024984142025157,-3.4518666296426526,1.7990220638410013,0.1514445595040954
