,flag,epoch,sbx,sby,sbz,sbvx,sbvy,sbvz
0,1.0,2458440.5,-2.2376765078331347,-2.9356673411194283,1.200472552698949,2.306273998305644,-1.5406448796070698,-0.09761676842543926
