,flag,epoch,sbx,sby,sbz,sbvx,sbvy,sbvz
0,1.0,2456780.0,-1.3865326744092386,2.5608914015205886,-0.373996545969986,-3.3987043568925843,-1.6578797979640236,0.497924004538963
