,flag,epoch,sbx,sby,sbz,sbvx,sbvy,sbvz
0,1.0,2457844.5,-0.862370842019635,1.5623304864534846,-0.6645412165109501,-3.901579547470268,-2.1742340328302663,0.8321589908448309
