,mass_1,radius_1,x_1,y_1,z_1,vx_1,vy_1,vz_1,mass_2,radius_2,x_2,y_2,z_2,vx_2,vy_2,vz_2,mass_3,radius_3,x_3,y_3,z_3,vx_3,vy_3,vz_3,mass_4,radius_4,x_4,y_4,z_4,vx_4,vy_4,vz_4,mass_5,radius_5,x_5,y_5,z_5,vx_5,vy_5,vz_5,mass_6,radius_6,x_6,y_6,z_6,vx_6,vy_6,vz_6,mass_7,radius_7,x_7,y_7,z_7,vx_7,vy_7,vz_7,mass_8,radius_8,x_8,y_8,z_8,vx_8,vy_8,vz_8
0,1.660120825375342e-07,1.631393540950981e-08,0.3293035548317038,0.08099444841742509,-0.02359387970403228,-4.443389208433189,10.437692059296078,1.2605178819749405,2.447838287784771e-06,4.045378434654418e-08,-0.152582542749653,-0.7100097950817431,-0.000926236647365676,7.172879789080735,-1.5818881417481059,-0.43561895390574007,3.040432648020684e-06,4.437104331057835e-07,0.2361425021647692,-0.9888952020805003,3.217815698544381e-05,6.009869950743401,1.4359666012299497,-6.652194828460127e-05,3.2271560375549955e-07,2.270212793877687e-08,-0.09970621180321851,1.575063237172553,0.03545015211241768,-4.906837275922295,0.11102708513361549,0.12276022286278238,0.0009547919099366768,4.778945025452157e-07,-4.612083195175309,2.758824871929568,0.09174456940263709,-1.4490299961472923,-2.2373551937570877,0.041715027494500775,0.0002858856700231729,4.0286669668487467e-07,-4.567812180306006,-8.872949024064157,0.3360815913818526,1.6996463949211869,-0.9403468257217923,-0.05134344593846778,4.3662496132004074e-05,1.708513622580592e-07,19.09349216737894,5.918593404824006,-0.2252717523465971,-0.4366398443415577,1.302921514772907,0.010517666965727864,5.151383772628657e-05,1.6553711549585576e-07,27.7478578722674,-11.30195648325266,-0.4066674833123772,0.4239672199652736,1.0664053602178751,-0.0317752081837191
