,flag,epoch,sbx,sby,sbz,sbvx,sbvy,sbvz
0,1.0,2453380.0,29.837966967553903,-29.376784876345006,1.286773252819248,0.7427371945309703,0.5711834594667486,0.05617720740512901
