,mass_1,radius_1,x_1,y_1,z_1,vx_1,vy_1,vz_1,mass_2,radius_2,x_2,y_2,z_2,vx_2,vy_2,vz_2,mass_3,radius_3,x_3,y_3,z_3,vx_3,vy_3,vz_3,mass_4,radius_4,x_4,y_4,z_4,vx_4,vy_4,vz_4,mass_5,radius_5,x_5,y_5,z_5,vx_5,vy_5,vz_5,mass_6,radius_6,x_6,y_6,z_6,vx_6,vy_6,vz_6,mass_7,radius_7,x_7,y_7,z_7,vx_7,vy_7,vz_7,mass_8,radius_8,x_8,y_8,z_8,vx_8,vy_8,vz_8
0,1.660120825375342e-07,1.631393540950981e-08,-0.345059126040233,-0.2748670071002032,0.009211557463339695,4.301665849937681,-7.577479849400169,-1.0138299502862216,2.447838287784771e-06,4.045378434654418e-08,-0.3331580536540234,-0.6438888989887371,0.01042080176009855,6.510473002039482,-3.4282570565098722,-0.4226731444884097,3.040432648020684e-06,4.437104331057835e-07,-0.3245100014255028,0.9283200807150487,-1.049988791216827e-05,-6.034202188372675,-2.0969739033036934,2.5920787312340914e-05,3.2271560375549955e-07,2.270212793877687e-08,-1.068803561346021,-1.134744470395422,0.002480460998958615,3.9126445453199326,-3.0669290890597045,-0.16038287441069973,0.0009547919099366768,4.778945025452157e-07,-5.405682816478508,-0.7160294390309514,0.1239364222464761,0.328011765737795,-2.604903020253177,0.003472568798093307,0.0002858856700231729,4.0286669668487467e-07,-3.632812934601199,8.29844947535515,0.0001209781607525992,-1.9759760691129347,-0.8237484316754234,0.09293721703941189,4.3662496132004074e-05,1.708513622580592e-07,18.34994231255979,-8.096856670655011,-0.2677834819585083,0.5691273625694078,1.2447827836942618,-0.0027129045982300947,5.151383772628657e-05,1.6553711549585576e-07,21.20818083845709,-21.3113213249588,-0.04988768540516641,0.8049223578008541,0.8128959009696939,-0.03532237656930401
