,flag,epoch,sbx,sby,sbz,sbvx,sbvy,sbvz
0,1.0,2457800.0,-2.0817082626906145,-1.0422089182597905,0.31582375038173166,2.323295421086116,-3.321216854584563,0.003981465704154926
1,1.0,2457800.0,-2.081708256506779,-1.0422088745276905,0.3158237495303698,2.3232954085912843,-3.321216914235994,0.003981487589631401
