,mass_1,radius_1,x_1,y_1,z_1,vx_1,vy_1,vz_1,mass_2,radius_2,x_2,y_2,z_2,vx_2,vy_2,vz_2,mass_3,radius_3,x_3,y_3,z_3,vx_3,vy_3,vz_3,mass_4,radius_4,x_4,y_4,z_4,vx_4,vy_4,vz_4,mass_5,radius_5,x_5,y_5,z_5,vx_5,vy_5,vz_5,mass_6,radius_6,x_6,y_6,z_6,vx_6,vy_6,vz_6,mass_7,radius_7,x_7,y_7,z_7,vx_7,vy_7,vz_7,mass_8,radius_8,x_8,y_8,z_8,vx_8,vy_8,vz_8
0,1.660120825375342e-07,1.631393540950981e-08,0.09553148532031001,0.2921431282559629,0.01510599273860781,-11.825281502483719,3.584077954365519,1.3777702436286352,2.447838287784771e-06,4.045378434654418e-08,0.7164924380148022,-0.1159598860480717,-0.04293735016622408,1.1447021571515634,7.259595285939912,0.033438136396818675,3.040432648020684e-06,4.437104331057835e-07,-0.4979398286703944,0.8487605720378896,-2.651325749824909e-05,-5.522260389199433,-3.203484688342871,0.00012106028414535076,3.2271560375549955e-07,2.270212793877687e-08,1.3917324106005,0.02714882995972165,-0.03359032569232106,0.09694801933227377,5.547244839455355,0.11385296562611338,0.0009547919099366768,4.778945025452157e-07,-3.837624385442022,3.693872856680172,0.07053185813577671,-1.9461269433916057,-1.8573948535051326,0.051260859988470575,0.0002858856700231729,4.0286669668487467e-07,-5.320339642381593,-8.4097874879136,0.3580016996668844,1.6095629163085647,-1.096598597280061,-0.045044775842090046,4.3662496132004074e-05,1.708513622580592e-07,19.28229097773439,5.323457771555128,-0.2299390910702337,-0.3941019770176736,1.315867550373954,0.010018538013015783,5.151383772628657e-05,1.6553711549585576e-07,27.55110412578834,-11.78494125000499,-0.3921682559592541,0.44187525860060567,1.0590263084884386,-0.03202981983547108
