,flag,epoch,sbx,sby,sbz,sbvx,sbvy,sbvz
0,1,2457880.0,-2.7338631683850787,-0.2555342219439021,-0.2992337806613332,0.4888948206378715,-3.9544702386661257,0.4137177608667456
