,flag,epoch,sbx,sby,sbz,sbvx,sbvy,sbvz
0,1,2457640.0,2.0923284640601714,-1.382244131069767,-0.17815906292077588,1.5919876089057945,3.5422822036331842,0.092317657432994
