,mass_1,radius_1,x_1,y_1,z_1,vx_1,vy_1,vz_1,mass_2,radius_2,x_2,y_2,z_2,vx_2,vy_2,vz_2,mass_3,radius_3,x_3,y_3,z_3,vx_3,vy_3,vz_3,mass_4,radius_4,x_4,y_4,z_4,vx_4,vy_4,vz_4,mass_5,radius_5,x_5,y_5,z_5,vx_5,vy_5,vz_5,mass_6,radius_6,x_6,y_6,z_6,vx_6,vy_6,vz_6,mass_7,radius_7,x_7,y_7,z_7,vx_7,vy_7,vz_7,mass_8,radius_8,x_8,y_8,z_8,vx_8,vy_8,vz_8
0,1.660120825375342e-07,1.631393540950981e-08,0.02411206464030509,0.306250035959936,0.02281186118619158,-12.305477289995425,1.1828061104845098,1.225581131686536,2.447838287784771e-06,4.045378434654418e-08,0.6784566436281045,-0.2595250261501421,-0.04270944703937581,2.5991021505563774,6.868022244518599,-0.055817575042430324,3.040432648020684e-06,4.437104331057835e-07,-0.9552895709082307,-0.2991067619856705,1.550015629973633e-05,1.7752176467766623,-6.020396331555693,0.00021304797270952733,3.2271560375549955e-07,2.270212793877687e-08,-1.232495248897034,-0.9861639481007319,0.009582879912640608,3.3846394421755455,-3.553657242585051,-0.15753761167320626,0.0009547919099366768,4.778945025452157e-07,-5.354063569332377,0.912441111714523,0.1160145729320803,-0.4963772855020188,-2.589354813977867,0.021859826334098748,0.0002858856700231729,4.0286669668487467e-07,-3.236569585820125,-9.481032431885724,0.2936380313522993,1.8170334877900254,-0.6665224532972638,-0.06076635486975777,4.3662496132004074e-05,1.708513622580592e-07,18.73703981024418,6.894194959535599,-0.2170168503631202,-0.5065521424814985,1.278668839390839,0.011325167946676115,5.151383772628657e-05,1.6553711549585576e-07,28.05686525446912,-10.49162175124189,-0.4305117760083121,0.393899163682996,1.0782419761891575,-0.03133104065997244
