,flag,epoch,sbx,sby,sbz,sbvx,sbvy,sbvz
0,1,2457229.5,-2.0674672608418376,2.442136343686494,-0.3960982635373354,-2.510266410214762,-2.2015787489867646,0.49066122856651956
