,flag,sbx,sby,sbz,sbvx,sbvy,sbvz
0,1.0,32.03014572151515,-1.9599195837734136,-26.993111302668638,-0.6053561140791993,-0.3735415938879207,-0.6911960926974533
