,mass_1,radius_1,x_1,y_1,z_1,vx_1,vy_1,vz_1,mass_2,radius_2,x_2,y_2,z_2,vx_2,vy_2,vz_2,mass_3,radius_3,x_3,y_3,z_3,vx_3,vy_3,vz_3,mass_4,radius_4,x_4,y_4,z_4,vx_4,vy_4,vz_4,mass_5,radius_5,x_5,y_5,z_5,vx_5,vy_5,vz_5,mass_6,radius_6,x_6,y_6,z_6,vx_6,vy_6,vz_6,mass_7,radius_7,x_7,y_7,z_7,vx_7,vy_7,vz_7,mass_8,radius_8,x_8,y_8,z_8,vx_8,vy_8,vz_8
0,1.660120825375342e-07,1.631393540950981e-08,-0.1584542340916934,-0.4374368822724677,-0.0212069805903764,7.596784087572657,-2.991069036913075,-0.941349729788776,2.447838287784771e-06,4.045378434654418e-08,0.5975246259377478,-0.4140405357227822,-0.04015812770927823,4.162361631636424,6.042904828305752,-0.1573355409361299,3.040432648020684e-06,4.437104331057835e-07,0.6782084580153891,0.721876457491298,-3.049127510871649e-05,-4.68212725830596,4.279365906864924,-0.00013885873779049588,3.2271560375549955e-07,2.270212793877687e-08,1.319821444530443,-0.4079363923710352,-0.04093979573425165,1.704532765710789,5.320749790218568,0.06966667443051901,0.0009547919099366768,4.778945025452157e-07,-5.4154576510651,-0.6359386409579346,0.123818212885496,0.28866393030042586,-2.609700983781306,0.004377300505969558,0.0002858856700231729,4.0286669668487467e-07,-2.142140035810108,-9.809449454890334,0.2557712086876587,1.8799654759454472,-0.44307978167548895,-0.06714500561122229,4.3662496132004074e-05,1.708513622580592e-07,18.42151303744076,7.644166802176025,-0.2101382550091524,-0.5604267982524169,1.2573686361843845,0.011934264400467989,5.151383772628657e-05,1.6553711549585576e-07,28.2828006337942,-9.851327111255392,-0.4489333670122238,0.37015541106431343,1.0871598675332388,-0.03096760121256108
