,flag,epoch,sbx,sby,sbz,sbvx,sbvy,sbvz
0,1.0,2456870.0,2.2944838185851557,-0.9225889050145708,-0.17331872978599946,1.9357505054797912,3.6844894254695295,-0.4292548970820387
1,1.0,2456870.0,2.294483813164765,-0.9225888519244058,-0.1733187553205515,1.9357505501323256,3.684489442495295,-0.42925490207100553
