,flag,epoch,sbx,sby,sbz,sbvx,sbvy,sbvz
0,1,2456250.0,-1.6858951545814058,3.1105669521872974,-1.0349230753443308,-2.515717383897546,-1.620355107534056,0.11967319986915592
