,flag,epoch,sbx,sby,sbz,sbvx,sbvy,sbvz
0,1.0,2457819.5,-7.824300873071797,31.38985577846581,1.886785046042337,-1.1405749339506364,-0.3047434605107347,0.19963325242151547
