,flag,epoch,sbx,sby,sbz,sbvx,sbvy,sbvz
0,1.0,2458725.5,33.60160642098262,-11.661580546685656,-3.9044826220771633,0.06150249166458776,0.1534487392958866,0.07097680091337218
