,flag,epoch,sbx,sby,sbz,sbvx,sbvy,sbvz
0,1.0,2456740.0,32.37398318192808,21.289251425776815,-12.522685280711883,-0.27837354649752816,0.8474969182182179,0.42385860864957586
