,flag,epoch,sbx,sby,sbz,sbvx,sbvy,sbvz
0,1,2457314.5,-3.625010502072694,-0.7674065045253755,-0.030611860525759683,0.6075449310819354,-2.655279812195867,-0.2282035090953679
