,flag,epoch,sbx,sby,sbz,sbvx,sbvy,sbvz
0,1.0,2457370.0,-2.040278565941695,-1.6851275294421983,0.2614476097566988,2.6659418153357555,-2.5268666587628177,-0.35044197781074105
1,1.0,2457370.0,-2.0402785840750393,-1.6851275523564526,0.26144756551479187,2.6659418971556486,-2.5268665204688174,-0.3504419087953151
