,flag,epoch,sbx,sby,sbz,sbvx,sbvy,sbvz
0,1.0,2453950.0,36.42799824522921,-5.127080429167329,6.404320120691536,0.18884958072524316,1.0812023083584292,0.05642883604653447
