,flag,epoch,sbx,sby,sbz,sbvx,sbvy,sbvz
0,1.0,2456916.5,-9.54216296743309,-28.753437845317066,6.760100709543478,1.224055828760927,-0.19457919985585456,-0.03947280175176395
