,flag,epoch,sbx,sby,sbz,sbvx,sbvy,sbvz
0,1.0,2456260.0,1.3237239779767322,2.9998736258970338,-0.008935218247584982,-2.8642957973259677,1.8373720951772112,0.1284713532448794
1,1.0,2456260.0,1.3237240250350624,2.999873619678284,-0.008935157144592247,-2.8642957723328126,1.8373721082813668,0.12847143109952824
