,flag,epoch,sbx,sby,sbz,sbvx,sbvy,sbvz
0,1.0,2451330.0,40.97974335827512,-10.343228382027,-0.8225373907116502,0.2414965046785105,0.7975705059415689,-0.47940145473453405
