,flag,epoch,sbx,sby,sbz,sbvx,sbvy,sbvz
0,1,2455730.5,-0.8909367897604219,3.15313186962179,-0.004768404709834161,-3.045158646123303,-0.5815586415359558,0.17152207411761156
