,flag,epoch,sbx,sby,sbz,sbvx,sbvy,sbvz
0,1.0,2457710.0,0.9673023974270079,2.205147117831491,0.09055979604756781,-3.823995911560902,1.284934789390393,0.4598111022819245
1,1.0,2457710.0,0.9673024104353075,2.205147162442242,0.09055981873851499,-3.8239958239791654,1.2849348298785204,0.45981108318377223
