,flag,epoch,sbx,sby,sbz,sbvx,sbvy,sbvz
0,1,2457155.5,0.6282305463919764,1.7493934457875393,-0.07784468781136118,-4.70185285316016,1.7206656553853668,0.26503856552646493
