,mass_1,radius_1,x_1,y_1,z_1,vx_1,vy_1,vz_1,mass_2,radius_2,x_2,y_2,z_2,vx_2,vy_2,vz_2,mass_3,radius_3,x_3,y_3,z_3,vx_3,vy_3,vz_3,mass_4,radius_4,x_4,y_4,z_4,vx_4,vy_4,vz_4,mass_5,radius_5,x_5,y_5,z_5,vx_5,vy_5,vz_5,mass_6,radius_6,x_6,y_6,z_6,vx_6,vy_6,vz_6,mass_7,radius_7,x_7,y_7,z_7,vx_7,vy_7,vz_7,mass_8,radius_8,x_8,y_8,z_8,vx_8,vy_8,vz_8
0,1.660120825375342e-07,1.631393540950981e-08,0.3288009442182743,-0.225471159448269,-0.04858892940118469,3.7899205589047895,8.949325822237613,0.38354841019342734,2.447838287784771e-06,4.045378434654418e-08,-0.6826310521199809,0.2220827054619871,0.04243696103324825,-2.3207284683990954,-7.0591320066977845,0.037136732380415,3.040432648020684e-06,4.437104331057835e-07,0.07711551977076832,0.9810148691125224,-3.5721993021355e-05,-6.366913655916064,0.4688971401144043,1.227245020712351e-05,3.2271560375549955e-07,2.270212793877687e-08,-1.625188681759879,0.3467114083234927,0.04715164272784121,-0.8754699141674014,-4.5622449214866,-0.07411505846926855,0.0009547919099366768,4.778945025452157e-07,-5.142759467408128,1.685958099819588,0.1080744915553354,-0.8923014770942113,-2.491320736350551,0.030311422165424064,0.0002858856700231729,4.0286669668487467e-07,-3.782508679585173,-9.261401404592977,0.3115601771388863,1.7747052932143887,-0.7784984041452374,-0.057141153093147726,4.3662496132004074e-05,1.708513622580592e-07,18.88674000394624,6.504052688452811,-0.2204097737935413,-0.4786206114298466,1.288815297914617,0.01100461700963018,5.151383772628657e-05,1.6553711549585576e-07,27.93531942307153,-10.81858490118995,-0.4209623939514431,0.4059800805107435,1.073531720387879,-0.03151204735433975
