,flag,epoch,sbx,sby,sbz,sbvx,sbvy,sbvz
0,1.0,2457370.0,-31.04308525538304,-26.032545477188137,11.16912156659972,0.5743071160332952,-0.7831254048594269,-0.11641091734347231
