,flag,epoch,sbx,sby,sbz,sbvx,sbvy,sbvz
0,1.0,2458725.5,14.111919543196763,-38.09305506425009,-2.892393383688355,0.15063244472824686,0.05577585555741572,0.0003596342052304654
