,flag,epoch,sbx,sby,sbz,sbvx,sbvy,sbvz
0,1.0,2454060.0,39.76534227745164,2.3400939654033444,-1.4319865516435324,0.0021019981595697132,1.021366285778397,0.19931654255717354
