,flag,epoch,sbx,sby,sbz,sbvx,sbvy,sbvz
0,1,2457370.0,4.219106231680607,-1.9865894301717013,-0.05631152186515097,0.9423030949569373,2.437156289473869,-0.3436926314243794
