,mass_1,radius_1,x_1,y_1,z_1,vx_1,vy_1,vz_1,mass_2,radius_2,x_2,y_2,z_2,vx_2,vy_2,vz_2,mass_3,radius_3,x_3,y_3,z_3,vx_3,vy_3,vz_3,mass_4,radius_4,x_4,y_4,z_4,vx_4,vy_4,vz_4,mass_5,radius_5,x_5,y_5,z_5,vx_5,vy_5,vz_5,mass_6,radius_6,x_6,y_6,z_6,vx_6,vy_6,vz_6,mass_7,radius_7,x_7,y_7,z_7,vx_7,vy_7,vz_7,mass_8,radius_8,x_8,y_8,z_8,vx_8,vy_8,vz_8
0,1.660120825375342e-07,1.631393540950981e-08,-0.3572690635737025,-0.2514849908003358,0.01223891351032019,3.8084883325725283,-7.947128414120394,-0.9987573566664865,2.447838287784771e-06,4.045378434654418e-08,0.03533643225451524,-0.7261602763178329,-0.01197899979172654,7.329580863633823,0.3321678127294626,-0.4184727624081543,3.040432648020684e-06,4.437104331057835e-07,-0.9088580311806878,0.3923279253141331,-5.320194149926039e-06,-2.59301672602926,-5.792841515948775,0.00011137016672263688,3.2271560375549955e-07,2.270212793877687e-08,-0.8692819375557832,1.386284320100703,0.05039295458826321,-4.1371262777177344,-2.280744834468817,0.0538246457939922,0.0009547919099366768,4.778945025452157e-07,0.5648101771880721,-5.196753180120031,0.008934179322641648,2.7084049097768967,0.42852287277113343,-0.062387198858147475,0.0002858856700231729,4.0286669668487467e-07,-8.414529157642242,3.90637565409804,0.2668680283853258,-0.9650645754809051,-1.8525923078931752,0.07068734013351835,4.3662496132004074e-05,1.708513622580592e-07,19.68440088491646,-4.038459254227227,-0.2699498614496891,0.2802608255192343,1.3403371544593334,0.0013392428023687765,5.151383772628657e-05,1.6553711549585576e-07,23.57424406754524,-18.62001597533533,-0.1598814292956615,0.7053589569163555,0.9065467370828796,-0.03491287377790389
