,flag,epoch,sbx,sby,sbz,sbvx,sbvy,sbvz
0,1.0,2457364.5,-35.90360111440676,-18.682128715193482,0.44643556530440387,0.3130673108994752,-1.1149604715103876,0.08521372113929498
