,flag,epoch,sbx,sby,sbz,sbvx,sbvy,sbvz
0,1.0,2456130.0,2.4621993764149117,-1.5782372563886495,-0.23766815054232754,1.8751403592604472,3.1877161464313124,-0.06697626325245327
1,1.0,2456130.0,2.462199532656618,-1.5782370498148208,-0.23766817036627175,1.8751401505501355,3.1877162357109805,-0.06697616341032035
