,flag,epoch,sbx,sby,sbz,sbvx,sbvy,sbvz
0,1,2457306.5,-2.390016922651666,1.2226503919702227,0.10302021653074918,-2.1303718368727202,-2.932590847462328,-0.3524133018195458
