,flag,epoch,sbx,sby,sbz,sbvx,sbvy,sbvz
0,1.0,2457560.5,-1.2581608839154224,-2.5487274354206866,0.2833638402767576,3.313285473969321,-2.0051545185540323,-0.1405692928382338
