,flag,epoch,sbx,sby,sbz,sbvx,sbvy,sbvz
0,1.0,2457592.5,38.22252506570391,1.299499067096182,-18.750780191601425,0.1039971337480981,0.9910103181797633,-0.3130732250458677
