,flag,epoch,sbx,sby,sbz,sbvx,sbvy,sbvz
0,1,2457320.0,-1.8956205249399978,1.9044843606038744,0.21921116365731186,-2.478314704256656,-2.331114387135227,-0.31981937148565087
