,flag,epoch,sbx,sby,sbz,sbvx,sbvy,sbvz
0,1.0,2457312.5,41.059711892412,-8.456627695333678,-0.4095538811205698,0.2731703967874646,0.9498421242185692,-0.0018106114151337453
