,flag,epoch,sbx,sby,sbz,sbvx,sbvy,sbvz
0,1,2457264.5,2.5520039951824365,0.6266253101609788,0.3062945905981747,-0.8111642385269658,3.9781460438669853,-0.27518742032203625
