,flag,epoch,sbx,sby,sbz,sbvx,sbvy,sbvz
0,1.0,2457660.0,1.5849709266311107,1.8692798674584148,0.08174204621427755,-2.668341266144494,2.8415572880322304,-0.3619406166404811
1,1.0,2457660.0,1.5849709427826404,1.8692798992191055,0.08174204631463433,-2.6683412281358105,2.841557244094949,-0.3619405855734835
