,flag,epoch,sbx,sby,sbz,sbvx,sbvy,sbvz
0,1.0,2454166.5,32.32904584787429,17.146830238947594,-0.9051572667250444,-0.6139431484864865,0.9177323647306088,-0.03405574855116862
