,mass_1,radius_1,x_1,y_1,z_1,vx_1,vy_1,vz_1,mass_2,radius_2,x_2,y_2,z_2,vx_2,vy_2,vz_2,mass_3,radius_3,x_3,y_3,z_3,vx_3,vy_3,vz_3,mass_4,radius_4,x_4,y_4,z_4,vx_4,vy_4,vz_4,mass_5,radius_5,x_5,y_5,z_5,vx_5,vy_5,vz_5,mass_6,radius_6,x_6,y_6,z_6,vx_6,vy_6,vz_6,mass_7,radius_7,x_7,y_7,z_7,vx_7,vy_7,vz_7,mass_8,radius_8,x_8,y_8,z_8,vx_8,vy_8,vz_8
0,1.660120825375342e-07,1.631393540950981e-08,-0.3944199015838507,-0.1074995339161324,0.02740188254270427,0.5701429105836476,-9.471565398526769,-0.826234081220168,2.447838287784771e-06,4.045378434654418e-08,-0.4206875464636521,-0.5894698611765292,0.01619427428643567,5.961944506450946,-4.325725330436258,-0.4033509401566152,3.040432648020684e-06,4.437104331057835e-07,-0.6505764680640026,0.7398938574013773,-2.370452177769266e-05,-4.821432942867504,-4.1730215689942565,0.00017251711328593422,3.2271560375549955e-07,2.270212793877687e-08,-1.62479214539425,-0.2256241779555863,0.035148507121053,0.8934491352783852,-4.626046906174896,-0.11886866800539367,0.0009547919099366768,4.778945025452157e-07,-5.24291823266997,1.376029744994708,0.1116025797277908,-0.7332195127709558,-2.5382264468249818,0.026945708724302114,0.0002858856700231729,4.0286669668487467e-07,-3.562740706852968,-9.354540359641653,0.3044275219999312,1.7926819946641623,-0.7333886455398614,-0.058639568483339094,4.3662496132004074e-05,1.708513622580592e-07,18.82707353746262,6.662589289626589,-0.2190459863232324,-0.48995672096471854,1.284751841512051,0.011133930124796338,5.151383772628657e-05,1.6553711549585576e-07,27.98503669963964,-10.68620510134792,-0.4248403654502314,0.4010988449089418,1.0754359388036625,-0.031440382411995454
