,flag,epoch,sbx,sby,sbz,sbvx,sbvy,sbvz
0,1,2456941.5,0.6813899540874618,2.8784591610580947,0.060095846595950866,-3.435322092479207,0.8504821307303456,-0.36471510892865516
