,flag,epoch,sbx,sby,sbz,sbvx,sbvy,sbvz
0,1.0,2452230.0,-32.251547603416064,-29.87280917329481,3.436827100985675,0.6601371119497639,-0.6590788358582814,-0.016197372158908565
