,flag,epoch,sbx,sby,sbz,sbvx,sbvy,sbvz
0,1.0,2453836.5,32.537636200540874,-22.800918093756778,-0.24962971452199145,0.5600965112693183,0.9180992071507523,0.22891829411443917
