,mass_1,radius_1,x_1,y_1,z_1,vx_1,vy_1,vz_1,mass_2,radius_2,x_2,y_2,z_2,vx_2,vy_2,vz_2,mass_3,radius_3,x_3,y_3,z_3,vx_3,vy_3,vz_3,mass_4,radius_4,x_4,y_4,z_4,vx_4,vy_4,vz_4,mass_5,radius_5,x_5,y_5,z_5,vx_5,vy_5,vz_5,mass_6,radius_6,x_6,y_6,z_6,vx_6,vy_6,vz_6,mass_7,radius_7,x_7,y_7,z_7,vx_7,vy_7,vz_7,mass_8,radius_8,x_8,y_8,z_8,vx_8,vy_8,vz_8
0,1.660120825375342e-07,1.631393540950981e-08,-0.3866092077009604,-0.1651476576293265,0.02197255409024335,1.913036052193279,-9.00426381538665,-0.9112688486759919,2.447838287784771e-06,4.045378434654418e-08,0.3037343070223232,0.6542062453570339,-0.0085533360082509,-6.724990698220111,3.0772141017976455,0.4302874338887952,3.040432648020684e-06,4.437104331057835e-07,-0.9666105996743252,-0.2573850346625093,1.48826690437836e-05,1.5147985706675073,-6.0958517754622035,0.00025274035095218,3.2271560375549955e-07,2.270212793877687e-08,-0.7808340468105212,-1.312821773627737,-0.008345699768024187,4.585334402842707,-2.1749186718540465,-0.15809801290102687,0.0009547919099366768,4.778945025452157e-07,-3.795998252367567,-3.861957060698559,0.1009776560953751,1.9341090472895224,-1.803863852312728,-0.035785571168600275,0.0002858856700231729,4.0286669668487467e-07,0.5419916320259326,-10.04986332720568,0.1531077924618905,1.9250722707641752,0.10189824613221425,-0.07838483305059794,4.3662496132004074e-05,1.708513622580592e-07,17.54809833278071,9.366848300018749,-0.1924356309525208,-0.6849657966869365,1.1985846618895017,0.013305875027407224,5.151383772628657e-05,1.6553711549585576e-07,28.76171951117404,-8.31339340606928,-0.4917024938275339,0.3128765680206125,1.1067703293522957,-0.030037111899314028
