,flag,epoch,sbx,sby,sbz,sbvx,sbvy,sbvz
0,1,2457115.5,2.703435278331835,1.335486305386566,-0.08633236213366663,-1.7371864566358588,3.0200876380555313,-1.1972603866400156
