,flag,epoch,sbx,sby,sbz,sbvx,sbvy,sbvz
0,1.0,2454280.0,12.143661355561942,38.323827498379224,0.6651090917366175,-0.9807277199231765,0.3048628745993014,0.019519173823118775
