,flag,epoch,sbx,sby,sbz,sbvx,sbvy,sbvz
0,1,2451694.5,-1.1499910803406608,-2.51293421530632,-0.11491897076522965,3.601607074095792,-1.717858864581279,0.20784687516089406
