,flag,epoch,sbx,sby,sbz,sbvx,sbvy,sbvz
0,1.0,2457468.5,45.586950535216495,6.3519975683977705,0.9833424335680776,-0.016494508590981134,0.842901830492495,-0.012691010786274756
