,mass_1,radius_1,x_1,y_1,z_1,vx_1,vy_1,vz_1,mass_2,radius_2,x_2,y_2,z_2,vx_2,vy_2,vz_2,mass_3,radius_3,x_3,y_3,z_3,vx_3,vy_3,vz_3,mass_4,radius_4,x_4,y_4,z_4,vx_4,vy_4,vz_4,mass_5,radius_5,x_5,y_5,z_5,vx_5,vy_5,vz_5,mass_6,radius_6,x_6,y_6,z_6,vx_6,vy_6,vz_6,mass_7,radius_7,x_7,y_7,z_7,vx_7,vy_7,vz_7,mass_8,radius_8,x_8,y_8,z_8,vx_8,vy_8,vz_8
0,1.660120825375342e-07,1.631393540950981e-08,0.335897285348301,-0.2075072862637126,-0.04777326197063123,3.3832815492784576,9.214138993665388,0.44244001801097027,2.447838287784771e-06,4.045378434654418e-08,0.6531092575912443,-0.3185232341335931,-0.04205728825483375,3.195962035896928,6.608663224727122,-0.09389209170490691,3.040432648020684e-06,4.437104331057835e-07,0.9060446605924868,0.4145300979311891,-1.374866096019881e-05,-2.7165676816547277,5.6907816314964395,-0.0001725509384716196,3.2271560375549955e-07,2.270212793877687e-08,-0.8700862460080035,1.385942185265546,0.05039525069363702,-4.135599462680247,-2.282726169851486,0.05369031112076629,0.0009547919099366768,4.778945025452157e-07,-0.7695576125831308,5.106855182442563,-0.003989207196336043,-2.7612613481164163,-0.2802796874928129,0.06295256043170488,0.0002858856700231729,4.0286669668487467e-07,-7.155843930690266,-6.776492425411679,0.4027174437957262,1.288264518584861,-1.48492353027373,-0.025495469217098585,4.3662496132004074e-05,1.708513622580592e-07,19.70331602353652,3.646816814096124,-0.2416546175677631,-0.27402863413072165,1.345100549537681,0.008571793098072735,5.151383772628657e-05,1.6553711549585576e-07,26.96337884379805,-13.10525720340841,-0.3514011634032196,0.49140673668324364,1.037437333078489,-0.032700947639462546
