,flag,epoch,sbx,sby,sbz,sbvx,sbvy,sbvz
0,1,2456916.5,40.83926256536644,9.81349531194287,-0.4942730802701972,-0.19038133459758608,0.9697220212832272,0.006728436126024613
