,mass_1,radius_1,x_1,y_1,z_1,vx_1,vy_1,vz_1,mass_2,radius_2,x_2,y_2,z_2,vx_2,vy_2,vz_2,mass_3,radius_3,x_3,y_3,z_3,vx_3,vy_3,vz_3,mass_4,radius_4,x_4,y_4,z_4,vx_4,vy_4,vz_4,mass_5,radius_5,x_5,y_5,z_5,vx_5,vy_5,vz_5,mass_6,radius_6,x_6,y_6,z_6,vx_6,vy_6,vz_6,mass_7,radius_7,x_7,y_7,z_7,vx_7,vy_7,vz_7,mass_8,radius_8,x_8,y_8,z_8,vx_8,vy_8,vz_8
0,1.660120825375342e-07,1.631393540950981e-08,-0.2479281550391137,-0.3867455049551968,-0.008850929672973311,6.575815901178791,-5.057448727799524,-1.016581276317976,2.447838287784771e-06,4.045378434654418e-08,-0.677440289257951,0.2373449502800437,0.04234926190674242,-2.4773664881541624,-7.006043659544593,0.046986757380978,3.040432648020684e-06,4.437104331057835e-07,-0.9501492528457991,-0.3159150352252959,1.116681830887125e-05,1.8804115395136094,-5.986643418726689,0.00017153281116291243,3.2271560375549955e-07,2.270212793877687e-08,-1.651801049002352,0.03023078525073246,0.04119213903645751,0.09771168066537311,-4.674128488099545,-0.10033489099693932,0.0009547919099366768,4.778945025452157e-07,3.22060207924677,3.812180655250988,-0.08790153961074766,-2.1407004357448867,1.9116245655130053,0.03996506909101868,0.0002858856700231729,4.0286669668487467e-07,-8.746398009242288,-4.218944166267675,0.4215866412708931,0.7734399605770504,-1.838490479986014,0.0011846144621229476,4.3662496132004074e-05,1.708513622580592e-07,20.00841079777027,1.573460779040217,-0.2533377104523321,-0.12482387969030513,1.3665505991091509,0.00670342571323127,5.151383772628657e-05,1.6553711549585576e-07,26.16684703888599,-14.66836254444697,-0.3008648226281432,0.551339793785064,1.008251375669225,-0.03344556576039316
