,flag,epoch,sbx,sby,sbz,sbvx,sbvy,sbvz
0,1.0,2457320.0,1.1306798230830093,2.21060682264856,-0.2914725359083239,-3.371442630084333,2.1886077445342296,0.7213234541737261
1,1.0,2457320.0,1.1306798382774648,2.210606777499498,-0.29147252865569573,-3.3714426741792938,2.188607764167081,0.7213234907058688
