,flag,epoch,sbx,sby,sbz,sbvx,sbvy,sbvz
0,1.0,2457260.0,1.5845696985782525,2.3363976801466775,-0.23533991594838824,-3.1625381126731322,2.160954684442778,-0.10176611972490089
