,mass_1,radius_1,x_1,y_1,z_1,vx_1,vy_1,vz_1,mass_2,radius_2,x_2,y_2,z_2,vx_2,vy_2,vz_2,mass_3,radius_3,x_3,y_3,z_3,vx_3,vy_3,vz_3,mass_4,radius_4,x_4,y_4,z_4,vx_4,vy_4,vz_4,mass_5,radius_5,x_5,y_5,z_5,vx_5,vy_5,vz_5,mass_6,radius_6,x_6,y_6,z_6,vx_6,vy_6,vz_6,mass_7,radius_7,x_7,y_7,z_7,vx_7,vy_7,vz_7,mass_8,radius_8,x_8,y_8,z_8,vx_8,vy_8,vz_8
0,1.660120825375342e-07,1.631393540950981e-08,-0.2251064815091344,0.2408989331150339,0.0403372790521879,-9.590773665106282,-6.604208422250524,0.3403960822521493,2.447838287784771e-06,4.045378434654418e-08,0.6582353016241438,-0.307623294622539,-0.0422036044677185,3.085777704129886,6.66160367261024,-0.08682136442347703,3.040432648020684e-06,4.437104331057835e-07,0.1375434473541428,0.9747201969957635,-2.856204317070068e-05,-6.324560537911122,0.854495789880591,-1.2293350774560996e-05,3.2271560375549955e-07,2.270212793877687e-08,-1.017116231358103,1.293447262845209,0.05207604379043025,-3.8242904156906,-2.7243037738879563,0.03681879613487595,0.0009547919099366768,4.778945025452157e-07,3.842673311131722,3.150205149102061,-0.09907309842406885,-1.7824062053102734,2.2647458095904933,0.030481137999200908,0.0002858856700231729,4.0286669668487467e-07,-8.971977270417888,-3.628953091433528,0.4203040458476029,0.6525973177421404,-1.8917680493058757,0.006932490125590438,4.3662496132004074e-05,1.708513622580592e-07,20.04294997614898,1.140918259614445,-0.2553944901399268,-0.09358009395533345,1.369018131999135,0.006302893437535583,5.151383772628657e-05,1.6553711549585576e-07,25.99055047709508,-14.98617290096956,-0.2902659264647015,0.5637041980897617,1.0017610374249353,-0.03358984815577988
