,flag,epoch,sbx,sby,sbz,sbvx,sbvy,sbvz
0,1.0,2457880.0,-2.5880155975864216,-0.5375490995543367,0.2925224768051054,0.9867124144848549,-3.474169667464952,0.21777587031370083
1,1.0,2457880.0,-2.588015549761986,-0.537549148509377,0.2925224840984714,0.9867125074316122,-3.474169699170152,0.21777586268607096
