,flag,epoch,sbx,sby,sbz,sbvx,sbvy,sbvz
0,1.0,2458211.5,-1.5238066365989056,2.1463678140756977,-0.1856177776771602,-3.1564043543988447,-1.7998608722676277,0.3060338476838901
