,flag,epoch,sbx,sby,sbz,sbvx,sbvy,sbvz
0,1.0,2457659.5,24.691838601007944,38.00516700890064,-10.618997874718861,-0.7090601588875055,0.4195526293404307,-0.3039507427526391
