,flag,epoch,sbx,sby,sbz,sbvx,sbvy,sbvz
0,1,2457142.5,2.5890082300889565,1.0936132830033207,-0.7677330570474897,-1.0214066639714863,3.549435007210813,-0.0250044884610359
