,mass_1,radius_1,x_1,y_1,z_1,vx_1,vy_1,vz_1,mass_2,radius_2,x_2,y_2,z_2,vx_2,vy_2,vz_2,mass_3,radius_3,x_3,y_3,z_3,vx_3,vy_3,vz_3,mass_4,radius_4,x_4,y_4,z_4,vx_4,vy_4,vz_4,mass_5,radius_5,x_5,y_5,z_5,vx_5,vy_5,vz_5,mass_6,radius_6,x_6,y_6,z_6,vx_6,vy_6,vz_6,mass_7,radius_7,x_7,y_7,z_7,vx_7,vy_7,vz_7,mass_8,radius_8,x_8,y_8,z_8,vx_8,vy_8,vz_8
0,1.660120825375342e-07,1.631393540950981e-08,-0.2440211952907146,-0.3897055501769308,-0.00945270754176108,6.634925364811873,-4.964300717753958,-1.0143695241617061,2.447838287784771e-06,4.045378434654418e-08,0.2869351516113238,0.661675671024488,-0.007493068871878205,-6.801905662671593,2.905029557769824,0.4323627740380292,3.040432648020684e-06,4.437104331057835e-07,0.1204171436641723,0.9768896630859527,-3.034513472112427e-05,-6.338990241051165,0.7452778859904937,-1.811009144042674e-05,3.2271560375549955e-07,2.270212793877687e-08,-1.408119695563778,0.8855224013046806,0.05311732317239028,-2.5289179068904235,-3.8904807824698855,-0.019439739817639252,0.0009547919099366768,4.778945025452157e-07,-1.204740393235531,5.044017055337085,0.006009831287884541,-2.7165912699718575,-0.5102143531434977,0.06290783550660067,0.0002858856700231729,4.0286669668487467e-07,-6.947600593585724,-7.008756596204394,0.3984609795854755,1.3342779903245634,-1.440188005369214,-0.02810806750729208,4.3662496132004074e-05,1.708513622580592e-07,19.65858309090323,3.860164469077616,-0.2402784616412604,-0.28935967714222494,1.3419415369728078,0.008760010763084556,5.151383772628657e-05,1.6553711549585576e-07,27.04091371811698,-12.94029362892654,-0.3565873342400335,0.4851393474303172,1.0402373129687064,-0.03261825829118013
