,flag,epoch,sbx,sby,sbz,sbvx,sbvy,sbvz
0,1.0,2457350.5,1.645990320625622,3.1367578939037277,-1.2731301276670046,4.338988847531425,-0.935746930977277,0.44831760881463906
