,flag,epoch,sbx,sby,sbz,sbvx,sbvy,sbvz
0,1,2457680.0,0.6694555032530521,2.682300060499982,-0.05632138822434607,-3.6208582761893147,0.9277997856405796,0.6235823381755782
