,flag,epoch,sbx,sby,sbz,sbvx,sbvy,sbvz
0,1.0,2457270.0,-3.1752904846897496,0.14197466637244016,-0.3324598575095159,-0.052733715821181776,-3.4136245146992423,-1.2000332324398686
1,1.0,2457270.0,-3.1752904263777015,0.14197481941102114,-0.33245971116120465,-0.05273391458153652,-3.4136245588446927,-1.200033294057037
