,flag,epoch,sbx,sby,sbz,sbvx,sbvy,sbvz
0,1.0,2457335.5,-38.49188677793372,-16.008850778056058,0.26348518441127233,0.3096388376031279,-0.9449950298770888,-0.06019493585481261
