,flag,epoch,sbx,sby,sbz,sbvx,sbvy,sbvz
0,1.0,2457390.0,-15.455603685687528,-31.748782135832442,11.288943442748302,1.0779390407596778,-0.43005171454171826,-0.06464952216905583
