,flag,epoch,sbx,sby,sbz,sbvx,sbvy,sbvz
0,1.0,2459619.5,5.36786493982411,-3.7913976054516363,1.112968257700597,0.9553016149264372,2.9381467717940555,0.10739876579820971
