,flag,epoch,sbx,sby,sbz,sbvx,sbvy,sbvz
0,1,2457590.0,-0.8093439378561136,3.0469908106522294,-0.3034688391355045,-3.1893935112135936,-0.9193712300376852,0.5985243488353891
