,flag,epoch,sbx,sby,sbz,sbvx,sbvy,sbvz
0,1.0,2457270.0,-27.318539518140085,31.503623115967425,0.0016775747969206556,-0.7264792424511821,-0.7185934375583581,-0.15040708938734307
