,flag,epoch,sbx,sby,sbz,sbvx,sbvy,sbvz
0,1.0,2457880.0,-0.5136235402737445,-2.3140386634384873,-0.01450348873061319,3.858555778679315,-0.9940646034230479,-0.5149124015475143
1,1.0,2457880.0,-0.5136235604666453,-2.3140386583093857,-0.014503488996593955,3.858555776985573,-0.9940646189349011,-0.5149123999139696
