,flag,epoch,sbx,sby,sbz,sbvx,sbvy,sbvz
0,1.0,2457458.5,32.64179901287783,37.5301027701613,-1.4235440224098572,-0.6698699162943388,0.4857198022518957,-0.08462293816121383
