,mass_1,radius_1,x_1,y_1,z_1,vx_1,vy_1,vz_1,mass_2,radius_2,x_2,y_2,z_2,vx_2,vy_2,vz_2,mass_3,radius_3,x_3,y_3,z_3,vx_3,vy_3,vz_3,mass_4,radius_4,x_4,y_4,z_4,vx_4,vy_4,vz_4,mass_5,radius_5,x_5,y_5,z_5,vx_5,vy_5,vz_5,mass_6,radius_6,x_6,y_6,z_6,vx_6,vy_6,vz_6,mass_7,radius_7,x_7,y_7,z_7,vx_7,vy_7,vz_7,mass_8,radius_8,x_8,y_8,z_8,vx_8,vy_8,vz_8
0,1.660120825375342e-07,1.631393540950981e-08,-0.3744030401424362,-0.2094736244793238,0.01723181834806108,2.90210831491411,-8.517963783159974,-0.9622665249429918,2.447838287784771e-06,4.045378434654418e-08,0.08186489850393322,0.7153702615345319,0.005085021887988481,-7.364699214575409,0.8023402277639566,0.43599081595676237,3.040432648020684e-06,4.437104331057835e-07,-0.5203135713165195,0.8353947315300476,-2.900733997408483e-05,-5.436275916550561,-3.3456126934217463,0.00015209373620220213,3.2271560375549955e-07,2.270212793877687e-08,1.254722336005019,0.6833819322215021,-0.01647287375626567,-2.2494918965899116,4.9257881677630575,0.15843025447803014,0.0009547919099366768,4.778945025452157e-07,-5.330041909175996,-1.16061472207868,0.1240857167849341,0.5537826615932789,-2.5654130042901304,-0.0017383166656019518,0.0002858856700231729,4.0286669668487467e-07,-1.759628266221021,-9.891344005480201,0.2419662827156014,1.8955489891777981,-0.36527535619155227,-0.06911408534027345,4.3662496132004074e-05,1.708513622580592e-07,18.30611247000823,7.898124433744217,-0.2076993762336213,-0.5787368166044313,1.2495513893074512,0.012140262176466575,5.151383772628657e-05,1.6553711549585576e-07,28.35696155989264,-9.630768707467716,-0.4551942327286391,0.36194036423373566,1.0900889172454926,-0.03083777150137331
