,flag,epoch,sbx,sby,sbz,sbvx,sbvy,sbvz
0,1.0,2457299.5,2.7518205198145047,-0.233231166926001,0.042995203320207905,0.5040042102162186,3.8033103294721426,-0.0031762548023207267
