,flag,epoch,sbx,sby,sbz,sbvx,sbvy,sbvz
0,1.0,2454510.0,18.014576622107292,38.56346530378311,-0.008599248785772673,-0.8830772489215499,0.44661918895148134,0.07878893727104451
