,mass_1,radius_1,x_1,y_1,z_1,vx_1,vy_1,vz_1,mass_2,radius_2,x_2,y_2,z_2,vx_2,vy_2,vz_2,mass_3,radius_3,x_3,y_3,z_3,vx_3,vy_3,vz_3,mass_4,radius_4,x_4,y_4,z_4,vx_4,vy_4,vz_4,mass_5,radius_5,x_5,y_5,z_5,vx_5,vy_5,vz_5,mass_6,radius_6,x_6,y_6,z_6,vx_6,vy_6,vz_6,mass_7,radius_7,x_7,y_7,z_7,vx_7,vy_7,vz_7,mass_8,radius_8,x_8,y_8,z_8,vx_8,vy_8,vz_8
0,1.660120825375342e-07,1.631393540950981e-08,-0.3655377733089135,0.06616509274273345,0.03894929443415746,-3.9627912456429244,-9.67025327931548,-0.4263998938604765,2.447838287784771e-06,4.045378434654418e-08,-0.2126014144170811,-0.6939990641300853,0.002770716239106251,7.013737564310131,-2.1949705909469186,-0.4348360215209057,3.040432648020684e-06,4.437104331057835e-07,-0.799188950180466,0.5796609311491976,-8.974084695101107e-06,-3.7920688322898486,-5.11028849583399,0.00010132960547786727,3.2271560375549955e-07,2.270212793877687e-08,-0.7233440445325504,1.456859823769988,0.04828731343264099,-4.384669159891853,-1.8387054184383367,0.06916606358515237,0.0009547919099366768,4.778945025452157e-07,0.4720337850022367,-5.210576579822079,0.01106770196253471,2.71329872239208,0.3793166192988441,-0.06229249981108908,0.0002858856700231729,4.0286669668487467e-07,-8.38125834250804,3.969664303393884,0.2644411823730533,-0.979275548154297,-1.8459769736294052,0.07113698372596776,4.3662496132004074e-05,1.708513622580592e-07,19.67475342896395,-4.084317402352488,-0.2699949284110781,0.2835357142683123,1.339612085291946,0.0012945157365570831,5.151383772628657e-05,1.6553711549585576e-07,23.55008442236189,-18.65102408751119,-0.1586864690307142,0.7065299720618268,0.905567426288286,-0.03492054740552142
