,flag,epoch,sbx,sby,sbz,sbvx,sbvy,sbvz
0,1,2457005.5,-1.7649607499835365,2.781086374633147,-0.2248457083694674,-2.9368300033462784,-1.1951283473485583,-1.2404269076758543
