,mass_1,radius_1,x_1,y_1,z_1,vx_1,vy_1,vz_1,mass_2,radius_2,x_2,y_2,z_2,vx_2,vy_2,vz_2,mass_3,radius_3,x_3,y_3,z_3,vx_3,vy_3,vz_3,mass_4,radius_4,x_4,y_4,z_4,vx_4,vy_4,vz_4,mass_5,radius_5,x_5,y_5,z_5,vx_5,vy_5,vz_5,mass_6,radius_6,x_6,y_6,z_6,vx_6,vy_6,vz_6,mass_7,radius_7,x_7,y_7,z_7,vx_7,vy_7,vz_7,mass_8,radius_8,x_8,y_8,z_8,vx_8,vy_8,vz_8
0,1.660120825375342e-07,1.631393540950981e-08,0.2847867800894011,0.158661696838009,-0.0131614278209913,-7.008126354224284,0.0,0.0,2.447838287784771e-06,4.045378434654418e-08,0.7102188902118568,0.1442085696503951,-0.03900602226321721,-1.4975889717751247,0.0,0.0,3.040432648020684e-06,4.437104331057835e-07,-0.9404718460784993,0.3127889647158295,-9.387218609925697e-06,-2.0852823718158904,0.0,0.0,3.2271560375549955e-07,2.270212793877687e-08,-1.160037048661261,-1.057256133882392,0.006315218685190018,3.6347620292319354,0.0,0.0,0.0009547919099366768,4.778945025452157e-07,-3.969362874247994,-3.692534070440592,0.1041532044196337,1.845670366502335,-1.889876505431787,-0.03344978143864726,0.0002858856700231729,4.0286669668487467e-07,0.3653515776223186,-10.05756652668311,0.1602716483616201,1.926633172896973,0.06607382697738792,-0.07782590046997206,4.3662496132004074e-05,1.708513622580592e-07,17.61055517958942,9.256723201530441,-0.1936520547608478,-0.6769597644032216,1.2027920368470149,0.013219190661439938,5.151383772628657e-05,1.6553711549585576e-07,28.73284899383791,-8.414848845743593,-0.4889446165612413,0.3166749041783056,1.1055626231755273,-0.03010116497364086
