,flag,epoch,sbx,sby,sbz,sbvx,sbvy,sbvz
0,1,2457130.0,0.10870040672824532,-2.784158405874269,0.6945616196964425,3.795455799826478,0.09185203957959491,-0.9037936942074414
