,flag,epoch,sbx,sby,sbz,sbvx,sbvy,sbvz
0,1.0,2458264.5,-2.5394585332134443,0.9820074926311245,0.16370269583258246,-1.5667155856881676,-3.4444889526339155,0.510423568449629
