,flag,epoch,sbx,sby,sbz,sbvx,sbvy,sbvz
0,1.0,2457521.5,1.441944120037708,1.2856437870277626,0.07780255855166815,-3.323277195309866,3.781599288975868,0.26505000391302325
