,flag,epoch,sbx,sby,sbz,sbvx,sbvy,sbvz
0,1.0,2458080.5,-3.0543430174134905,-0.9612442634109475,0.2734998680490268,0.6091010599486535,-3.4680926182326606,0.01656424764051625
