,mass_1,radius_1,x_1,y_1,z_1,vx_1,vy_1,vz_1,mass_2,radius_2,x_2,y_2,z_2,vx_2,vy_2,vz_2,mass_3,radius_3,x_3,y_3,z_3,vx_3,vy_3,vz_3,mass_4,radius_4,x_4,y_4,z_4,vx_4,vy_4,vz_4,mass_5,radius_5,x_5,y_5,z_5,vx_5,vy_5,vz_5,mass_6,radius_6,x_6,y_6,z_6,vx_6,vy_6,vz_6,mass_7,radius_7,x_7,y_7,z_7,vx_7,vy_7,vz_7,mass_8,radius_8,x_8,y_8,z_8,vx_8,vy_8,vz_8
0,1.660120825375342e-07,1.631393540950981e-08,-0.1716346899981086,0.2717030630191383,0.03794730216756754,-10.758626281048805,-5.0917305800259625,0.5709669466110628,2.447838287784771e-06,4.045378434654418e-08,-0.4609662043290489,0.5500225227609764,0.03414207065116074,-5.687770044809151,-4.78512751029331,0.2626098271335579,3.040432648020684e-06,4.437104331057835e-07,0.3133195730591038,-0.9671683771589433,3.447273989784391e-05,5.875616512922019,1.913195732540424,-9.76230487875036e-05,3.2271560375549955e-07,2.270212793877687e-08,-0.05004179481798202,-1.45839227134776,-0.02933339344805537,5.300907219057652,0.2644173961755941,-0.1245548955893304,0.0009547919099366768,4.778945025452157e-07,-5.437926899993621,0.2404362132769029,0.1206818780631757,-0.15483971653968506,-2.625866419172378,0.014369567739598297,0.0002858856700231729,4.0286669668487467e-07,-2.764907022005993,-9.64018746467504,0.2776242293534562,1.847582120535217,-0.570096589449118,-0.06365367795377402,4.3662496132004074e-05,1.708513622580592e-07,18.60364211159389,7.222117347832113,-0.2140675391814111,-0.5300911739916713,1.2696342001395875,0.011593475851402356,5.151383772628657e-05,1.6553711549585576e-07,28.1569123205654,-10.21362283872474,-0.4385548213100845,0.3835914692096809,1.0821464175994804,-0.031173877080625932
