,flag,epoch,sbx,sby,sbz,sbvx,sbvy,sbvz
0,1.0,2457696.5,39.65771491122628,3.746633745438505,-1.3106251365693247,0.1064247927837897,1.1109192669037031,-0.28472784438396376
