,flag,epoch,sbx,sby,sbz,sbvx,sbvy,sbvz
0,1.0,2457768.5,1.3860985433514932,2.4284728012412464,0.38339742819067363,-3.319682051597415,2.0054469733535085,-0.06973300267852732
