,flag,epoch,sbx,sby,sbz,sbvx,sbvy,sbvz
0,1.0,2457120.0,-1.51827923417311,-2.7309888143765564,-0.779872974954783,2.9538415030662177,-1.1779534591665912,0.17589226585549902
