,flag,epoch,sbx,sby,sbz,sbvx,sbvy,sbvz
0,1.0,2457870.0,-2.389025968637376,-0.12581566989618045,0.048526725365550305,0.6512269975106696,-4.042646537066988,0.4427847582084015
1,1.0,2457870.0,-2.3890259529217786,-0.1258156662816082,0.048526722177008805,0.6512270200417963,-4.0426465543104575,0.4427847686515287
