,mass_1,radius_1,x_1,y_1,z_1,vx_1,vy_1,vz_1,mass_2,radius_2,x_2,y_2,z_2,vx_2,vy_2,vz_2,mass_3,radius_3,x_3,y_3,z_3,vx_3,vy_3,vz_3,mass_4,radius_4,x_4,y_4,z_4,vx_4,vy_4,vz_4,mass_5,radius_5,x_5,y_5,z_5,vx_5,vy_5,vz_5,mass_6,radius_6,x_6,y_6,z_6,vx_6,vy_6,vz_6,mass_7,radius_7,x_7,y_7,z_7,vx_7,vy_7,vz_7,mass_8,radius_8,x_8,y_8,z_8,vx_8,vy_8,vz_8
0,1.660120825375342e-07,1.631393540950981e-08,-0.39192081854208,-0.1339515753133613,0.02501039154330614,1.1948969648613201,-9.27998014255751,-0.8678990468738227,2.447838287784771e-06,4.045378434654418e-08,0.6976757536482515,0.1952337339007342,-0.03758333497519352,-2.016581112597555,7.081344385652078,0.2134615702275028,3.040432648020684e-06,4.437104331057835e-07,-0.7732508981110499,-0.645632207555004,2.742911207617566e-05,3.9250468435756485,-4.847116245179698,0.00016107691842966344,3.2271560375549955e-07,2.270212793877687e-08,-0.9959376847748022,-1.188514946334779,-0.0004632981702403583,4.109487698844949,-2.8449732823844593,-0.16047651722086606,0.0009547919099366768,4.778945025452157e-07,-5.382701128612776,0.7489690286212609,0.1173342282134834,-0.4131279673099984,-2.602234088990322,0.020050752886775238,0.0002858856700231729,4.0286669668487467e-07,-3.121899014542461,-9.522265228228887,0.2897887535921296,1.8249553720782914,-0.6430524407535446,-0.0614883435874503,4.3662496132004074e-05,1.708513622580592e-07,18.70496012134285,6.974645227635382,-0.2163016160995438,-0.5123252525017252,1.2764979290450247,0.011391293776612722,5.151383772628657e-05,1.6553711549585576e-07,28.08159000381693,-10.42369385060526,-0.4324835045564808,0.3913800296560395,1.0792067824964204,-0.03129270855870417
