,mass_1,radius_1,x_1,y_1,z_1,vx_1,vy_1,vz_1,mass_2,radius_2,x_2,y_2,z_2,vx_2,vy_2,vz_2,mass_3,radius_3,x_3,y_3,z_3,vx_3,vy_3,vz_3,mass_4,radius_4,x_4,y_4,z_4,vx_4,vy_4,vz_4,mass_5,radius_5,x_5,y_5,z_5,vx_5,vy_5,vz_5,mass_6,radius_6,x_6,y_6,z_6,vx_6,vy_6,vz_6,mass_7,radius_7,x_7,y_7,z_7,vx_7,vy_7,vz_7,mass_8,radius_8,x_8,y_8,z_8,vx_8,vy_8,vz_8
0,1.660120825375342e-07,1.631393540950981e-08,0.3442205147410987,-0.182170325857711,-0.04647231956197805,2.7952275807710367,9.55157693719902,0.5238209137351295,2.447838287784771e-06,4.045378434654418e-08,0.7230434378203436,0.0549418964589906,-0.0409813469767315,-0.5895611520203435,7.332600224190243,0.13434711156121673,3.040432648020684e-06,4.437104331057835e-07,0.7056180377475948,0.6958512912163815,-9.417482677148323e-06,-4.5146627790464455,4.451020506361574,-5.5816653846306696e-05,3.2271560375549955e-07,2.270212793877687e-08,1.037347293671097,1.028157245434858,-0.00394082669776751,-3.4035489739794587,4.0665287928092395,0.16881999425498542,0.0009547919099366768,4.778945025452157e-07,-4.700225994113439,-2.748739715525128,0.1165888223995212,1.358235600545654,-2.2514865562737967,-0.02104646625060192,0.0002858856700231729,4.0286669668487467e-07,-5.188446092200942,7.473383747367042,0.07636839124140374,-1.7822984892996567,-1.1684576782368086,0.09125020919896945,4.3662496132004074e-05,1.708513622580592e-07,18.78934222816601,-7.056333775789628,-0.2695843299918205,0.49516686109331853,1.2756546984007815,-0.0016498819297256257,5.151383772628657e-05,1.6553711549585576e-07,21.8624366190959,-20.62977023643775,-0.07902439638865433,0.7800794414357901,0.8383713910292121,-0.03526708372628886
