,flag,epoch,sbx,sby,sbz,sbvx,sbvy,sbvz
0,1,2457645.5,-2.2683179244668237,-1.3534658895790832,0.28825166169767763,1.5965304867534431,-3.419782977757757,-0.7896928581832029
