,flag,epoch,sbx,sby,sbz,sbvx,sbvy,sbvz
0,1,2457322.5,1.7922316833000944,-0.425970012504722,-0.048234111726442444,1.0880745474221274,4.898206474890699,-0.6134700517759434
