,flag,epoch,sbx,sby,sbz,sbvx,sbvy,sbvz
0,1.0,2456160.0,0.32402552394034845,1.9339275211763594,-0.01792489038674438,-4.510924762780164,1.3918085066806671,-0.33861920639420917
