,flag,epoch,sbx,sby,sbz,sbvx,sbvy,sbvz
0,1.0,2456500.0,-1.5085768955875556,2.7058402579778242,0.29188425957730646,-2.9871546663534527,-1.365165219973145,0.42655903947055146
