,mass_1,radius_1,x_1,y_1,z_1,vx_1,vy_1,vz_1,mass_2,radius_2,x_2,y_2,z_2,vx_2,vy_2,vz_2,mass_3,radius_3,x_3,y_3,z_3,vx_3,vy_3,vz_3,mass_4,radius_4,x_4,y_4,z_4,vx_4,vy_4,vz_4,mass_5,radius_5,x_5,y_5,z_5,vx_5,vy_5,vz_5,mass_6,radius_6,x_6,y_6,z_6,vx_6,vy_6,vz_6,mass_7,radius_7,x_7,y_7,z_7,vx_7,vy_7,vz_7,mass_8,radius_8,x_8,y_8,z_8,vx_8,vy_8,vz_8
0,1.660120825375342e-07,1.631393540950981e-08,0.3028328801772858,0.1320561141846398,-0.01700211824483662,-6.106639374551486,9.87551864433401,1.3672109059650932,2.447838287784771e-06,4.045378434654418e-08,0.4127801249476639,-0.5990374434622688,-0.03202132298848439,6.033725837285258,4.16622353535806,-0.29123509876523634,3.040432648020684e-06,4.437104331057835e-07,-0.6216656003821808,-0.7964454377926682,1.307897506494771e-05,4.851407864404315,-3.8901520694304312,5.0467242046492736e-05,3.2271560375549955e-07,2.270212793877687e-08,-1.207269538249618,1.132878385271126,0.05339467308553682,-3.304757132535728,-3.2913722332097195,0.012218664304341488,0.0009547919099366768,4.778945025452157e-07,-3.86178131067292,-3.801102607956252,0.1021954393900145,1.9008001113180024,-1.8362665805593688,-0.03491141076301916,0.0002858856700231729,4.0286669668487467e-07,-6.063229143729844,6.82542380363545,0.1224541287136442,-1.631318542801078,-1.3594388807976157,0.08857932665976279,4.3662496132004074e-05,1.708513622580592e-07,19.03092682408608,-6.398794249731591,-0.2702600987097856,0.4484894692388767,1.292771780881961,-0.0009897757230879541,5.151383772628657e-05,1.6553711549585576e-07,22.25777367328932,-20.19657665982798,-0.09706796613013371,0.7642402754435094,0.8538906431207103,-0.03521636777970425
