,flag,epoch,sbx,sby,sbz,sbvx,sbvy,sbvz
0,1.0,2454815.5,-37.021514091547125,11.83092812950484,17.94878600729765,-0.30454079224334396,-0.8881616332013526,0.30669197965969686
