,flag,epoch,sbx,sby,sbz,sbvx,sbvy,sbvz
0,1.0,2456890.0,0.09183335238853163,3.098719356309882,-0.4064774299092692,-3.4714905014771356,0.0284462760332239,-0.32294614484782874
1,1.0,2456890.0,0.09183337939418812,3.0987193935123534,-0.4064774207047832,-3.471490467601459,0.02844629581548571,-0.3229461728444559
