,flag,epoch,sbx,sby,sbz,sbvx,sbvy,sbvz
0,1.0,2457756.5,1.4722933132224076,1.6279020258931034,-0.012072275693052194,-2.415605020080533,3.602494170366372,-0.20674068372635285
