,flag,epoch,sbx,sby,sbz,sbvx,sbvy,sbvz
0,1.0,2456540.0,0.8140730494072744,1.6584711053231769,0.8671654802576725,-4.102373094228579,2.5018731340964595,0.5141378570912404
1,1.0,2456540.0,0.8140729502773332,1.6584711239914234,0.8671654998472325,-4.102373193465679,2.501873025323668,0.5141378533361272
