,flag,epoch,sbx,sby,sbz,sbvx,sbvy,sbvz
0,1,2457420.0,-2.753731619536662,1.3049452958815135,-0.4186764269671059,-1.7362131296029837,-3.088872306822007,-0.25850606639201845
