,flag,epoch,sbx,sby,sbz,sbvx,sbvy,sbvz
0,1.0,2456300.0,2.677996986867088,0.8326094821411689,0.7724153185328236,-1.7083556128885817,3.3367463704036835,0.31347657110498856
1,1.0,2456300.0,2.6779969006224125,0.8326096475637825,0.7724153574978235,-1.7083557453866567,3.336746351024484,0.31347640636838303
