,flag,epoch,sbx,sby,sbz,sbvx,sbvy,sbvz
0,1,2457080.5,-3.439727333731309,0.8871945220953532,0.26700641272060044,-1.3281293681042121,-2.8277477132891713,-0.026702589280360154
