,flag,epoch,sbx,sby,sbz,sbvx,sbvy,sbvz
0,1.0,2457750.0,2.1603448443140003,1.0627983381056345,-0.30492812323456936,-1.755141869637643,3.515637870569569,0.2020914436765363
1,1.0,2457750.0,2.160344849784578,1.0627983588552845,-0.3049281248587593,-1.7551418663522942,3.5156378372195483,0.20209147909416159
