,flag,epoch,sbx,sby,sbz,sbvx,sbvy,sbvz
0,1.0,2451720.0,16.714484944071486,24.834339898485077,0.21720503174407368,-0.9823997657408964,0.7342865536922174,0.37710105649665104
