,flag,epoch,sbx,sby,sbz,sbvx,sbvy,sbvz
0,1.0,2457600.0,-1.10153841769232,2.1384665865641495,-0.04710012955944297,-3.391754744365085,-2.0260582117144947,0.49665816731277906
1,1.0,2457600.0,-1.101538381483908,2.138466633826274,-0.04710015268436872,-3.3917547450077117,-2.026058123030176,0.49665818973047066
