,mass_1,radius_1,x_1,y_1,z_1,vx_1,vy_1,vz_1,mass_2,radius_2,x_2,y_2,z_2,vx_2,vy_2,vz_2,mass_3,radius_3,x_3,y_3,z_3,vx_3,vy_3,vz_3,mass_4,radius_4,x_4,y_4,z_4,vx_4,vy_4,vz_4,mass_5,radius_5,x_5,y_5,z_5,vx_5,vy_5,vz_5,mass_6,radius_6,x_6,y_6,z_6,vx_6,vy_6,vz_6,mass_7,radius_7,x_7,y_7,z_7,vx_7,vy_7,vz_7,mass_8,radius_8,x_8,y_8,z_8,vx_8,vy_8,vz_8
0,1.660120825375342e-07,1.631393540950981e-08,0.2281110190030913,-0.3661425902756354,-0.05084561520881273,6.670139801322177,5.939414220482811,-0.12660632838159935,2.447838287784771e-06,4.045378434654418e-08,-0.5103022283177465,0.5044356059109035,0.03636431265107035,-5.2202244399146105,-5.292802639538271,0.22866075059956678,3.040432648020684e-06,4.437104331057835e-07,-0.8917190134936965,0.4286955265131426,-1.183886898789085e-05,-2.8250113095528433,-5.686929883246723,0.00023018516509732879,3.2271560375549955e-07,2.270212793877687e-08,0.9978411003397687,1.073416745517699,-0.001995038234675229,-3.5491587906700923,3.9164279925010956,0.16917511646540961,0.0009547919099366768,4.778945025452157e-07,-5.276563798651268,-1.384221465101993,0.123817632385665,0.6668330405014116,-2.5383141857486415,-0.004380600736620124,0.0002858856700231729,4.0286669668487467e-07,-1.593297897697298,-9.92186635288632,0.2358751479896544,1.9013682741173386,-0.3314763743108434,-0.06993159442655902,4.3662496132004074e-05,1.708513622580592e-07,18.2550640013585,8.007447900824317,-0.2066319196944532,-0.5865988672732103,1.2460926049883194,0.012227655954235314,5.151383772628657e-05,1.6553711549585576e-07,28.38851672986078,-9.535209941823565,-0.4578935268482823,0.35840634066315996,1.091338954736532,-0.030782036083168308
