,flag,epoch,sbx,sby,sbz,sbvx,sbvy,sbvz
0,1.0,2457690.0,-0.6523753405066025,-2.309916231323467,-0.025734332914896338,3.9651522195997195,-0.48381797517452185,-0.5149412536888135
1,1.0,2457690.0,-0.6523753597769215,-2.309916229596271,-0.02573432795434656,3.9651522072907475,-0.4838179919564543,-0.5149412535400031
