,flag,epoch,sbx,sby,sbz,sbvx,sbvy,sbvz
0,1,2453799.5,-17.13464767121308,-24.773462393072794,-0.2727763047211624,1.0699074580724826,-0.6807103224517955,0.12476095403672598
