,mass_1,radius_1,x_1,y_1,z_1,vx_1,vy_1,vz_1,mass_2,radius_2,x_2,y_2,z_2,vx_2,vy_2,vz_2,mass_3,radius_3,x_3,y_3,z_3,vx_3,vy_3,vz_3,mass_4,radius_4,x_4,y_4,z_4,vx_4,vy_4,vz_4,mass_5,radius_5,x_5,y_5,z_5,vx_5,vy_5,vz_5,mass_6,radius_6,x_6,y_6,z_6,vx_6,vy_6,vz_6,mass_7,radius_7,x_7,y_7,z_7,vx_7,vy_7,vz_7,mass_8,radius_8,x_8,y_8,z_8,vx_8,vy_8,vz_8
0,1.660120825375342e-07,1.631393540950981e-08,-0.3729119823031237,-0.2137574910897894,0.0167438382092322,2.9957560729789376,-8.46499967191714,-0.9665323822577708,2.447838287784771e-06,4.045378434654418e-08,-0.6199728563467827,-0.3694996398525345,0.03070788160511258,3.730374619396865,-6.380614113976194,-0.3027939242053673,3.040432648020684e-06,4.437104331057835e-07,0.2069490563101659,-0.9954086311893491,4.178591008224536e-05,6.050177049340003,1.2554677339296625,-7.694845759599374e-05,3.2271560375549955e-07,2.270212793877687e-08,0.4787098573968693,-1.335323808659929,-0.03972620425497086,5.004059533596553,2.163548599551196,-0.0774630135208423,0.0009547919099366768,4.778945025452157e-07,-3.291897349466582,-4.276100772689954,0.09141800607503303,2.1527217017942513,-1.5528982454214464,-0.041719887333603344,0.0002858856700231729,4.0286669668487467e-07,1.015537524192476,-10.01290903829121,0.1336199085804892,1.917787204665546,0.198010177684666,-0.07976153720070654,4.3662496132004074e-05,1.708513622580592e-07,17.37668211769084,9.660774941563211,-0.1891286837181813,-0.7063316521912911,1.1870736983775825,0.013534215610010367,5.151383772628657e-05,1.6553711549585576e-07,28.83755767978024,-8.040279883070165,-0.4990826227323187,0.30267252379974485,1.110002074045787,-0.02986515665566757
