,flag,epoch,sbx,sby,sbz,sbvx,sbvy,sbvz
0,1.0,2457459.5,-22.79496833994363,-21.511925876977127,4.253360823056493,0.6860698692460369,-0.9746958952011481,-0.3461390756584972
