,flag,epoch,sbx,sby,sbz,sbvx,sbvy,sbvz
0,1.0,2457277.5,-37.5894383612981,-15.656085113763368,1.0806267188824248,0.39450110430215085,-0.9277412287807719,-0.04218796093720928
