,mass_1,radius_1,x_1,y_1,z_1,vx_1,vy_1,vz_1,mass_2,radius_2,x_2,y_2,z_2,vx_2,vy_2,vz_2,mass_3,radius_3,x_3,y_3,z_3,vx_3,vy_3,vz_3,mass_4,radius_4,x_4,y_4,z_4,vx_4,vy_4,vz_4,mass_5,radius_5,x_5,y_5,z_5,vx_5,vy_5,vz_5,mass_6,radius_6,x_6,y_6,z_6,vx_6,vy_6,vz_6,mass_7,radius_7,x_7,y_7,z_7,vx_7,vy_7,vz_7,mass_8,radius_8,x_8,y_8,z_8,vx_8,vy_8,vz_8
0,1.660120825375342e-07,1.631393540950981e-08,0.3598965321867215,-0.05600101945578772,-0.03759285195212896,-0.40890693013133694,10.61403150251532,0.9048169766537166,2.447838287784771e-06,4.045378434654418e-08,-0.5541222207411565,-0.4639689219791294,0.02561198877003348,4.690316844152944,-5.699166205243848,-0.3488382725044036,3.040432648020684e-06,4.437104331057835e-07,0.4219675992591286,0.8920084008074527,-3.926708673108004e-05,-5.782640972961243,2.6637615785086495,-8.810139756776906e-05,3.2271560375549955e-07,2.270212793877687e-08,-1.652278013781092,0.05477852013495964,0.04169781089263145,0.021524817125152036,-4.671694025281237,-0.09842477238989653,0.0009547919099366768,4.778945025452157e-07,-4.417099185384511,-3.16863829353727,0.11199629112753,1.5747074150253277,-2.1115753418887127,-0.026467717676235947,0.0002858856700231729,4.0286669668487467e-07,-0.1386364717195194,-10.06147754377507,0.1803985948712953,1.9276131027304986,-0.03616519961559854,-0.07609409349033136,4.3662496132004074e-05,1.708513622580592e-07,17.78455979825915,8.940699478292025,-0.197075609327588,-0.6540206367662242,1.2144736270326917,0.012968879307861664,5.151383772628657e-05,1.6553711549585576e-07,28.64863656524667,-8.703453763120688,-0.4810503381138382,0.3274645235264526,1.102024450680475,-0.03028210447262615
