,flag,epoch,sbx,sby,sbz,sbvx,sbvy,sbvz
0,1.0,2456160.0,-26.25866197150077,-20.770117205197465,0.14140071399961673,0.6013532256872393,-0.9948668422291976,-0.027612656017068873
