,flag,epoch,sbx,sby,sbz,sbvx,sbvy,sbvz
0,1.0,2457290.0,1.7365900807913877,-1.4938662332284034,0.2854684003268883,3.3355284345305973,2.918585320391066,0.08695924553305902
