,flag,epoch,sbx,sby,sbz,sbvx,sbvy,sbvz
0,1.0,2457790.0,-1.635653584801273,1.7064989584965202,0.17016943128694847,-2.68761855370579,-2.992186895252502,0.3724549198407071
1,1.0,2457790.0,-1.6356536048593393,1.7064989728766395,0.17016943568769127,-2.6876185366277308,-2.9921868542780765,0.37245491071735026
