,flag,epoch,sbx,sby,sbz,sbvx,sbvy,sbvz
0,1,2457291.5,2.6896840326088545,0.6358587952897137,-0.39758595080768333,-0.5714885863343951,3.535288332644511,-0.8937586318582759
