,flag,epoch,sbx,sby,sbz,sbvx,sbvy,sbvz
0,1,2453207.5,27.783987145755454,-34.69232282384171,0.8822326392559339,0.7536342160480913,0.5485488292229913,0.024207756123482808
