,flag,epoch,sbx,sby,sbz,sbvx,sbvy,sbvz
0,1.0,2456920.0,40.83601672069746,9.830211898157234,-0.4941580424876174,-0.1907561222712287,0.9696314599778331,0.006732963464107515
