,flag,epoch,sbx,sby,sbz,sbvx,sbvy,sbvz
0,1.0,2457660.0,-31.991237272080667,-24.050271901848994,4.949164197441286,0.5898349243762068,-0.7266831661148508,-0.36162334339349295
