,flag,epoch,sbx,sby,sbz,sbvx,sbvy,sbvz
0,1.0,2455303.5,-32.44918346972518,7.927007125282607,15.966666269578253,-0.3817633013094502,-1.0491677972412972,0.01871699671611017
