,flag,epoch,sbx,sby,sbz,sbvx,sbvy,sbvz
0,1.0,2457110.0,1.8680724112102403,-0.8901248957401583,-0.2404570906655468,1.7259321368783078,4.332536513390633,-0.22561363062648684
1,1.0,2457110.0,1.8680723964535433,-0.8901249104344692,-0.24045707208131448,1.7259321585117031,4.332536524453637,-0.2256136759856356
