,flag,epoch,sbx,sby,sbz,sbvx,sbvy,sbvz
0,1,2457420.0,-2.2221123095252553,1.8516135630142043,0.5148394141784035,-2.225788661589315,-2.6819873792526496,-0.2714639954173014
