,flag,epoch,sbx,sby,sbz,sbvx,sbvy,sbvz
0,1.0,2457556.5,26.883178140005064,32.99575910809095,-13.412975287401597,-0.6421176990358963,0.5832487644908961,0.2766464745605278
