,flag,epoch,sbx,sby,sbz,sbvx,sbvy,sbvz
0,1,2457790.0,2.155782132038105,2.2081576899045285,-0.22527238995909013,-2.018682630512351,2.667107187641078,-0.40072474849665235
