,flag,epoch,sbx,sby,sbz,sbvx,sbvy,sbvz
0,1,2456027.5,30.256017813502424,18.722732516707723,0.731141166682149,-0.6075897876220426,0.8475231031720157,-0.5309573844162622
