,mass_1,radius_1,x_1,y_1,z_1,vx_1,vy_1,vz_1,mass_2,radius_2,x_2,y_2,z_2,vx_2,vy_2,vz_2,mass_3,radius_3,x_3,y_3,z_3,vx_3,vy_3,vz_3,mass_4,radius_4,x_4,y_4,z_4,vx_4,vy_4,vz_4,mass_5,radius_5,x_5,y_5,z_5,vx_5,vy_5,vz_5,mass_6,radius_6,x_6,y_6,z_6,vx_6,vy_6,vz_6,mass_7,radius_7,x_7,y_7,z_7,vx_7,vy_7,vz_7,mass_8,radius_8,x_8,y_8,z_8,vx_8,vy_8,vz_8
0,1.660120825375342e-07,1.631393540950981e-08,0.2161280685158784,-0.3763798262509836,-0.05058298012792721,6.857911011072372,5.625709847933282,-0.1695916873929819,2.447838287784771e-06,4.045378434654418e-08,0.4257604702087087,0.5831868980784252,-0.01658185740100268,-5.989724639434958,4.32414469061349,0.4049321781892367,3.040432648020684e-06,4.437104331057835e-07,-0.6639675128068899,0.7281006191296313,-1.985294939365418e-05,-4.745423335010852,-4.257798026892902,0.00013304964369195745,3.2271560375549955e-07,2.270212793877687e-08,-1.441416185491369,0.8317682315907025,0.05282074927485523,-2.362214966917225,-3.991037146873245,-0.0256216060524065,0.0009547919099366768,4.778945025452157e-07,3.590016518331377,3.44753632025833,-0.09465395024525117,-1.9442252083876472,2.1211019720850417,0.03469929109814157,0.0002858856700231729,4.0286669668487467e-07,-8.879983398912435,-3.883862377502701,0.4210763139945151,0.7048848940672104,-1.869846501666674,0.004465427403604034,4.3662496132004074e-05,1.708513622580592e-07,20.02935779933885,1.326388904303337,-0.2545285598614076,-0.10700268233957264,1.3680534094250054,0.006476121856352848,5.151383772628657e-05,1.6553711549585576e-07,26.06658532797228,-14.8502195584861,-0.294813927653253,0.5583871682872059,1.0045712165279284,-0.03352740144097105
