,mass_1,radius_1,x_1,y_1,z_1,vx_1,vy_1,vz_1,mass_2,radius_2,x_2,y_2,z_2,vx_2,vy_2,vz_2,mass_3,radius_3,x_3,y_3,z_3,vx_3,vy_3,vz_3,mass_4,radius_4,x_4,y_4,z_4,vx_4,vy_4,vz_4,mass_5,radius_5,x_5,y_5,z_5,vx_5,vy_5,vz_5,mass_6,radius_6,x_6,y_6,z_6,vx_6,vy_6,vz_6,mass_7,radius_7,x_7,y_7,z_7,vx_7,vy_7,vz_7,mass_8,radius_8,x_8,y_8,z_8,vx_8,vy_8,vz_8
0,1.660120825375342e-07,1.631393540950981e-08,-0.1651751541319493,-0.4347229398267429,-0.02035786880795016,7.540629196806236,-3.1419281471010323,-0.9486870095309541,2.447838287784771e-06,4.045378434654418e-08,0.6616453199593698,0.2938155959990132,-0.0341672684314626,-3.0225498005361455,6.719774379212485,0.2664032700289061,3.040432648020684e-06,4.437104331057835e-07,0.1750213795572531,-1.001499160783222,1.500347542359171e-05,6.087870982101146,1.0581150820638425,-2.3944508386041482e-05,3.2271560375549955e-07,2.270212793877687e-08,-1.5516048398211,0.6041596693635111,0.05077513371657246,-1.662948858159114,-4.326340644973945,-0.04979910821508874,0.0009547919099366768,4.778945025452157e-07,-3.592784197289172,-4.043424157538856,0.09718206825478183,2.027831900018896,-1.7025573000034933,-0.03830842842529606,0.0002858856700231729,4.0286669668487467e-07,-6.283556180390058,6.636049869831717,0.1345183857022456,-1.5874252760697831,-1.4070661287693016,0.08766579297907871,4.3662496132004074e-05,1.708513622580592e-07,19.09145885479061,-6.22152461036601,-0.2703834103631502,0.435873736276544,1.297116958643533,-0.0008116870745281916,5.151383772628657e-05,1.6553711549585576e-07,22.36209661941349,-20.07940127546052,-0.1018876590053905,0.7599108611094618,0.858037145409842,-0.03519907040763176
