,flag,epoch,sbx,sby,sbz,sbvx,sbvy,sbvz
0,1.0,2457580.0,0.06774352976522802,-2.39790250826144,0.25559766189279837,3.896213565861859,0.4779704833778188,0.08222704095874499
1,1.0,2457580.0,0.06774351693797587,-2.397902486011725,0.25559765769004084,3.896213603785887,0.47797048531692143,0.0822270399420674
