,flag,epoch,sbx,sby,sbz,sbvx,sbvy,sbvz
0,1.0,2456520.0,2.206402062941281,-0.02489689770921455,0.39143180910581465,-0.4355925342839652,4.383747050622824,-0.7027923196601116
1,1.0,2456520.0,2.2064019983370073,-0.024896892237763035,0.39143181977273006,-0.4355925505725749,4.3837471460541035,-0.7027924132650957
