,flag,epoch,sbx,sby,sbz,sbvx,sbvy,sbvz
0,1.0,2457680.0,0.9910732116199295,1.8793140184587482,0.057467485813805244,-3.859184140522079,2.308088887977883,-0.4100677129054532
1,1.0,2457680.0,0.9910732058121725,1.879314026651208,0.05746748484252445,-3.8591840898044985,2.3080889666938087,-0.41006769352467604
