,flag,epoch,sbx,sby,sbz,sbvx,sbvy,sbvz
0,1,2457430.0,1.266118480341604,-1.6310400472659135,0.08163573042939763,3.1971109670263997,3.1547631656652126,-0.09514166725161592
