,flag,epoch,sbx,sby,sbz,sbvx,sbvy,sbvz
0,1,2457336.5,45.29421951662019,-3.4547932539604247,-0.7941394591645662,-0.00021907182708043164,0.9148023538557691,-0.009110587143362017
