,flag,epoch,sbx,sby,sbz,sbvx,sbvy,sbvz
0,1.0,2453181.5,-28.245731248640656,-25.86993672457378,0.3168459906747283,0.7722690877278681,-0.7422828914823922,-0.20116902844775592
