,flag,epoch,sbx,sby,sbz,sbvx,sbvy,sbvz
0,1.0,2457522.5,47.23627862750157,8.500571081379743,-5.609048051027619,-0.22252217972530602,0.8459175065110276,0.014786585889938222
