,flag,epoch,sbx,sby,sbz,sbvx,sbvy,sbvz
0,1.0,2457180.0,-20.58414929614906,-24.67975846454995,5.133402676611284,1.020857269124391,-0.5685626454438161,0.25509946845114007
