,flag,epoch,sbx,sby,sbz,sbvx,sbvy,sbvz
0,1.0,2454893.5,42.5887455145239,-12.656688887430178,-2.0613655783670466,0.16641076247174186,0.921166297173793,0.0085347234872406
