,flag,epoch,sbx,sby,sbz,sbvx,sbvy,sbvz
0,1.0,2457490.0,2.069359872191977,-0.4788868137239104,0.1103261137822429,1.3290222179834397,4.240607131754904,0.4579698859975626
1,1.0,2457490.0,2.069359872360822,-0.4788868017305803,0.11032611926132017,1.3290221888447489,4.240607135623759,0.45796988869513644
