,flag,epoch,sbx,sby,sbz,sbvx,sbvy,sbvz
0,1.0,2453626.5,29.75330930729705,-34.279895497800666,-0.4188463196942549,0.5547720743666603,0.9457724215424156,-0.14362616627336414
