,flag,epoch,sbx,sby,sbz,sbvx,sbvy,sbvz
0,1.0,2454612.5,42.15721636603148,9.281496312992038,0.2148029371275723,-0.1732862448326666,0.9376598143818331,0.022275224339239126
