,flag,epoch,sbx,sby,sbz,sbvx,sbvy,sbvz
0,1.0,2457430.0,-1.869958825252871,1.4896878861977163,-0.9269444563685456,-2.5349480835135134,-3.0666192753952672,-0.18385076708557627
1,1.0,2457430.0,-1.8699588187742415,1.4896879287902003,-0.9269444880422942,-2.534948059771004,-3.066619223176639,-0.18385082190602173
