,flag,epoch,sbx,sby,sbz,sbvx,sbvy,sbvz
0,1,2456328.5,-16.95708757907224,-36.943750556057815,-6.01461529635884,0.792632021750291,-0.522943202578648,0.19971864764054154
