,flag,epoch,sbx,sby,sbz,sbvx,sbvy,sbvz
0,1.0,2457749.5,-50.81062581167596,-24.793773931374375,19.901282422502156,0.8749590637231855,-0.5061233948961138,-0.21507482077072457
