,flag,epoch,sbx,sby,sbz,sbvx,sbvy,sbvz
0,1.0,2456240.0,37.69389168257063,8.199865862678033,-2.625000993780806,-0.2823050923199338,0.9710616501878959,0.0708949799590696
