,flag,epoch,sbx,sby,sbz,sbvx,sbvy,sbvz
0,1.0,2456790.0,-32.077871803264465,-10.345990618034218,0.7178402429585209,0.27383249257534786,-1.1678375907788365,-0.05496808402143066
