,flag,epoch,sbx,sby,sbz,sbvx,sbvy,sbvz
0,1.0,2457770.0,-2.050191857189235,-0.8590752283533507,0.058832494009325935,1.9552492135900486,-3.820521143643252,0.4325350179916455
1,1.0,2457770.0,-2.050191852485599,-0.8590752104277704,0.05883249752213192,1.9552492266808776,-3.8205211445988176,0.43253515480251853
