,flag,epoch,sbx,sby,sbz,sbvx,sbvy,sbvz
0,1.0,2455110.5,-43.24361110776105,7.004137077340133,-0.040631115666008785,-0.1270624904312432,-0.965317318217109,0.002330797059707931
