,flag,epoch,sbx,sby,sbz,sbvx,sbvy,sbvz
0,1.0,2457230.0,-36.00854632927785,-21.284167908606662,5.62057510432779,0.460422577306797,-0.8693529338909355,-0.039361220705204994
