,flag,epoch,sbx,sby,sbz,sbvx,sbvy,sbvz
0,1.0,2456920.0,-2.926160461260479,0.7761902326208793,-0.2238492706113532,-0.48544065686128507,-3.1757150897991084,0.31899829549837044
1,1.0,2456920.0,-2.9261604974615167,0.7761900127929255,-0.22384927596632626,-0.4854405163472473,-3.1757150893089654,0.3189987049865027
