,flag,epoch,sbx,sby,sbz,sbvx,sbvy,sbvz
0,1.0,2457920.0,-1.9233136106498547,-1.7207645967377982,0.132583170190043,2.6865219355319976,-2.5294692059199915,0.3288919253109015
1,1.0,2457920.0,-1.9233136422496335,-1.720764534833405,0.13258319697159118,2.686521917628752,-2.529469263149178,0.32889193253609333
