,flag,epoch,sbx,sby,sbz,sbvx,sbvy,sbvz
0,1,2456155.5,-0.22375037079457832,2.273178638930941,0.043253446917386744,-4.25393817174429,-0.49209625456597456,0.4381775782990739
