,flag,epoch,sbx,sby,sbz,sbvx,sbvy,sbvz
0,1.0,2457540.0,-30.299073403369142,28.981644722674474,0.9814316356568503,-0.6936662603752349,-0.6546484733091087,-0.18488210319302203
