,flag,epoch,sbx,sby,sbz,sbvx,sbvy,sbvz
0,1.0,2457500.0,-23.33171614573572,-28.97057462905693,10.11549824561062,0.6847727099760977,-0.6614960304167965,-0.32190696009886394
