,flag,epoch,sbx,sby,sbz,sbvx,sbvy,sbvz
0,1.0,2457539.5,-2.913957473244521,-1.0082596739505658,0.09352451188684005,1.5929566673847042,-3.2561056931646672,0.04701206945621923
