,flag,epoch,sbx,sby,sbz,sbvx,sbvy,sbvz
0,1.0,2458875.5,-0.1286344316608835,-3.5047993988613806,3.1276921132665625,-1.2584557674649863,-1.1443550622280525,-2.9888420017412427
