,flag,epoch,sbx,sby,sbz,sbvx,sbvy,sbvz
0,1.0,2457690.0,-41.17939321527105,-17.449479286124813,23.688975560737067,0.39581468817272963,-0.7015870346673776,0.018603194410911184
