,flag,epoch,sbx,sby,sbz,sbvx,sbvy,sbvz
0,1.0,2457202.5,-30.297510845435127,-18.14521377221412,12.986261690410632,0.37925004452736877,-1.180810439964539,-0.45155489522286985
