,mass_1,radius_1,x_1,y_1,z_1,vx_1,vy_1,vz_1,mass_2,radius_2,x_2,y_2,z_2,vx_2,vy_2,vz_2,mass_3,radius_3,x_3,y_3,z_3,vx_3,vy_3,vz_3,mass_4,radius_4,x_4,y_4,z_4,vx_4,vy_4,vz_4,mass_5,radius_5,x_5,y_5,z_5,vx_5,vy_5,vz_5,mass_6,radius_6,x_6,y_6,z_6,vx_6,vy_6,vz_6,mass_7,radius_7,x_7,y_7,z_7,vx_7,vy_7,vz_7,mass_8,radius_8,x_8,y_8,z_8,vx_8,vy_8,vz_8
0,1.660120825375342e-07,1.631393540950981e-08,-0.3590033228503056,-0.2477862385868392,0.01269169584074181,3.729886196068682,-8.002238241231012,-0.9960539208694507,2.447838287784771e-06,4.045378434654418e-08,-0.3276270210407061,0.6389579340460251,0.02766415308150409,-6.598912256469646,-3.411713211586723,0.33406119651839594,3.040432648020684e-06,4.437104331057835e-07,0.9112908202432816,-0.4360215565885682,1.185437368125346e-05,2.6101236688505196,5.644873193144304,-0.00018999822585388145,3.2271560375549955e-07,2.270212793877687e-08,0.02243678171476665,-1.452809812613414,-0.0309908651929086,5.30422383201007,0.5185776903523399,-0.11932580542685031,0.0009547919099366768,4.778945025452157e-07,-2.98460901462731,4.35354137032713,0.04870503166361483,-2.3084725534868555,-1.4295963155279063,0.057593192545496254,0.0002858856700231729,4.0286669668487467e-07,-5.94593238681135,-7.945048301505542,0.3748403403766637,1.5187413786853323,-1.2276054886528196,-0.03915151155173499,4.3662496132004074e-05,1.708513622580592e-07,19.43227667428923,4.795373155199774,-0.2338539112766861,-0.3563051145238535,1.3262057588288612,0.00956931810642902,5.151383772628657e-05,1.6553711549585576e-07,27.37132182257654,-12.20693286730773,-0.379320885809059,0.457629828200863,1.052354276719921,-0.03224825311590367
