,flag,epoch,sbx,sby,sbz,sbvx,sbvy,sbvz
0,1.0,2457720.0,-2.5878139828922526,0.07566557661689854,-0.15681478183837855,-0.31900279409960597,-3.6461728955055643,0.33267378998352093
1,1.0,2457720.0,-2.587813986104145,0.0756655589862183,-0.1568147839490898,-0.3190027986656885,-3.646172895118372,0.33267375076754907
