,flag,epoch,sbx,sby,sbz,sbvx,sbvy,sbvz
0,1.0,2457819.5,16.063579434422824,35.301196851169635,-7.314107949142448,-0.7611206525354972,0.5613722475434276,0.4350909350114673
