,flag,epoch,sbx,sby,sbz,sbvx,sbvy,sbvz
0,1.0,2457019.5,36.349934104962415,-17.414977990483273,-5.325017533708165,0.8309626358679542,0.8656729020419786,0.32573520870755013
