,mass_1,radius_1,x_1,y_1,z_1,vx_1,vy_1,vz_1,mass_2,radius_2,x_2,y_2,z_2,vx_2,vy_2,vz_2,mass_3,radius_3,x_3,y_3,z_3,vx_3,vy_3,vz_3,mass_4,radius_4,x_4,y_4,z_4,vx_4,vy_4,vz_4,mass_5,radius_5,x_5,y_5,z_5,vx_5,vy_5,vz_5,mass_6,radius_6,x_6,y_6,z_6,vx_6,vy_6,vz_6,mass_7,radius_7,x_7,y_7,z_7,vx_7,vy_7,vz_7,mass_8,radius_8,x_8,y_8,z_8,vx_8,vy_8,vz_8
0,1.660120825375342e-07,1.631393540950981e-08,-0.3951227265758434,-0.08014603557248873,0.02971100795417496,-0.09220891050355556,-9.62846810087777,-0.7781703610947293,2.447838287784771e-06,4.045378434654418e-08,-0.3580332107403416,0.6222977526011485,0.02918158068095208,-6.428453085768648,-3.725239906051075,0.32002230619114813,3.040432648020684e-06,4.437104331057835e-07,0.4908928035816273,0.8569403145555973,-1.679016809959948e-05,-5.5552468920659495,3.0999149431243156,-4.465457491496755e-05,3.2271560375549955e-07,2.270212793877687e-08,0.3562459454192837,1.494463389113786,0.02255956186581072,-4.778375782099673,1.6191611226359446,0.15128561607840038,0.0009547919099366768,4.778945025452157e-07,-0.1426947932940282,-5.259632750311301,0.02502754821003935,2.723485971021776,0.05547693652587069,-0.06117487610871203,0.0002858856700231729,4.0286669668487467e-07,-8.14955823963771,4.381455417310786,0.2480453581353742,-1.0720002879786725,-1.79940933575788,0.07401349614142172,4.3662496132004074e-05,1.708513622580592e-07,19.60827466252129,-4.38634777928095,-0.2702541567745888,0.30508990285626225,1.3346867111343705,0.0010009799386635724,5.151383772628657e-05,1.6553711549585576e-07,23.38963033068383,-18.85483848897741,-0.150793459285305,0.714207013707208,0.8991181376070403,-0.03496782958154406
