,flag,epoch,sbx,sby,sbz,sbvx,sbvy,sbvz
0,1,2457230.0,0.9335760035784629,2.73881954685172,-0.4107492398342166,-3.636823209095909,0.9207405108520513,0.2828656079862623
