,mass_1,radius_1,x_1,y_1,z_1,vx_1,vy_1,vz_1,mass_2,radius_2,x_2,y_2,z_2,vx_2,vy_2,vz_2,mass_3,radius_3,x_3,y_3,z_3,vx_3,vy_3,vz_3,mass_4,radius_4,x_4,y_4,z_4,vx_4,vy_4,vz_4,mass_5,radius_5,x_5,y_5,z_5,vx_5,vy_5,vz_5,mass_6,radius_6,x_6,y_6,z_6,vx_6,vy_6,vz_6,mass_7,radius_7,x_7,y_7,z_7,vx_7,vy_7,vz_7,mass_8,radius_8,x_8,y_8,z_8,vx_8,vy_8,vz_8
0,1.660120825375342e-07,1.631393540950981e-08,0.2437819202213455,0.2051931750389318,-0.00561213762032253,-8.640705599244317,8.302676538918746,1.4713059614984065,2.447838287784771e-06,4.045378434654418e-08,-0.6312810121289859,0.3410852821282689,0.04110085825089177,-3.5433078948714094,-6.535286207937395,0.11516806061602372,3.040432648020684e-06,4.437104331057835e-07,0.9091560226889179,0.4079552832587376,-2.120196950471491e-06,-2.674778329838376,5.709650548297802,-3.150697699299683e-05,3.2271560375549955e-07,2.270212793877687e-08,1.291632449364259,-0.4886349977640219,-0.04197791656501661,2.0048167300950013,5.216733809858657,0.06000297999475891,0.0009547919099366768,4.778945025452157e-07,-0.3777224470901061,5.129378377051199,-0.01284889740315972,-2.7861448949010925,-0.07218666329521545,0.06265616724945407,0.0002858856700231729,4.0286669668487467e-07,3.144160979595831,8.504649784017566,-0.2730111374811021,-2.022091343537631,0.7022134824542834,0.06820510956542776,4.3662496132004074e-05,1.708513622580592e-07,16.06451727783384,-11.88056280023404,-0.2523731908484094,0.8408318310877619,1.088123265828097,-0.00681471507621254,5.151383772628657e-05,1.6553711549585576e-07,18.4596356260334,-23.77270045380168,0.06420053702897396,0.8950763127314456,0.7098805227657072,-0.03523724240622505
