,flag,epoch,sbx,sby,sbz,sbvx,sbvy,sbvz
0,1.0,2457745.5,-21.97835847414077,19.890167635477507,-11.896529943150217,-0.5883322065686427,-1.1621655025468034,-0.26720559909627056
