,flag,epoch,sbx,sby,sbz,sbvx,sbvy,sbvz
0,1.0,2456755.5,-19.626284209283924,-8.26355000098267,-7.009388663519907,0.2341917327876543,-1.6250141099078061,-0.09434779666300552
