,flag,epoch,sbx,sby,sbz,sbvx,sbvy,sbvz
0,1.0,2457500.0,2.1251883536736305,-0.814230498818975,0.03978886465275747,1.1320442816439822,3.9996013941634083,-0.46519915590678473
1,1.0,2457500.0,2.1251883473788094,-0.8142305103014209,0.0397888547874049,1.1320442937074315,3.999601391202577,-0.4651991631843898
