,flag,epoch,sbx,sby,sbz,sbvx,sbvy,sbvz
0,1.0,2457284.5,-35.63351160161745,-15.051589110981112,1.6458197524666238,0.38294466525273285,-0.9958096059550591,-0.07024606341172115
