,mass_1,radius_1,x_1,y_1,z_1,vx_1,vy_1,vz_1,mass_2,radius_2,x_2,y_2,z_2,vx_2,vy_2,vz_2,mass_3,radius_3,x_3,y_3,z_3,vx_3,vy_3,vz_3,mass_4,radius_4,x_4,y_4,z_4,vx_4,vy_4,vz_4,mass_5,radius_5,x_5,y_5,z_5,vx_5,vy_5,vz_5,mass_6,radius_6,x_6,y_6,z_6,vx_6,vy_6,vz_6,mass_7,radius_7,x_7,y_7,z_7,vx_7,vy_7,vz_7,mass_8,radius_8,x_8,y_8,z_8,vx_8,vy_8,vz_8
0,1.660120825375342e-07,1.631393540950981e-08,0.3567934137793311,-0.01959729808972317,-0.03433196665531843,-1.4222486399021885,10.720247021497176,1.0064684337465373,2.447838287784771e-06,4.045378434654418e-08,-0.01122892567603066,-0.7267678547727504,-0.009324238663405347,7.337423001788628,-0.1414229605257619,-0.4253629119139786,3.040432648020684e-06,4.437104331057835e-07,0.7713374358205447,0.6244946443553435,-3.052082951544273e-05,-4.056684614119556,4.860126994437141,-0.000213308420208126,3.2271560375549955e-07,2.270212793877687e-08,-1.63366504935396,-0.17546443653535,0.03640641203710344,0.7362410426261358,-4.644962238870457,-0.11539820531040139,0.0009547919099366768,4.778945025452157e-07,0.07928424898388642,-5.248634640790922,0.02002654323448265,2.7254258024514115,0.17187669036541608,-0.06169423761682941,0.0002858856700231729,4.0286669668487467e-07,3.503473907995975,-9.40893965638317,0.02412260297769168,1.7999531159068078,0.7053927437818122,-0.08388030865336227,4.3662496132004074e-05,1.708513622580592e-07,16.36119108564653,11.19600694652312,-0.17031845916293,-0.819219374529215,1.1187623938853615,0.014722084677041078,5.151383772628657e-05,1.6553711549585576e-07,29.20294546004174,-6.55232488020641,-0.5381679157290497,0.24625268770235764,1.1261096504515429,-0.028868211754953743
