,flag,epoch,sbx,sby,sbz,sbvx,sbvy,sbvz
0,1.0,2457030.0,-24.613526668028115,-19.822379841836316,-2.2646795045058554,0.7943450835831521,-0.9126355765092167,-0.1589086984745997
