,flag,epoch,sbx,sby,sbz,sbvx,sbvy,sbvz
0,1.0,2458130.5,0.965234926814342,1.6420052339421376,-0.10199066047985972,-4.170634830666533,2.452630024082531,-0.5241386848420022
