,mass_1,radius_1,x_1,y_1,z_1,vx_1,vy_1,vz_1,mass_2,radius_2,x_2,y_2,z_2,vx_2,vy_2,vz_2,mass_3,radius_3,x_3,y_3,z_3,vx_3,vy_3,vz_3,mass_4,radius_4,x_4,y_4,z_4,vx_4,vy_4,vz_4,mass_5,radius_5,x_5,y_5,z_5,vx_5,vy_5,vz_5,mass_6,radius_6,x_6,y_6,z_6,vx_6,vy_6,vz_6,mass_7,radius_7,x_7,y_7,z_7,vx_7,vy_7,vz_7,mass_8,radius_8,x_8,y_8,z_8,vx_8,vy_8,vz_8
0,1.660120825375342e-07,1.631393540950981e-08,0.3601664687374067,-0.06756120803244006,-0.03856463267603125,-0.0956912318564567,10.560444717910729,0.8716511521712184,2.447838287784771e-06,4.045378434654418e-08,-0.7141645991476736,-0.08699141072380658,0.04002160381754395,0.847237251350268,-7.365918476330877,-0.1498464811536515,3.040432648020684e-06,4.437104331057835e-07,0.9580553646646812,0.282160924162266,-1.16752349212093e-05,-1.8773874713793364,6.004274437916083,-0.0001915234657658,3.2271560375549955e-07,2.270212793877687e-08,0.6255444446584264,-1.261817343681879,-0.04179218316569309,4.773219288118108,2.7092880976775064,-0.060390005794927204,0.0009547919099366768,4.778945025452157e-07,-3.250671994667528,4.177262010876492,0.05539068213312387,-2.2102442545081065,-1.5639881646587444,0.05595237765374674,0.0002858856700231729,4.0286669668487467e-07,-5.765485321605574,-8.087346242595041,0.3701267244322091,1.5466077470691302,-1.1897050543579786,-0.04092065784389776,4.3662496132004074e-05,1.708513622580592e-07,19.38967272555533,4.951331308147006,-0.2327195381563317,-0.3674619304095858,1.3232571763657812,0.009701768266315105,5.151383772628657e-05,1.6553711549585576e-07,27.42492497913907,-12.08292535985528,-0.3831136966219402,0.45300038843358087,1.054330994346487,-0.03218528544250153
