,flag,epoch,sbx,sby,sbz,sbvx,sbvy,sbvz
0,1.0,2457502.5,38.2842455228318,5.850077009952304,0.10771026029692062,-0.15658128912351227,1.0503999505964585,-0.04842492144965046
