,flag,epoch,sbx,sby,sbz,sbvx,sbvy,sbvz
0,1,2457350.5,-2.6796607691863574,-0.5719224508474223,-0.03817291414216428,-0.05342265045801845,-3.5234912753013843,-0.28238978428265915
