,flag,epoch,sbx,sby,sbz,sbvx,sbvy,sbvz
0,1.0,2457720.0,-1.9094377893147427,1.2664003725734414,0.2888230479937322,-2.5954489250985806,-3.2729380601414797,-0.09274331311329354
1,1.0,2457720.0,-1.9094377795375568,1.266400365431532,0.28882305090935817,-2.595448925831691,-3.2729380833628623,-0.09274331611406485
