,mass_1,radius_1,x_1,y_1,z_1,vx_1,vy_1,vz_1,mass_2,radius_2,x_2,y_2,z_2,vx_2,vy_2,vz_2,mass_3,radius_3,x_3,y_3,z_3,vx_3,vy_3,vz_3,mass_4,radius_4,x_4,y_4,z_4,vx_4,vy_4,vz_4,mass_5,radius_5,x_5,y_5,z_5,vx_5,vy_5,vz_5,mass_6,radius_6,x_6,y_6,z_6,vx_6,vy_6,vz_6,mass_7,radius_7,x_7,y_7,z_7,vx_7,vy_7,vz_7,mass_8,radius_8,x_8,y_8,z_8,vx_8,vy_8,vz_8
0,1.660120825375342e-07,1.631393540950981e-08,-0.01359692526947232,-0.4628313005970423,-0.03657193283213249,8.210572406546001,0.22483209710888596,-0.7348648308893663,2.447838287784771e-06,4.045378434654418e-08,-0.718877652908985,-0.005902339952521801,0.04140283222025,0.01705268135920152,-7.420020753772633,-0.10276585140443045,3.040432648020684e-06,4.437104331057835e-07,0.7598819579821836,0.6379522131470501,-3.001125838720998e-05,-4.14273047642696,4.7893412409502725,-0.00018329461805515677,3.2271560375549955e-07,2.270212793877687e-08,-1.621576669527388,0.365047790253692,0.04744614811065388,-0.9313356561485319,-4.549698912103853,-0.07248431969710105,0.0009547919099366768,4.778945025452157e-07,-4.520265464960144,-3.025274441037625,0.1137094440464652,1.5010696505033978,-2.1625988780665004,-0.024607965576532914,0.0002858856700231729,4.0286669668487467e-07,-0.2679179680295301,-10.05817210083873,0.1854868347520842,1.927029198503574,-0.062389079859484914,-0.07561622529422785,4.3662496132004074e-05,1.708513622580592e-07,17.82823175685276,8.859137271195472,-0.1979433758610465,-0.6481155499924826,1.2174081390696514,0.012904771821789937,5.151383772628657e-05,1.6553711549585576e-07,28.6265787770359,-8.777343852292605,-0.4790175764360246,0.3302164417603205,1.101106497608546,-0.03032726252937648
