,flag,epoch,sbx,sby,sbz,sbvx,sbvy,sbvz
0,1.0,2453630.5,29.383879761908926,-23.91270296219792,0.3294056123910858,0.7070279754497126,0.7112624687264639,0.5129773552973773
