,flag,epoch,sbx,sby,sbz,sbvx,sbvy,sbvz
0,1.0,2457850.0,-1.9613805058162967,-1.5507852183765871,0.2577898275032421,2.5482024072391556,-2.7427592147295288,-0.3160783102907429
1,1.0,2457850.0,-1.9613805049558406,-1.5507852053955142,0.2577898600343557,2.5482024142359254,-2.742759212550242,-0.3160783179658814
