,flag,epoch,sbx,sby,sbz,sbvx,sbvy,sbvz
0,1.0,2455836.5,21.575552638509336,21.33804569028649,-18.89569277666049,-0.7445352385048304,0.8078590859167224,0.09103684174890696
