,flag,epoch,sbx,sby,sbz,sbvx,sbvy,sbvz
0,1,2453631.5,-3.036721837730394,-0.554704488568216,0.3477076375292851,0.7003233511271251,-3.4940033167425875,-0.2180872820175476
