,flag,epoch,sbx,sby,sbz,sbvx,sbvy,sbvz
0,1,2457080.0,2.497096147092331,-0.046192661040635685,-0.47802138310894643,-0.09212113165358501,4.186171521898733,0.07429528084396929
