,flag,epoch,sbx,sby,sbz,sbvx,sbvy,sbvz
0,1.0,2458187.5,-2.155312641599308,-1.4576331993899314,0.24930963979843213,2.3934832204781107,-2.6833418271288556,0.1722905876409653
