,mass_1,radius_1,x_1,y_1,z_1,vx_1,vy_1,vz_1,mass_2,radius_2,x_2,y_2,z_2,vx_2,vy_2,vz_2,mass_3,radius_3,x_3,y_3,z_3,vx_3,vy_3,vz_3,mass_4,radius_4,x_4,y_4,z_4,vx_4,vy_4,vz_4,mass_5,radius_5,x_5,y_5,z_5,vx_5,vy_5,vz_5,mass_6,radius_6,x_6,y_6,z_6,vx_6,vy_6,vz_6,mass_7,radius_7,x_7,y_7,z_7,vx_7,vy_7,vz_7,mass_8,radius_8,x_8,y_8,z_8,vx_8,vy_8,vz_8
0,1.660120825375342e-07,1.631393540950981e-08,0.0825400918896715,0.2958173686544403,0.01660000061416408,-11.957279907864065,3.1486514856118895,1.3542407162427053,2.447838287784771e-06,4.045378434654418e-08,0.6642652006330579,0.2879812457814289,-0.03438199847188119,-2.9629667665162205,6.745667774347747,0.26351596527304,3.040432648020684e-06,4.437104331057835e-07,-0.9751564810933602,0.1875519661941978,-3.946781384399818e-06,-1.2889654154984989,-6.194301578568775,0.0002674946959971858,3.2271560375549955e-07,2.270212793877687e-08,-1.082945083912856,-1.123512558316366,0.003034992851048284,3.871967138890809,-3.109850327654957,-0.16018412541956648,0.0009547919099366768,4.778945025452157e-07,-3.931257295316687,-3.731146933964977,0.1034609209001367,1.8657833499127443,-1.8709815009857527,-0.033978136915467326,0.0002858856700231729,4.0286669668487467e-07,0.40490984329605,-10.0561274034768,0.1586722725275558,1.9263367886832825,0.07409640647627162,-0.0779531185681207,4.3662496132004074e-05,1.708513622580592e-07,17.59663612460682,9.28141157129008,-0.1933804121580335,-0.6787558481295849,1.2018545663364961,0.013238769526366934,5.151383772628657e-05,1.6553711549585576e-07,28.73934281427228,-8.392144564834837,-0.4895625618693987,0.31582331210137293,1.1058340558792954,-0.0300867299576257
