,flag,epoch,sbx,sby,sbz,sbvx,sbvy,sbvz
0,1.0,2457295.5,-45.188611416579676,-11.808648119678013,-2.634009595114872,0.2007650045885619,-0.8258660933200132,0.37554749126434095
