,flag,epoch,sbx,sby,sbz,sbvx,sbvy,sbvz
0,1.0,2456530.0,-21.71129097616568,-34.003687772203925,4.873327816686054,0.8592173234641757,-0.5107130328948739,0.11533375242486309
