,flag,epoch,sbx,sby,sbz,sbvx,sbvy,sbvz
0,1.0,2456660.0,-16.228359442665436,-27.32815408620763,3.359430633773148,0.9236287321325962,-0.6078854212390901,-0.4945859285925965
