,mass_1,radius_1,x_1,y_1,z_1,vx_1,vy_1,vz_1,mass_2,radius_2,x_2,y_2,z_2,vx_2,vy_2,vz_2,mass_3,radius_3,x_3,y_3,z_3,vx_3,vy_3,vz_3,mass_4,radius_4,x_4,y_4,z_4,vx_4,vy_4,vz_4,mass_5,radius_5,x_5,y_5,z_5,vx_5,vy_5,vz_5,mass_6,radius_6,x_6,y_6,z_6,vx_6,vy_6,vz_6,mass_7,radius_7,x_7,y_7,z_7,vx_7,vy_7,vz_7,mass_8,radius_8,x_8,y_8,z_8,vx_8,vy_8,vz_8
0,1.660120825375342e-07,1.631393540950981e-08,0.2933650748310962,0.1466250592584013,-0.01493526952910746,-6.597460082948171,0.0,0.0,2.447838287784771e-06,4.045378434654418e-08,0.3974726098110534,0.6025813193684157,-0.01467957708178751,-6.190274746807959,0.0,0.0,3.040432648020684e-06,4.437104331057835e-07,0.4842021014327802,-0.8932592411090821,2.773063007390809e-05,5.422427761979196,0.0,0.0,3.2271560375549955e-07,2.270212793877687e-08,-0.5119399661078637,-1.410495864924065,-0.01698802119757264,4.997993813814616,0.0,0.0,0.0009547919099366768,4.778945025452157e-07,-2.743476070953924,4.494068788228383,0.04272559985215952,-2.3877792208211313,-1.307076303869512,0.058859910357982784,0.0002858856700231729,4.0286669668487467e-07,-6.100581093778567,-7.817335472439235,0.3787798670141979,1.493704158181603,-1.260163067425647,-0.03758740138610215,4.3662496132004074e-05,1.708513622580592e-07,19.46835754843594,4.659083025658698,-0.2348304329642215,-0.34654302892074856,1.3287155510795743,0.009453012836444332,5.151383772628657e-05,1.6553711549585576e-07,27.32412972313477,-12.31488883516404,-0.3760071773109275,0.4616759412950068,1.0506265463570397,-0.032302941804864524
