,flag,epoch,sbx,sby,sbz,sbvx,sbvy,sbvz
0,1.0,2457012.5,41.882351543700075,1.4857109677762708,1.966274961037163,0.02935488018849016,0.7930464867148154,0.48707479446291746
