,flag,epoch,sbx,sby,sbz,sbvx,sbvy,sbvz
0,1.0,2456876.5,28.42811394914775,15.958828909811317,1.4873862090212449,-0.7096064224499167,0.9589728379693894,0.002449807842882329
