,flag,epoch,sbx,sby,sbz,sbvx,sbvy,sbvz
0,1.0,2457617.5,1.3908351258605187,0.5997874335073715,0.12459472004897483,-3.035683536464144,4.636501884983514,-0.9769149377677215
