,mass_1,radius_1,x_1,y_1,z_1,vx_1,vy_1,vz_1,mass_2,radius_2,x_2,y_2,z_2,vx_2,vy_2,vz_2,mass_3,radius_3,x_3,y_3,z_3,vx_3,vy_3,vz_3,mass_4,radius_4,x_4,y_4,z_4,vx_4,vy_4,vz_4,mass_5,radius_5,x_5,y_5,z_5,vx_5,vy_5,vz_5,mass_6,radius_6,x_6,y_6,z_6,vx_6,vy_6,vz_6,mass_7,radius_7,x_7,y_7,z_7,vx_7,vy_7,vz_7,mass_8,radius_8,x_8,y_8,z_8,vx_8,vy_8,vz_8
0,1.660120825375342e-07,1.631393540950981e-08,0.3448154503564343,-0.180204419794203,-0.0463604400937662,2.748318251270604,9.575521595610638,0.5302365692558764,2.447838287784771e-06,4.045378434654418e-08,-0.1447311338268175,-0.7116901699100521,-0.001401257548034885,7.18968041385753,-1.5017695724531857,-0.43549742591321544,3.040432648020684e-06,4.437104331057835e-07,-0.9242662048503296,-0.3884373345014528,1.498343450362776e-05,2.3325302298304535,-5.816672135283587,0.0001818575558616641,3.2271560375549955e-07,2.270212793877687e-08,-1.514029653658937,-0.5706049811785361,0.02520698925169498,1.9938357793742818,-4.345887294109755,-0.14000028150250116,0.0009547919099366768,4.778945025452157e-07,-2.067513413994074,4.803573656077131,0.02631435548736393,-2.567174005437122,-0.9602034860165145,0.061432093826066986,0.0002858856700231729,4.0286669668487467e-07,-6.498100950294176,-7.462508165587022,0.3884449393028236,1.4239581484881825,-1.344316089042796,-0.033348288706703616,4.3662496132004074e-05,1.708513622580592e-07,19.55922096226952,4.296253692410913,-0.2373626845894351,-0.320542715590376,1.3349825249039542,0.009137822699859717,5.151383772628657e-05,1.6553711549585576e-07,27.1968977071495,-12.60045776913212,-0.3671871737780687,0.4724067905589252,1.045911618099983,-0.032450068420893693
