,flag,epoch,sbx,sby,sbz,sbvx,sbvy,sbvz
0,1.0,2456330.0,-34.66439045296625,-27.300319982974827,0.2864849843712078,0.568938187808842,-0.7531776336104915,0.006886407591997585
