,flag,epoch,sbx,sby,sbz,sbvx,sbvy,sbvz
0,1.0,2457820.5,33.022978685564475,10.291665757267475,-10.171968485336247,-0.3778784301241869,1.0199717391959973,-0.19811264685538726
