,flag,epoch,sbx,sby,sbz,sbvx,sbvy,sbvz
0,1.0,2457870.0,-1.0437693924877605,-1.851483797795176,0.21788838582001333,3.8536287192333893,-2.1979335713213666,-0.38666060091323395
1,1.0,2457870.0,-1.0437693994772783,-1.851483813378986,0.2178883895116428,3.8536287053207796,-2.197933548025819,-0.3866605585676779
