,flag,epoch,sbx,sby,sbz,sbvx,sbvy,sbvz
0,1.0,2457700.0,0.48891043965949044,2.3701380925820157,0.24519041261996183,-3.9069958103802316,0.5638940170895119,0.32913879289041686
1,1.0,2457700.0,0.48891043470470785,2.3701381057015833,0.2451904165511414,-3.9069957871217844,0.5638940068983301,0.3291388040029966
