,flag,epoch,sbx,sby,sbz,sbvx,sbvy,sbvz
0,1.0,2457250.0,40.26372180175311,-14.72449441286421,-0.7441032743254146,0.34733847213070274,0.8919150680914579,-0.0087557670198369
