,mass_1,radius_1,x_1,y_1,z_1,vx_1,vy_1,vz_1,mass_2,radius_2,x_2,y_2,z_2,vx_2,vy_2,vz_2,mass_3,radius_3,x_3,y_3,z_3,vx_3,vy_3,vz_3,mass_4,radius_4,x_4,y_4,z_4,vx_4,vy_4,vz_4,mass_5,radius_5,x_5,y_5,z_5,vx_5,vy_5,vz_5,mass_6,radius_6,x_6,y_6,z_6,vx_6,vy_6,vz_6,mass_7,radius_7,x_7,y_7,z_7,vx_7,vy_7,vz_7,mass_8,radius_8,x_8,y_8,z_8,vx_8,vy_8,vz_8
0,1.660120825375342e-07,1.631393540950981e-08,-0.1489994936659132,0.2815259730164901,0.03667354521070413,-11.150003258406292,-4.416409744603039,0.6620141999780265,2.447838287784771e-06,4.045378434654418e-08,-0.7175952716560726,0.03879232239729236,0.04194211575081523,-0.4408647224104081,-7.409561688490344,-0.0762002728338485,3.040432648020684e-06,4.437104331057835e-07,-0.1464675052523784,-1.004901222393171,4.354524157778186e-05,6.116046734407734,-0.9299501319790988,1.6448573749317898e-05,3.2271560375549955e-07,2.270212793877687e-08,0.1824065460474418,-1.428857550818658,-0.03441490440345881,5.262716258526542,1.0861799860383818,-0.10638596393932409,0.0009547919099366768,4.778945025452157e-07,-3.414283957693701,-4.185054585752193,0.09377839256068533,2.1043099133234593,-1.6139611181789482,-0.04038265362303924,0.0002858856700231729,4.0286669668487467e-07,0.9052128868367971,-10.02364953019605,0.1381970727484235,1.9198920220056301,0.17560382804211797,-0.07945659352754021,4.3662496132004074e-05,1.708513622580592e-07,17.41714973997697,9.592446378104507,-0.1899053178448266,-0.7013628347974517,1.1897826790491013,0.013481622054138158,5.151383772628657e-05,1.6553711549585576e-07,28.82008701766223,-8.104077532509008,-0.4973643756655269,0.3050556785593669,1.1092457837228067,-0.029905171286591755
