,flag,epoch,sbx,sby,sbz,sbvx,sbvy,sbvz
0,1,2457559.5,0.8331940813035108,2.219574548684583,-0.20719393589977325,-3.384338070177718,2.1107006171738454,-0.29266951600575375
