,mass_1,radius_1,x_1,y_1,z_1,vx_1,vy_1,vz_1,mass_2,radius_2,x_2,y_2,z_2,vx_2,vy_2,vz_2,mass_3,radius_3,x_3,y_3,z_3,vx_3,vy_3,vz_3,mass_4,radius_4,x_4,y_4,z_4,vx_4,vy_4,vz_4,mass_5,radius_5,x_5,y_5,z_5,vx_5,vy_5,vz_5,mass_6,radius_6,x_6,y_6,z_6,vx_6,vy_6,vz_6,mass_7,radius_7,x_7,y_7,z_7,vx_7,vy_7,vz_7,mass_8,radius_8,x_8,y_8,z_8,vx_8,vy_8,vz_8
0,1.660120825375342e-07,1.631393540950981e-08,0.3566714277460635,-0.01868510478216408,-0.03424603974858342,-1.448178334446284,10.72163198784118,1.0089602698450166,2.447838287784771e-06,4.045378434654418e-08,0.4750865702454655,0.5441938455974101,-0.01994875122694322,-5.587972106236567,4.826965075212477,0.3886985893935922,3.040432648020684e-06,4.437104331057835e-07,-0.6097189972917892,0.7733559338710063,-3.393601554378063e-05,-5.037307872667203,-3.9142540548322406,0.00019289004164925228,3.2271560375549955e-07,2.270212793877687e-08,-1.050725822407174,-1.148741425519816,0.001709002583725909,3.9635647437366632,-3.0117252833765398,-0.16035553346290013,0.0009547919099366768,4.778945025452157e-07,0.7335437957989512,-5.165527018770822,0.005042747740449001,2.6983458427615648,0.5181338827416411,-0.06252444963760498,0.0002858856700231729,4.0286669668487467e-07,3.932973364616241,-9.228321552767904,0.003893600761183148,1.7646838346684657,0.7936898431186576,-0.08401104584316864,4.3662496132004074e-05,1.708513622580592e-07,16.16140927939035,11.46393153986194,-0.1667464904090721,-0.8391674772235233,1.1052462261206144,0.014929271744956316,5.151383772628657e-05,1.6553711549585576e-07,29.26101728687995,-6.280691712286634,-0.5450999672533152,0.2357995989471839,1.1287268130654735,-0.028674647596721697
