,flag,epoch,sbx,sby,sbz,sbvx,sbvy,sbvz
0,1.0,2457650.0,-1.1150280604215297,2.3826899726591737,-0.28060261600058556,-3.26630551615342,-1.5282081623268011,-0.11448685263587383
1,1.0,2457650.0,-1.1150280949139362,2.382689972096234,-0.2806026193567724,-3.2663054970850443,-1.528208146480988,-0.11448684861479788
