,flag,epoch,sbx,sby,sbz,sbvx,sbvy,sbvz
0,1.0,2457490.0,2.069359872191977,-0.4788868137239104,0.1103261137822429,1.3290222179834397,4.240607131754904,0.4579698859975626
1,1.0,2457490.0,2.0693598854134425,-0.47888678834497544,0.11032612520114154,1.3290221877569248,4.240607122458474,0.4579698897250517
