,flag,epoch,sbx,sby,sbz,sbvx,sbvy,sbvz
0,1,2457375.5,-2.8812662748347884,1.2009502747114558,-0.8562917054857418,-1.4793597016272217,-2.614067131666154,-0.024363451512086867
