,flag,epoch,sbx,sby,sbz,sbvx,sbvy,sbvz
0,1.0,2457234.5,-13.636247790998206,-0.5055836480000799,0.7473595708644719,-0.22327463819667726,-1.9916600804405067,0.22655687503218153
