,flag,epoch,sbx,sby,sbz,sbvx,sbvy,sbvz
0,1.0,2457680.0,0.9910732116199295,1.8793140184587482,0.057467485813805244,-3.859184140522079,2.308088887977883,-0.4100677129054532
1,1.0,2457680.0,0.9910732006419394,1.8793140521572744,0.057467492169187256,-3.859184107145241,2.3080888489397666,-0.41006775497698744
