,mass_1,radius_1,x_1,y_1,z_1,vx_1,vy_1,vz_1,mass_2,radius_2,x_2,y_2,z_2,vx_2,vy_2,vz_2,mass_3,radius_3,x_3,y_3,z_3,vx_3,vy_3,vz_3,mass_4,radius_4,x_4,y_4,z_4,vx_4,vy_4,vz_4,mass_5,radius_5,x_5,y_5,z_5,vx_5,vy_5,vz_5,mass_6,radius_6,x_6,y_6,z_6,vx_6,vy_6,vz_6,mass_7,radius_7,x_7,y_7,z_7,vx_7,vy_7,vz_7,mass_8,radius_8,x_8,y_8,z_8,vx_8,vy_8,vz_8
0,1.660120825375342e-07,1.631393540950981e-08,-0.2059071256131857,0.2533038264118446,0.03958941821065232,-10.051482486677553,-6.075467983584535,0.42592494362762134,2.447838287784771e-06,4.045378434654418e-08,0.2831749214166302,0.6632390422190184,-0.007259512058897103,-6.818687380877541,2.866601192908087,0.4327770710777934,3.040432648020684e-06,4.437104331057835e-07,-0.9574809971725092,-0.291451691514563,1.002566050132199e-05,1.727657412249868,-6.035283659649356,0.00013593991708586665,3.2271560375549955e-07,2.270212793877687e-08,-1.556184427837605,0.5918244684681249,0.05061345636707398,-1.6253800204131044,-4.34142371376159,-0.051057783661117795,0.0009547919099366768,4.778945025452157e-07,4.763680593757061,-1.457300060541634,-0.1005516228808595,0.7727337973846075,2.769141503575479,-0.028788667848294862,0.0002858856700231729,4.0286669668487467e-07,-9.492290701866898,-0.2774230901686544,0.3826658659438568,-0.049307848692030296,-2.0390726581797773,0.03748435279575982,4.3662496132004074e-05,1.708513622580592e-07,20.05948724869633,-1.173063874272135,-0.2641951559287589,0.07397856395695224,1.369294586519838,0.004114918423457492,5.151383772628657e-05,1.6553711549585576e-07,24.98374854154952,-16.64530259291288,-0.232964825580959,0.6288807798552164,0.963101386128839,-0.034282354475763985
