,flag,epoch,sbx,sby,sbz,sbvx,sbvy,sbvz
0,1.0,2458040.5,-0.9065816193930101,2.224790576883139,0.09623856138788267,-3.9901436129377124,-0.6460481889731962,0.023457788348097735
