,mass_1,radius_1,x_1,y_1,z_1,vx_1,vy_1,vz_1,mass_2,radius_2,x_2,y_2,z_2,vx_2,vy_2,vz_2,mass_3,radius_3,x_3,y_3,z_3,vx_3,vy_3,vz_3,mass_4,radius_4,x_4,y_4,z_4,vx_4,vy_4,vz_4,mass_5,radius_5,x_5,y_5,z_5,vx_5,vy_5,vz_5,mass_6,radius_6,x_6,y_6,z_6,vx_6,vy_6,vz_6,mass_7,radius_7,x_7,y_7,z_7,vx_7,vy_7,vz_7,mass_8,radius_8,x_8,y_8,z_8,vx_8,vy_8,vz_8
0,1.660120825375342e-07,1.631393540950981e-08,-0.3715124236236971,-0.2176730333423445,0.01630282760631099,3.081181111719222,-8.415249121355481,-0.970284065993879,2.447838287784771e-06,4.045378434654418e-08,0.723027026443748,0.05476702631545558,-0.04097791887753238,-0.587695569965824,7.33303719059452,0.13438638266249617,3.040432648020684e-06,4.437104331057835e-07,-0.1843941205245263,0.9658710156105316,-2.768179918231372e-05,-6.274708957580142,-1.201927226111359,4.688751949549653e-05,3.2271560375549955e-07,2.270212793877687e-08,-1.198643790744217,1.14141751348983,0.05334777328810145,-3.3316096209009842,-3.2659629185303993,0.013372435826567065,0.0009547919099366768,4.778945025452157e-07,3.750820703418148,3.263599298217709,-0.09748854988955409,-1.8442626370486532,2.2124982035683267,0.032082387381794183,0.0002858856700231729,4.0286669668487467e-07,-8.938425510202872,-3.724568995992232,0.420631802922482,0.6722264687572589,-1.8837357488883255,0.006009663630788804,4.3662496132004074e-05,1.708513622580592e-07,20.03808298652033,1.210250765375199,-0.2550736085990319,-0.09859978217802508,1.3686755415781573,0.00636762554573346,5.151383772628657e-05,1.6553711549585576e-07,26.01905188749722,-14.93540666802126,-0.291966675474188,0.5617163191258376,1.0028179979560048,-0.03356668698845482
