,flag,epoch,sbx,sby,sbz,sbvx,sbvy,sbvz
0,1,2457270.0,1.4038987392126014,-3.0822674076999887,-1.6629261987432689,2.4796431668632253,1.5057572006541589,0.0034116182562995943
