,flag,epoch,sbx,sby,sbz,sbvx,sbvy,sbvz
0,1.0,2457130.0,-1.498004830842646,2.3927292976440504,-0.547105705373323,-3.335478137247953,-1.632780987052342,0.30774360717643834
1,1.0,2457130.0,-1.498004772277435,2.39272934437449,-0.5471056973561258,-3.3354781206612913,-1.632780999881684,0.3077435972812611
