,flag,epoch,sbx,sby,sbz,sbvx,sbvy,sbvz
0,1.0,2457366.5,-9.570226860061645,-24.84680457460345,13.617684501491498,1.0112497027840515,-0.838832769626528,-0.010751761423123032
