,mass_1,radius_1,x_1,y_1,z_1,vx_1,vy_1,vz_1,mass_2,radius_2,x_2,y_2,z_2,vx_2,vy_2,vz_2,mass_3,radius_3,x_3,y_3,z_3,vx_3,vy_3,vz_3,mass_4,radius_4,x_4,y_4,z_4,vx_4,vy_4,vz_4,mass_5,radius_5,x_5,y_5,z_5,vx_5,vy_5,vz_5,mass_6,radius_6,x_6,y_6,z_6,vx_6,vy_6,vz_6,mass_7,radius_7,x_7,y_7,z_7,vx_7,vy_7,vz_7,mass_8,radius_8,x_8,y_8,z_8,vx_8,vy_8,vz_8
0,1.660120825375342e-07,1.631393540950981e-08,0.2773613389121516,-0.3133726498669999,-0.05105175472139611,5.653301778903272,7.302669595733173,0.07806292908173026,2.447838287784771e-06,4.045378434654418e-08,0.1677808287023517,0.7007199383761851,-7.433421515053313e-05,-7.209162575613596,1.6841729717339489,0.4391058367434732,3.040432648020684e-06,4.437104331057835e-07,-0.2376360385836689,-0.9867030213015312,3.764889672094637e-05,6.006794992763889,-1.4948147853345513,2.879032833933975e-05,3.2271560375549955e-07,2.270212793877687e-08,-0.5185774421332249,-1.408990905272921,-0.01679920495391212,4.989181302078109,-1.3263883774501202,-0.15024226502631732,0.0009547919099366768,4.778945025452157e-07,-5.418504842871783,0.4773609794980626,0.1192633411027603,-0.275061711706237,-2.6179104582494737,0.01702701563069598,0.0002858856700231729,4.0286669668487467e-07,-2.931379117751332,-9.587142717629904,0.2833304827395305,1.8374071438479902,-0.604096049423302,-0.06265885004916244,4.3662496132004074e-05,1.708513622580592e-07,18.65116315259005,7.107261113072832,-0.2151108079672189,-0.521846641591706,1.2728559292880808,0.011500272872968556,5.151383772628657e-05,1.6553711549585576e-07,28.12209172406409,-10.31133253805313,-0.435735822490727,0.38721141989992897,1.080788471185823,-0.031228800628172317
