,mass_1,radius_1,x_1,y_1,z_1,vx_1,vy_1,vz_1,mass_2,radius_2,x_2,y_2,z_2,vx_2,vy_2,vz_2,mass_3,radius_3,x_3,y_3,z_3,vx_3,vy_3,vz_3,mass_4,radius_4,x_4,y_4,z_4,vx_4,vy_4,vz_4,mass_5,radius_5,x_5,y_5,z_5,vx_5,vy_5,vz_5,mass_6,radius_6,x_6,y_6,z_6,vx_6,vy_6,vz_6,mass_7,radius_7,x_7,y_7,z_7,vx_7,vy_7,vz_7,mass_8,radius_8,x_8,y_8,z_8,vx_8,vy_8,vz_8
0,1.660120825375342e-07,1.631393540950981e-08,0.2140991732093348,0.2308534591190223,-0.0007799921636842755,-9.568636328966898,7.417655956952737,1.4839688999211011,2.447838287784771e-06,4.045378434654418e-08,0.699575846941277,-0.1945865417073941,-0.04303874222916222,1.9413433094067174,7.0849041729441575,-0.014929648954056048,3.040432648020684e-06,4.437104331057835e-07,-0.436276512120479,0.8817057423826217,-2.777086995729308e-05,-5.734370002601691,-2.8105739409756323,0.00010850861529757613,3.2271560375549955e-07,2.270212793877687e-08,1.38944883990089,-0.0336073602191527,-0.03480731246586048,0.32019739427900024,5.546728505065408,0.10836251178630114,0.0009547919099366768,4.778945025452157e-07,-3.816251511896161,3.71415590680989,0.06996937723657956,-1.9570851325293885,-1.8467863031644145,0.05146196295543626,0.0002858856700231729,4.0286669668487467e-07,-5.337953790930017,-8.397758082774294,0.3584941432715527,1.607219649706543,-1.1002708178244598,-0.04488770274139735,4.3662496132004074e-05,1.708513622580592e-07,19.28660129183187,5.309045544227763,-0.2300487408155501,-0.3930690473883316,1.3161652831929493,0.010006239036676013,5.151383772628657e-05,1.6553711549585576e-07,27.54626259739435,-11.79653809363472,-0.3918174507325232,0.4423089076918849,1.0588471787450318,-0.032035990545341314
