,flag,epoch,sbx,sby,sbz,sbvx,sbvy,sbvz
0,1.0,2457551.5,35.15904022961134,-4.965283645687707,-23.67601184064736,0.13269716185858568,1.1853200110637025,0.3566496280466709
