,flag,epoch,sbx,sby,sbz,sbvx,sbvy,sbvz
0,1.0,2457881.5,-1.015220311337718,-2.8790000857215263,0.33270579808130035,3.469628023820388,-0.8945541256876925,0.2095979763492487
