,flag,epoch,sbx,sby,sbz,sbvx,sbvy,sbvz
0,1,2457870.5,29.194433708176554,25.445845159896578,-6.223796378360701,-0.6299520918525293,0.7723561051581315,-0.05405349122646532
