,flag,epoch,sbx,sby,sbz,sbvx,sbvy,sbvz
0,1,2456480.0,1.0201573156751016,-2.950959442956381,0.5549584944157718,3.2768842126707454,1.2252809589267284,-0.25982251293199915
