,flag,epoch,sbx,sby,sbz,sbvx,sbvy,sbvz
0,1.0,2457670.0,-1.968638430861764,0.9985981155441785,0.29096870271402914,-1.9016601287379407,-3.842143337146021,0.07051596053671803
1,1.0,2457670.0,-1.968638438587441,0.9985981006675699,0.2909687192175683,-1.9016601265251363,-3.842143332725438,0.07051595540841776
