,mass_1,radius_1,x_1,y_1,z_1,vx_1,vy_1,vz_1,mass_2,radius_2,x_2,y_2,z_2,vx_2,vy_2,vz_2,mass_3,radius_3,x_3,y_3,z_3,vx_3,vy_3,vz_3,mass_4,radius_4,x_4,y_4,z_4,vx_4,vy_4,vz_4,mass_5,radius_5,x_5,y_5,z_5,vx_5,vy_5,vz_5,mass_6,radius_6,x_6,y_6,z_6,vx_6,vy_6,vz_6,mass_7,radius_7,x_7,y_7,z_7,vx_7,vy_7,vz_7,mass_8,radius_8,x_8,y_8,z_8,vx_8,vy_8,vz_8
0,1.660120825375342e-07,1.631393540950981e-08,-0.3544920528834314,-0.2571233124128808,0.01151069803401494,3.928270061012449,-7.861968198669537,-1.0028032480475781,2.447838287784771e-06,4.045378434654418e-08,0.2657928692381392,-0.6772459364188197,-0.02462798817423274,6.826885744584364,2.673882920487227,-0.3572770396814915,3.040432648020684e-06,4.437104331057835e-07,-0.3436958537249282,0.9214398922299258,-3.742522527403742e-05,-5.989880492360521,-2.219498441918108,0.00011698354428668946,3.2271560375549955e-07,2.270212793877687e-08,-1.539684270920008,-0.5114969163572741,0.02706825683760309,1.8023487075193962,-4.41391035868021,-0.1367249061734101,0.0009547919099366768,4.778945025452157e-07,-4.214961923671415,-3.422712794186438,0.1085282521922513,1.7057108014063003,-2.0115539029061833,-0.029814465024544556,0.0002858856700231729,4.0286669668487467e-07,0.09887501758960036,-10.062965414965,0.1709711762732351,1.9277998548049387,0.012014882348183101,-0.07693666469614495,4.3662496132004074e-05,1.708513622580592e-07,17.70331527868931,9.089991391401112,-0.1954705678583064,-0.6648425332986755,1.2090189970723708,0.013086280306296903,5.151383772628657e-05,1.6553711549585576e-07,28.68866915799531,-8.567577386239506,-0.4847760449074072,0.3223957700126141,1.1037012607564791,-0.030198284817016575
