,flag,epoch,sbx,sby,sbz,sbvx,sbvy,sbvz
0,1.0,2457408.5,27.608703965669886,-12.234744902346485,-24.70970413385401,0.7649882076227069,0.9502484760574479,0.3129218388353072
