,mass_1,radius_1,x_1,y_1,z_1,vx_1,vy_1,vz_1,mass_2,radius_2,x_2,y_2,z_2,vx_2,vy_2,vz_2,mass_3,radius_3,x_3,y_3,z_3,vx_3,vy_3,vz_3,mass_4,radius_4,x_4,y_4,z_4,vx_4,vy_4,vz_4,mass_5,radius_5,x_5,y_5,z_5,vx_5,vy_5,vz_5,mass_6,radius_6,x_6,y_6,z_6,vx_6,vy_6,vz_6,mass_7,radius_7,x_7,y_7,z_7,vx_7,vy_7,vz_7,mass_8,radius_8,x_8,y_8,z_8,vx_8,vy_8,vz_8
0,1.660120825375342e-07,1.631393540950981e-08,0.3535442532349428,0.0006112343086554805,-0.03239514723903432,-2.002268563710584,0.0,0.0,2.447838287784771e-06,4.045378434654418e-08,-0.4138440275636189,-0.5943753517450572,0.01575483038753217,6.011325708462707,0.0,0.0,3.040432648020684e-06,4.437104331057835e-07,0.8252217160935051,-0.5863798558501899,7.033798297970109e-06,3.5374736387714325,0.0,0.0,3.2271560375549955e-07,2.270212793877687e-08,1.383727612110637,-0.1041787362271603,-0.03617601983332194,0.57945917320442,0.0,0.0,0.0009547919099366768,4.778945025452157e-07,-4.974131562241243,-2.230670982506668,0.1205674168133325,1.0944912711624082,-2.3872850827788823,-0.014581310313597362,0.0002858856700231729,4.0286669668487467e-07,-4.784124129602437,7.724235148705332,0.05591596345625665,-1.8409779042683467,-1.0794248508518756,0.09203019990187916,4.3662496132004074e-05,1.708513622580592e-07,18.67659598950969,-7.340093330293794,-0.2691838729121729,0.5153671734144196,1.2676794433892073,-0.0019385630413875543,5.151383772628657e-05,1.6553711549585576e-07,21.68760761400664,-20.81607650784648,-0.07115278728909485,0.7869233187815946,0.8315128371032443,-0.03528633897779884
