,flag,epoch,sbx,sby,sbz,sbvx,sbvy,sbvz
0,1.0,2457224.5,-17.285026359890633,2.1767523046383284,-4.571887069253469,-0.2914187961548629,-1.930003524846425,0.003203495236798882
