,flag,epoch,sbx,sby,sbz,sbvx,sbvy,sbvz
0,1,2457410.0,2.58025545300581,-0.968527560648895,-0.5243925096193628,0.8063990970173932,3.8523028332596962,-0.11117782477670148
