,flag,epoch,sbx,sby,sbz,sbvx,sbvy,sbvz
0,1.0,2456709.5,12.82809463828994,13.866028790509244,6.348033598932783,-0.6228470676163668,1.0408297854156467,-0.11708004169846145
