,flag,epoch,sbx,sby,sbz,sbvx,sbvy,sbvz
0,1.0,2457610.0,-3.3130742106124953,-0.8599272124738093,-0.5063498261277521,0.6843959431336184,-2.9924005950491837,-0.971980633201244
