,flag,epoch,sbx,sby,sbz,sbvx,sbvy,sbvz
0,1.0,2457267.5,27.983178647947152,1.0665140628498762,-27.986653218741765,-0.08885927987634223,1.0115446247779645,-0.10976467546310804
