,flag,epoch,sbx,sby,sbz,sbvx,sbvy,sbvz
0,1.0,2457350.0,2.391817005757114,-0.7263157311628102,0.17488504851263634,1.2701613645605159,3.6536958015259424,-0.27759499263062676
1,1.0,2457350.0,2.391817039185975,-0.726315738738401,0.1748850363465948,1.2701613205255962,3.65369576328165,-0.2775949847266101
