,flag,epoch,sbx,sby,sbz,sbvx,sbvy,sbvz
0,1.0,2456930.0,-0.7928281760417484,2.556102720001962,-0.07000531310888927,-3.840798281221459,-0.3544332979449613,-0.46042093407540285
1,1.0,2456930.0,-0.7928282150530267,2.5561027335586752,-0.07000533089688726,-3.840798246020354,-0.3544333122294474,-0.460420942568485
