,mass_1,radius_1,x_1,y_1,z_1,vx_1,vy_1,vz_1,mass_2,radius_2,x_2,y_2,z_2,vx_2,vy_2,vz_2,mass_3,radius_3,x_3,y_3,z_3,vx_3,vy_3,vz_3,mass_4,radius_4,x_4,y_4,z_4,vx_4,vy_4,vz_4,mass_5,radius_5,x_5,y_5,z_5,vx_5,vy_5,vz_5,mass_6,radius_6,x_6,y_6,z_6,vx_6,vy_6,vz_6,mass_7,radius_7,x_7,y_7,z_7,vx_7,vy_7,vz_7,mass_8,radius_8,x_8,y_8,z_8,vx_8,vy_8,vz_8
0,1.660120825375342e-07,1.631393540950981e-08,0.1114285551656579,-0.4375993288324538,-0.04598001266246439,7.897758889157811,3.060149848595311,-0.47447073010524543,2.447838287784771e-06,4.045378434654418e-08,0.6141821747991869,0.3823901845916029,-0.03019588673917092,-3.927660401351365,6.239749262113115,0.3122627104504954,3.040432648020684e-06,4.437104331057835e-07,0.8407327501812165,0.5307267752415805,-2.671033914961476e-05,-3.4567880588433306,5.290128814856113,-0.000225028906210756,3.2271560375549955e-07,2.270212793877687e-08,1.391832634724453,0.02706735891960335,-0.03358535968294774,0.09594538944933338,5.5469526362141375,0.11387752470752777,0.0009547919099366768,4.778945025452157e-07,-2.582337288840317,-4.706280281868675,0.07732770167521141,2.3853037547569578,-1.1970596302749623,-0.048400415036082584,0.0002858856700231729,4.0286669668487467e-07,1.611825038243146,-9.932168686794867,0.108487684908752,1.9019207246286276,0.31920451074967104,-0.08123164991830316,4.3662496132004074e-05,1.708513622580592e-07,17.15201800549251,10.02894888324355,-0.1848594122934731,-0.7332742120013268,1.172027993230024,0.013822782777932887,5.151383772628657e-05,1.6553711549585576e-07,28.92998666436251,-7.693195505960187,-0.508368910299566,0.2895631493214623,1.1140348886523237,-0.02963869613511155
