,flag,epoch,sbx,sby,sbz,sbvx,sbvy,sbvz
0,1.0,2457220.5,-43.17934209973655,-0.1707491161998318,1.931180478901832,0.00404490878760669,-0.9598919951694448,-0.01993521602353924
