,flag,epoch,sbx,sby,sbz,sbvx,sbvy,sbvz
0,1,2457330.0,-0.5867579963404302,-2.8121849869133047,-0.6032231454240544,3.6554220089797416,-0.6638574328868597,-0.48767025692597443
