,flag,epoch,sbx,sby,sbz,sbvx,sbvy,sbvz
0,1.0,2457320.5,38.26697208067766,-14.325964744450825,-6.1751764290831215,0.5325758893508519,0.8633067298480958,0.141708788860677
