,mass_1,radius_1,x_1,y_1,z_1,vx_1,vy_1,vz_1,mass_2,radius_2,x_2,y_2,z_2,vx_2,vy_2,vz_2,mass_3,radius_3,x_3,y_3,z_3,vx_3,vy_3,vz_3,mass_4,radius_4,x_4,y_4,z_4,vx_4,vy_4,vz_4,mass_5,radius_5,x_5,y_5,z_5,vx_5,vy_5,vz_5,mass_6,radius_6,x_6,y_6,z_6,vx_6,vy_6,vz_6,mass_7,radius_7,x_7,y_7,z_7,vx_7,vy_7,vz_7,mass_8,radius_8,x_8,y_8,z_8,vx_8,vy_8,vz_8
0,1.660120825375342e-07,1.631393540950981e-08,-0.1233107713029004,-0.4492641720786761,-0.02539453992570703,7.846513141221368,-2.2049440413408283,-0.9000703738956175,2.447838287784771e-06,4.045378434654418e-08,-0.5642589197431566,-0.4513767414389737,0.02637724159583464,4.562663634511962,-5.803529823253912,-0.3428479477797189,3.040432648020684e-06,4.437104331057835e-07,-0.9949180626755618,0.0328456702051987,1.568611584765535e-06,-0.3095011138033857,-6.3040736104621,0.00020412852348911505,3.2271560375549955e-07,2.270212793877687e-08,-1.617039148608788,-0.2630174446900465,0.03418036117398957,1.0115263092928917,-4.6080859775982175,-0.12138238215468716,0.0009547919099366768,4.778945025452157e-07,-1.89049721905984,4.866168648247112,0.0220934080903161,-2.6047145640272675,-0.8685429172097845,0.06189117506798182,0.0002858856700231729,4.0286669668487467e-07,-6.594941379393233,-7.369788463394248,0.3906903883605733,1.4056679082175692,-1.364914577878394,-0.032262288251920956,4.3662496132004074e-05,1.708513622580592e-07,19.58093727954406,4.20482773396412,-0.2379854182275334,-0.31400853520720057,1.3364802993880802,0.009058533050572144,5.151383772628657e-05,1.6553711549585576e-07,27.16447162032469,-12.67200538321532,-0.3649648496595397,0.47508150062215426,1.0447099976623124,-0.0324860944570644
