,mass_1,radius_1,x_1,y_1,z_1,vx_1,vy_1,vz_1,mass_2,radius_2,x_2,y_2,z_2,vx_2,vy_2,vz_2,mass_3,radius_3,x_3,y_3,z_3,vx_3,vy_3,vz_3,mass_4,radius_4,x_4,y_4,z_4,vx_4,vy_4,vz_4,mass_5,radius_5,x_5,y_5,z_5,vx_5,vy_5,vz_5,mass_6,radius_6,x_6,y_6,z_6,vx_6,vy_6,vz_6,mass_7,radius_7,x_7,y_7,z_7,vx_7,vy_7,vz_7,mass_8,radius_8,x_8,y_8,z_8,vx_8,vy_8,vz_8
0,1.660120825375342e-07,1.631393540950981e-08,-0.163021847059253,0.2756567206488541,0.03748096140352101,-10.914436517465292,-4.836242252999935,0.6065013750872488,2.447838287784771e-06,4.045378434654418e-08,0.6286994933010831,-0.3646365329831776,-0.04127591103443379,3.662229760267861,6.360399386000301,-0.12433612952710237,3.040432648020684e-06,4.437104331057835e-07,-0.3891097526119236,-0.935812289667361,1.481041093922186e-05,5.7001447742678435,-2.4362639640241914,2.805390558652637e-05,3.2271560375549955e-07,2.270212793877687e-08,-1.341627283947255,0.9797032068395609,0.05348574501503658,-2.8218642368702014,-3.6916822555860214,-0.008031754401024285,0.0009547919099366768,4.778945025452157e-07,-3.777602006193555,-3.880629067426216,0.1006418988537927,1.942370182340051,-1.7944580911972778,-0.03601498011617442,0.0002858856700231729,4.0286669668487467e-07,-6.13438631285251,6.765534844240629,0.1263282264833613,-1.6174263019735364,-1.3748415938329968,0.08829596257129878,4.3662496132004074e-05,1.708513622580592e-07,19.05048490410906,-6.342132791541095,-0.2703022078753272,0.44445846160208197,1.29417546984827,-0.0009328363958149122,5.151383772628657e-05,1.6553711549585576e-07,22.29122144457835,-20.15914231773312,-0.0986105216453192,0.7628591495492983,0.8552202374945393,-0.035210982273570536
