,mass_1,radius_1,x_1,y_1,z_1,vx_1,vy_1,vz_1,mass_2,radius_2,x_2,y_2,z_2,vx_2,vy_2,vz_2,mass_3,radius_3,x_3,y_3,z_3,vx_3,vy_3,vz_3,mass_4,radius_4,x_4,y_4,z_4,vx_4,vy_4,vz_4,mass_5,radius_5,x_5,y_5,z_5,vx_5,vy_5,vz_5,mass_6,radius_6,x_6,y_6,z_6,vx_6,vy_6,vz_6,mass_7,radius_7,x_7,y_7,z_7,vx_7,vy_7,vz_7,mass_8,radius_8,x_8,y_8,z_8,vx_8,vy_8,vz_8
0,1.660120825375342e-07,1.631393540950981e-08,-0.3870838300926446,-0.1628674462878151,0.02220285229647573,1.8611947397799937,-9.026296721608553,-0.9083075162558376,2.447838287784771e-06,4.045378434654418e-08,0.7246685903853435,0.02841408379214956,-0.04142821755680395,-0.3203047631866363,7.348287881695103,0.11927979118648781,3.040432648020684e-06,4.437104331057835e-07,0.3885878456599134,-0.9392457291636727,3.725427330315308e-05,5.704345868066681,2.378883399682762,-0.00012381248247089144,3.2271560375549955e-07,2.270212793877687e-08,-0.7785807117977196,1.432493297294781,0.04912640293489862,-4.297314663948668,-2.0056604943807548,0.06343384306003369,0.0009547919099366768,4.778945025452157e-07,-4.922138137753532,-2.339628969259663,0.119854351080882,1.151064348872595,-2.361460520203947,-0.01594941234368598,0.0002858856700231729,4.0286669668487467e-07,-0.8500506454149995,-10.02142782313927,0.2080189893938354,1.9202431134723024,-0.18047347540194653,-0.07329762885125962,4.3662496132004074e-05,1.708513622580592e-07,18.02026002141563,8.4888601172547,-0.2018035080775994,-0.621299256412337,1.230342662790323,0.012611704236466638,5.151383772628657e-05,1.6553711549585576e-07,28.52480085708556,-9.109836899775608,-0.4698121793379594,0.3426316125863809,1.0969316108890335,-0.030529065438821928
