,flag,epoch,sbx,sby,sbz,sbvx,sbvy,sbvz
0,1,2457200.0,0.5620588988258594,1.8354218024890572,0.20797841056250055,-4.635385146345571,1.1923929586646584,-0.04593601395047938
