,flag,epoch,sbx,sby,sbz,sbvx,sbvy,sbvz
0,1.0,2454853.5,5.363162241615092,18.250103035014526,-1.8537321340404942,-1.2004701676158906,1.501844438108191,-0.1663706467737505
