,flag,epoch,sbx,sby,sbz,sbvx,sbvy,sbvz
0,1.0,2457640.0,2.080447457906979,-0.8765225204866881,-0.2798838674735327,1.9653272941879152,3.7869125053782677,0.049759600343130594
1,1.0,2457640.0,2.0804474850862147,-0.8765225398107365,-0.2798838683437056,1.9653272792315934,3.786912445058478,0.049759575670043354
