,flag,epoch,sbx,sby,sbz,sbvx,sbvy,sbvz
0,1.0,2457060.5,38.090026889991485,16.169171353835605,-1.0163169130901846,-0.34915475961746806,0.7464393964434662,0.6132170424976002
