,flag,epoch,sbx,sby,sbz,sbvx,sbvy,sbvz
0,1.0,2457753.5,37.12937130765344,17.600676471313744,-8.816382292405784,-0.4172715453356611,0.8543564173257293,0.1607960844158859
