,mass_1,radius_1,x_1,y_1,z_1,vx_1,vy_1,vz_1,mass_2,radius_2,x_2,y_2,z_2,vx_2,vy_2,vz_2,mass_3,radius_3,x_3,y_3,z_3,vx_3,vy_3,vz_3,mass_4,radius_4,x_4,y_4,z_4,vx_4,vy_4,vz_4,mass_5,radius_5,x_5,y_5,z_5,vx_5,vy_5,vz_5,mass_6,radius_6,x_6,y_6,z_6,vx_6,vy_6,vz_6,mass_7,radius_7,x_7,y_7,z_7,vx_7,vy_7,vz_7,mass_8,radius_8,x_8,y_8,z_8,vx_8,vy_8,vz_8
0,1.660120825375342e-07,1.631393540950981e-08,-0.1119960521634004,0.2940199751083148,0.03429972881594406,-11.666679663556744,-3.2753663609705734,0.8026844580958908,2.447838287784771e-06,4.045378434654418e-08,0.4826244480220226,0.5376103705914745,-0.02047875439585404,-5.5199733167544,4.903562614912229,0.3857745797769459,3.040432648020684e-06,4.437104331057835e-07,-0.1623702226733351,0.9698268804328579,-3.578852513151285e-05,-6.3000155121809165,-1.0610317686789112,7.032376467372096e-05,3.2271560375549955e-07,2.270212793877687e-08,1.357938159057326,0.3722014877152759,-0.02552698893301263,-1.1554496073381615,5.366757422526951,0.14082097506764016,0.0009547919099366768,4.778945025452157e-07,-5.361040795737728,-1.005604073530884,0.1241356453511912,0.4754442051373131,-2.581266644932255,8.065097982658362e-05,0.0002858856700231729,4.0286669668487467e-07,-1.873673429885148,-9.868644142320155,0.2461119673423783,1.8912252657123634,-0.388455344910467,-0.06853982178368927,4.3662496132004074e-05,1.708513622580592e-07,18.3408080908387,7.822789508353214,-0.2084287988731845,-0.5733126688645719,1.251907523358083,0.012079853460976514,5.151383772628657e-05,1.6553711549585576e-07,28.33508759269934,-9.696401841012745,-0.4533356387876796,0.3643758280995563,1.089229344637374,-0.03087596618355196
