,flag,epoch,sbx,sby,sbz,sbvx,sbvy,sbvz
0,1,2457563.5,-1.1011502377840596,-2.4241720312485784,0.2643901958757995,3.4215838609445886,-1.173966319143906,-0.9843935180149511
