,mass_1,radius_1,x_1,y_1,z_1,vx_1,vy_1,vz_1,mass_2,radius_2,x_2,y_2,z_2,vx_2,vy_2,vz_2,mass_3,radius_3,x_3,y_3,z_3,vx_3,vy_3,vz_3,mass_4,radius_4,x_4,y_4,z_4,vx_4,vy_4,vz_4,mass_5,radius_5,x_5,y_5,z_5,vx_5,vy_5,vz_5,mass_6,radius_6,x_6,y_6,z_6,vx_6,vy_6,vz_6,mass_7,radius_7,x_7,y_7,z_7,vx_7,vy_7,vz_7,mass_8,radius_8,x_8,y_8,z_8,vx_8,vy_8,vz_8
0,1.660120825375342e-07,1.631393540950981e-08,0.1670217085279037,0.2618865917744073,0.006072943052624966,-10.711239255014025,5.938923954208392,1.4680380996546463,2.447838287784771e-06,4.045378434654418e-08,0.6906662243664374,0.2184125082379571,-0.03686785311003559,-2.2529739643532523,7.010752887598593,0.22608994473039146,3.040432648020684e-06,4.437104331057835e-07,0.8681853325473019,-0.5188723086367194,1.414647339827872e-05,3.1214276517506283,5.370479653190929,-0.00016661415983594023,3.2271560375549955e-07,2.270212793877687e-08,-0.6658657506087219,-1.361478778483927,-0.01217589519472418,4.784620753073592,-1.8077565361844585,-0.15535483435195638,0.0009547919099366768,4.778945025452157e-07,2.359065672529963,4.435664073976025,-0.0712116734131151,-2.4690087491814108,1.4267307520639185,0.049326150850679484,0.0002858856700231729,4.0286669668487467e-07,-8.432777536706116,-4.89036790916638,0.4207771547174633,0.9099935907012074,-1.7663085093803483,-0.005516166713145893,4.3662496132004074e-05,1.708513622580592e-07,19.95510997488702,2.081635861421739,-0.2507549255404144,-0.16148984169940175,1.3628594183583247,0.007170283117860439,5.151383772628657e-05,1.6553711549585576e-07,26.36942888044477,-14.29153313828904,-0.3132860490793197,0.5367450232337733,1.015779456506608,-0.03327027404829528
