,flag,epoch,sbx,sby,sbz,sbvx,sbvy,sbvz
0,1.0,2457760.0,1.4641622866796677,-1.893958342116167,-0.17478134352083238,3.3888130813856923,2.199338096650025,0.27431978360601167
1,1.0,2457760.0,1.4641622904572376,-1.893958333002062,-0.17478133065693502,3.388813090533566,2.199338099483171,0.27431980373220105
