,flag,epoch,sbx,sby,sbz,sbvx,sbvy,sbvz
0,1.0,2457558.5,45.60100332545731,8.47979975282798,0.8499545969821733,-0.13896710790207925,0.8773889230600932,0.05349047476202924
