,flag,epoch,sbx,sby,sbz,sbvx,sbvy,sbvz
0,1.0,2457309.5,31.99282539552224,20.868407420110678,-9.02807852717346,-0.6190316812595418,0.8333688838127306,0.09787599852564428
