,flag,epoch,sbx,sby,sbz,sbvx,sbvy,sbvz
0,1.0,2457448.5,18.885906715035453,23.672592554927924,0.11700987408915217,-0.9795721395253705,0.8023438021748882,0.03973802952771347
