,flag,epoch,sbx,sby,sbz,sbvx,sbvy,sbvz
0,1,2457260.0,2.276065293392701,-1.2960275266777737,0.18294926260135735,1.459657999406319,3.4067763258308434,-0.09013297229424543
