,flag,epoch,sbx,sby,sbz,sbvx,sbvy,sbvz
0,1.0,2457850.0,-2.1651614254178693,0.6829149542658653,0.22855976835728667,-1.486378827025515,-3.9861029672158392,0.3314098338955349
1,1.0,2457850.0,-2.1651614778579598,0.6829150018501032,0.22855976727139343,-1.486378851925983,-3.9861028383147703,0.3314098662892617
