,flag,epoch,sbx,sby,sbz,sbvx,sbvy,sbvz
0,1.0,2457905.5,50.75699849877986,-42.88511397574737,1.5274117125446312,0.6597651463470645,0.28719723551454884,0.165232027911384
