,mass_1,radius_1,x_1,y_1,z_1,vx_1,vy_1,vz_1,mass_2,radius_2,x_2,y_2,z_2,vx_2,vy_2,vz_2,mass_3,radius_3,x_3,y_3,z_3,vx_3,vy_3,vz_3,mass_4,radius_4,x_4,y_4,z_4,vx_4,vy_4,vz_4,mass_5,radius_5,x_5,y_5,z_5,vx_5,vy_5,vz_5,mass_6,radius_6,x_6,y_6,z_6,vx_6,vy_6,vz_6,mass_7,radius_7,x_7,y_7,z_7,vx_7,vy_7,vz_7,mass_8,radius_8,x_8,y_8,z_8,vx_8,vy_8,vz_8
0,1.660120825375342e-07,1.631393540950981e-08,-0.2409056369656323,0.2294163504139685,0.04084716512962377,-9.17369769976894,-7.025444437990768,0.26754953292098793,2.447838287784771e-06,4.045378434654418e-08,0.06915994962245312,-0.7238236482149036,-0.01391582057448714,7.304799271528542,0.6763354798847991,-0.41225920376416086,3.040432648020684e-06,4.437104331057835e-07,0.963090258514087,0.2653888679572645,-1.46668058006216e-05,-1.771755655928936,6.034761175018607,-0.000218397623104536,3.2271560375549955e-07,2.270212793877687e-08,1.102743335554183,-0.8358478319538961,-0.04457938160407206,3.281537126250945,4.51136466875553,0.01400259029786853,0.0009547919099366768,4.778945025452157e-07,-5.435439864911854,-0.4103635958281564,0.1233286773320727,0.17464257888587276,-2.6207045365643737,0.00697419225242633,0.0002858856700231729,4.0286669668487467e-07,-2.303950706526371,-9.769814802916585,0.2615244908654441,1.8724070628309037,-0.47604907053020024,-0.06627278636283358,4.3662496132004074e-05,1.708513622580592e-07,18.46950826805888,7.535588792097668,-0.2111636847202318,-0.5526047920276527,1.2605987625083128,0.011846094412492786,5.151383772628657e-05,1.6553711549585576e-07,28.25072701466302,-9.945031027990803,-0.4462602877040724,0.3736442041095146,1.0858762800541406,-0.03102210168603898
