,flag,epoch,sbx,sby,sbz,sbvx,sbvy,sbvz
0,1,2456883.5,-1.0135557957154866,2.6771654459886935,0.06193122471299682,-3.4837062046404035,-1.7101451211396237,0.004804545406355315
