,flag,epoch,sbx,sby,sbz,sbvx,sbvy,sbvz
0,1.0,2457328.5,-41.76364077268569,-16.547009974448965,2.4271549402392063,0.3889789223397174,-0.8537072709505238,0.03442981841899987
