,flag,epoch,sbx,sby,sbz,sbvx,sbvy,sbvz
0,1.0,2457632.5,36.23091003111057,9.379325948645336,-14.554288793142156,-0.36180138148676405,1.115140922723484,-0.40865832128642665
