,flag,epoch,sbx,sby,sbz,sbvx,sbvy,sbvz
0,1.0,2457961.5,-1.8875223218727322,0.43037598569320584,-0.3205319994589773,-0.9711877752818877,-4.134186783330145,1.486130611135016
