,flag,epoch,sbx,sby,sbz,sbvx,sbvy,sbvz
0,1.0,2457520.0,1.3827079005621914,1.9609779681640676,0.24641708765365503,-3.528611130550603,2.0620429152293305,-0.10279943749921869
1,1.0,2457520.0,1.3827079171518721,1.9609779627088215,0.24641707991197132,-3.528611113314246,2.0620429277626227,-0.10279944519163406
