,flag,epoch,sbx,sby,sbz,sbvx,sbvy,sbvz
0,1,2455182.5,-46.097015040107216,-3.750119511875302,7.613500685934784,0.21364631435014306,-0.8899034221230884,-0.05435174418261893
