,flag,epoch,sbx,sby,sbz,sbvx,sbvy,sbvz
0,1.0,2456672.5,-34.03999879994019,-23.211177906185767,0.37596329011382146,0.6175461316062839,-0.8041228907520555,-0.09416490919996211
