,mass_1,radius_1,x_1,y_1,z_1,vx_1,vy_1,vz_1,mass_2,radius_2,x_2,y_2,z_2,vx_2,vy_2,vz_2,mass_3,radius_3,x_3,y_3,z_3,vx_3,vy_3,vz_3,mass_4,radius_4,x_4,y_4,z_4,vx_4,vy_4,vz_4,mass_5,radius_5,x_5,y_5,z_5,vx_5,vy_5,vz_5,mass_6,radius_6,x_6,y_6,z_6,vx_6,vy_6,vz_6,mass_7,radius_7,x_7,y_7,z_7,vx_7,vy_7,vz_7,mass_8,radius_8,x_8,y_8,z_8,vx_8,vy_8,vz_8
0,1.660120825375342e-07,1.631393540950981e-08,0.03669114495504773,-0.4580114942462626,-0.04078580991772549,8.182216901012833,1.3489554368035832,-0.6406393376323747,2.447838287784771e-06,4.045378434654418e-08,-0.6948252811686861,0.180902530637348,0.04257746549152974,-1.898118706957517,-7.182788851977375,0.011230531533350125,3.040432648020684e-06,4.437104331057835e-07,0.02382543917358271,0.9834764951539573,-1.810388564939008e-05,-6.384677059421988,0.1286163647240934,1.121799629240868e-05,3.2271560375549955e-07,2.270212793877687e-08,-0.01737902085670473,1.570841853614185,0.03333639800637001,-4.917406350293853,0.3771268035588636,0.1286773325154457,0.0009547919099366768,4.778945025452157e-07,0.06614600667969553,-5.251181950393217,0.02031912232941853,2.72429753954916,0.16507471639465676,-0.0616486510231662,0.0002858856700231729,4.0286669668487467e-07,-8.230541279765838,4.24288195810475,0.2536826187025574,-1.0407494365990313,-1.8157770600750416,0.0730554357958741,4.3662496132004074e-05,1.708513622580592e-07,19.63138277345964,-4.283965588032463,-0.2701736110937677,0.29778351473678405,1.3363867644673824,0.0011004323838178026,5.151383772628657e-05,1.6553711549585576e-07,23.44428173373235,-18.7858284286995,-0.1534734944149347,0.7116086863018651,0.9013054112358215,-0.03495228350436195
