,flag,epoch,sbx,sby,sbz,sbvx,sbvy,sbvz
0,1,2457032.5,-24.617947838343813,-19.817314721041924,-2.263792483088614,0.7941746277385103,-0.9127726707346289,-0.15892434832531616
