,mass_1,radius_1,x_1,y_1,z_1,vx_1,vy_1,vz_1,mass_2,radius_2,x_2,y_2,z_2,vx_2,vy_2,vz_2,mass_3,radius_3,x_3,y_3,z_3,vx_3,vy_3,vz_3,mass_4,radius_4,x_4,y_4,z_4,vx_4,vy_4,vz_4,mass_5,radius_5,x_5,y_5,z_5,vx_5,vy_5,vz_5,mass_6,radius_6,x_6,y_6,z_6,vx_6,vy_6,vz_6,mass_7,radius_7,x_7,y_7,z_7,vx_7,vy_7,vz_7,mass_8,radius_8,x_8,y_8,z_8,vx_8,vy_8,vz_8
0,1.660120825375342e-07,1.631393540950981e-08,-0.1768251447854882,-0.429622238283472,-0.01887580940622323,7.436366307318499,-3.4057939244560043,-0.9606158182061144,2.447838287784771e-06,4.045378434654418e-08,-0.6865936427531268,-0.2180227836931533,0.03663912526768594,2.1862848293888755,-7.074816949256997,-0.22305812039090783,3.040432648020684e-06,4.437104331057835e-07,0.6144480783839218,0.7755132027313838,-1.941392819052585e-05,-5.027422007819735,3.8787741529628215,-7.394855173625081e-05,3.2271560375549955e-07,2.270212793877687e-08,-0.1119595607229523,1.575267846274188,0.0357564567359727,-4.904373605530843,0.07119004768549295,0.12192331905103895,0.0009547919099366768,4.778945025452157e-07,4.34445940787308,-2.504297275935916,-0.0868232096586272,1.343341903813345,2.5212003021060356,-0.04052946997833122,0.0002858856700231729,4.0286669668487467e-07,-9.438903116360335,0.5265506278727649,0.3665342537266908,-0.22177540729177425,-2.0369983535871534,0.04431774019298721,4.3662496132004074e-05,1.708513622580592e-07,20.0226267223167,-1.712359753777881,-0.2657148186422338,0.11297810872414131,1.3663039542471478,0.003594959993599638,5.151383772628657e-05,1.6553711549585576e-07,24.73288208649143,-17.02306227044682,-0.2194206388130147,0.643699464340462,0.9531738479572911,-0.03442365084131884
