,flag,epoch,sbx,sby,sbz,sbvx,sbvy,sbvz
0,1.0,2457358.5,-11.213204270692,-12.716255373424296,7.0217661010465635,1.0418315988474813,-1.2895488393283976,0.005089929553961201
