,flag,epoch,sbx,sby,sbz,sbvx,sbvy,sbvz
0,1.0,2457660.5,-22.649762356995428,31.406309297854285,4.144000065899261,-0.6973586410837253,-0.6805369459142387,0.28213872464061507
