,mass_1,radius_1,x_1,y_1,z_1,vx_1,vy_1,vz_1,mass_2,radius_2,x_2,y_2,z_2,vx_2,vy_2,vz_2,mass_3,radius_3,x_3,y_3,z_3,vx_3,vy_3,vz_3,mass_4,radius_4,x_4,y_4,z_4,vx_4,vy_4,vz_4,mass_5,radius_5,x_5,y_5,z_5,vx_5,vy_5,vz_5,mass_6,radius_6,x_6,y_6,z_6,vx_6,vy_6,vz_6,mass_7,radius_7,x_7,y_7,z_7,vx_7,vy_7,vz_7,mass_8,radius_8,x_8,y_8,z_8,vx_8,vy_8,vz_8
0,1.660120825375342e-07,1.631393540950981e-08,-0.3459300182812159,0.1071583521034856,0.04049660246213572,-5.165862124539967,0.0,0.0,2.447838287784771e-06,4.045378434654418e-08,0.3362766538352425,0.6383496159883235,-0.01066190007616333,-6.5597784135522454,0.0,0.0,3.040432648020684e-06,4.437104331057835e-07,0.09487461075206638,-1.012126015572194,2.796234284346311e-05,6.154138042725793,0.0,0.0,3.2271560375549955e-07,2.270212793877687e-08,1.059755981064982,1.000853076541001,-0.005050974096270635,-3.3146790063590212,0.0,0.0,0.0009547919099366768,4.778945025452157e-07,4.528791304372256,1.998715670744885,-0.1096452534420103,-1.147461435639186,2.6550457745197713,0.014653870799338303,0.0002858856700231729,4.0286669668487467e-07,-9.232971085289504,-2.732782601975261,0.4150992456711506,0.467549842035688,-1.9562661819076055,0.015437799535364725,4.3662496132004074e-05,1.708513622580592e-07,20.07576318873408,0.5031560543370887,-0.2581896116459103,-0.047412083299386544,1.3712263595165832,0.005707814611993806,5.151383772628657e-05,1.6553711549585576e-07,25.72394552711252,-15.45011056377439,-0.2745839932242514,0.5818836326642842,0.9917386314020443,-0.03379366913591461
