,mass_1,radius_1,x_1,y_1,z_1,vx_1,vy_1,vz_1,mass_2,radius_2,x_2,y_2,z_2,vx_2,vy_2,vz_2,mass_3,radius_3,x_3,y_3,z_3,vx_3,vy_3,vz_3,mass_4,radius_4,x_4,y_4,z_4,vx_4,vy_4,vz_4,mass_5,radius_5,x_5,y_5,z_5,vx_5,vy_5,vz_5,mass_6,radius_6,x_6,y_6,z_6,vx_6,vy_6,vz_6,mass_7,radius_7,x_7,y_7,z_7,vx_7,vy_7,vz_7,mass_8,radius_8,x_8,y_8,z_8,vx_8,vy_8,vz_8
0,1.660120825375342e-07,1.631393540950981e-08,-0.2609599173918958,0.2129798669097435,0.0413462574140049,-8.59071297492218,-7.539137782863485,0.17226279024154253,2.447838287784771e-06,4.045378434654418e-08,0.4142050416307704,0.5913673994090675,-0.01580305590447952,-6.07399638125968,4.2061868931364765,0.4081748717472234,3.040432648020684e-06,4.437104331057835e-07,0.01885515098546496,-1.016165867562402,2.824683970273208e-05,6.180488867215732,0.0927710604371236,-1.65996015348225e-05,3.2271560375549955e-07,2.270212793877687e-08,1.099551982777113,0.9487411846833486,-0.007120098467536482,-3.14417628899072,4.306176645778165,0.16743545322836462,0.0009547919099366768,4.778945025452157e-07,4.542816402871632,1.965955519802646,-0.1098230840417483,-1.1292696647145708,2.662997058691934,0.014213832922210068,0.0002858856700231729,4.0286669668487467e-07,-9.238700632030424,-2.7086716847765,0.4149076591978487,0.46254575323777725,-1.9577372966437043,0.01566306960738455,4.3662496132004074e-05,1.708513622580592e-07,20.07633978068582,0.4862618621345802,-0.2582598361830131,-0.04618797010776976,1.3712640022693692,0.005691968097912541,5.151383772628657e-05,1.6553711549585576e-07,25.71677357111214,-15.46232744245538,-0.2741676116733586,0.5823639074778446,0.9914679682015577,-0.03379893452989539
