,flag,epoch,sbx,sby,sbz,sbvx,sbvy,sbvz
0,1.0,2457535.5,29.012353067116432,36.825388576393735,-0.9394809789871014,-0.7361936504289726,0.4917537236318409,0.027468687914370182
