,flag,epoch,sbx,sby,sbz,sbvx,sbvy,sbvz
0,1.0,2456580.0,9.730689740846499,45.57424053365604,-9.29776203904544,-0.7809347072784951,0.27314047765971927,0.23580274034534965
