,flag,epoch,sbx,sby,sbz,sbvx,sbvy,sbvz
0,1.0,2457585.5,49.66902856789992,-37.01300493460168,-11.59544051271342,0.9220683908198541,0.2529685050017322,0.1144007153578511
