,flag,epoch,sbx,sby,sbz,sbvx,sbvy,sbvz
0,1.0,2457390.0,-0.05571463024053769,2.620847647352099,-0.2745912371530202,-3.6328009386743294,0.022561487834031134,0.2028316750436001
1,1.0,2457390.0,-0.05571474984503433,2.620847673506722,-0.2745913068931735,-3.632800873770135,0.022561354654922976,0.20283166890106158
