,mass_1,radius_1,x_1,y_1,z_1,vx_1,vy_1,vz_1,mass_2,radius_2,x_2,y_2,z_2,vx_2,vy_2,vz_2,mass_3,radius_3,x_3,y_3,z_3,vx_3,vy_3,vz_3,mass_4,radius_4,x_4,y_4,z_4,vx_4,vy_4,vz_4,mass_5,radius_5,x_5,y_5,z_5,vx_5,vy_5,vz_5,mass_6,radius_6,x_6,y_6,z_6,vx_6,vy_6,vz_6,mass_7,radius_7,x_7,y_7,z_7,vx_7,vy_7,vz_7,mass_8,radius_8,x_8,y_8,z_8,vx_8,vy_8,vz_8
0,1.660120825375342e-07,1.631393540950981e-08,-0.2564493513369728,-0.3800084313882085,-0.007504966181750094,6.441330326825367,-5.26149964616144,-1.0210276784366548,2.447838287784771e-06,4.045378434654418e-08,-0.4121426020920882,-0.5955643880865923,0.01564889792256684,6.023654923577505,-4.238124053500827,-0.40561300421189495,3.040432648020684e-06,4.437104331057835e-07,0.9969035229093143,-0.1320486616309958,-4.527039962595736e-07,0.7226941183871991,6.205943028670374,-1.455189223946994e-05,3.2271560375549955e-07,2.270212793877687e-08,-1.160260443295432,1.177839488484488,0.05319057730644614,-3.4475883535216827,-3.1516146685682345,0.01871822527572991,0.0009547919099366768,4.778945025452157e-07,2.541658439119838,4.323728943703355,-0.07485191387000742,-2.4134251641634603,1.528405399969276,0.04768784753041181,0.0002858856700231729,4.0286669668487467e-07,5.223809425520214,7.483268128618149,-0.3379470434233266,-1.7805645714963447,1.163650685158601,0.05055647488188922,4.3662496132004074e-05,1.708513622580592e-07,15.10301727875891,-13.02962957428461,-0.2442139423746611,0.925519610065891,1.022441551499539,-0.008177880433482693,5.151383772628657e-05,1.6553711549585576e-07,17.46981020636525,-24.5255526815384,0.1024919349891417,0.923857515812508,0.6734507338300184,-0.03512643636258276
