,flag,epoch,sbx,sby,sbz,sbvx,sbvy,sbvz
0,1.0,2451802.5,23.264014621655907,-32.11162888790783,0.8677381974064264,1.2763401236354557,0.14845420423098024,0.12328143666547528
