,flag,epoch,sbx,sby,sbz,sbvx,sbvy,sbvz
0,1.0,2456066.5,17.448381962686156,4.627343015913368,0.985901604433238,0.6739033319121831,1.7678217477697435,-0.06695304647879496
