,flag,epoch,sbx,sby,sbz,sbvx,sbvy,sbvz
0,1.0,2457980.0,0.5925950881843529,2.157736178135473,-0.2228298451929499,-4.007067928015974,1.6125841249447046,0.20501162550001029
1,1.0,2457980.0,0.5925950681152495,2.157736188382699,-0.22282982795184528,-4.007067932368438,1.612584111550953,0.2050116208093463
