,flag,epoch,sbx,sby,sbz,sbvx,sbvy,sbvz
0,1.0,2456998.5,-54.869497633839934,-9.236199027762929,-3.6406040182037724,-0.19603588004348574,-0.8239456749517575,-0.068671301943621
