,mass_1,radius_1,x_1,y_1,z_1,vx_1,vy_1,vz_1,mass_2,radius_2,x_2,y_2,z_2,vx_2,vy_2,vz_2,mass_3,radius_3,x_3,y_3,z_3,vx_3,vy_3,vz_3,mass_4,radius_4,x_4,y_4,z_4,vx_4,vy_4,vz_4,mass_5,radius_5,x_5,y_5,z_5,vx_5,vy_5,vz_5,mass_6,radius_6,x_6,y_6,z_6,vx_6,vy_6,vz_6,mass_7,radius_7,x_7,y_7,z_7,vx_7,vy_7,vz_7,mass_8,radius_8,x_8,y_8,z_8,vx_8,vy_8,vz_8
0,1.660120825375342e-07,1.631393540950981e-08,-0.394160920043381,-0.1114624007505688,0.02705307277527523,0.6647029350830008,-9.445342986026446,-0.8327832525833243,2.447838287784771e-06,4.045378434654418e-08,-0.5579681400707155,-0.4592515847711443,0.0258986278627636,4.6425770979279335,-5.738881388793,-0.3466204649610768,3.040432648020684e-06,4.437104331057835e-07,-0.902236784022993,-0.4392964935773189,2.248927113199079e-05,2.648675070532873,-5.67333102752837,0.00021970229268183125,3.2271560375549955e-07,2.270212793877687e-08,0.3934117622104479,1.481213743258243,0.02138453761059048,-4.746287443721873,1.7470275650276643,0.15309302029539518,0.0009547919099366768,4.778945025452157e-07,-5.168700288622648,-1.741889874630754,0.1228892784710077,0.8478354953971324,-2.484163012675545,-0.008656213232330137,0.0002858856700231729,4.0286669668487467e-07,-1.321998316727538,-9.96513699183493,0.2258270761756397,1.9096194242984688,-0.2763520443710048,-0.07121528603612745,4.3662496132004074e-05,1.708513622580592e-07,18.1706446485938,8.18444788337607,-0.2048810774996331,-0.599320180995679,1.2404044901534639,0.012367857372257353,5.151383772628657e-05,1.6553711549585576e-07,28.43913398413613,-9.379692796680072,-0.4622694673347153,0.35266907821111326,1.0933819151961746,-0.030691622264582063
