,flag,epoch,sbx,sby,sbz,sbvx,sbvy,sbvz
0,1.0,2458133.5,41.52053462127114,0.704748401702072,-1.6502208609947415,-0.11950190903859423,0.9152231162248047,0.35090027620221
