,flag,epoch,sbx,sby,sbz,sbvx,sbvy,sbvz
0,1,2457345.5,-2.2105851351294787,0.7552201907730913,-0.29974173307198865,-2.0642934355246156,-3.6171854050125796,-0.13363457115393884
