,mass_1,radius_1,x_1,y_1,z_1,vx_1,vy_1,vz_1,mass_2,radius_2,x_2,y_2,z_2,vx_2,vy_2,vz_2,mass_3,radius_3,x_3,y_3,z_3,vx_3,vy_3,vz_3,mass_4,radius_4,x_4,y_4,z_4,vx_4,vy_4,vz_4,mass_5,radius_5,x_5,y_5,z_5,vx_5,vy_5,vz_5,mass_6,radius_6,x_6,y_6,z_6,vx_6,vy_6,vz_6,mass_7,radius_7,x_7,y_7,z_7,vx_7,vy_7,vz_7,mass_8,radius_8,x_8,y_8,z_8,vx_8,vy_8,vz_8
0,1.660120825375342e-07,1.631393540950981e-08,-0.06589791083799532,-0.4605508349143527,-0.03158523069835782,8.111123729950924,-0.932992851809098,-0.8203937885746215,2.447838287784771e-06,4.045378434654418e-08,0.3036110651363534,0.6542648215060572,-0.008553846503370908,-6.725412836968648,3.0761807859528782,0.4302787397928515,3.040432648020684e-06,4.437104331057835e-07,-0.9685729708334644,0.2168438481448428,-4.246270957582809e-06,-1.4751444923162806,-6.155805856173673,0.00020883851979755234,3.2271560375549955e-07,2.270212793877687e-08,1.245465895153704,0.7036668173097891,-0.01582503324958504,-2.318228271906657,4.8867658348978065,0.1592939036256592,0.0009547919099366768,4.778945025452157e-07,-4.077107072131251,3.449771823851855,0.07690435493504245,-1.8149184617822998,-1.9758465630326718,0.04881710773222529,0.0002858856700231729,4.0286669668487467e-07,-5.113717802908152,-8.546663773326138,0.3521515837398658,1.6362178220544035,-1.0535838117580139,-0.04685297282459114,4.3662496132004074e-05,1.708513622580592e-07,19.23135503316678,5.490758041616392,-0.2286545887521036,-0.40607678504464373,1.3123490783846825,0.010160454514293876,5.151383772628657e-05,1.6553711549585576e-07,27.60703909070437,-11.64998461145229,-0.3962414317334044,0.4368474375757217,1.0610959954164116,-0.0319583327553404
