,flag,epoch,sbx,sby,sbz,sbvx,sbvy,sbvz
0,1.0,2457620.0,-0.7459348784141284,2.1512080890633296,0.24907372384048412,-3.815260356428682,-1.5872248352548721,0.29792148510905037
1,1.0,2457620.0,-0.7459349043747522,2.1512080708488175,0.24907372395544877,-3.815260355218282,-1.5872248698536484,0.2979215263340204
