,flag,epoch,sbx,sby,sbz,sbvx,sbvy,sbvz
0,1.0,2459405.5,10.079221249176342,-33.89776279719982,0.8828420672645538,1.0584050886955705,0.027619485019612196,-0.33597585834175203
