,mass_1,radius_1,x_1,y_1,z_1,vx_1,vy_1,vz_1,mass_2,radius_2,x_2,y_2,z_2,vx_2,vy_2,vz_2,mass_3,radius_3,x_3,y_3,z_3,vx_3,vy_3,vz_3,mass_4,radius_4,x_4,y_4,z_4,vx_4,vy_4,vz_4,mass_5,radius_5,x_5,y_5,z_5,vx_5,vy_5,vz_5,mass_6,radius_6,x_6,y_6,z_6,vx_6,vy_6,vz_6,mass_7,radius_7,x_7,y_7,z_7,vx_7,vy_7,vz_7,mass_8,radius_8,x_8,y_8,z_8,vx_8,vy_8,vz_8
0,1.660120825375342e-07,1.631393540950981e-08,-0.3951218202244027,-0.08214687503911637,0.02953707222140928,-0.04293944689541591,-9.618813378499327,-0.7820233400864044,2.447838287784771e-06,4.045378434654418e-08,0.707631405837997,0.1561759692811794,-0.03869335877233374,-1.618847954177735,7.180803602710343,0.19187351208465542,3.040432648020684e-06,4.437104331057835e-07,-0.7942912694700781,-0.6187220156776131,2.653169042200317e-05,3.7591640461860276,-4.980916537736559,0.00016667559122102206,3.2271560375549955e-07,2.270212793877687e-08,-1.018280999021645,-1.17274918499466,0.0004154507113484739,4.051239490614641,-2.913263941899531,-0.16047803933845758,0.0009547919099366768,4.778945025452157e-07,-5.380419112337977,0.7632153066571983,0.11722400371873,-0.4203781545866318,-2.60121574107319,0.02020872347497878,0.0002858856700231729,4.0286669668487467e-07,-3.131890072144045,-9.518738467708497,0.2901252746860297,1.8242780487066972,-0.6450967348944006,-0.06142597292035808,4.3662496132004074e-05,1.708513622580592e-07,18.7077640879102,6.967654986495087,-0.2163639756735436,-0.5118235288296127,1.276687615555398,0.01138554068330172,5.151383772628657e-05,1.6553711549585576e-07,28.07944632344564,-10.42960303557169,-0.4323121458452833,0.39159921994472013,1.0791230193100536,-0.03129606016262012
