,flag,epoch,sbx,sby,sbz,sbvx,sbvy,sbvz
0,1.0,2457426.5,-2.793069430347246,1.5951754856027704,-0.06656078839980456,-1.6188916857179676,-2.7560209602665102,-0.20923145165837295
