,mass_1,radius_1,x_1,y_1,z_1,vx_1,vy_1,vz_1,mass_2,radius_2,x_2,y_2,z_2,vx_2,vy_2,vz_2,mass_3,radius_3,x_3,y_3,z_3,vx_3,vy_3,vz_3,mass_4,radius_4,x_4,y_4,z_4,vx_4,vy_4,vz_4,mass_5,radius_5,x_5,y_5,z_5,vx_5,vy_5,vz_5,mass_6,radius_6,x_6,y_6,z_6,vx_6,vy_6,vz_6,mass_7,radius_7,x_7,y_7,z_7,vx_7,vy_7,vz_7,mass_8,radius_8,x_8,y_8,z_8,vx_8,vy_8,vz_8
0,1.660120825375342e-07,1.631393540950981e-08,0.2661323003024401,-0.3271982482968507,-0.05115281860296158,5.927595595194968,6.979866325716238,0.026390504399459187,2.447838287784771e-06,4.045378434654418e-08,0.2010345060548729,0.6920987729048109,-0.002120940253916293,-7.1190050644829235,2.025254127226723,0.43860304862011784,3.040432648020684e-06,4.437104331057835e-07,0.5025648439505391,0.8503894333825698,-2.426461467198539e-05,-5.511970785108013,3.173457583005722,-7.148951419135791e-05,3.2271560375549955e-07,2.270212793877687e-08,0.007451466865053981,-1.454453376679352,-0.0306601408606045,5.303749852400677,0.4652682391251096,-0.12048552657897638,0.0009547919099366768,4.778945025452157e-07,4.939829964803878,0.3335929992951889,-0.1119292735599355,-0.2198621836167157,2.8835634068200333,-0.007052643697821168,0.0002858856700231729,4.0286669668487467e-07,-9.438287649542504,-1.549498955127052,0.4026722729003356,0.22026975350186903,-2.0128981152219203,0.02628333009748719,4.3662496132004074e-05,1.708513622580592e-07,20.0863825883626,-0.3136479409460914,-0.2613583979178936,0.011725430200024664,1.3717065324313766,0.004935520014682926,5.151383772628657e-05,1.6553711549585576e-07,25.37056523829598,-16.03667851743192,-0.2543851549675965,0.6049170127661437,0.9782291066582453,-0.03404160856720978
