,flag,epoch,sbx,sby,sbz,sbvx,sbvy,sbvz
0,1.0,2458725.5,27.198760017031347,24.073465610604917,-1.3407790011443166,-0.11285052116543393,0.1275725194858348,0.0012816562039298085
