,flag,epoch,sbx,sby,sbz,sbvx,sbvy,sbvz
0,1.0,2453120.0,2.1682266042087206,-2.336363149219269,0.10660156772039778,2.323038829414031,2.2093654206152618,-0.5211783268151207
1,1.0,2453120.0,2.1682266612291596,-2.3363630126255934,0.10660164882591987,2.323038826264588,2.2093655172716673,-0.5211783235122132
