,flag,epoch,sbx,sby,sbz,sbvx,sbvy,sbvz
0,1,2457135.5,-2.4906493392769917,-0.7098628869676273,-0.06882006334815875,1.6532199333163737,-3.632142776097012,-0.6024686564703345
