,flag,epoch,sbx,sby,sbz,sbvx,sbvy,sbvz
0,1.0,2457130.0,29.38363121519628,30.718225029624158,-0.607329158127672,-0.6915058210590512,0.6777633300504692,0.0077528433621286055
