,flag,epoch,sbx,sby,sbz,sbvx,sbvy,sbvz
0,1.0,2457377.5,3.143421243568538,37.51683681772624,-18.73810455046721,-0.9626390777965718,0.03428659531525119,0.21191299989745638
