,flag,epoch,sbx,sby,sbz,sbvx,sbvy,sbvz
0,1,2457186.5,-43.655786777524106,3.7966532168001876,0.940302450419596,-0.0751048037171945,-0.9366171008820932,0.10442290667212042
