,flag,epoch,sbx,sby,sbz,sbvx,sbvy,sbvz
0,1,2457568.5,1.787061735993079,-2.397308514074033,0.6548956866193426,2.108054987675993,2.720719390035838,0.2651737500290805
