,flag,epoch,sbx,sby,sbz,sbvx,sbvy,sbvz
0,1,2457520.0,2.1681594174628485,-0.8650958647548688,0.3302662499781468,1.298292865789242,4.1988602993466,-0.13634867200740786
