,flag,epoch,sbx,sby,sbz,sbvx,sbvy,sbvz
0,1,2455517.5,-3.153370580869627,1.8903701945194054,-0.7031982461733476,-1.3207160369040927,-2.548612551082707,0.4420497420648304
