,flag,epoch,sbx,sby,sbz,sbvx,sbvy,sbvz
0,1.0,2457681.5,32.544264946066484,13.99043856454945,-11.304754678021837,-0.47247061558384185,0.9276787709328091,-0.2574060438444954
