,mass_1,radius_1,x_1,y_1,z_1,vx_1,vy_1,vz_1,mass_2,radius_2,x_2,y_2,z_2,vx_2,vy_2,vz_2,mass_3,radius_3,x_3,y_3,z_3,vx_3,vy_3,vz_3,mass_4,radius_4,x_4,y_4,z_4,vx_4,vy_4,vz_4,mass_5,radius_5,x_5,y_5,z_5,vx_5,vy_5,vz_5,mass_6,radius_6,x_6,y_6,z_6,vx_6,vy_6,vz_6,mass_7,radius_7,x_7,y_7,z_7,vx_7,vy_7,vz_7,mass_8,radius_8,x_8,y_8,z_8,vx_8,vy_8,vz_8
0,1.660120825375342e-07,1.631393540950981e-08,-0.3910003880118709,-0.1407846783891103,0.02437975846463326,1.3536496617186125,0.0,0.0,2.447838287784771e-06,4.045378434654418e-08,-0.5436080177315835,0.4682820177440139,0.03778302168750334,-4.849450314114621,0.0,0.0,3.040432648020684e-06,4.437104331057835e-07,0.9865735385324315,-0.2002226679767088,1.857608705865419e-06,1.1474900587210846,0.0,0.0,3.2271560375549955e-07,2.270212793877687e-08,-1.609930484542185,-0.2936531987803808,0.03339612452467416,1.1081036232138033,0.0,0.0,0.0009547919099366768,4.778945025452157e-07,-3.179245079746508,-4.356804205757767,0.08922935304334133,2.1940762225080093,-1.4963232896657952,-0.04288536865005273,0.0002858856700231729,4.0286669668487467e-07,-6.587971925879049,6.35414636311549,0.1515404217216874,-1.522255643716368,-1.472559015923954,0.08621613789109772,4.3662496132004074e-05,1.708513622580592e-07,19.17501133736924,-5.967016228401175,-0.2705174051513502,0.41775824067892,1.3030948158378726,-0.0005582821721653847,5.151383772628657e-05,1.6553711549585576e-07,22.51024333877633,-19.91086012581995,-0.1087755796017702,0.7536714899210828,0.8638990749258209,-0.035173973550110316
