,flag,epoch,sbx,sby,sbz,sbvx,sbvy,sbvz
0,1.0,2453990.0,-0.327079874149379,46.51527925945747,0.2702694819324265,-0.9106524387172314,-0.12558819827104375,0.02500076120370156
