,mass_1,radius_1,x_1,y_1,z_1,vx_1,vy_1,vz_1,mass_2,radius_2,x_2,y_2,z_2,vx_2,vy_2,vz_2,mass_3,radius_3,x_3,y_3,z_3,vx_3,vy_3,vz_3,mass_4,radius_4,x_4,y_4,z_4,vx_4,vy_4,vz_4,mass_5,radius_5,x_5,y_5,z_5,vx_5,vy_5,vz_5,mass_6,radius_6,x_6,y_6,z_6,vx_6,vy_6,vz_6,mass_7,radius_7,x_7,y_7,z_7,vx_7,vy_7,vz_7,mass_8,radius_8,x_8,y_8,z_8,vx_8,vy_8,vz_8
0,1.660120825375342e-07,1.631393540950981e-08,0.2517112950754512,0.1973552346509722,-0.006968372978222462,-8.361028072335488,0.0,0.0,2.447838287784771e-06,4.045378434654418e-08,-0.667088717972417,-0.2732280544595974,0.03475243509380509,2.749616346752694,0.0,0.0,3.040432648020684e-06,4.437104331057835e-07,0.8965965795894314,0.4338460974588795,-1.648093741832591e-05,-2.839164501160291,0.0,0.0,3.2271560375549955e-07,2.270212793877687e-08,0.7464947117608041,-1.185411133527436,-0.04315994302467126,4.519085834232796,0.0,0.0,0.0009547919099366768,4.778945025452157e-07,-3.307865018984013,4.136208350596571,0.05684094526809465,-2.187539232619618,-1.5927662392548934,0.05556365929429724,0.0002858856700231729,4.0286669668487467e-07,-5.725180159418319,-8.1181801076438,0.3690573569022,1.5526395232441945,-1.1812523042416732,-0.04130786650904018,4.3662496132004074e-05,1.708513622580592e-07,19.38008317557215,4.985740075980028,-0.2324668192880238,-0.36992382816281494,1.3225951907810962,0.009730966885114798,5.151383772628657e-05,1.6553711549585576e-07,27.43669401756472,-12.05549698205626,-0.3839506400951462,0.45197664879526295,1.0547666928816566,-0.03217126816097677
