,flag,epoch,sbx,sby,sbz,sbvx,sbvy,sbvz
0,1.0,2457750.0,1.64773345943301,-1.6984008912045125,-0.2297243606292756,2.648234582626564,3.0193092361450247,-0.33984466527338414
1,1.0,2457750.0,1.6477334357309088,-1.6984009994579201,-0.22972437532590073,2.6482346016820135,3.01930907594361,-0.3398446997579623
