,mass_1,radius_1,x_1,y_1,z_1,vx_1,vy_1,vz_1,mass_2,radius_2,x_2,y_2,z_2,vx_2,vy_2,vz_2,mass_3,radius_3,x_3,y_3,z_3,vx_3,vy_3,vz_3,mass_4,radius_4,x_4,y_4,z_4,vx_4,vy_4,vz_4,mass_5,radius_5,x_5,y_5,z_5,vx_5,vy_5,vz_5,mass_6,radius_6,x_6,y_6,z_6,vx_6,vy_6,vz_6,mass_7,radius_7,x_7,y_7,z_7,vx_7,vy_7,vz_7,mass_8,radius_8,x_8,y_8,z_8,vx_8,vy_8,vz_8
0,1.660120825375342e-07,1.631393540950981e-08,0.05801863074999903,-0.4538579869409183,-0.04240741422600613,8.132164010271005,1.8306583815057405,-0.5965036226518261,2.447838287784771e-06,4.045378434654418e-08,-0.5812995078402958,-0.4288077866779939,0.02766871044306824,4.333369195062574,-5.979682223406797,-0.33203265401654214,3.040432648020684e-06,4.437104331057835e-07,-0.2003391934394655,-0.9951995248961966,3.375195693465218e-05,6.058126194740306,-1.263702459865099,2.3069838629177467e-05,3.2271560375549955e-07,2.270212793877687e-08,0.2491142101870521,1.526560510370789,0.02587234402137058,-4.850275418398922,1.2573642334841142,0.14539253724891843,0.0009547919099366768,4.778945025452157e-07,-4.505980389730444,2.916274818182088,0.08871654474935305,-1.5317857459334356,-2.1858728773719247,0.04335282650948068,0.0002858856700231729,4.0286669668487467e-07,-4.688333876501973,-8.8051218306683,0.3397024562369207,1.6864879584406904,-0.9653086795195306,-0.05038692894860878,4.3662496132004074e-05,1.708513622580592e-07,19.12433767394651,5.825771576651753,-0.2260176771566907,-0.43000112645575134,1.305010138549779,0.010440014393701683,5.151383772628657e-05,1.6553711549585576e-07,27.71757792716094,-11.37782620870205,-0.4044041419793319,0.4267799013949623,1.065241659496867,-0.031815835662616886
