,flag,epoch,sbx,sby,sbz,sbvx,sbvy,sbvz
0,1.0,2457040.5,40.716713674911,12.243262201270145,-1.2376797308694707,-0.25420789697698204,0.930253728038945,0.012041139645440412
