,flag,epoch,sbx,sby,sbz,sbvx,sbvy,sbvz
0,1.0,2457950.0,1.0757713756480383,-2.03189345897856,-0.24512943424589134,3.425320724919564,2.402421554047465,0.2798483487862789
1,1.0,2457950.0,1.0757713689255262,-2.03189346715812,-0.24512943831046227,3.4253207253350815,2.402421539284514,0.2798483506004122
