,flag,epoch,sbx,sby,sbz,sbvx,sbvy,sbvz
0,1.0,2457576.5,-4.600285529660108,-1.3306705036957218,-0.7379778378220406,1.1504404318904313,-3.047346307378392,0.18990898324407374
