,flag,epoch,sbx,sby,sbz,sbvx,sbvy,sbvz
0,1.0,2457701.5,25.892641683265737,-24.67694530963979,3.6888385047383014,0.6250103822725991,0.9326662216525738,0.16751152723430013
