,mass_1,radius_1,x_1,y_1,z_1,vx_1,vy_1,vz_1,mass_2,radius_2,x_2,y_2,z_2,vx_2,vy_2,vz_2,mass_3,radius_3,x_3,y_3,z_3,vx_3,vy_3,vz_3,mass_4,radius_4,x_4,y_4,z_4,vx_4,vy_4,vz_4,mass_5,radius_5,x_5,y_5,z_5,vx_5,vy_5,vz_5,mass_6,radius_6,x_6,y_6,z_6,vx_6,vy_6,vz_6,mass_7,radius_7,x_7,y_7,z_7,vx_7,vy_7,vz_7,mass_8,radius_8,x_8,y_8,z_8,vx_8,vy_8,vz_8
0,1.660120825375342e-07,1.631393540950981e-08,0.2110442830652448,-0.3804578462567739,-0.05045020241518839,6.932193729400498,0.0,0.0,2.447838287784771e-06,4.045378434654418e-08,-0.4674022305785133,0.5445293879028936,0.03442719128143631,-5.631828763736034,0.0,0.0,3.040432648020684e-06,4.437104331057835e-07,-0.5544317437400825,0.8134450190243165,-1.047103066414941e-05,-5.294710346954832,0.0,0.0,3.2271560375549955e-07,2.270212793877687e-08,0.09698774539160444,1.557678028799341,0.0302554351510463,-4.907801069871612,0.0,0.0,0.0009547919099366768,4.778945025452157e-07,-4.382294932418563,-3.216186524581366,0.1114150112150178,1.597775621170915,-2.0942111604800377,-0.027059984688622314,0.0002858856700231729,4.0286669668487467e-07,-5.565050954031305,7.213324634140275,0.09587927099805187,-1.7216043941190926,-1.2510354149560188,0.09027624020024054,4.3662496132004074e-05,1.708513622580592e-07,18.89366332555831,-6.781375636801861,-0.2699090457392567,0.4756179947778009,1.2829847470027824,-0.0013724698879555137,5.151383772628657e-05,1.6553711549585576e-07,22.02937845418866,-20.44888752577986,-0.08660185620912289,0.7734450787918201,0.8448667474263345,-0.03524700365489018
