,flag,epoch,sbx,sby,sbz,sbvx,sbvy,sbvz
0,1,2456917.5,-2.5184278381622414,1.7434410067021509,-0.06193839538769187,-2.16572770091772,-2.7220617446829305,0.00013883805088935947
