,mass_1,radius_1,x_1,y_1,z_1,vx_1,vy_1,vz_1,mass_2,radius_2,x_2,y_2,z_2,vx_2,vy_2,vz_2,mass_3,radius_3,x_3,y_3,z_3,vx_3,vy_3,vz_3,mass_4,radius_4,x_4,y_4,z_4,vx_4,vy_4,vz_4,mass_5,radius_5,x_5,y_5,z_5,vx_5,vy_5,vz_5,mass_6,radius_6,x_6,y_6,z_6,vx_6,vy_6,vz_6,mass_7,radius_7,x_7,y_7,z_7,vx_7,vy_7,vz_7,mass_8,radius_8,x_8,y_8,z_8,vx_8,vy_8,vz_8
0,1.660120825375342e-07,1.631393540950981e-08,-0.384684230690477,0.006285218224788046,0.03580824216141093,-2.3053337358967663,-9.83291716365848,-0.5919028657979756,2.447838287784771e-06,4.045378434654418e-08,0.5723400136700463,0.4420077280615908,-0.02697459794356288,-4.538059774548761,5.815288635001894,0.3415888795438124,3.040432648020684e-06,4.437104331057835e-07,0.4216296108863191,0.8921767481369497,-2.798066707310417e-05,-5.783694746459291,2.6614689564033025,-7.690542897651484e-05,3.2271560375549955e-07,2.270212793877687e-08,-1.269268824148701,1.067368343491774,0.05351914714922693,-3.097154090253512,-3.475962978827486,0.0031947996301743596,0.0009547919099366768,4.778945025452157e-07,-1.070463641157999,5.067420387756003,0.002907936567423594,-2.732503366430478,-0.43947132642353504,0.0629701971240575,0.0002858856700231729,4.0286669668487467e-07,-7.01300819115917,-6.937436196971909,0.3998263144030988,1.320156350826759,-1.4542106503523198,-0.027301153578711802,4.3662496132004074e-05,1.708513622580592e-07,19.67272615468119,3.794007072240105,-0.2407087356788865,-0.28461160638170563,1.3429431972733328,0.00870191915080635,5.151383772628657e-05,1.6553711549585576e-07,27.01695762496727,-12.99153668114561,-0.3549792331513161,0.48707941911635494,1.0393756918400572,-0.03264383381135466
