,mass_1,radius_1,x_1,y_1,z_1,vx_1,vy_1,vz_1,mass_2,radius_2,x_2,y_2,z_2,vx_2,vy_2,vz_2,mass_3,radius_3,x_3,y_3,z_3,vx_3,vy_3,vz_3,mass_4,radius_4,x_4,y_4,z_4,vx_4,vy_4,vz_4,mass_5,radius_5,x_5,y_5,z_5,vx_5,vy_5,vz_5,mass_6,radius_6,x_6,y_6,z_6,vx_6,vy_6,vz_6,mass_7,radius_7,x_7,y_7,z_7,vx_7,vy_7,vz_7,mass_8,radius_8,x_8,y_8,z_8,vx_8,vy_8,vz_8
0,1.660120825375342e-07,1.631393540950981e-08,-0.07902487387833355,-0.4588055728086731,-0.03023743897544528,8.065270881960071,-1.223134077671183,-0.8399153078556568,2.447838287784771e-06,4.045378434654418e-08,0.7250136572166819,0.01846525071693203,-0.04158726589811801,-0.21906545824566218,7.351758208179727,0.11339880691377395,3.040432648020684e-06,4.437104331057835e-07,-0.07878042928264577,-1.01282514334653,3.299627372062397e-05,6.162936084588363,-0.5108558730038074,9.404951339656376e-07,3.2271560375549955e-07,2.270212793877687e-08,-0.9505369916723961,-1.218522164285116,-0.002200153406868964,4.222932501040757,-2.705653957575253,-0.16034507633167194,0.0009547919099366768,4.778945025452157e-07,-2.514708431387762,4.612042106535115,0.03711652005495039,-2.4552281336538373,-1.1902430359635299,0.05988339927977983,0.0002858856700231729,4.0286669668487467e-07,-6.240558784098067,-7.696906829070107,0.3822616481876893,1.4700738159145286,-1.2897189082485003,-0.03613289180313027,4.3662496132004074e-05,1.708513622580592e-07,19.50066511406667,4.5334719152802,-0.2357181771844719,-0.33753261189692924,1.3309505945471471,0.009343855159659131,5.151383772628657e-05,1.6553711549585576e-07,27.28034538899085,-12.41405058277376,-0.3729535376680317,0.46540868179029615,1.0490107065962195,-0.03235457619128764
