,flag,epoch,sbx,sby,sbz,sbvx,sbvy,sbvz
0,1,2457566.5,-0.3935380141398672,-3.882415036197291,-0.280916091301075,3.1513173169919924,0.41762758574293,-0.3950469986298146
