,flag,epoch,sbx,sby,sbz,sbvx,sbvy,sbvz
0,1,2456123.5,-2.549826408718883,1.4018028873951092,0.19237565852013994,-2.272422227117419,-2.862658756755727,0.7475274888841602
