,flag,epoch,sbx,sby,sbz,sbvx,sbvy,sbvz
0,1.0,2456770.0,-2.6028630942635655,-2.536481826460082,1.2089906912035029,2.2747678919247334,-2.0677707461100723,0.15732373214599943
1,1.0,2456770.0,-2.6028630559707646,-2.53648195636301,1.2089907376114848,2.2747678834777485,-2.0677706441452894,0.15732370196576176
