,flag,epoch,sbx,sby,sbz,sbvx,sbvy,sbvz
0,1.0,2457836.5,0.8424427323744701,2.6115376384157334,-0.08020071467530399,-3.2621711411044623,1.360686755452556,0.16388466041222435
