,mass_1,radius_1,x_1,y_1,z_1,vx_1,vy_1,vz_1,mass_2,radius_2,x_2,y_2,z_2,vx_2,vy_2,vz_2,mass_3,radius_3,x_3,y_3,z_3,vx_3,vy_3,vz_3,mass_4,radius_4,x_4,y_4,z_4,vx_4,vy_4,vz_4,mass_5,radius_5,x_5,y_5,z_5,vx_5,vy_5,vz_5,mass_6,radius_6,x_6,y_6,z_6,vx_6,vy_6,vz_6,mass_7,radius_7,x_7,y_7,z_7,vx_7,vy_7,vz_7,mass_8,radius_8,x_8,y_8,z_8,vx_8,vy_8,vz_8
0,1.660120825375342e-07,1.631393540950981e-08,0.3215499979205252,0.09801621126593253,-0.0214950333071157,-4.988114534794158,10.288086434392753,1.2982764347160936,2.447838287784771e-06,4.045378434654418e-08,-0.4949514501840796,-0.5276035454713126,0.02133637952329979,5.336040641021454,-5.089196227311631,-0.3776925763214032,3.040432648020684e-06,4.437104331057835e-07,-0.5323290707113189,-0.8603545246496653,2.648375562195156e-05,5.241524797853152,-3.330029506231845,9.161279730220836e-05,3.2271560375549955e-07,2.270212793877687e-08,-1.549494630501183,-0.486318741797119,0.02785705512783029,1.721936900944259,-4.440455318726367,-0.13531879010012357,0.0009547919099366768,4.778945025452157e-07,2.974032221202689,4.019005923996757,-0.08324282563006842,-2.2508930972292176,1.7723020921003096,0.04300935607288211,0.0002858856700231729,4.0286669668487467e-07,-8.657222365506215,-4.424164107587569,0.4216056037195804,0.8153108869181641,-1.817772180690954,-0.0008454207988676446,4.3662496132004074e-05,1.708513622580592e-07,19.99377929703306,1.726802289231653,-0.2525773591805495,-0.1358676774165751,1.3655356269621644,0.006843908481484046,5.151383772628657e-05,1.6553711549585576e-07,26.22849084069861,-14.55505586903355,-0.3046162794983462,0.5469686617137541,1.0105422684050334,-0.03339414893382759
