,flag,epoch,sbx,sby,sbz,sbvx,sbvy,sbvz
0,1.0,2457550.0,1.8613319346009252,0.9579874474737502,-0.09946889394714906,-2.1484444788270167,3.9940779173442067,0.5766335721563072
1,1.0,2457550.0,1.8613319440086844,0.957987447579937,-0.09946887816317232,-2.1484444858561726,3.9940778976112834,0.5766335672863891
