,flag,epoch,sbx,sby,sbz,sbvx,sbvy,sbvz
0,1.0,2457490.0,2.3071927511402546,1.2642995493761462,0.2639565656185435,-1.99705464599568,3.52681130993627,0.5631383051099772
1,1.0,2457490.0,2.3071924812034394,1.2642995308151956,0.2639566678998592,-1.9970548936911856,3.526811599648254,0.5631379081431349
