,flag,epoch,sbx,sby,sbz,sbvx,sbvy,sbvz
0,1,2457082.5,-1.8330093242904963,-1.6252431807616912,0.37884006631603817,2.421304233716959,-3.0132038580639273,0.1713379453040376
