,mass_1,radius_1,x_1,y_1,z_1,vx_1,vy_1,vz_1,mass_2,radius_2,x_2,y_2,z_2,vx_2,vy_2,vz_2,mass_3,radius_3,x_3,y_3,z_3,vx_3,vy_3,vz_3,mass_4,radius_4,x_4,y_4,z_4,vx_4,vy_4,vz_4,mass_5,radius_5,x_5,y_5,z_5,vx_5,vy_5,vz_5,mass_6,radius_6,x_6,y_6,z_6,vx_6,vy_6,vz_6,mass_7,radius_7,x_7,y_7,z_7,vx_7,vy_7,vz_7,mass_8,radius_8,x_8,y_8,z_8,vx_8,vy_8,vz_8
0,1.660120825375342e-07,1.631393540950981e-08,0.3579710133747253,-0.02947888735252793,-0.03524960666760227,-1.1427830022954806,10.701307702814246,0.9792697316655085,2.447838287784771e-06,4.045378434654418e-08,-0.6658534451328867,0.267888972107215,0.04209681949486963,-2.7910946443881812,-6.888179267777296,0.06660355774690599,3.040432648020684e-06,4.437104331057835e-07,-0.9724511302192926,0.2001446467053656,-2.685687592668553e-06,-1.3690505523346788,-6.178415434200349,0.0002454928012502574,3.2271560375549955e-07,2.270212793877687e-08,0.853142480058274,1.213323519764748,0.004488007431903142,-3.9869947412033864,3.37593462957599,0.1685941192775139,0.0009547919099366768,4.778945025452157e-07,-5.250062684032702,-1.481261814165932,0.1236276069922083,0.7159165931327124,-2.5249612894720976,-0.005534369809863514,0.0002858856700231729,4.0286669668487467e-07,-1.520372873978588,-9.934287892472621,0.2331879362866263,1.9037371047026823,-0.31665881151960273,-0.07028259290445293,4.3662496132004074e-05,1.708513622580592e-07,18.23251394844411,8.05518134325603,-0.2061625051532648,-0.5900300171412513,1.244569220993721,0.012265707972045382,5.151383772628657e-05,1.6553711549585576e-07,28.40222480775713,-9.493368509728425,-0.4590729312198646,0.35686151041846936,1.0918873742293869,-0.030757590614746873
