,flag,epoch,sbx,sby,sbz,sbvx,sbvy,sbvz
0,1.0,2455190.0,-43.35810684772682,1.3912621467386401,0.9452072969450219,-0.015052514475521866,-0.9565597108802386,0.05946215703838167
