,flag,epoch,sbx,sby,sbz,sbvx,sbvy,sbvz
0,1.0,2457638.5,34.10052135598981,17.282902048178222,-7.615473837212785,-0.4928951377098585,0.9413089459972881,0.01120537825089931
