,flag,epoch,sbx,sby,sbz,sbvx,sbvy,sbvz
0,1.0,2452340.0,26.168128793364836,-33.22248614776602,-0.37717622719551863,0.7722702273984319,0.6032919790189326,-0.018294703408869524
