,flag,epoch,sbx,sby,sbz,sbvx,sbvy,sbvz
0,1,2456840.0,1.0191977809625878,-2.665362295744475,-0.3025305092782705,3.4216937198856026,1.6598993673861702,0.026982572504938993
