,mass_1,radius_1,x_1,y_1,z_1,vx_1,vy_1,vz_1,mass_2,radius_2,x_2,y_2,z_2,vx_2,vy_2,vz_2,mass_3,radius_3,x_3,y_3,z_3,vx_3,vy_3,vz_3,mass_4,radius_4,x_4,y_4,z_4,vx_4,vy_4,vz_4,mass_5,radius_5,x_5,y_5,z_5,vx_5,vy_5,vz_5,mass_6,radius_6,x_6,y_6,z_6,vx_6,vy_6,vz_6,mass_7,radius_7,x_7,y_7,z_7,vx_7,vy_7,vz_7,mass_8,radius_8,x_8,y_8,z_8,vx_8,vy_8,vz_8
0,1.660120825375342e-07,1.631393540950981e-08,-0.00994770905412868,-0.4627092515643547,-0.03689477726417831,8.212740947787953,0.30596807191182335,-0.7284824374307417,2.447838287784771e-06,4.045378434654418e-08,0.2568678757109841,0.6736907890692871,-0.005590092837492424,-6.92737745944932,2.5976523027349057,0.4353752915393918,3.040432648020684e-06,4.437104331057835e-07,-0.977751368611029,0.1745180250502293,-2.812882819994473e-06,-1.2064495414041205,-6.209834355654651,0.0002099306933677544,3.2271560375549955e-07,2.270212793877687e-08,1.22920752829964,0.7368895563006113,-0.01472985160093721,-2.4321117104858168,4.820470255582865,0.16070007310144796,0.0009547919099366768,4.778945025452157e-07,-4.089504723184453,3.436226963579519,0.07723802213321304,-1.8076720084178322,-1.9819571725148077,0.04868035807031786,0.0002858856700231729,4.0286669668487467e-07,-5.102513702012482,-8.553867190410378,0.3518305631534659,1.6376199331038874,-1.0512543771668748,-0.046949226388835065,4.3662496132004074e-05,1.708513622580592e-07,19.22857339056259,5.499739924531179,-0.2285850182210799,-0.40671915801910935,1.3121570625122823,0.010168053771029962,5.151383772628657e-05,1.6553711549585576e-07,27.61002822470452,-11.6427214261438,-0.3964601614054916,0.43657752545625583,1.0612067444494258,-0.031954477585121675
