,flag,epoch,sbx,sby,sbz,sbvx,sbvy,sbvz
0,1.0,2456440.0,3.121025117920825,0.37389283043348753,0.08548045313602581,-0.4637778997150759,3.62108596459493,-0.27973041094569023
