,mass_1,radius_1,x_1,y_1,z_1,vx_1,vy_1,vz_1,mass_2,radius_2,x_2,y_2,z_2,vx_2,vy_2,vz_2,mass_3,radius_3,x_3,y_3,z_3,vx_3,vy_3,vz_3,mass_4,radius_4,x_4,y_4,z_4,vx_4,vy_4,vz_4,mass_5,radius_5,x_5,y_5,z_5,vx_5,vy_5,vz_5,mass_6,radius_6,x_6,y_6,z_6,vx_6,vy_6,vz_6,mass_7,radius_7,x_7,y_7,z_7,vx_7,vy_7,vz_7,mass_8,radius_8,x_8,y_8,z_8,vx_8,vy_8,vz_8
0,1.660120825375342e-07,1.631393540950981e-08,-0.06128995809299955,0.3045420750443293,0.03050650566096849,-12.135641028193726,-1.6519013010384709,0.9785145071971798,2.447838287784771e-06,4.045378434654418e-08,0.6346644438653387,0.3477806706862085,-0.03186316464931963,-3.573486463803772,6.446527250946045,0.2945699373224668,3.040432648020684e-06,4.437104331057835e-07,0.9217820712348617,-0.4125511949268879,1.086146687307035e-05,2.464729639849184,5.712156865299678,-0.00017582150418545467,3.2271560375549955e-07,2.270212793877687e-08,-0.5728385619125789,-1.393248968864277,-0.01512567578730212,4.920441895550031,-1.5056144822630535,-0.152358983534467,0.0009547919099366768,4.778945025452157e-07,2.311613179423738,4.462753109199879,-0.07026228505481333,-2.482947820247177,1.4001815220164269,0.0497482599750605,0.0002858856700231729,4.0286669668487467e-07,-8.415271932151795,-4.924181107606277,0.4206681573821188,0.9168384739969576,-1.7623362559841318,-0.005858457873928402,4.3662496132004074e-05,1.708513622580592e-07,19.95199693332957,2.107752882504366,-0.2506172781223464,-0.16337801742968033,1.3626376810714047,0.007194184189014326,5.151383772628657e-05,1.6553711549585576e-07,26.37970831807673,-14.27206217070399,-0.3139235841016832,0.5359878978451565,1.0161548086556704,-0.033261078362324836
