,flag,epoch,sbx,sby,sbz,sbvx,sbvy,sbvz
0,1.0,2457034.5,-52.600056607819525,13.158591587740657,-16.61485307102561,-0.0611936289478508,-0.8929406882163027,-0.271757866027918
