,flag,epoch,sbx,sby,sbz,sbvx,sbvy,sbvz
0,1.0,2457680.0,1.7772476325131024,-1.494590818027258,0.007903703908309634,2.9734219609733548,2.9183119289353945,0.4156116682559246
1,1.0,2457680.0,1.777247626725449,-1.4945907816840478,0.007903705778456956,2.973421971840052,2.918311985986424,0.41561168977393914
