,flag,epoch,sbx,sby,sbz,sbvx,sbvy,sbvz
0,1.0,2457970.0,1.849308476772792,1.3142634298116684,-0.23272567919520415,-2.6577780708480763,3.249500656853152,-0.2668706063795463
1,1.0,2457970.0,1.8493085559865756,1.314263339639432,-0.23272550620003052,-2.6577779279473597,3.249500792678943,-0.2668705811824934
