,flag,epoch,sbx,sby,sbz,sbvx,sbvy,sbvz
0,1.0,2457323.5,32.663003315000715,4.908794589103124,-4.243154344925485,-0.3523785650962902,1.156243798674898,0.03558105013959051
