,flag,epoch,sbx,sby,sbz,sbvx,sbvy,sbvz
0,1,2457870.0,-2.021593418479448,-1.8792797456264165,0.2601732654354285,3.0539080874602647,-1.8807877471783643,0.29173195512483674
