,flag,epoch,sbx,sby,sbz,sbvx,sbvy,sbvz
0,1.0,2457010.0,37.127917885663074,22.809005534467005,-14.208724149056007,-0.34891826415020033,0.7594198773583597,-0.14998793517864403
