,flag,epoch,sbx,sby,sbz,sbvx,sbvy,sbvz
0,1.0,2456230.0,2.9471624597811825,0.12767129635734498,-0.3927583308772928,0.30663043527216,3.459543077130139,-0.14784933507344966
