,flag,epoch,sbx,sby,sbz,sbvx,sbvy,sbvz
0,1.0,2454326.5,-36.0644349228437,20.717208937456906,2.0547813640319457,-0.560823349117192,-0.8515997399155162,0.4761624004208921
