,flag,epoch,sbx,sby,sbz,sbvx,sbvy,sbvz
0,1.0,2457940.0,-2.196476659032419,-0.23540703521571205,0.26833232856103634,0.30673980022434516,-4.259424585258488,-0.12075270315539187
1,1.0,2457940.0,-2.196476672190599,-0.23540699771513507,0.2683323438608887,0.30673972140271993,-4.259424573382651,-0.12075267342036267
