,flag,epoch,sbx,sby,sbz,sbvx,sbvy,sbvz
0,1.0,2457850.0,1.5855288447498448,1.961592928464091,-0.10265525111796572,-2.6517846364037503,2.818115724943884,-0.3827351849025264
1,1.0,2457850.0,1.5855288327395738,1.9615929446202869,-0.10265526176658164,-2.6517846369784808,2.8181157158977763,-0.3827351847941638
