,flag,epoch,sbx,sby,sbz,sbvx,sbvy,sbvz
0,1.0,2457528.5,39.634093197998546,7.863040192083933,0.7829409885044313,-0.17824320616377853,0.9955550940630072,-0.027117854860793874
