,flag,epoch,sbx,sby,sbz,sbvx,sbvy,sbvz
0,1,2457737.5,-2.0552211002900402,1.1493465254890167,-0.02371848034360069,-1.6966930621746532,-3.8109419512306992,-0.9596434521233318
