,flag,epoch,sbx,sby,sbz,sbvx,sbvy,sbvz
0,1.0,2457515.5,27.668093292988466,16.01959594188775,-8.496000365964719,-0.4381448144402617,1.0535774434697405,-0.28099378647807727
