,mass_1,radius_1,x_1,y_1,z_1,vx_1,vy_1,vz_1,mass_2,radius_2,x_2,y_2,z_2,vx_2,vy_2,vz_2,mass_3,radius_3,x_3,y_3,z_3,vx_3,vy_3,vz_3,mass_4,radius_4,x_4,y_4,z_4,vx_4,vy_4,vz_4,mass_5,radius_5,x_5,y_5,z_5,vx_5,vy_5,vz_5,mass_6,radius_6,x_6,y_6,z_6,vx_6,vy_6,vz_6,mass_7,radius_7,x_7,y_7,z_7,vx_7,vy_7,vz_7,mass_8,radius_8,x_8,y_8,z_8,vx_8,vy_8,vz_8
0,1.660120825375342e-07,1.631393540950981e-08,0.06708206365811482,-0.4517008679564645,-0.04306207573523842,8.103607930705435,2.036957550538182,-0.5770515477767638,2.447838287784771e-06,4.045378434654418e-08,-0.6433535255171224,0.3179105473946944,0.04148448504618723,-3.30499330270131,-6.658081217651775,0.09947761384509991,3.040432648020684e-06,4.437104331057835e-07,1.002429825928316,-0.06525621821943275,-4.448131543061765e-07,0.30614689781599697,6.247012978145215,-0.00020446210864742253,3.2271560375549955e-07,2.270212793877687e-08,0.3459080610738633,-1.385186008005137,-0.03751350149139918,5.15259779200342,1.67786384487674,-0.09131341062517137,0.0009547919099366768,4.778945025452157e-07,-3.125271425524464,4.263274945489537,0.05222745660066298,-2.258016593846474,-1.500752385301699,0.05675912411421074,0.0002858856700231729,4.0286669668487467e-07,-5.851921510870392,-8.020063135713372,0.3723998893302758,1.5334369547995994,-1.2078485923461104,-0.040080591684446096,4.3662496132004074e-05,1.708513622580592e-07,19.41014772666349,4.877022470916526,-0.2332622884153466,-0.3621464880893457,1.3246719866755492,0.009638671552320992,5.151383772628657e-05,1.6553711549585576e-07,27.39943795654306,-12.14207424436018,-0.3813064204391163,0.4552075657499922,1.0533888731203933,-0.032215413275948644
