,flag,epoch,sbx,sby,sbz,sbvx,sbvy,sbvz
0,1,2457145.5,-1.7015764283406192,-2.913159202665653,-0.21789762602368298,2.282542229523367,-1.8635071244776416,-0.5850235998674773
