,flag,epoch,sbx,sby,sbz,sbvx,sbvy,sbvz
0,1.0,2457790.0,-2.5622345722106585,0.44919676585299473,-0.24013239957545246,-0.708260995518363,-3.523030630285527,0.19675258259885287
1,1.0,2457790.0,-2.562234580578049,0.4491967529107045,-0.24013239149927934,-0.708260987497343,-3.5230306236523927,0.19675256737579874
