,flag,epoch,sbx,sby,sbz,sbvx,sbvy,sbvz
0,1,2456946.5,-2.0632439217162135,2.1179703911074084,0.6832708803607401,-2.496999108873861,-2.626355377756207,0.48230868556724454
