,flag,epoch,sbx,sby,sbz,sbvx,sbvy,sbvz
0,1.0,2457404.5,-25.703441958600084,-32.673519633698184,-1.8740227170626735,0.7914044474537026,-0.590760095616938,-0.0317345704124492
