,flag,epoch,sbx,sby,sbz,sbvx,sbvy,sbvz
0,1.0,2457740.0,1.8459336881799633,1.6646275944537643,0.274985509821543,-2.283837236022881,3.0849053503409603,0.12297177087081561
1,1.0,2457740.0,1.8459336842066294,1.664627595927909,0.27498552213008154,-2.2838372370322824,3.0849053590245235,0.1229717590147986
