,flag,epoch,sbx,sby,sbz,sbvx,sbvy,sbvz
0,1.0,2457690.0,-0.2371608025042531,2.5283058643812426,0.13472050953874581,-3.7154089393414482,0.02361810183416666,-0.34626227175946767
1,1.0,2457690.0,-0.23716080286197627,2.528305875206123,0.13472050059909146,-3.7154089239356303,0.02361810665835849,-0.34626226737598526
