,mass_1,radius_1,x_1,y_1,z_1,vx_1,vy_1,vz_1,mass_2,radius_2,x_2,y_2,z_2,vx_2,vy_2,vz_2,mass_3,radius_3,x_3,y_3,z_3,vx_3,vy_3,vz_3,mass_4,radius_4,x_4,y_4,z_4,vx_4,vy_4,vz_4,mass_5,radius_5,x_5,y_5,z_5,vx_5,vy_5,vz_5,mass_6,radius_6,x_6,y_6,z_6,vx_6,vy_6,vz_6,mass_7,radius_7,x_7,y_7,z_7,vx_7,vy_7,vz_7,mass_8,radius_8,x_8,y_8,z_8,vx_8,vy_8,vz_8
0,1.660120825375342e-07,1.631393540950981e-08,-0.15781679766772,-0.4376877109683713,-0.02128606704833782,7.601983388597129,-2.9766905923647005,-0.9406511058171348,2.447838287784771e-06,4.045378434654418e-08,-0.1994401944278665,0.6903834590005924,0.02097545112300331,-7.122213628312771,-2.091438672978245,0.38231760539816495,3.040432648020684e-06,4.437104331057835e-07,-0.7108602736194551,0.6832053476893519,-2.235439679310347e-05,-4.456725717281495,-4.554128184394182,0.00019336196845421046,3.2271560375549955e-07,2.270212793877687e-08,1.156456548719486,0.8648590881687604,-0.01025825555996747,-2.8662333440661656,4.53008593433744,0.16527425126210823,0.0009547919099366768,4.778945025452157e-07,-5.307864247865939,-1.258733740504861,0.1239969166806986,0.6033814608865908,-2.554144654106211,-0.0028950028556133226,0.0002858856700231729,4.0286669668487467e-07,-1.686921590961308,-9.905061872778633,0.239310229052268,1.8981636872742107,-0.3505002790003558,-0.06947433158889106,4.3662496132004074e-05,1.708513622580592e-07,18.28386352545813,7.945990731970776,-0.2072333062474312,-0.5821802881272592,1.2480424648289052,0.01217858181011064,5.151383772628657e-05,1.6553711549585576e-07,28.37080504468709,-9.588975220233396,-0.4563757746947734,0.36039320869427866,1.0906355227786215,-0.030813397755000183
