,mass_1,radius_1,x_1,y_1,z_1,vx_1,vy_1,vz_1,mass_2,radius_2,x_2,y_2,z_2,vx_2,vy_2,vz_2,mass_3,radius_3,x_3,y_3,z_3,vx_3,vy_3,vz_3,mass_4,radius_4,x_4,y_4,z_4,vx_4,vy_4,vz_4,mass_5,radius_5,x_5,y_5,z_5,vx_5,vy_5,vz_5,mass_6,radius_6,x_6,y_6,z_6,vx_6,vy_6,vz_6,mass_7,radius_7,x_7,y_7,z_7,vx_7,vy_7,vz_7,mass_8,radius_8,x_8,y_8,z_8,vx_8,vy_8,vz_8
0,1.660120825375342e-07,1.631393540950981e-08,0.05061758855253113,0.3027251646242646,0.02008676089993517,-12.195889782273674,2.0755261854993954,1.2887908546099682,2.447838287784771e-06,4.045378434654418e-08,-0.7187938753187701,0.008062561151989967,0.04159627754860158,-0.12586296146910317,-7.419625789726888,-0.09426053028195705,3.040432648020684e-06,4.437104331057835e-07,-0.894190073907704,0.4236885173040755,-4.423698777393924e-06,-2.792848436535999,-5.702257173008704,8.769094695335856e-05,3.2271560375549955e-07,2.270212793877687e-08,-0.3048838719097641,1.565738989500632,0.04029672303006796,-4.823418724745609,-0.542589172192849,0.10712290332819856,0.0009547919099366768,4.778945025452157e-07,-4.247459606172488,-3.385479771118235,0.1091005582669482,1.6850458102779764,-2.0274815389081287,-0.029290150944626833,0.0002858856700231729,4.0286669668487467e-07,-5.705463775625192,7.109307426600899,0.1032767397489235,-1.697353436446776,-1.2816988115134555,0.08984683681696819,4.3662496132004074e-05,1.708513622580592e-07,18.93242143696009,-6.675884339469468,-0.2700174399176885,0.468140508090604,1.2857229269320984,-0.0012670464188365893,5.151383772628657e-05,1.6553711549585576e-07,22.09280189209338,-20.37939204670528,-0.08949657026363911,0.7709152092965021,0.8473485277108997,-0.035239348067769224
