,flag,epoch,sbx,sby,sbz,sbvx,sbvy,sbvz
0,1,2456588.5,2.5632586939864757,0.07048471902548392,0.45188916854419703,-0.12035095026587175,3.987465361477011,0.9283936852842757
