,flag,epoch,sbx,sby,sbz,sbvx,sbvy,sbvz
0,1.0,2457662.5,-2.265613262960511,-0.7245722551107523,-0.23299035339887383,1.464179033711805,-3.9227172578716036,0.23197353306388785
