,flag,epoch,sbx,sby,sbz,sbvx,sbvy,sbvz
0,1,2457365.5,-2.540785786238927,-2.087366711450522,-0.3508651189680484,1.6536826758004766,-2.4169335833057066,0.6717489776751662
