,flag,epoch,sbx,sby,sbz,sbvx,sbvy,sbvz
0,1.0,2457740.0,-1.088184812487215,2.119063774511709,0.1482988840552124,-3.4540194662632264,-2.0916248877519186,0.4435903663751505
1,1.0,2457740.0,-1.0881848162165362,2.1190637316126493,0.14829887614614407,-3.4540194865860516,-2.0916249726961547,0.4435903758079336
