,flag,epoch,sbx,sby,sbz,sbvx,sbvy,sbvz
0,1.0,2452752.5,30.59494318082795,-33.6905948149427,0.2657051437727055,1.0104604610005283,0.35888143213574186,0.06377392396086738
