,mass_1,radius_1,x_1,y_1,z_1,vx_1,vy_1,vz_1,mass_2,radius_2,x_2,y_2,z_2,vx_2,vy_2,vz_2,mass_3,radius_3,x_3,y_3,z_3,vx_3,vy_3,vz_3,mass_4,radius_4,x_4,y_4,z_4,vx_4,vy_4,vz_4,mass_5,radius_5,x_5,y_5,z_5,vx_5,vy_5,vz_5,mass_6,radius_6,x_6,y_6,z_6,vx_6,vy_6,vz_6,mass_7,radius_7,x_7,y_7,z_7,vx_7,vy_7,vz_7,mass_8,radius_8,x_8,y_8,z_8,vx_8,vy_8,vz_8
0,1.660120825375342e-07,1.631393540950981e-08,-0.1406880602274846,-0.4439089086578786,-0.02336434456948318,7.732008526259974,-2.592586036170028,-0.9212114149956174,2.447838287784771e-06,4.045378434654418e-08,0.6897874223536464,-0.2273190509518734,-0.04292122443406894,2.272951197152889,6.984101848590706,-0.035422362462836844,3.040432648020684e-06,4.437104331057835e-07,0.9094300920441113,-0.440026963877736,1.120779040953213e-05,2.6346544251997406,5.633096177309242,-0.00020808486321812172,3.2271560375549955e-07,2.270212793877687e-08,-0.7781844985607106,1.432751146136981,0.04912064803944749,-4.297666153380766,-2.004935912909613,0.06346918533021952,0.0009547919099366768,4.778945025452157e-07,-4.809841109197075,2.427093584941816,0.09754724369839503,-1.2756796089477191,-2.332752833046936,0.03823241416294951,0.0002858856700231729,4.0286669668487467e-07,-4.319300938437315,-9.005679737554715,0.3284918878757783,1.7253355585133956,-0.888976248199845,-0.053257255538535726,4.3662496132004074e-05,1.708513622580592e-07,19.02915124100343,6.107340479165266,-0.2237341256873479,-0.450170887596157,1.2985599180172227,0.010675596108966678,5.151383772628657e-05,1.6553711549585576e-07,27.80896002093282,-11.14704388915452,-0.4112722031610516,0.4181978612186138,1.0687524259836292,-0.031691275292906475
