,mass_1,radius_1,x_1,y_1,z_1,vx_1,vy_1,vz_1,mass_2,radius_2,x_2,y_2,z_2,vx_2,vy_2,vz_2,mass_3,radius_3,x_3,y_3,z_3,vx_3,vy_3,vz_3,mass_4,radius_4,x_4,y_4,z_4,vx_4,vy_4,vz_4,mass_5,radius_5,x_5,y_5,z_5,vx_5,vy_5,vz_5,mass_6,radius_6,x_6,y_6,z_6,vx_6,vy_6,vz_6,mass_7,radius_7,x_7,y_7,z_7,vx_7,vy_7,vz_7,mass_8,radius_8,x_8,y_8,z_8,vx_8,vy_8,vz_8
0,1.660120825375342e-07,1.631393540950981e-08,-0.3945971743571199,-0.1042983848257286,0.02768048183031726,0.49352810910032124,-9.492193855198051,-0.8208751209525726,2.447838287784771e-06,4.045378434654418e-08,0.632678663966535,0.351252569262227,-0.03169704833862547,-3.609283781118366,6.427273750110385,0.2963790586248792,3.040432648020684e-06,4.437104331057835e-07,-0.8063696213419316,0.5698748543481338,-1.642487340830474e-05,-3.7289502026444623,-5.155450221337935,0.00018135974264655932,3.2271560375549955e-07,2.270212793877687e-08,1.354796798084355,0.3870438836910719,-0.02514279965054448,-1.2075234305344638,5.351530512805958,0.1417699949127527,0.0009547919099366768,4.778945025452157e-07,-3.963315003321135,3.56976760521078,0.07385975792356618,-1.8792677226413492,-1.9196605587093172,0.05002344723495774,0.0002858856700231729,4.0286669668487467e-07,-5.214119767459897,-8.481117191848252,0.3550110274493013,1.6234565937571808,-1.0744722116048544,-0.04598231302337291,4.3662496132004074e-05,1.708513622580592e-07,19.25619181299907,5.409862236036727,-0.2292783783252526,-0.4002887280711819,1.3140640570212352,0.010091864536718743,5.151383772628657e-05,1.6553711549585576e-07,27.58005370537076,-11.71531911590703,-0.394271676917593,0.4392785864468569,1.0600967674629986,-0.031993030863507244
