,flag,epoch,sbx,sby,sbz,sbvx,sbvy,sbvz
0,1.0,2457430.0,-2.7111427492763975,0.11910775886264835,-0.2895943191074252,0.4255705018159287,-3.813832852254431,-0.6438001530724484
1,1.0,2457430.0,-2.7111427153757206,0.11910778808718636,-0.2895943176049786,0.42557050178826095,-3.8138329119069345,-0.6438000290756496
