,flag,epoch,sbx,sby,sbz,sbvx,sbvy,sbvz
0,1.0,2457842.5,-38.12923706313878,-6.031734365283492,7.1073514730030745,0.1664033606805679,-1.1327237244200372,-0.6122109632832083
