,flag,epoch,sbx,sby,sbz,sbvx,sbvy,sbvz
0,1.0,2457090.0,3.5307786453644296,-1.9836735533704837,-0.08627036752820597,0.986834100826927,2.920135193325099,0.3037100216617558
1,1.0,2457090.0,3.5307787914128683,-1.983673592490435,-0.08627029144539486,0.9868339855144034,2.9201351123086097,0.30371007482865026
