,flag,epoch,sbx,sby,sbz,sbvx,sbvy,sbvz
0,1.0,2457180.0,-1.6337252706467216,-1.8317996504690264,-0.2488845176288892,3.2515697729350634,-2.166635960938646,-0.14688479233378385
1,1.0,2457180.0,-1.6337252737652497,-1.831799643916237,-0.24888451725061103,3.2515697600812112,-2.166635975794329,-0.1468848037276034
