,flag,epoch,sbx,sby,sbz,sbvx,sbvy,sbvz
0,1.0,2456908.5,-4.524245412621494,-17.67306077683201,1.4735836542803868,1.5493393588921422,0.050485612050716375,0.42986869220019425
