,mass_1,radius_1,x_1,y_1,z_1,vx_1,vy_1,vz_1,mass_2,radius_2,x_2,y_2,z_2,vx_2,vy_2,vz_2,mass_3,radius_3,x_3,y_3,z_3,vx_3,vy_3,vz_3,mass_4,radius_4,x_4,y_4,z_4,vx_4,vy_4,vz_4,mass_5,radius_5,x_5,y_5,z_5,vx_5,vy_5,vz_5,mass_6,radius_6,x_6,y_6,z_6,vx_6,vy_6,vz_6,mass_7,radius_7,x_7,y_7,z_7,vx_7,vy_7,vz_7,mass_8,radius_8,x_8,y_8,z_8,vx_8,vy_8,vz_8
0,1.660120825375342e-07,1.631393540950981e-08,-0.3165965062769693,0.1526893935602961,0.041521678923512,-6.577769314025369,-8.821038929493126,-0.1173273226843057,2.447838287784771e-06,4.045378434654418e-08,0.1387226842158833,-0.71394607697303,-0.01779459025677279,7.202557937564825,1.3835086238522354,-0.39666272326917223,3.040432648020684e-06,4.437104331057835e-07,0.9443706484101919,0.322698934424132,-1.673234456176663e-05,-2.1342908756465278,5.9229822682160975,-0.00021257265044092322,3.2271560375549955e-07,2.270212793877687e-08,1.133427746767823,-0.7920563437037391,-0.04441476431078711,3.1219519747077,4.6275436421144,0.02035370484089312,0.0009547919099366768,4.778945025452157e-07,-5.433705528180767,-0.4354717467932663,0.1233941265823131,0.18733732415849655,-2.6197154905250923,0.006685984729538031,0.0002858856700231729,4.0286669668487467e-07,-2.286004244809225,-9.774359008235693,0.2608889637352321,1.8732747245526062,-0.47239124647552116,-0.06637076050243995,4.3662496132004074e-05,1.708513622580592e-07,18.4642087798114,7.547666743569974,-0.2110501231104647,-0.5534740961251229,1.2602421741581933,0.011855838146315368,5.151383772628657e-05,1.6553711549585576e-07,28.25430559888417,-9.934624956858704,-0.4465575277368514,0.37325741795868816,1.0860194204505935,-0.031016135625683377
