,flag,epoch,sbx,sby,sbz,sbvx,sbvy,sbvz
0,1.0,2457640.0,-0.06770356315759773,-2.245473020350784,-0.06674699259053374,4.298718850584768,-0.3397631725580533,0.3878850730427531
1,1.0,2457640.0,-0.06770355785339421,-2.24547301262131,-0.06674699094977879,4.298718857251494,-0.3397631601287313,0.3878850638356175
