,mass_1,radius_1,x_1,y_1,z_1,vx_1,vy_1,vz_1,mass_2,radius_2,x_2,y_2,z_2,vx_2,vy_2,vz_2,mass_3,radius_3,x_3,y_3,z_3,vx_3,vy_3,vz_3,mass_4,radius_4,x_4,y_4,z_4,vx_4,vy_4,vz_4,mass_5,radius_5,x_5,y_5,z_5,vx_5,vy_5,vz_5,mass_6,radius_6,x_6,y_6,z_6,vx_6,vy_6,vz_6,mass_7,radius_7,x_7,y_7,z_7,vx_7,vy_7,vz_7,mass_8,radius_8,x_8,y_8,z_8,vx_8,vy_8,vz_8
0,1.660120825375342e-07,1.631393540950981e-08,-0.3923780315783501,-0.1304377361072006,0.02535103499961857,1.1125628303800987,-9.307195791452475,-0.8624809078618871,2.447838287784771e-06,4.045378434654418e-08,-0.6677374237602718,-0.2715706951657113,0.03482322166142712,2.732737680405286,-6.87701052112261,-0.25183014359503963,3.040432648020684e-06,4.437104331057835e-07,-0.3299471013291213,-0.9589132237914583,1.56214473413692e-05,5.839798905594465,-2.0682477697217245,2.641208532436065e-05,3.2271560375549955e-07,2.270212793877687e-08,1.246452393480028,-0.5942350495582335,-0.04306522339360851,2.3944575407760893,5.050173917977128,0.04699378664833638,0.0009547919099366768,4.778945025452157e-07,-1.422768699798914,-5.126552393742597,0.05311962464262358,2.62401524017536,-0.6077283585285276,-0.05619573986474799,0.0002858856700231729,4.0286669668487467e-07,-7.593601683944397,5.212312698620948,0.2114451444878074,-1.2603300902287289,-1.685231043917311,0.07951179096446116,4.3662496132004074e-05,1.708513622580592e-07,19.45213292806774,-5.019499919013508,-0.270582569651319,0.3503329894204493,1.3231628732328846,0.00037804163720643196,5.151383772628657e-05,1.6553711549585576e-07,23.04555143483483,-19.27988776201279,-0.1341122977840698,0.7302439665158852,0.8852559763916993,-0.03506192229597224
