,flag,epoch,sbx,sby,sbz,sbvx,sbvy,sbvz
0,1,2457214.5,-0.7600493024693113,-1.935358596615864,0.042187306498753976,4.421188492765945,-0.8289204508160944,0.1240176024884136
