,flag,epoch,sbx,sby,sbz,sbvx,sbvy,sbvz
0,1.0,2458725.5,8.040929596967166,-39.41487952775442,0.41987959432353933,0.16069565046231682,0.03271517334307948,-0.006377532739039334
