,flag,epoch,sbx,sby,sbz,sbvx,sbvy,sbvz
0,1.0,2457229.5,-22.42432920643827,-33.56250894852724,3.5993409913245573,0.76080275023467,-0.8488563390662529,0.049660254804511084
