,flag,epoch,sbx,sby,sbz,sbvx,sbvy,sbvz
0,1.0,2457517.5,30.564917137308342,35.360780441575294,-2.026915459758919,-0.7266236573238172,0.5162501292003167,0.107151830120108
