,flag,epoch,sbx,sby,sbz,sbvx,sbvy,sbvz
0,1.0,2457190.0,-43.65563223405946,3.7989237735713637,0.9400722310218328,-0.0751543109526838,-0.9366124923412366,0.10442389597063606
