,flag,epoch,sbx,sby,sbz,sbvx,sbvy,sbvz
0,1.0,2458072.5,-0.9555095674554237,3.521756717520703,0.4775828103017868,-3.9786165947964487,-0.99631742355154,0.4622747974769812
