,mass_1,radius_1,x_1,y_1,z_1,vx_1,vy_1,vz_1,mass_2,radius_2,x_2,y_2,z_2,vx_2,vy_2,vz_2,mass_3,radius_3,x_3,y_3,z_3,vx_3,vy_3,vz_3,mass_4,radius_4,x_4,y_4,z_4,vx_4,vy_4,vz_4,mass_5,radius_5,x_5,y_5,z_5,vx_5,vy_5,vz_5,mass_6,radius_6,x_6,y_6,z_6,vx_6,vy_6,vz_6,mass_7,radius_7,x_7,y_7,z_7,vx_7,vy_7,vz_7,mass_8,radius_8,x_8,y_8,z_8,vx_8,vy_8,vz_8
0,1.660120825375342e-07,1.631393540950981e-08,0.3227161135663497,-0.2390359931605436,-0.0491475688021985,4.091738843470448,8.735176846306105,0.33801307943404996,2.447838287784771e-06,4.045378434654418e-08,0.1595131923254788,0.702591980153747,0.000395491609515206,-7.229028917298671,1.599313236324891,0.43911831523607203,3.040432648020684e-06,4.437104331057835e-07,0.8175819694848936,0.5646000180967751,-2.105976455441898e-06,-3.6732772568922085,5.147316019891143,1.2519684838290574e-06,3.2271560375549955e-07,2.270212793877687e-08,1.035742319049994,-0.9216201712530775,-0.04476798713613837,3.5917318888936935,4.255367120031194,0.0008560482930578181,0.0009547919099366768,4.778945025452157e-07,4.27715058109724,2.505454876186638,-0.1061695867543766,-1.4301014650966424,2.510200324782283,0.02162042568696588,0.0002858856700231729,4.0286669668487467e-07,6.68013917510146,6.311849531056137,-0.3754666045171994,-1.5081457241696992,1.4797244430179994,0.03420683404984374,4.3662496132004074e-05,1.708513622580592e-07,14.25662295984584,-13.90697318266117,-0.2365122900678444,0.991171203341663,0.9641114768797028,-0.009264240770782492,5.151383772628657e-05,1.6553711549585576e-07,16.64399104134576,-25.10670632890296,0.13345444537806,0.9466192393714341,0.6427713842085836,-0.03500247483504738
