,flag,epoch,sbx,sby,sbz,sbvx,sbvy,sbvz
0,1.0,2457460.0,33.97478534698537,26.10457634557831,-11.845936563700388,-0.3478303183490523,0.7778116215231341,0.36183252009834765
