,flag,epoch,sbx,sby,sbz,sbvx,sbvy,sbvz
0,1.0,2456854.5,31.066043470759112,9.440527933647573,-1.3171048349341574,-0.40139738382983015,1.118580052344484,0.13597627225509612
