,mass_1,radius_1,x_1,y_1,z_1,vx_1,vy_1,vz_1,mass_2,radius_2,x_2,y_2,z_2,vx_2,vy_2,vz_2,mass_3,radius_3,x_3,y_3,z_3,vx_3,vy_3,vz_3,mass_4,radius_4,x_4,y_4,z_4,vx_4,vy_4,vz_4,mass_5,radius_5,x_5,y_5,z_5,vx_5,vy_5,vz_5,mass_6,radius_6,x_6,y_6,z_6,vx_6,vy_6,vz_6,mass_7,radius_7,x_7,y_7,z_7,vx_7,vy_7,vz_7,mass_8,radius_8,x_8,y_8,z_8,vx_8,vy_8,vz_8
0,1.660120825375342e-07,1.631393540950981e-08,0.2100526418835346,0.2339488432421045,-0.0001545517218985607,-9.68163499295649,7.293722597003645,1.48419200277876,2.447838287784771e-06,4.045378434654418e-08,0.6266037511282598,-0.3682499702955206,-0.04120792817744967,3.6992068414095827,6.338859826056054,-0.1265559519432675,3.040432648020684e-06,4.437104331057835e-07,-0.9793226403521004,-0.1987948301507614,1.192776085239804e-05,1.147670779709332,-6.181881987390687,0.000221497346019401,3.2271560375549955e-07,2.270212793877687e-08,-1.286408719391952,-0.9264843154848185,0.0121566908531077,3.1783013937261746,-3.710368788881089,-0.1557574748216557,0.0009547919099366768,4.778945025452157e-07,-5.345731542627386,0.9549459017207266,0.1156516253266626,-0.5180430903302353,-2.5855744601215074,0.02232882563509686,0.0002858856700231729,4.0286669668487467e-07,-3.266400851621551,-9.470033218302289,0.2946346873216154,1.81491990866308,-0.6726308944358226,-0.06057640924842322,4.3662496132004074e-05,1.708513622580592e-07,18.74534861092363,6.873185510948792,-0.2172027478359414,-0.5050441836828126,1.2792311651160955,0.011307833671507322,5.151383772628657e-05,1.6553711549585576e-07,28.05038923272483,-10.50933207264716,-0.4299970155139632,0.3945565207435655,1.0779895166972757,-0.03134106084661817
