,flag,epoch,sbx,sby,sbz,sbvx,sbvy,sbvz
0,1.0,2456020.0,-0.7718881772756818,2.715348171461649,0.4196026275828557,-3.4326848204928684,-1.1441651034419964,-0.5212605900064481
1,1.0,2456020.0,-0.7718881477866757,2.715348237693104,0.41960266105987887,-3.432684768287209,-1.1441650397517953,-0.5212605373494582
