,flag,epoch,sbx,sby,sbz,sbvx,sbvy,sbvz
0,1.0,2457260.0,0.6508205171160826,1.8075003613688512,0.3370080643323069,-4.4258901277409946,2.0256300504932843,-0.44576941818538185
