,flag,epoch,sbx,sby,sbz,sbvx,sbvy,sbvz
0,1.0,2458020.0,0.7314538105730618,2.4127913041251174,0.1290095045673768,-3.5903513819338113,1.1306164454622447,-0.32120092518215243
1,1.0,2458020.0,0.7314538205098036,2.412791307242344,0.12900947825839562,-3.590351373049849,1.1306164617640928,-0.32120092970571906
