,flag,epoch,sbx,sby,sbz,sbvx,sbvy,sbvz
0,1.0,2456990.5,-28.393360185280496,-19.72747272049866,-14.650233385011699,1.041984977757672,-0.6371064754217649,-0.2076770959041147
