,flag,epoch,sbx,sby,sbz,sbvx,sbvy,sbvz
0,1.0,2457369.5,1.5859810030635777,4.710649495812746,-0.31915108613054244,-2.7334579995266957,1.8970099271086165,-1.2992244532829764
