,flag,epoch,sbx,sby,sbz,sbvx,sbvy,sbvz
0,1.0,2457236.5,-12.907109555158954,33.803845001481235,-2.2108299345619287,-0.9863673283161234,-0.347286649434731,0.09978848073664537
