,flag,epoch,sbx,sby,sbz,sbvx,sbvy,sbvz
0,1,2456777.5,-34.99605689105828,-22.739280106536825,1.2770779536818004,0.5088078830196358,-0.8584470756544582,-0.035929004687030947
