,flag,epoch,sbx,sby,sbz,sbvx,sbvy,sbvz
0,1,2457490.0,0.5224344955981934,-2.796844162038572,0.024366028397037165,2.7853442424565764,1.166349976946547,1.3891262929752934
