,flag,epoch,sbx,sby,sbz,sbvx,sbvy,sbvz
0,1,2453650.5,32.66032220849182,-32.72489887932346,-0.7763093594847807,0.6929235126715712,0.5756888575416621,-0.05819678445148735
