,flag,epoch,sbx,sby,sbz,sbvx,sbvy,sbvz
0,1.0,2457364.5,-38.24296332611394,-17.736787527170694,1.3706683761222602,0.446114957515694,-0.8879974746094891,0.010446839317684137
