,flag,epoch,sbx,sby,sbz,sbvx,sbvy,sbvz
0,1.0,2456970.0,-1.8618393080363447,-1.5718915711806525,0.02347417250760214,2.6193704597380556,-2.710959588466835,0.1808773803429092
