,flag,epoch,sbx,sby,sbz,sbvx,sbvy,sbvz
0,1.0,2457970.0,2.410237130749584,0.5246938654494241,-0.3159926746579252,-0.5956226345392719,3.7941069151988067,-0.04989439707310257
1,1.0,2457970.0,2.410237119494119,0.5246938858717626,-0.31599266029462864,-0.5956226779620389,3.794106917516842,-0.049894418182581585
