,flag,epoch,sbx,sby,sbz,sbvx,sbvy,sbvz
0,1,2456836.5,-2.6013565897461186,0.8111570291587639,0.7567541287744586,-1.3676149476309263,-3.2447725305058093,0.19991240148212414
