,mass_1,radius_1,x_1,y_1,z_1,vx_1,vy_1,vz_1,mass_2,radius_2,x_2,y_2,z_2,vx_2,vy_2,vz_2,mass_3,radius_3,x_3,y_3,z_3,vx_3,vy_3,vz_3,mass_4,radius_4,x_4,y_4,z_4,vx_4,vy_4,vz_4,mass_5,radius_5,x_5,y_5,z_5,vx_5,vy_5,vz_5,mass_6,radius_6,x_6,y_6,z_6,vx_6,vy_6,vz_6,mass_7,radius_7,x_7,y_7,z_7,vx_7,vy_7,vz_7,mass_8,radius_8,x_8,y_8,z_8,vx_8,vy_8,vz_8
0,1.660120825375342e-07,1.631393540950981e-08,0.2588004474692068,-0.3356035926846782,-0.05116555503482522,6.091338497328718,6.772763010167639,-0.005457508331912544,2.447838287784771e-06,4.045378434654418e-08,-0.001209153547216947,0.719564822987295,0.0099320242036581,-7.412960923519891,-0.05124302129062208,0.42709234376594885,3.040432648020684e-06,4.437104331057835e-07,-0.99556840169768,-0.04905652402047404,4.676791239561424e-06,0.20697248470919657,-6.299975729288859,0.0002091298441692074,3.2271560375549955e-07,2.270212793877687e-08,1.132562203685486,0.9017932571667512,-0.008902445321062854,-2.9882342905945993,4.434868067086926,0.16627051296759823,0.0009547919099366768,4.778945025452157e-07,-4.153169013257107,3.365125068305394,0.07895789122792372,-1.7696870941901865,-2.013301759562003,0.047960662273902714,0.0002858856700231729,4.0286669668487467e-07,-5.044098337852551,-8.591067584041296,0.3501506562417624,1.6448599078053525,-1.0391139332397328,-0.047448182264613836,4.3662496132004074e-05,1.708513622580592e-07,19.21403800492944,5.546424471992595,-0.2282224141192033,-0.41005701969372993,1.3111541866173193,0.0102074830420096,5.151383772628657e-05,1.6553711549585576e-07,27.625541950738,-11.60494065083805,-0.3975971305548021,0.4351747454558395,1.0617820685897896,-0.03193444756119748
