,mass_1,radius_1,x_1,y_1,z_1,vx_1,vy_1,vz_1,mass_2,radius_2,x_2,y_2,z_2,vx_2,vy_2,vz_2,mass_3,radius_3,x_3,y_3,z_3,vx_3,vy_3,vz_3,mass_4,radius_4,x_4,y_4,z_4,vx_4,vy_4,vz_4,mass_5,radius_5,x_5,y_5,z_5,vx_5,vy_5,vz_5,mass_6,radius_6,x_6,y_6,z_6,vx_6,vy_6,vz_6,mass_7,radius_7,x_7,y_7,z_7,vx_7,vy_7,vz_7,mass_8,radius_8,x_8,y_8,z_8,vx_8,vy_8,vz_8
0,1.660120825375342e-07,1.631393540950981e-08,0.2631262699903148,-0.330696347605301,-0.05116259986442847,5.996059838679913,6.89478141411952,0.013110224222597937,2.447838287784771e-06,4.045378434654418e-08,0.4530377700477466,-0.5691575276532483,-0.03393960933841241,5.7309098845769775,4.574448944592742,-0.2681062540365857,3.040432648020684e-06,4.437104331057835e-07,-0.15804543113096,-1.003082001347753,2.237375378184393e-05,6.105119496596356,-1.0014357377240357,5.825608885442112e-06,3.2271560375549955e-07,2.270212793877687e-08,1.384234311425292,0.2075703601570842,-0.02964256276723324,-0.5613947306956228,5.491217331123686,0.1288451213759954,0.0009547919099366768,4.778945025452157e-07,3.658728143164879,-3.494601653028091,-0.06736680347275018,1.8711244639693572,2.1260575541090785,-0.05069801698530626,0.0002858856700231729,4.0286669668487467e-07,-9.305216888764843,1.387608732036383,0.3462093083175388,-0.40827691991567255,-2.018220483357665,0.051419837582227186,4.3662496132004074e-05,1.708513622580592e-07,19.96580565004982,-2.291275064195893,-0.2671224104024221,0.15480378485545548,1.3618243283803149,0.0030366344495652607,5.151383772628657e-05,1.6553711549585576e-07,24.45637388730032,-17.42523508501165,-0.2047829309875809,0.6594386861056487,0.9421423127198939,-0.034562713026443426
