,flag,epoch,sbx,sby,sbz,sbvx,sbvy,sbvz
0,1,2457128.5,1.9104074670622246,0.7955493917890013,0.07321929628214704,-1.8788963510347871,4.23175375816911,0.040146124712101126
