,flag,sbx,sby,sbz,sbvx,sbvy,sbvz,epoch
0,1.0,-41.759661842352344,5.119045468228143,8.817327209468615,0.22651329794035033,0.35230587524261636,0.8682505195534811,2458725.5
