,mass_1,radius_1,x_1,y_1,z_1,vx_1,vy_1,vz_1,mass_2,radius_2,x_2,y_2,z_2,vx_2,vy_2,vz_2,mass_3,radius_3,x_3,y_3,z_3,vx_3,vy_3,vz_3,mass_4,radius_4,x_4,y_4,z_4,vx_4,vy_4,vz_4,mass_5,radius_5,x_5,y_5,z_5,vx_5,vy_5,vz_5,mass_6,radius_6,x_6,y_6,z_6,vx_6,vy_6,vz_6,mass_7,radius_7,x_7,y_7,z_7,vx_7,vy_7,vz_7,mass_8,radius_8,x_8,y_8,z_8,vx_8,vy_8,vz_8
0,1.660120825375342e-07,1.631393540950981e-08,-0.3897459865399218,-0.01897948889926674,0.03420908285993426,-1.6381400409232776,-9.822111313600084,-0.6522263458907039,2.447838287784771e-06,4.045378434654418e-08,-0.3347835921522445,0.6352001525026668,0.02802514107484682,-6.560387601853368,-3.4859112773952683,0.33085372200532964,3.040432648020684e-06,4.437104331057835e-07,-0.2741893507083286,-0.9768301180960904,3.036966820390169e-05,5.947979861302845,-1.721624531115821,4.762389515460643e-05,3.2271560375549955e-07,2.270212793877687e-08,0.8430411634206096,1.222141919003536,0.004907024990798573,-4.013149959759965,3.336986846737667,0.16844457402512839,0.0009547919099366768,4.778945025452157e-07,0.2594546151485612,5.109081820632305,-0.02702465397897601,-2.7885410243981754,0.2708960843128578,0.06127519109328662,0.0002858856700231729,4.0286669668487467e-07,-7.611373087500914,-6.209140673120327,0.4109967873105927,1.1752950200918844,-1.5837833963003378,-0.019272578633401358,4.3662496132004074e-05,1.708513622580592e-07,19.79799006772339,3.148407709135537,-0.2447414411671046,-0.23825576203722554,1.351706854341804,0.00813166112356705,5.151383772628657e-05,1.6553711549585576e-07,26.77906346505667,-13.48745928691982,-0.3392797606329238,0.5059128341780684,1.0306789626008894,-0.032887054598338794
