,flag,epoch,sbx,sby,sbz,sbvx,sbvy,sbvz
0,1.0,2457409.5,-43.37240333900451,-10.02426550913064,-0.039299129518056836,0.33837722839410295,-0.8950570706180162,-0.03468977837937082
