,flag,epoch,sbx,sby,sbz,sbvx,sbvy,sbvz
0,1,2457837.5,1.3158516379749052,2.001886538437354,0.6365296482000128,-2.9997630306683187,2.5424678703941486,0.3912584958623978
