,flag,epoch,sbx,sby,sbz,sbvx,sbvy,sbvz
0,1.0,2457620.0,-0.14933217693470413,2.491065272971609,-0.2634332697894768,-3.7901636672015067,-0.3513790681165084,-0.13113938813330414
1,1.0,2457620.0,-0.14933216458633614,2.491065269545569,-0.263433261014157,-3.790163675292741,-0.35137905947629666,-0.1311393804329116
