,flag,epoch,sbx,sby,sbz,sbvx,sbvy,sbvz
0,1,2457185.5,-2.084547526130901,-2.206276698573612,0.6058091215007781,2.4045907920953646,-2.57647726953876,-0.009890980100412523
