,flag,epoch,sbx,sby,sbz,sbvx,sbvy,sbvz
0,1.0,2458015.5,13.413144474821593,13.117634268208766,-8.162590181792432,-1.2242033507399173,0.7913359190312944,-0.5348153414172561
