,flag,epoch,sbx,sby,sbz,sbvx,sbvy,sbvz
0,1.0,2457750.0,-1.7002203250726056,1.8937383842411672,0.12298621946603183,-2.9877652498577887,-2.1733931869423184,-0.35467916200288246
1,1.0,2457750.0,-1.7002203370341513,1.8937383899788145,0.12298622559582814,-2.987765247759101,-2.1733931716786916,-0.35467916734413046
