,mass_1,radius_1,x_1,y_1,z_1,vx_1,vy_1,vz_1,mass_2,radius_2,x_2,y_2,z_2,vx_2,vy_2,vz_2,mass_3,radius_3,x_3,y_3,z_3,vx_3,vy_3,vz_3,mass_4,radius_4,x_4,y_4,z_4,vx_4,vy_4,vz_4,mass_5,radius_5,x_5,y_5,z_5,vx_5,vy_5,vz_5,mass_6,radius_6,x_6,y_6,z_6,vx_6,vy_6,vz_6,mass_7,radius_7,x_7,y_7,z_7,vx_7,vy_7,vz_7,mass_8,radius_8,x_8,y_8,z_8,vx_8,vy_8,vz_8
0,1.660120825375342e-07,1.631393540950981e-08,-0.3951405293759648,-0.07974627117945104,0.02975369278612211,-0.1018169100747434,-9.629930228614038,-0.7773254194460513,2.447838287784771e-06,4.045378434654418e-08,-0.6172004076545634,0.3659102408206581,0.04062592622539916,-3.797744478129222,-6.390996054773507,0.13185784567096243,3.040432648020684e-06,4.437104331057835e-07,0.1793296466417263,0.9681573332091312,-1.581660277792252e-06,-6.281197971589409,1.1210367763604678,6.855834299591421e-06,3.2271560375549955e-07,2.270212793877687e-08,1.344854614305938,-0.3220289203501384,-0.03980547823152183,1.3858049313005256,5.406873423587772,0.0792042304883035,0.0009547919099366768,4.778945025452157e-07,4.092777310548192,2.805018596329325,-0.1032826886352392,-1.5952204431807495,2.4054379155584,0.02574860652937845,0.0002858856700231729,4.0286669668487467e-07,6.493882221812681,6.489708812024889,-0.371156957331816,-1.5492194985017407,1.43975792790254,0.036535577470924605,4.3662496132004074e-05,1.708513622580592e-07,14.37684024100946,-13.78900520827416,-0.2376319460232147,0.9822817297901624,0.9724041953312981,-0.009116160341431373,5.151383772628657e-05,1.6553711549585576e-07,16.75913180417077,-25.02813411542474,0.1291887765260235,0.9435066990156616,0.6470448569587524,-0.03502199779510637
