,flag,epoch,sbx,sby,sbz,sbvx,sbvy,sbvz
0,1.0,2455210.0,-33.1098407327749,-25.99009221686919,2.382503510891976,0.5675339281463616,-0.8077314388465077,-0.026929262443054137
