,mass_1,radius_1,x_1,y_1,z_1,vx_1,vy_1,vz_1,mass_2,radius_2,x_2,y_2,z_2,vx_2,vy_2,vz_2,mass_3,radius_3,x_3,y_3,z_3,vx_3,vy_3,vz_3,mass_4,radius_4,x_4,y_4,z_4,vx_4,vy_4,vz_4,mass_5,radius_5,x_5,y_5,z_5,vx_5,vy_5,vz_5,mass_6,radius_6,x_6,y_6,z_6,vx_6,vy_6,vz_6,mass_7,radius_7,x_7,y_7,z_7,vx_7,vy_7,vz_7,mass_8,radius_8,x_8,y_8,z_8,vx_8,vy_8,vz_8
0,1.660120825375342e-07,1.631393540950981e-08,-0.3099786432173524,0.1613278488325221,0.0416241534902091,-6.855264296307877,0.0,0.0,2.447838287784771e-06,4.045378434654418e-08,0.2956378082704241,-0.6647851208916788,-0.02616553000076904,6.700121967185897,0.0,0.0,3.040432648020684e-06,4.437104331057835e-07,-0.3851007145178978,0.9050324358612851,-1.947240084393294e-05,-5.884368788164966,0.0,0.0,3.2271560375549955e-07,2.270212793877687e-08,-0.8752391580572026,1.383070654275938,0.05047217483817954,-4.125494281965183,0.0,0.0,0.0009547919099366768,4.778945025452157e-07,4.547940561481343,-2.076499830122954,-0.09315297470468656,1.1114511457861458,2.640649192842194,-0.03583638745462927,0.0002858856700231729,4.0286669668487467e-07,-9.46961881875802,0.1888874040893048,0.3736397241066315,-0.14913352514178713,-2.0396432407320275,0.0414702521606539,4.3662496132004074e-05,1.708513622580592e-07,20.03998618981076,-1.485926180793593,-0.2651013362880648,0.09661861045180165,1.3677069979604521,0.0038126063892651393,5.151383772628657e-05,1.6553711549585576e-07,24.83899239937042,-16.86482843116898,-0.225117866657826,0.63750701095429,0.9573916737612609,-0.0343663872374078
