,flag,epoch,sbx,sby,sbz,sbvx,sbvy,sbvz
0,1.0,2454287.5,-4.830811856658862,-33.875037532734126,8.741332304029715,1.0404687806609556,-0.3309950362121078,-0.527473210063236
