,mass_1,radius_1,x_1,y_1,z_1,vx_1,vy_1,vz_1,mass_2,radius_2,x_2,y_2,z_2,vx_2,vy_2,vz_2,mass_3,radius_3,x_3,y_3,z_3,vx_3,vy_3,vz_3,mass_4,radius_4,x_4,y_4,z_4,vx_4,vy_4,vz_4,mass_5,radius_5,x_5,y_5,z_5,vx_5,vy_5,vz_5,mass_6,radius_6,x_6,y_6,z_6,vx_6,vy_6,vz_6,mass_7,radius_7,x_7,y_7,z_7,vx_7,vy_7,vz_7,mass_8,radius_8,x_8,y_8,z_8,vx_8,vy_8,vz_8
0,1.660120825375342e-07,1.631393540950981e-08,0.3473344006244234,0.02834386037706185,-0.02954904733243496,-2.820465311317294,10.701858438092872,1.1332266648500506,2.447838287784771e-06,4.045378434654418e-08,0.6835462463567169,0.2393936507161565,-0.03616233274412296,-2.466752637222236,6.939768683364513,0.23750457867703784,3.040432648020684e-06,4.437104331057835e-07,0.1510296613095526,0.9727893397331635,-3.741420723468538e-05,-6.3118884078013355,0.9406764038043894,-4.96196265350185e-06,3.2271560375549955e-07,2.270212793877687e-08,1.391076665837511,0.1028195088675643,-0.0319853481816947,-0.18098981366909617,5.534694871039391,0.12042486534547861,0.0009547919099366768,4.778945025452157e-07,-5.382885145258361,-0.8781116417641309,0.1240949969439491,0.4110271281885859,-2.5925481231963103,0.001568842890286877,0.0002858856700231729,4.0286669668487467e-07,-1.966784314177823,-9.84903394046879,0.2494779746012716,1.8874960912070504,-0.4073879504117229,-0.06806300535071716,4.3662496132004074e-05,1.708513622580592e-07,18.36895201749997,7.761046692242591,-0.2090228814382701,-0.5688593627743388,1.253818191516914,0.012029834170380343,5.151383772628657e-05,1.6553711549585576e-07,28.31708141726654,-9.75006310704958,-0.4518132556401444,0.36637593417807585,1.0885220990698168,-0.030907539040124606
