,mass_1,radius_1,x_1,y_1,z_1,vx_1,vy_1,vz_1,mass_2,radius_2,x_2,y_2,z_2,vx_2,vy_2,vz_2,mass_3,radius_3,x_3,y_3,z_3,vx_3,vy_3,vz_3,mass_4,radius_4,x_4,y_4,z_4,vx_4,vy_4,vz_4,mass_5,radius_5,x_5,y_5,z_5,vx_5,vy_5,vz_5,mass_6,radius_6,x_6,y_6,z_6,vx_6,vy_6,vz_6,mass_7,radius_7,x_7,y_7,z_7,vx_7,vy_7,vz_7,mass_8,radius_8,x_8,y_8,z_8,vx_8,vy_8,vz_8
0,1.660120825375342e-07,1.631393540950981e-08,0.3587714249276928,-0.1045678763207343,-0.04145631359359643,0.8793465601679534,10.327173826121028,0.7632153586813099,2.447838287784771e-06,4.045378434654418e-08,-0.7148334716594853,-0.08079573867792347,0.04014206602590225,0.7840659910317066,-7.373500001621692,-0.14642343597180663,3.040432648020684e-06,4.437104331057835e-07,-0.8429875385690443,-0.5480720918769438,2.735795336390728e-05,3.322746697801675,-5.291988326490073,0.00023525001029722192,3.2271560375549955e-07,2.270212793877687e-08,0.08130921442378845,-1.446089909053111,-0.03229554193206657,5.296278881182324,0.7264674679831121,-0.1147144076949901,0.0009547919099366768,4.778945025452157e-07,1.354361797802156,-5.006163437554302,-0.009509222155004986,2.630084100819407,0.8507338837890132,-0.062378321234871054,0.0002858856700231729,4.0286669668487467e-07,4.339304058503357,-9.033836921150183,-0.01565453304749468,1.7267411622778954,0.8774980865816134,-0.08395833894820882,4.3662496132004074e-05,1.708513622580592e-07,15.96390124380384,11.71958562629121,-0.1632495225558546,-0.8581989123829749,1.0918372648011376,0.01512324185833529,5.151383772628657e-05,1.6553711549585576e-07,29.31471804443052,-6.017736592454039,-0.551751312073928,0.2257147248377195,1.1311418219464737,-0.028487607623799868
