,flag,epoch,sbx,sby,sbz,sbvx,sbvy,sbvz
0,1.0,2457752.5,47.434043731127645,68.89106753516833,-17.667574029927025,-0.879045617845602,0.25887943504749455,0.0633052508336591
