,flag,epoch,sbx,sby,sbz,sbvx,sbvy,sbvz
0,1.0,2459429.5,4.637921874321544,2.2434659426341534,-1.9840744142295892,-1.716887592532111,2.8511586572313057,0.5204336941967201
