,flag,epoch,sbx,sby,sbz,sbvx,sbvy,sbvz
0,1.0,2457875.5,23.547544317944876,13.161164473274276,-22.822478467564736,0.025406268534407386,1.0511486067103057,0.4362030842310371
