,flag,epoch,sbx,sby,sbz,sbvx,sbvy,sbvz
0,1.0,2457806.5,-81.61850726082928,-26.1896484314496,-2.37306189909392,0.6907821015587978,-0.3739470173572541,0.14501285131645378
