,flag,epoch,sbx,sby,sbz,sbvx,sbvy,sbvz
0,1.0,2457514.5,-32.53533021266867,18.016569187954772,-11.31020910855184,-0.39749997442473284,-1.147267474388831,0.172800210719713
