,mass_1,radius_1,x_1,y_1,z_1,vx_1,vy_1,vz_1,mass_2,radius_2,x_2,y_2,z_2,vx_2,vy_2,vz_2,mass_3,radius_3,x_3,y_3,z_3,vx_3,vy_3,vz_3,mass_4,radius_4,x_4,y_4,z_4,vx_4,vy_4,vz_4,mass_5,radius_5,x_5,y_5,z_5,vx_5,vy_5,vz_5,mass_6,radius_6,x_6,y_6,z_6,vx_6,vy_6,vz_6,mass_7,radius_7,x_7,y_7,z_7,vx_7,vy_7,vz_7,mass_8,radius_8,x_8,y_8,z_8,vx_8,vy_8,vz_8
0,1.660120825375342e-07,1.631393540950981e-08,-0.1160123771464764,-0.4512295591902081,-0.0262277048332119,7.8897295981332585,-2.042725787049586,-0.8907340571827773,2.447838287784771e-06,4.045378434654418e-08,0.6193886712551832,-0.3803334749408686,-0.04095763712610509,3.821422666607742,6.265462853092174,-0.1346095026152381,3.040432648020684e-06,4.437104331057835e-07,0.6521625282148796,0.7448644136172053,-3.12329123187622e-05,-4.830217486362354,4.116093291971871,-0.00013199479579750425,3.2271560375549955e-07,2.270212793877687e-08,1.328858433255188,-0.3787122922685429,-0.04054917393478796,1.5961170432554306,5.352950185011429,0.07300220888297851,0.0009547919099366768,4.778945025452157e-07,-5.41385724495603,-0.650226244827553,0.1238417297185407,0.2958839768369592,-2.6088431714545,0.004212219469824679,0.0002858856700231729,4.0286669668487467e-07,-2.131844642969339,-9.8118698873121,0.2554033929736612,1.880426383408283,-0.4409830978360069,-0.06719966992746637,4.3662496132004074e-05,1.708513622580592e-07,18.4184429483172,7.651051211248639,-0.210072891148031,-0.5609232479314379,1.2571617384396891,0.011939886077289416,5.151383772628657e-05,1.6553711549585576e-07,28.2848268864568,-9.845373926687495,-0.4491029267497596,0.36993336575613905,1.0872407811289015,-0.03096409221973297
