,flag,epoch,sbx,sby,sbz,sbvx,sbvy,sbvz
0,1.0,2457730.0,1.770314055108132,1.70711418591764,-0.22209088511623337,-2.3872489223781974,3.166751992317188,-0.2829782560366603
1,1.0,2457730.0,1.7703140607285601,1.707114212243907,-0.2220908883441749,-2.3872489055090704,3.1667519632552876,-0.2829782542123094
