,mass_1,radius_1,x_1,y_1,z_1,vx_1,vy_1,vz_1,mass_2,radius_2,x_2,y_2,z_2,vx_2,vy_2,vz_2,mass_3,radius_3,x_3,y_3,z_3,vx_3,vy_3,vz_3,mass_4,radius_4,x_4,y_4,z_4,vx_4,vy_4,vz_4,mass_5,radius_5,x_5,y_5,z_5,vx_5,vy_5,vz_5,mass_6,radius_6,x_6,y_6,z_6,vx_6,vy_6,vz_6,mass_7,radius_7,x_7,y_7,z_7,vx_7,vy_7,vz_7,mass_8,radius_8,x_8,y_8,z_8,vx_8,vy_8,vz_8
0,1.660120825375342e-07,1.631393540950981e-08,-0.2720917680164399,-0.366455834033694,-0.004981766610839472,6.170740664785823,-5.644282279239506,-1.027321501064593,2.447838287784771e-06,4.045378434654418e-08,-0.0801500556326325,0.7147081923152064,0.01442521489552644,-7.366604303248623,-0.8633774913948828,0.41326010165960214,3.040432648020684e-06,4.437104331057835e-07,-0.6338343305689492,0.7540808793984308,-2.539842297992569e-05,-4.9126837362145475,-4.066748581780876,0.00017691934912787122,3.2271560375549955e-07,2.270212793877687e-08,1.201458245425444,0.7889506971562951,-0.01295340067664158,-2.6105001823631784,4.7094354579463165,0.16275638142560492,0.0009547919099366768,4.778945025452157e-07,-5.317601728046857,-1.216735722687951,0.1240404026615588,0.5821502694340396,-2.5590860187090207,-0.002399386193734034,0.0002858856700231729,4.0286669668487467e-07,-1.71809385472673,-9.899252135059955,0.240450228115811,1.8970561596285636,-0.3568347204428047,-0.06932043165009909,4.3662496132004074e-05,1.708513622580592e-07,18.29341494849004,7.92548368712514,-0.2074332303671582,-0.5807052769320123,1.2486900312496871,0.012162175473231649,5.151383772628657e-05,1.6553711549585576e-07,28.36487938391789,-9.606889280138699,-0.4558695139684552,0.36105604569886884,1.090401274957358,-0.030823845429209643
