,flag,epoch,sbx,sby,sbz,sbvx,sbvy,sbvz
0,1,2456859.5,2.9735915951866643,0.06707991030515914,-0.40501179710867874,-0.2821361878631372,3.663723400794556,0.7534297016963583
