,flag,epoch,sbx,sby,sbz,sbvx,sbvy,sbvz
0,1.0,2457540.0,1.4236769392747732,-1.5163399808295128,0.1808446548007287,3.2123793948704025,3.3033030533075465,-0.2870363338440256
1,1.0,2457540.0,1.423676932801511,-1.5163399680058811,0.180844650917587,3.212379384340302,3.3033030987751624,-0.2870363304462644
