,mass_1,radius_1,x_1,y_1,z_1,vx_1,vy_1,vz_1,mass_2,radius_2,x_2,y_2,z_2,vx_2,vy_2,vz_2,mass_3,radius_3,x_3,y_3,z_3,vx_3,vy_3,vz_3,mass_4,radius_4,x_4,y_4,z_4,vx_4,vy_4,vz_4,mass_5,radius_5,x_5,y_5,z_5,vx_5,vy_5,vz_5,mass_6,radius_6,x_6,y_6,z_6,vx_6,vy_6,vz_6,mass_7,radius_7,x_7,y_7,z_7,vx_7,vy_7,vz_7,mass_8,radius_8,x_8,y_8,z_8,vx_8,vy_8,vz_8
0,1.660120825375342e-07,1.631393540950981e-08,-0.2253458757522659,0.2407336060590981,0.04034654179658926,-9.584817838369455,-6.6105277809306155,0.3394837536335349,2.447838287784771e-06,4.045378434654418e-08,-0.3509601425304065,-0.6341867344315334,0.01157467262918523,6.413008999956795,-3.610465749572006,-0.41954095467540253,3.040432648020684e-06,4.437104331057835e-07,-0.7146363382303084,0.6792792758500029,-1.097222559459072e-05,-4.431882048147944,-4.5781666298744454,9.301491035102231e-05,3.2271560375549955e-07,2.270212793877687e-08,-0.6319659032801467,1.491767257869239,0.04677438046324524,-4.512935592654117,-1.5596201334969255,0.07816386912102659,0.0009547919099366768,4.778945025452157e-07,0.4162929280050369,-5.218062327077843,0.01234613844859945,2.715807432693812,0.3497960165187299,-0.0622260092309525,0.0002858856700231729,4.0286669668487467e-07,-8.36106263906087,4.007528119369946,0.2629777085476404,-0.9877835750270574,-1.841951639057948,0.07140516464043874,4.3662496132004074e-05,1.708513622580592e-07,19.66891118554953,-4.111820349128616,-0.2700212355461859,0.28549858319307914,1.3391746874692907,0.0012678156082077364,5.151383772628657e-05,1.6553711549585576e-07,23.53556942411645,-18.66961287328714,-0.1579693689218994,0.7072306647930988,0.9049804338084678,-0.03492498271939678
