,flag,epoch,sbx,sby,sbz,sbvx,sbvy,sbvz
0,1.0,2454502.5,-36.400970112773464,-0.790153613799728,0.9736196399479862,0.10721554547040785,-1.0340133476681508,0.07815067925560146
