,mass_1,radius_1,x_1,y_1,z_1,vx_1,vy_1,vz_1,mass_2,radius_2,x_2,y_2,z_2,vx_2,vy_2,vz_2,mass_3,radius_3,x_3,y_3,z_3,vx_3,vy_3,vz_3,mass_4,radius_4,x_4,y_4,z_4,vx_4,vy_4,vz_4,mass_5,radius_5,x_5,y_5,z_5,vx_5,vy_5,vz_5,mass_6,radius_6,x_6,y_6,z_6,vx_6,vy_6,vz_6,mass_7,radius_7,x_7,y_7,z_7,vx_7,vy_7,vz_7,mass_8,radius_8,x_8,y_8,z_8,vx_8,vy_8,vz_8
0,1.660120825375342e-07,1.631393540950981e-08,-0.2087053945736307,-0.4130942940644929,-0.01460297801554274,7.102280606048846,-4.135734756726355,-0.9895680613156554,2.447838287784771e-06,4.045378434654418e-08,-0.4905224739949555,-0.5317667994747646,0.02102319799598559,5.378284969525223,-5.043987648178776,-0.37951265136660534,3.040432648020684e-06,4.437104331057835e-07,-0.1455548743651456,0.9725203559689292,-2.951279898578324e-05,-6.317022827597917,-0.9534812748530231,3.5681655813612386e-05,3.2271560375549955e-07,2.270212793877687e-08,1.061246580815649,-0.8905415564506827,-0.04471481125308366,3.479921844956446,4.352118423181084,0.005742933265290571,0.0009547919099366768,4.778945025452157e-07,1.439938730800895,4.853561410697474,-0.05237946980172709,-2.678144485911241,0.9158411031280665,0.05612503706467846,0.0002858856700231729,4.0286669668487467e-07,-8.086603200266198,-5.505444508327628,0.4176878381202966,1.0341993927330009,-1.6885440331789288,-0.01182596379832395,4.3662496132004074e-05,1.708513622580592e-07,19.89141246767401,2.565920240786648,-0.2481246420535665,-0.19638100769824313,1.358303851368136,0.007607788029560506,5.151383772628657e-05,1.6553711549585576e-07,26.55797598051335,-13.92877221170326,-0.3250974316397511,0.5227746530442259,1.0226257295488648,-0.033100982039877984
