,flag,epoch,sbx,sby,sbz,sbvx,sbvy,sbvz
0,1.0,2457140.0,2.760504194771598,-0.7693827542289868,-0.6003704357575649,1.0118354060970585,3.2966588379616506,-0.8786052467599041
1,1.0,2457140.0,2.7605041653131024,-0.7693827948479888,-0.6003704402258985,1.0118353147825314,3.296658914395803,-0.8786051632415512
