,flag,epoch,sbx,sby,sbz,sbvx,sbvy,sbvz
0,1.0,2456850.0,1.5519797964945068,-2.20487011566748,-0.367607682790354,3.2298939156028346,2.1854423130450407,-0.3280380718108335
1,1.0,2456850.0,1.5519797882788275,-2.20487008177218,-0.3676077371790917,3.229893958657067,2.185442300286307,-0.32803813750273186
