,mass_1,radius_1,x_1,y_1,z_1,vx_1,vy_1,vz_1,mass_2,radius_2,x_2,y_2,z_2,vx_2,vy_2,vz_2,mass_3,radius_3,x_3,y_3,z_3,vx_3,vy_3,vz_3,mass_4,radius_4,x_4,y_4,z_4,vx_4,vy_4,vz_4,mass_5,radius_5,x_5,y_5,z_5,vx_5,vy_5,vz_5,mass_6,radius_6,x_6,y_6,z_6,vx_6,vy_6,vz_6,mass_7,radius_7,x_7,y_7,z_7,vx_7,vy_7,vz_7,mass_8,radius_8,x_8,y_8,z_8,vx_8,vy_8,vz_8
0,1.660120825375342e-07,1.631393540950981e-08,0.05596458842641089,-0.454316217825333,-0.04225576812724843,8.137951208230453,1.784104964313634,-0.6008625273291098,2.447838287784771e-06,4.045378434654418e-08,-0.6387653122293596,0.3269929995182795,0.04134418050459469,-3.3982767036914368,-6.611160227481706,0.10550402648532453,3.040432648020684e-06,4.437104331057835e-07,1.001974166878105,-0.0738054284972338,-1.649178027955902e-07,0.359563280344108,6.24330754714701,-0.00020446248855707786,3.2271560375549955e-07,2.270212793877687e-08,0.3388501790010346,-1.387465288096457,-0.03738802465323657,5.158944958710282,1.6521619778508894,-0.09200773653282787,0.0009547919099366768,4.778945025452157e-07,-3.122179586151302,4.265328294843341,0.05214974450151812,-2.259160560134882,-1.4991908696633058,0.056778248312743355,0.0002858856700231729,4.0286669668487467e-07,-5.854020450001194,-8.018409379359747,0.3724547425930492,1.5331130946585758,-1.2082894267703466,-0.0400600246192579,4.3662496132004074e-05,1.708513622580592e-07,19.41064338940536,4.875209070317029,-0.2332754819839835,-0.3620167771397508,1.3247062875805486,0.009637132218311141,5.151383772628657e-05,1.6553711549585576e-07,27.39881477451134,-12.14351623940592,-0.3812623194410182,0.45526138258555116,1.053365888681537,-0.03221614492495792
