,flag,epoch,sbx,sby,sbz,sbvx,sbvy,sbvz
0,1.0,2457430.5,-0.7843031824093984,2.2920000161526577,0.0883038564622302,-3.8280317107000945,-0.6169905187726137,-0.13845949679176278
