,flag,epoch,sbx,sby,sbz,sbvx,sbvy,sbvz
0,1.0,2457920.0,1.777216308639964,-1.422368438561525,0.14047016032276577,2.8392278482996374,3.1013897263858765,0.3971866376386504
1,1.0,2457920.0,1.7772163188050274,-1.4223684272276282,0.14047016141315893,2.8392278238548716,3.101389742747786,0.3971866455981316
