,flag,epoch,sbx,sby,sbz,sbvx,sbvy,sbvz
0,1.0,2456780.0,0.17373344096410176,-2.8853443961371057,0.38391724355716234,3.59530394269747,0.7517424503983341,-0.3838021077269005
1,1.0,2456780.0,0.17373349740159416,-2.885344439979212,0.3839172733139918,3.595303867137638,0.7517424939240794,-0.38380217365945346
