,flag,epoch,sbx,sby,sbz,sbvx,sbvy,sbvz
0,1.0,2457790.0,-2.230719024925147,0.42291620597261725,0.2550591668101795,-1.1314814718309139,-4.137137125909173,-0.18432876268798448
1,1.0,2457790.0,-2.230719038437163,0.4229162068658803,0.2550591743031211,-1.1314814810594789,-4.137137098373324,-0.18432879011050265
