,flag,epoch,sbx,sby,sbz,sbvx,sbvy,sbvz
0,1.0,2457770.0,-39.427673487693,10.716196276148843,2.2836348007445406,-0.24130652736543404,-1.0142157321478276,0.023555282091216483
