,mass_1,radius_1,x_1,y_1,z_1,vx_1,vy_1,vz_1,mass_2,radius_2,x_2,y_2,z_2,vx_2,vy_2,vz_2,mass_3,radius_3,x_3,y_3,z_3,vx_3,vy_3,vz_3,mass_4,radius_4,x_4,y_4,z_4,vx_4,vy_4,vz_4,mass_5,radius_5,x_5,y_5,z_5,vx_5,vy_5,vz_5,mass_6,radius_6,x_6,y_6,z_6,vx_6,vy_6,vz_6,mass_7,radius_7,x_7,y_7,z_7,vx_7,vy_7,vz_7,mass_8,radius_8,x_8,y_8,z_8,vx_8,vy_8,vz_8
0,1.660120825375342e-07,1.631393540950981e-08,-0.1765132249810428,-0.4297648572753344,-0.01892406230353276,7.439113516065138,-3.399093150289045,-0.9602129434372279,2.447838287784771e-06,4.045378434654418e-08,-0.7032452821351955,0.1454594214525078,0.04257700025583479,-1.5347325739002724,-7.267651546582945,-0.0111276901236821,3.040432648020684e-06,4.437104331057835e-07,0.8382544662079441,0.5344690244387306,-2.600732583423921e-05,-3.480598469486954,5.275162118936628,-0.00020610972376344816,3.2271560375549955e-07,2.270212793877687e-08,-1.599532981930621,0.4577544446180371,0.04884786753161265,-1.2149343182830852,-4.477244492938618,-0.06400615391658888,0.0009547919099366768,4.778945025452157e-07,-4.550853868842483,-2.980712194823544,0.1142088487279136,1.478217134294028,-2.177725121993293,-0.024033674159845798,0.0002858856700231729,4.0286669668487467e-07,-0.3074848766183598,-10.05680861576828,0.1870380013723644,1.9267824195024088,-0.07041412139709216,-0.07546719081534617,4.3662496132004074e-05,1.708513622580592e-07,17.84152150865403,8.83412997386944,-0.1982081598029093,-0.6463061015494429,1.2183023086251865,0.012885185515823409,5.151383772628657e-05,1.6553711549585576e-07,28.61978951412456,-8.799950957878345,-0.4783946993766643,0.3310577120657616,1.1008256082161714,-0.030340954343528567
