,flag,epoch,sbx,sby,sbz,sbvx,sbvy,sbvz
0,1,2457650.0,2.4030755607749468,-1.5244222407781762,-0.2965869218380022,1.8171348128096043,2.7215491318959675,0.07415980416197579
