,flag,epoch,sbx,sby,sbz,sbvx,sbvy,sbvz
0,1.0,2457180.5,-27.462015220973075,-16.116499213615754,3.293189729612278,0.5373468577365911,-1.1134859759432463,-0.20255508555024768
