,flag,epoch,sbx,sby,sbz,sbvx,sbvy,sbvz
0,1.0,2450675.5,0.623698660544753,-1.7655685673074537,0.4246658626083292,1.549099398165377,4.544753141651013,4.075095128356266
