,flag,epoch,sbx,sby,sbz,sbvx,sbvy,sbvz
0,1.0,2457472.5,42.46758086556569,5.375627319328431,2.4138278114155036,-0.13015996871826233,0.9765523971711934,-0.02937560215793383
