,flag,epoch,sbx,sby,sbz,sbvx,sbvy,sbvz
0,1.0,2457558.5,27.283140310252897,35.21580112456726,-1.3848209170893724,-0.7338942961230026,0.5516873428437198,0.0713479203278184
