,mass_1,radius_1,x_1,y_1,z_1,vx_1,vy_1,vz_1,mass_2,radius_2,x_2,y_2,z_2,vx_2,vy_2,vz_2,mass_3,radius_3,x_3,y_3,z_3,vx_3,vy_3,vz_3,mass_4,radius_4,x_4,y_4,z_4,vx_4,vy_4,vz_4,mass_5,radius_5,x_5,y_5,z_5,vx_5,vy_5,vz_5,mass_6,radius_6,x_6,y_6,z_6,vx_6,vy_6,vz_6,mass_7,radius_7,x_7,y_7,z_7,vx_7,vy_7,vz_7,mass_8,radius_8,x_8,y_8,z_8,vx_8,vy_8,vz_8
0,1.660120825375342e-07,1.631393540950981e-08,-0.2237397590460596,-0.4038453698855115,-0.01246967901283289,6.917140346809279,-4.485528346367605,-1.0011345738870505,2.447838287784771e-06,4.045378434654418e-08,-0.4779549077215205,0.5352612544917654,0.03491829738009841,-5.5368183894615175,-4.959783248171601,0.2515511745604485,3.040432648020684e-06,4.437104331057835e-07,0.9647622623057276,-0.2923993785270936,7.049248079286558e-06,1.7205976897002035,5.990161056069986,-0.00019926738046015412,3.2271560375549955e-07,2.270212793877687e-08,0.1528763766871126,-1.434338641512385,-0.03380546232307482,5.276056076911877,0.9813499566808158,-0.10893786225599911,0.0009547919099366768,4.778945025452157e-07,-3.041246451600958,4.31796125359433,0.05012015402054754,-2.2885427829108504,-1.4582754060421592,0.057266108354160634,0.0002858856700231729,4.0286669668487467e-07,-5.908436730828079,-7.975200241568992,0.3738710297188561,1.5246494287226264,-1.2197225619828467,-0.03952401184520712,4.3662496132004074e-05,1.708513622580592e-07,19.42346827781265,4.828044214687298,-0.2336177748383432,-0.3586428003959695,1.3255946840647306,0.009597083598050712,5.151383772628657e-05,1.6553711549585576e-07,27.38258618203086,-12.18099706604264,-0.380115342366823,0.4566607362136695,1.0527682240054301,-0.03223513422486753
