,flag,epoch,sbx,sby,sbz,sbvx,sbvy,sbvz
0,1.0,2457700.0,1.475963019932291,2.169539813860462,-0.08663511328654416,-3.1768997294183077,1.9581753452419037,-0.33372622661382645
1,1.0,2457700.0,1.4759630202086838,2.1695398727143553,-0.08663509349140906,-3.1768996571084505,1.9581753128654946,-0.33372621806949676
