,flag,epoch,sbx,sby,sbz,sbvx,sbvy,sbvz
0,1,2456524.5,10.07167296020779,40.19542128611642,0.09989140782215916,-0.8991589561215696,0.31524515222100424,-0.2292591415030822
