,mass_1,radius_1,x_1,y_1,z_1,vx_1,vy_1,vz_1,mass_2,radius_2,x_2,y_2,z_2,vx_2,vy_2,vz_2,mass_3,radius_3,x_3,y_3,z_3,vx_3,vy_3,vz_3,mass_4,radius_4,x_4,y_4,z_4,vx_4,vy_4,vz_4,mass_5,radius_5,x_5,y_5,z_5,vx_5,vy_5,vz_5,mass_6,radius_6,x_6,y_6,z_6,vx_6,vy_6,vz_6,mass_7,radius_7,x_7,y_7,z_7,vx_7,vy_7,vz_7,mass_8,radius_8,x_8,y_8,z_8,vx_8,vy_8,vz_8
0,1.660120825375342e-07,1.631393540950981e-08,-0.1698481248864868,0.2725445737658229,0.03785231312571861,-10.791653027083951,-5.038954441869055,0.5783369266548064,2.447838287784771e-06,4.045378434654418e-08,-0.631875053120113,-0.3482963887492963,0.0316877936952815,3.5150185564506264,-6.504294123229742,-0.2920171319846795,3.040432648020684e-06,4.437104331057835e-07,-0.4165106114389641,0.8911190512954243,-3.022301909039793e-05,-5.795102949419638,-2.684400771630591,0.00012317888344488283,3.2271560375549955e-07,2.270212793877687e-08,-1.649995066968926,-0.02163024926224565,0.04004182572077819,0.25749828643678424,-4.674212781482843,-0.10426913529982408,0.0009547919099366768,4.778945025452157e-07,-5.209553440204039,1.486881996700459,0.1103957250559113,-0.7900468308491254,-2.522665584249293,0.028152955958122713,0.0002858856700231729,4.0286669668487467e-07,-3.641133455867387,-9.32206127977698,0.3069847057377001,1.7864136484349638,-0.7494753557482278,-0.05811099857135497,4.3662496132004074e-05,1.708513622580592e-07,18.84844824620103,6.60627814294884,-0.2195327099946354,-0.485931847976165,1.286203115946368,0.011088097579735702,5.151383772628657e-05,1.6553711549585576e-07,27.9674283257256,-10.73330033798577,-0.4234625398786861,0.4028331265604754,1.0747567167265684,-0.03146588539340079
