,flag,epoch,sbx,sby,sbz,sbvx,sbvy,sbvz
0,1.0,2457909.5,-1.848277857802547,1.2503154590191012,0.07288889660393362,-2.0154597657219364,-3.880160683070012,0.184305045363018
