,flag,epoch,sbx,sby,sbz,sbvx,sbvy,sbvz
0,1.0,2458353.5,-1.3199479294746832,-1.973341944241751,0.7009591015825352,3.533223266428931,-2.63179689662388,-0.1818729091636563
