,mass_1,radius_1,x_1,y_1,z_1,vx_1,vy_1,vz_1,mass_2,radius_2,x_2,y_2,z_2,vx_2,vy_2,vz_2,mass_3,radius_3,x_3,y_3,z_3,vx_3,vy_3,vz_3,mass_4,radius_4,x_4,y_4,z_4,vx_4,vy_4,vz_4,mass_5,radius_5,x_5,y_5,z_5,vx_5,vy_5,vz_5,mass_6,radius_6,x_6,y_6,z_6,vx_6,vy_6,vz_6,mass_7,radius_7,x_7,y_7,z_7,vx_7,vy_7,vz_7,mass_8,radius_8,x_8,y_8,z_8,vx_8,vy_8,vz_8
0,1.660120825375342e-07,1.631393540950981e-08,0.3242642203744957,0.0923198414290098,-0.02220368934408107,-4.804856784651195,10.341759964042032,1.285850371880065,2.447838287784771e-06,4.045378434654418e-08,0.2526660930963373,-0.6822312534872097,-0.02393908997961866,6.877790228790798,2.5406370666981637,-0.36204201576905654,3.040432648020684e-06,4.437104331057835e-07,0.8721143721462439,-0.5120615443574901,1.852208929949928e-05,3.079456253648955,5.395308786831751,-0.00024316187148871776,3.2271560375549955e-07,2.270212793877687e-08,1.070940800925404,-0.8783132393491399,-0.04468282718249118,3.434887493400918,4.389433586932242,0.0076902453920310075,0.0009547919099366768,4.778945025452157e-07,-2.989670337631797,-4.478423815174479,0.08549567981197863,2.2611867772144647,-1.401710739809159,-0.04477411749577008,0.0002858856700231729,4.0286669668487467e-07,1.277671373527491,-9.98215491162513,0.1226537278057709,1.9117449829290323,0.25128459289042593,-0.08044419305605423,4.3662496132004074e-05,1.708513622580592e-07,17.27918099107819,9.822832092891984,-0.1872672980964871,-0.7181609996890692,1.180563049315581,0.013660940141618498,5.151383772628657e-05,1.6553711549585576e-07,28.87860063815591,-7.888205301602348,-0.5031642628859813,0.2969529186107629,1.111803796566815,-0.029766959802043455
