,flag,epoch,sbx,sby,sbz,sbvx,sbvy,sbvz
0,1.0,2457780.0,-0.09075745342405928,-2.097018078463732,-0.05762435692010946,4.457768627052366,-0.23476279758258342,-0.5759950053025412
1,1.0,2457780.0,-0.09075746616106134,-2.097018079440534,-0.05762435451771028,4.457768626920038,-0.2347627502701615,-0.5759949525952287
