,flag,epoch,sbx,sby,sbz,sbvx,sbvy,sbvz
0,1,2457240.0,-1.1941046126457817,-3.1475370342989706,0.022611948273968653,3.2793129087584045,-0.4348895340573231,0.1076429967460148
