,mass_1,radius_1,x_1,y_1,z_1,vx_1,vy_1,vz_1,mass_2,radius_2,x_2,y_2,z_2,vx_2,vy_2,vz_2,mass_3,radius_3,x_3,y_3,z_3,vx_3,vy_3,vz_3,mass_4,radius_4,x_4,y_4,z_4,vx_4,vy_4,vz_4,mass_5,radius_5,x_5,y_5,z_5,vx_5,vy_5,vz_5,mass_6,radius_6,x_6,y_6,z_6,vx_6,vy_6,vz_6,mass_7,radius_7,x_7,y_7,z_7,vx_7,vy_7,vz_7,mass_8,radius_8,x_8,y_8,z_8,vx_8,vy_8,vz_8
0,1.660120825375342e-07,1.631393540950981e-08,0.03190102485764282,-0.4587757308052401,-0.04041637984374932,8.190292525619942,1.240297198482511,-0.6499200125236321,2.447838287784771e-06,4.045378434654418e-08,0.378838572403768,0.6143708835550472,-0.01342860201416559,-6.311628537663643,3.8446735807207935,0.41698065166255877,3.040432648020684e-06,4.437104331057835e-07,0.224594915455062,0.9590320737328459,-4.719515791820905e-05,-6.220534257395204,1.4091393894089381,-4.677851309424073e-05,3.2271560375549955e-07,2.270212793877687e-08,-1.124388329289405,-1.089170199533322,0.004754613722164855,3.7474458393488734,-3.2337143830698327,-0.1596957950038886,0.0009547919099366768,4.778945025452157e-07,4.594778179326917,-1.963696636337104,-0.09464397659248323,1.0513461714234804,2.666892988549452,-0.03459814863739284,0.0002858856700231729,4.0286669668487467e-07,6.875168888164269,-7.155977566879149,-0.1491947326727454,1.3572158883595453,1.40999767439331,-0.07851138301071936,4.3662496132004074e-05,1.708513622580592e-07,14.45991374540883,13.41658867281069,-0.1375475793136813,-0.9867760108115302,0.9888104688971568,0.01640689326202024,5.151383772628657e-05,1.6553711549585576e-07,29.62371119615302,-4.162761237119895,-0.5970311551168447,0.15318970913125118,1.1452899970267667,-0.027077074203556057
