,flag,epoch,sbx,sby,sbz,sbvx,sbvy,sbvz
0,1.0,2459557.5,4.729560176709786,1.8750706372898278,0.7781524599236294,-2.0138041166543634,2.314160946555304,-0.4109055527311134
