,mass_1,radius_1,x_1,y_1,z_1,vx_1,vy_1,vz_1,mass_2,radius_2,x_2,y_2,z_2,vx_2,vy_2,vz_2,mass_3,radius_3,x_3,y_3,z_3,vx_3,vy_3,vz_3,mass_4,radius_4,x_4,y_4,z_4,vx_4,vy_4,vz_4,mass_5,radius_5,x_5,y_5,z_5,vx_5,vy_5,vz_5,mass_6,radius_6,x_6,y_6,z_6,vx_6,vy_6,vz_6,mass_7,radius_7,x_7,y_7,z_7,vx_7,vy_7,vz_7,mass_8,radius_8,x_8,y_8,z_8,vx_8,vy_8,vz_8
0,1.660120825375342e-07,1.631393540950981e-08,0.336745531803368,-0.2051771694706191,-0.0476602786989491,3.3298369974381368,9.246863283557158,0.4500332494802092,2.447838287784771e-06,4.045378434654418e-08,0.5809180472098394,0.4307216357266723,-0.02762152172327947,-4.4227605216390256,5.903054683261031,0.3361384873048398,3.040432648020684e-06,4.437104331057835e-07,0.2893640241484874,-0.9745932792202118,3.083944783595251e-05,5.921949517228012,1.7650126270668494,-7.171340054826599e-05,3.2271560375549955e-07,2.270212793877687e-08,-0.6791426365515624,-1.356408428394959,-0.01175072692441701,4.763636161207144,-1.8496164170731295,-0.15567907100922435,0.0009547919099366768,4.778945025452157e-07,-2.661327975858753,4.538085724118385,0.04070456168588402,-2.4128389960860632,-1.2651883569299405,0.059246568633753986,0.0002858856700231729,4.0286669668487467e-07,-6.151555201362225,-7.774024608349271,0.3800572447962962,1.4852099748503274,-1.2709156970460354,-0.03706222810258262,4.3662496132004074e-05,1.708513622580592e-07,19.480161504444,4.613596176187654,-0.2351532705651323,-0.3432797857731168,1.329534135840851,0.00941357566376374,5.151383772628657e-05,1.6553711549585576e-07,27.30830657065498,-12.35083462485159,-0.3749013500013977,0.46302906742575567,1.050044605967115,-0.032321629548947385
