,flag,epoch,sbx,sby,sbz,sbvx,sbvy,sbvz
0,1.0,2457840.0,1.7496873877942032,1.7572685479101027,-0.16430588740423713,-2.6236868615707087,2.7778377503136222,-0.376074759018913
1,1.0,2457840.0,1.7496873329871598,1.7572685547034095,-0.16430592368448133,-2.6236869129027625,2.777837768482777,-0.37607482952175103
