,flag,epoch,sbx,sby,sbz,sbvx,sbvy,sbvz
0,1.0,2457860.0,1.7704268314568783,1.2256292654594365,0.038167940404695566,-2.3117597250142685,3.855726079366178,0.505795973373374
1,1.0,2457860.0,1.7704267750357339,1.2256292915790805,0.03816792062863854,-2.3117598470329215,3.8557260765529713,0.5057959611385066
