,flag,epoch,sbx,sby,sbz,sbvx,sbvy,sbvz
0,1.0,2457130.0,-1.923651353834305,-1.6687721622327192,0.06468312055789308,2.945214731911535,-2.8951900656958447,-0.6675439503866146
1,1.0,2457130.0,-1.9236513634125612,-1.6687721744743977,0.06468314547121704,2.9452147354228786,-2.8951900165537308,-0.6675439626081277
