,flag,epoch,sbx,sby,sbz,sbvx,sbvy,sbvz
0,1.0,2457161.5,-42.53869292142679,15.068758123407056,1.4071837092425137,-0.3481653692013175,-0.8739332126633235,0.020915031097785468
