,flag,epoch,sbx,sby,sbz,sbvx,sbvy,sbvz
0,1.0,2457560.0,2.24165978413188,0.7547278752318634,-0.04586745782785563,-1.566217931463461,3.7637353109441887,-0.42446235089485074
1,1.0,2457560.0,2.241659795969645,0.7547277966472242,-0.045867382326634946,-1.5662179391433841,3.763735329735332,-0.4244623987168101
