,flag,epoch,sbx,sby,sbz,sbvx,sbvy,sbvz
0,1.0,2457736.5,-2.556724787834076,0.8215702086508211,0.11257786696924758,-0.6968120675395,-3.6615282782075202,0.8460909605353453
