,flag,epoch,sbx,sby,sbz,sbvx,sbvy,sbvz
0,1.0,2456168.5,29.624412922934894,18.837725202904334,10.239007861450661,-0.7310393541556398,0.9933698339671402,-0.4660939201861219
