,mass_1,radius_1,x_1,y_1,z_1,vx_1,vy_1,vz_1,mass_2,radius_2,x_2,y_2,z_2,vx_2,vy_2,vz_2,mass_3,radius_3,x_3,y_3,z_3,vx_3,vy_3,vz_3,mass_4,radius_4,x_4,y_4,z_4,vx_4,vy_4,vz_4,mass_5,radius_5,x_5,y_5,z_5,vx_5,vy_5,vz_5,mass_6,radius_6,x_6,y_6,z_6,vx_6,vy_6,vz_6,mass_7,radius_7,x_7,y_7,z_7,vx_7,vy_7,vz_7,mass_8,radius_8,x_8,y_8,z_8,vx_8,vy_8,vz_8
0,1.660120825375342e-07,1.631393540950981e-08,0.3599634462198247,-0.05778852420821019,-0.03774517789627833,-0.360171597794248,10.606282139568988,0.899706913030605,2.447838287784771e-06,4.045378434654418e-08,0.3334265342540838,-0.6466466236838841,-0.0281108179839307,6.5161972244693995,3.360534185839716,-0.3299300285949996,3.040432648020684e-06,4.437104331057835e-07,-0.2907947719599065,-0.9718780433123951,4.162966580743777e-05,5.918000134378092,-1.824799261641833,4.8873522934407146e-05,3.2271560375549955e-07,2.270212793877687e-08,-0.2604957126259911,1.570081399939225,0.03929490817552881,-4.848633890601854,-0.40199900416351997,0.1105701550465916,0.0009547919099366768,4.778945025452157e-07,-5.043722663910286,-2.07109248947871,0.1214597568433988,1.0146923931427896,-2.4218376298915207,-0.012647776960281118,0.0002858856700231729,4.0286669668487467e-07,-1.065371372445097,-9.998714508897953,0.2161950989395553,1.9159836024247148,-0.2242003153222075,-0.07237079560112676,4.3662496132004074e-05,1.708513622580592e-07,18.08944037453327,8.350490900147504,-0.203212980100759,-0.6112881820472286,1.2349768174691982,0.012500736192413939,5.151383772628657e-05,1.6553711549585576e-07,28.48608181396808,-9.232879852545787,-0.4663810419108593,0.3472258563928544,1.0953287714253566,-0.030603771529399224
