,mass_1,radius_1,x_1,y_1,z_1,vx_1,vy_1,vz_1,mass_2,radius_2,x_2,y_2,z_2,vx_2,vy_2,vz_2,mass_3,radius_3,x_3,y_3,z_3,vx_3,vy_3,vz_3,mass_4,radius_4,x_4,y_4,z_4,vx_4,vy_4,vz_4,mass_5,radius_5,x_5,y_5,z_5,vx_5,vy_5,vz_5,mass_6,radius_6,x_6,y_6,z_6,vx_6,vy_6,vz_6,mass_7,radius_7,x_7,y_7,z_7,vx_7,vy_7,vz_7,mass_8,radius_8,x_8,y_8,z_8,vx_8,vy_8,vz_8
0,1.660120825375342e-07,1.631393540950981e-08,0.2405565334011432,-0.3545651805885031,-0.05104119739339359,6.453831490077126,6.271906307276023,-0.07965947692414041,2.447838287784771e-06,4.045378434654418e-08,-0.7011159273684722,0.1553462702370735,0.04258991042130393,-1.6360262435962716,-7.245644426112069,-0.004890420086699093,3.040432648020684e-06,4.437104331057835e-07,0.9989523071973384,0.08029876130701856,-5.184602313463368e-06,-0.6055617932587342,6.240074151432587,-0.00020215935284570037,3.2271560375549955e-07,2.270212793877687e-08,0.4643939172932676,-1.341077034115277,-0.03949750174532139,5.0235484383483,2.111862926009519,-0.07905225667966755,0.0009547919099366768,4.778945025452157e-07,-3.177591852714406,4.228042063485669,0.05354452447029101,-2.2384136291256227,-1.527159075244974,0.05642996710471272,0.0002858856700231729,4.0286669668487467e-07,-5.816171866249181,-8.04808456389156,0.3714630806626772,1.5389235672438917,-1.200342016815326,-0.040429669789128465,4.3662496132004074e-05,1.708513622580592e-07,19.40169429715637,4.907843085152618,-0.2330376753878659,-0.36435102384731094,1.324087394929586,0.00966483511038809,5.151383772628657e-05,1.6553711549585576e-07,27.41002077906917,-12.11755551469133,-0.382055984004858,0.45429262800264225,1.053779595389357,-0.03220295439648187
