,mass_1,radius_1,x_1,y_1,z_1,vx_1,vy_1,vz_1,mass_2,radius_2,x_2,y_2,z_2,vx_2,vy_2,vz_2,mass_3,radius_3,x_3,y_3,z_3,vx_3,vy_3,vz_3,mass_4,radius_4,x_4,y_4,z_4,vx_4,vy_4,vz_4,mass_5,radius_5,x_5,y_5,z_5,vx_5,vy_5,vz_5,mass_6,radius_6,x_6,y_6,z_6,vx_6,vy_6,vz_6,mass_7,radius_7,x_7,y_7,z_7,vx_7,vy_7,vz_7,mass_8,radius_8,x_8,y_8,z_8,vx_8,vy_8,vz_8
0,1.660120825375342e-07,1.631393540950981e-08,-0.06407905252058821,0.3041528917391929,0.03073177838952454,-12.116886667405549,0.0,0.0,2.447838287784771e-06,4.045378434654418e-08,-0.7123892771360566,-0.1010282937981921,0.03972288639321978,0.9909856954687185,0.0,0.0,3.040432648020684e-06,4.437104331057835e-07,-0.9909735865057754,-0.1176807778296,9.887766229280839e-06,0.6387895959044996,0.0,0.0,3.2271560375549955e-07,2.270212793877687e-08,0.6392232607727076,1.364970425814573,0.01291588766473195,-4.434985017933062,0.0,0.0,0.0009547919099366768,4.778945025452157e-07,-5.212166641788207,-1.60867636118788,0.1233087336401972,0.7803893751233731,-2.5059289714295243,-0.007056303484677064,0.0002858856700231729,4.0286669668487467e-07,-1.423872291621199,-9.949830330241538,0.2296164849030009,1.9067005422644716,-0.2970527447222,-0.07074037865311614,4.3662496132004074e-05,1.708513622580592e-07,18.20251408981252,8.118167876895853,-0.2055399774047863,-0.5945573600632404,1.2425456261521288,0.012315599219064598,5.151383772628657e-05,1.6553711549585576e-07,28.42024821944633,-9.438045790904214,-0.4606299945146466,0.35482004014182106,1.0926124197665026,-0.030725451104428512
