,flag,epoch,sbx,sby,sbz,sbvx,sbvy,sbvz
0,1.0,2457885.5,-0.5438396460762535,-2.791844252610187,-0.008874296330294913,3.365157698955009,-0.9015392423912045,-0.12551640744126039
