,mass_1,radius_1,x_1,y_1,z_1,vx_1,vy_1,vz_1,mass_2,radius_2,x_2,y_2,z_2,vx_2,vy_2,vz_2,mass_3,radius_3,x_3,y_3,z_3,vx_3,vy_3,vz_3,mass_4,radius_4,x_4,y_4,z_4,vx_4,vy_4,vz_4,mass_5,radius_5,x_5,y_5,z_5,vx_5,vy_5,vz_5,mass_6,radius_6,x_6,y_6,z_6,vx_6,vy_6,vz_6,mass_7,radius_7,x_7,y_7,z_7,vx_7,vy_7,vz_7,mass_8,radius_8,x_8,y_8,z_8,vx_8,vy_8,vz_8
0,1.660120825375342e-07,1.631393540950981e-08,-0.06330991109431558,0.3042549568152276,0.03066828246034408,-12.12236687066567,-1.71783168522838,0.9718957728983827,2.447838287784771e-06,4.045378434654418e-08,0.4806960540470803,-0.54591096948743,-0.03522271853261883,5.496035439737691,4.855106481185442,-0.25066694695101477,3.040432648020684e-06,4.437104331057835e-07,-0.8759279852838152,0.4591986903690043,-1.314536467282953e-05,-3.01990749253029,-5.588824639819818,0.00017346451337550022,3.2271560375549955e-07,2.270212793877687e-08,1.377735999837312,-0.1553347667387003,-0.03708152532219398,0.7686291049832952,5.515029016550078,0.0966786997532237,0.0009547919099366768,4.778945025452157e-07,1.047140249855715,4.970817546727342,-0.0440767900295477,-2.732838756385531,0.6998081647641956,0.05824677359481543,0.0002858856700231729,4.0286669668487467e-07,-7.932982812189094,-5.748004597678287,0.4157874942422876,1.082961013068517,-1.6544452090910204,-0.01436263062263194,4.3662496132004074e-05,1.708513622580592e-07,19.86188879256202,2.762869543236393,-0.2470077983993367,-0.21054422220927232,1.3562271418019924,0.007785757193121363,5.151383772628657e-05,1.6553711549585576e-07,26.63342151809377,-13.7801821583953,-0.3298954161352271,0.5170874413037579,1.0253871070125722,-0.033029369578429384
