,flag,epoch,sbx,sby,sbz,sbvx,sbvy,sbvz
0,1.0,2457239.5,-28.432291871162754,26.68001076610227,0.38144786690193033,-0.8989978617696341,-0.6280002128150113,0.4282254265788499
