,flag,epoch,sbx,sby,sbz,sbvx,sbvy,sbvz
0,1.0,2454309.5,-33.0521266908402,27.244315174987847,0.1958656912803643,-0.631432708195795,-0.7412556818634773,-0.02576099313376542
