,flag,epoch,sbx,sby,sbz,sbvx,sbvy,sbvz
0,1,2457360.0,-0.7953139075705968,-1.7609403696606,0.109069394847044,4.497926849685241,-1.621807003042799,-0.5971046596197694
