,flag,epoch,sbx,sby,sbz,sbvx,sbvy,sbvz
0,1.0,2457808.5,-1.0344331998583345,-2.296129859887004,0.32583296396721484,3.426446149899516,-1.5612592560350627,-0.2238842194067299
