,flag,epoch,sbx,sby,sbz,sbvx,sbvy,sbvz
0,1,2457666.5,2.5772623650623068,0.6457319923616103,0.31532703563154674,-0.3061807962546136,3.8056947389546916,-0.4861826975423851
