,flag,epoch,sbx,sby,sbz,sbvx,sbvy,sbvz
0,1.0,2458725.5,36.918711261238364,2.8563798393960327,1.0912345807032455,-0.016724059155171004,0.19730325031926804,0.049354818440278565
