,flag,sbx,sby,sbz,sbvx,sbvy,sbvz,epoch
0,1.0,26.63089320961643,-12.105292087692042,22.72880045707174,-0.691484621290337,0.37787694474622946,1.0114552212490415,2458725.5
