,flag,epoch,sbx,sby,sbz,sbvx,sbvy,sbvz
0,1.0,2452568.5,-39.99837788066094,36.020360440909194,3.808929597622644,-0.9626704854534448,-0.42909584643240073,0.4273339545818456
