,flag,epoch,sbx,sby,sbz,sbvx,sbvy,sbvz
0,1,2456930.0,2.6804835779102643,-0.44238907243142533,0.15901593525305915,0.9415346404920373,3.7347742246300535,0.01393270888035647
