,flag,epoch,sbx,sby,sbz,sbvx,sbvy,sbvz
0,1.0,2452600.0,-10.981468913182749,-37.070919754828964,0.765029779601718,1.012605037200096,-0.05500152945681694,-0.07037344819920499
