,mass_1,radius_1,x_1,y_1,z_1,vx_1,vy_1,vz_1,mass_2,radius_2,x_2,y_2,z_2,vx_2,vy_2,vz_2,mass_3,radius_3,x_3,y_3,z_3,vx_3,vy_3,vz_3,mass_4,radius_4,x_4,y_4,z_4,vx_4,vy_4,vz_4,mass_5,radius_5,x_5,y_5,z_5,vx_5,vy_5,vz_5,mass_6,radius_6,x_6,y_6,z_6,vx_6,vy_6,vz_6,mass_7,radius_7,x_7,y_7,z_7,vx_7,vy_7,vz_7,mass_8,radius_8,x_8,y_8,z_8,vx_8,vy_8,vz_8
0,1.660120825375342e-07,1.631393540950981e-08,0.3564007515724393,-0.1254276366991682,-0.04295605641499324,1.4118530514720902,10.15704287930403,0.7001714550955725,2.447838287784771e-06,4.045378434654418e-08,0.6625207342247278,-0.2982857491913883,-0.04231824313927478,2.990923119978152,6.704772341048475,-0.08095811545438536,3.040432648020684e-06,4.437104331057835e-07,1.003604820123918,-0.01257557099440067,-1.412974274572068e-07,-0.0233121149608055,6.259933454685357,-3.8288701721030136e-05,3.2271560375549955e-07,2.270212793877687e-08,-1.529838912215917,0.6579624462360089,0.05137110759970218,-1.82732706166606,-4.258885243682104,-0.044321835402018034,0.0009547919099366768,4.778945025452157e-07,-2.821994771296126,4.447453912093919,0.04468354344318495,-2.363837708990276,-1.3479452567128365,0.058495190247552634,0.0002858856700231729,4.0286669668487467e-07,1.203951494247031,8.95734449021142,-0.2037215374866205,-2.1305159802936755,0.2660671319273982,0.08010576264173185,4.3662496132004074e-05,1.708513622580592e-07,16.81240161417655,-10.84358598362237,-0.2581714678976967,0.7655800816697977,1.139109065556565,-0.0056410248835769596,5.151383772628657e-05,1.6553711549585576e-07,19.28121004962597,-23.09774559193579,0.03136591085794064,0.869996380033475,0.7402201797343599,-0.035303192906076496
