,mass_1,radius_1,x_1,y_1,z_1,vx_1,vy_1,vz_1,mass_2,radius_2,x_2,y_2,z_2,vx_2,vy_2,vz_2,mass_3,radius_3,x_3,y_3,z_3,vx_3,vy_3,vz_3,mass_4,radius_4,x_4,y_4,z_4,vx_4,vy_4,vz_4,mass_5,radius_5,x_5,y_5,z_5,vx_5,vy_5,vz_5,mass_6,radius_6,x_6,y_6,z_6,vx_6,vy_6,vz_6,mass_7,radius_7,x_7,y_7,z_7,vx_7,vy_7,vz_7,mass_8,radius_8,x_8,y_8,z_8,vx_8,vy_8,vz_8
0,1.660120825375342e-07,1.631393540950981e-08,0.3368187110873194,-0.2049506792851639,-0.047650500309918,3.3249953770097616,9.250127133933459,0.45068059640802643,2.447838287784771e-06,4.045378434654418e-08,0.3893373794106682,-0.6145881055515565,-0.03088638519888908,6.19101642828073,3.9278315410363223,-0.30350055920441754,3.040432648020684e-06,4.437104331057835e-07,0.9348409712419814,-0.3807937668888023,5.594191480308969e-06,2.2684016932789195,5.796150350240052,-0.00014720004746314707,3.2271560375549955e-07,2.270212793877687e-08,-1.078465842191588,-1.127032817573659,0.002865814600160476,3.8846756908056217,-3.096623045095016,-0.16027740935075502,0.0009547919099366768,4.778945025452157e-07,4.948465479178595,-0.318692534827569,-0.1094141925694278,0.14323176855045794,2.884138006938142,-0.015180503594536652,0.0002858856700231729,4.0286669668487467e-07,-9.47719888757115,-1.093235172991084,0.396275309537285,0.12408481158749311,-2.026375394864711,0.030353117864588476,4.3662496132004074e-05,1.708513622580592e-07,20.08119382161062,-0.6234309073251778,-0.2624397238539465,0.034221556513859004,1.3712001632939688,0.004638774959315703,5.151383772628657e-05,1.6553711549585576e-07,25.23294475511329,-16.2570363752365,-0.2466857715902249,0.6136468306275884,0.9729035854442316,-0.03413267420737056
