,flag,epoch,sbx,sby,sbz,sbvx,sbvy,sbvz
0,1.0,2455440.0,-40.72620882035255,1.1041986241455868,3.119562232359907,-0.016547728634260787,-0.9970163839607267,0.1594594156265758
