,flag,epoch,sbx,sby,sbz,sbvx,sbvy,sbvz
0,1.0,2457710.0,-0.9394958099150439,2.4450887419918965,-0.22968191183112346,-3.649029704866191,-0.8091163633460864,0.26426808323979156
1,1.0,2457710.0,-0.9394958224733947,2.445088722844713,-0.22968190945519554,-3.649029720498417,-0.8091163904505126,0.2642681097295675
