,flag,epoch,sbx,sby,sbz,sbvx,sbvy,sbvz
0,1.0,2453890.0,38.51987424078521,-19.38583714180094,-1.5345781603463262,0.457126078682965,0.837111686465377,-0.03815221613201753
