,mass_1,radius_1,x_1,y_1,z_1,vx_1,vy_1,vz_1,mass_2,radius_2,x_2,y_2,z_2,vx_2,vy_2,vz_2,mass_3,radius_3,x_3,y_3,z_3,vx_3,vy_3,vz_3,mass_4,radius_4,x_4,y_4,z_4,vx_4,vy_4,vz_4,mass_5,radius_5,x_5,y_5,z_5,vx_5,vy_5,vz_5,mass_6,radius_6,x_6,y_6,z_6,vx_6,vy_6,vz_6,mass_7,radius_7,x_7,y_7,z_7,vx_7,vy_7,vz_7,mass_8,radius_8,x_8,y_8,z_8,vx_8,vy_8,vz_8
0,1.660120825375342e-07,1.631393540950981e-08,-0.3709887221319982,-0.2190975175017233,0.01613817143801905,3.1121381430207258,-8.396989620849059,-0.9716339613106256,2.447838287784771e-06,4.045378434654418e-08,0.214781450976626,-0.6950238952928675,-0.0219189364430606,7.008619403549373,2.1559017576773893,-0.3749531523029689,3.040432648020684e-06,4.437104331057835e-07,0.0820444370005545,-1.013204230497605,3.027811122483472e-05,6.161190289134643,0.48359416330483923,-2.3106157820954573e-05,3.2271560375549955e-07,2.270212793877687e-08,-1.295102731232331,-0.9158213126708378,0.01261164281343768,3.1430996388063956,-3.7366917576240684,-0.15546746675881615,0.0009547919099366768,4.778945025452157e-07,2.734910930376955,4.196430031638713,-0.07862870979580582,-2.3445090014511005,1.6375989120815244,0.045663429020212996,0.0002858856700231729,4.0286669668487467e-07,-8.570403256035878,-4.612247442401827,0.4214200625259915,0.8535859965392555,-1.7977521197466073,-0.0027201168385702413,4.3662496132004074e-05,1.708513622580592e-07,19.97911119170926,1.868818397790285,-0.2518585731446064,-0.14610775287390104,1.3645266753529637,0.006973853982511737,5.151383772628657e-05,1.6553711549585576e-07,26.28518497233844,-14.44981071811018,-0.3080880487231637,0.5428986846280708,1.0126561990753848,-0.03334585530635908
