,flag,epoch,sbx,sby,sbz,sbvx,sbvy,sbvz
0,1,2456104.5,31.415897626623945,20.907351111545008,1.9423797959385067,-0.38078710594460013,0.956475210745487,0.19476819007497803
