,flag,epoch,sbx,sby,sbz,sbvx,sbvy,sbvz
0,1.0,2457310.0,1.1576084451191937,2.506193759902426,-0.028912170735553577,-3.265555015794535,1.449366366190748,-0.7098094080866222
1,1.0,2457310.0,1.1576084154440864,2.5061936278024404,-0.028912166456864355,-3.2655551794505686,1.44936645240508,-0.7098094090088535
