,flag,epoch,sbx,sby,sbz,sbvx,sbvy,sbvz
0,1.0,2456880.0,-0.6116540004572786,-2.7772705957206876,-0.14238390518547853,3.5777357727254246,-0.8185519987208089,-0.21926825712854658
1,1.0,2456880.0,-0.6116539026309606,-2.777270661002152,-0.142383919055928,3.5777357363680853,-0.8185519817556727,-0.21926796153263026
