,flag,epoch,sbx,sby,sbz,sbvx,sbvy,sbvz
0,1.0,2457110.0,1.8438639402549313,1.1425567735618025,-0.08259699276002641,-2.2068279689338515,3.680771692128638,0.44193687282332145
1,1.0,2457110.0,1.8438639421766252,1.1425567674149106,-0.08259699369640451,-2.206827944748298,3.6807717075020294,0.44193688966951356
