,mass_1,radius_1,x_1,y_1,z_1,vx_1,vy_1,vz_1,mass_2,radius_2,x_2,y_2,z_2,vx_2,vy_2,vz_2,mass_3,radius_3,x_3,y_3,z_3,vx_3,vy_3,vz_3,mass_4,radius_4,x_4,y_4,z_4,vx_4,vy_4,vz_4,mass_5,radius_5,x_5,y_5,z_5,vx_5,vy_5,vz_5,mass_6,radius_6,x_6,y_6,z_6,vx_6,vy_6,vz_6,mass_7,radius_7,x_7,y_7,z_7,vx_7,vy_7,vz_7,mass_8,radius_8,x_8,y_8,z_8,vx_8,vy_8,vz_8
0,1.660120825375342e-07,1.631393540950981e-08,-0.3948581530544212,-0.06914829892629601,0.03058000993452755,-0.36323206563169463,-9.679845911314308,-0.7575716719201482,2.447838287784771e-06,4.045378434654418e-08,0.09721757538654817,-0.7206899712998305,-0.01548556235888485,7.2718509674011536,0.9614084583483189,-0.4065127627103497,3.040432648020684e-06,4.437104331057835e-07,-0.01941082739873674,-1.015999725842289,3.049855432209121e-05,6.1805449352062345,-0.14363430838118296,-3.7131862090867677e-06,3.2271560375549955e-07,2.270212793877687e-08,-1.344991267627098,-0.8532486740439884,0.01514764045055505,2.9299316701128535,-3.879545026150396,-0.15322666390475936,0.0009547919099366768,4.778945025452157e-07,2.773307871993651,4.169351434491087,-0.07937548169791245,-2.3302836083127096,1.6592002006012438,0.045255355749153944,0.0002858856700231729,4.0286669668487467e-07,-8.584375869871245,-4.582689164346367,0.4214623197785663,0.847577488557412,-1.8009650546074458,-0.0024246651519822257,4.3662496132004074e-05,1.708513622580592e-07,19.98149803351128,1.84640182960596,-0.251972964233789,-0.14449032110848503,1.364690192457177,0.0069532683256679564,5.151383772628657e-05,1.6553711549585576e-07,26.2762614269479,-14.46644299026954,-0.3075402091151657,0.5435428232706943,1.0123228630581145,-0.03335360616054951
