,flag,epoch,sbx,sby,sbz,sbvx,sbvy,sbvz
0,1,2456817.5,-2.343846278374041,-1.6801210559462376,-0.4781880978881363,2.2147634296623564,-2.6361342412326936,0.20372555622704627
