,flag,epoch,sbx,sby,sbz,sbvx,sbvy,sbvz
0,1.0,2458826.5,-5.632808105810879,9.826564404886104,-1.6089322390488028,-1.8261812203969752,-1.8342496752742552,0.29486189221205833
