,flag,epoch,sbx,sby,sbz,sbvx,sbvy,sbvz
0,1.0,2457090.0,25.06410185255018,39.0587573184277,-6.123914433901878,-0.7091007765423643,0.5032898062108921,-0.0803323564975504
