,flag,epoch,sbx,sby,sbz,sbvx,sbvy,sbvz
0,1.0,2457452.5,26.367209293167672,31.22368955132252,-0.5907966213833866,-0.7217119872198516,0.513779875612254,0.6592782680297914
