,mass_1,radius_1,x_1,y_1,z_1,vx_1,vy_1,vz_1,mass_2,radius_2,x_2,y_2,z_2,vx_2,vy_2,vz_2,mass_3,radius_3,x_3,y_3,z_3,vx_3,vy_3,vz_3,mass_4,radius_4,x_4,y_4,z_4,vx_4,vy_4,vz_4,mass_5,radius_5,x_5,y_5,z_5,vx_5,vy_5,vz_5,mass_6,radius_6,x_6,y_6,z_6,vx_6,vy_6,vz_6,mass_7,radius_7,x_7,y_7,z_7,vx_7,vy_7,vz_7,mass_8,radius_8,x_8,y_8,z_8,vx_8,vy_8,vz_8
0,1.660120825375342e-07,1.631393540950981e-08,0.004123219724253894,0.3076218035948151,0.02475817562239509,-12.336424612029766,0.0,0.0,2.447838287784771e-06,4.045378434654418e-08,0.5331214072347881,0.4881200350784372,-0.02407135544719088,-5.011205192742713,0.0,0.0,3.040432648020684e-06,4.437104331057835e-07,-0.1017294102873932,0.9781397121234428,-3.639414474182063e-05,-6.352565037377696,0.0,0.0,3.2271560375549955e-07,2.270212793877687e-08,1.368124876747579,0.3205437904503694,-0.02685951236468165,-0.9702472503297722,0.0,0.0,0.0009547919099366768,4.778945025452157e-07,-5.365536827429851,-0.9808580171773239,0.1241334857382544,0.46294006486038203,-2.58357924034468,0.0003700885458864617,0.0002858856700231729,4.0286669668487467e-07,-1.891792649026635,-9.864904128973096,0.246768306802618,1.8905135468698226,-0.39213868100304,-0.06844756181270342,4.3662496132004074e-05,1.708513622580592e-07,18.3462977040649,7.810791344294508,-0.208544507593678,-0.5724479292664026,1.2522806216532698,0.012070204690843305,5.151383772628657e-05,1.6553711549585576e-07,28.33159410935714,-9.706838701326465,-0.4530397414083235,0.3647641127140904,1.0890924788741299,-0.030882047252307816
