,flag,epoch,sbx,sby,sbz,sbvx,sbvy,sbvz
0,1,2457560.0,1.6828662049552854,-1.256581292731318,-0.0016782543198870584,2.6630383154383535,3.8627715412443027,-0.34626712116294833
