,flag,epoch,sbx,sby,sbz,sbvx,sbvy,sbvz
0,1.0,2457800.0,1.3381018637770556,2.2076191113476336,0.19571705995091093,-3.0298728170699203,2.221609704282885,-0.1872150144423823
1,1.0,2457800.0,1.3381018721728086,2.207619117184521,0.19571705463002603,-3.0298727974251998,2.2216097130724677,-0.1872150519533788
