,flag,epoch,sbx,sby,sbz,sbvx,sbvy,sbvz
0,1.0,2456742.5,36.11547924820042,9.291677969957787,-1.218155473167841,-0.46180561011990434,0.9423815530156698,-0.11058188736522202
