,flag,epoch,sbx,sby,sbz,sbvx,sbvy,sbvz
0,1.0,2457270.0,34.12804430803921,-18.80950482181435,8.353955163345704,0.41190576278397323,0.9347892814237588,-0.12058674455717697
