,flag,epoch,sbx,sby,sbz,sbvx,sbvy,sbvz
0,1.0,2456731.5,41.73306660613302,13.112750945916543,-0.8571058851342133,-0.2868106764836917,0.8905339361599561,0.11005566959645705
