,mass_1,radius_1,x_1,y_1,z_1,vx_1,vy_1,vz_1,mass_2,radius_2,x_2,y_2,z_2,vx_2,vy_2,vz_2,mass_3,radius_3,x_3,y_3,z_3,vx_3,vy_3,vz_3,mass_4,radius_4,x_4,y_4,z_4,vx_4,vy_4,vz_4,mass_5,radius_5,x_5,y_5,z_5,vx_5,vy_5,vz_5,mass_6,radius_6,x_6,y_6,z_6,vx_6,vy_6,vz_6,mass_7,radius_7,x_7,y_7,z_7,vx_7,vy_7,vz_7,mass_8,radius_8,x_8,y_8,z_8,vx_8,vy_8,vz_8
0,1.660120825375342e-07,1.631393540950981e-08,0.3601364660774109,-0.06489517592756287,-0.03834322444761361,-0.16750017793525315,10.573572473111014,0.8793296216114777,2.447838287784771e-06,4.045378434654418e-08,-0.2489853632761083,-0.6815734241814856,0.005026798790024684,6.8887556169175435,-2.5663585418419586,-0.43271633260849535,3.040432648020684e-06,4.437104331057835e-07,0.1531376928777586,-1.005050858345519,3.297444692866968e-05,6.110019918066006,0.922977676295056,-4.975838090724374e-05,3.2271560375549955e-07,2.270212793877687e-08,-0.03246240830976611,1.572057627837273,0.03373673548800151,-4.915951348924526,0.328427439914348,0.12753938406874257,0.0009547919099366768,4.778945025452157e-07,-4.592137222056194,2.789386586895488,0.09117133859511013,-1.4650671483111013,-2.2276924701400276,0.04203370049034458,0.0002858856700231729,4.0286669668487467e-07,-4.591061964238387,-8.860043427052435,0.3367831926517657,1.6971447493801355,-0.9451599352516793,-0.0511604283661613,4.3662496132004074e-05,1.708513622580592e-07,19.09946069950505,5.900754614597247,-0.2254156289907907,-0.4353627316477781,1.3033255109490647,0.010502709959265855,5.151383772628657e-05,1.6553711549585576e-07,27.74205036496392,-11.31655324819129,-0.4062324505109982,0.42450949034372554,1.066181928087516,-0.031783081951954034
