,flag,epoch,sbx,sby,sbz,sbvx,sbvy,sbvz
0,1,2457490.0,-3.1493572153172686,0.9467951590080349,-0.3214403597206893,-1.4790002818909742,-2.7251677265945915,-0.14516936811181078
