,flag,epoch,sbx,sby,sbz,sbvx,sbvy,sbvz
0,1,2455996.5,2.8738363252505614,-0.9273912570087426,-0.11260198314148422,1.5838882617641652,3.3199607326805585,-0.03777702348798086
