,flag,epoch,sbx,sby,sbz,sbvx,sbvy,sbvz
0,1,2457091.5,3.059218251101698,0.286820144631174,-0.07697615888320283,-0.19332521045429632,3.5771296819990126,-0.24986573454961164
