,flag,epoch,sbx,sby,sbz,sbvx,sbvy,sbvz
0,1,2457250.0,-1.3481927658019193,-2.227820908100281,-0.3544768001428539,3.5011436548972723,-1.893809268898443,-0.006399507028991967
