,mass_1,radius_1,x_1,y_1,z_1,vx_1,vy_1,vz_1,mass_2,radius_2,x_2,y_2,z_2,vx_2,vy_2,vz_2,mass_3,radius_3,x_3,y_3,z_3,vx_3,vy_3,vz_3,mass_4,radius_4,x_4,y_4,z_4,vx_4,vy_4,vz_4,mass_5,radius_5,x_5,y_5,z_5,vx_5,vy_5,vz_5,mass_6,radius_6,x_6,y_6,z_6,vx_6,vy_6,vz_6,mass_7,radius_7,x_7,y_7,z_7,vx_7,vy_7,vz_7,mass_8,radius_8,x_8,y_8,z_8,vx_8,vy_8,vz_8
0,1.660120825375342e-07,1.631393540950981e-08,-0.3723121049110678,0.0484118611804091,0.03811234739495123,-3.4595190732755814,-9.7487813395638,-0.4792150208861266,2.447838287784771e-06,4.045378434654418e-08,-0.6260241185501457,-0.3589598988367705,0.03120147366114855,3.6231685695408307,-6.443299890475069,-0.2974541190815574,3.040432648020684e-06,4.437104331057835e-07,-0.940910772464663,-0.3439468302135409,1.87795843242664e-05,2.0552331424153105,-5.92547771316386,0.00023148050848680084,3.2271560375549955e-07,2.270212793877687e-08,0.4707560973758952,1.4503276667198,0.01883912151509951,-4.667846138920675,2.0130956640325075,0.15674369911539573,0.0009547919099366768,4.778945025452157e-07,-5.182457875293066,-1.701025507710542,0.1230274373210443,0.8271417366028693,-2.4910461925979406,-0.008164532428938552,0.0002858856700231729,4.0286669668487467e-07,-1.353360675565557,-9.960544974826265,0.2269957455271841,1.908744313712149,-0.2827254737647174,-0.0710700711140317,4.3662496132004074e-05,1.708513622580592e-07,18.18047771054047,8.164066211808349,-0.2050841131424581,-0.5978550935556257,1.2410639050370327,0.01235173922478592,5.151383772628657e-05,1.6553711549585576e-07,28.43333521096237,-9.397651943310398,-0.4617652066806095,0.35333143661801075,1.0931442858593883,-0.030702100714826524
