,flag,epoch,sbx,sby,sbz,sbvx,sbvy,sbvz
0,1,2456562.5,-0.8378476848164844,-3.0295060888105545,0.011355404326883194,3.4359769475308743,-0.8450062762250071,0.11815918253597156
