,flag,epoch,sbx,sby,sbz,sbvx,sbvy,sbvz
0,1.0,2457640.0,-1.1044347907838812,-1.9174009606686822,0.2218511979606374,3.6602667914909346,-2.2107175629795663,0.25742579110393177
1,1.0,2457640.0,-1.1044348533153114,-1.9174009573138653,0.22185119482254967,3.6602667139270753,-2.2107175844597,0.2574257695952938
