,flag,epoch,sbx,sby,sbz,sbvx,sbvy,sbvz
0,1,2454033.5,-34.878228562338094,-23.39187004188093,-0.042105681204715265,0.6697976312133218,-0.7295677379316855,-0.01720281190640399
