,flag,epoch,sbx,sby,sbz,sbvx,sbvy,sbvz
0,1.0,2458030.5,-2.7626027969109157,0.7046276441772555,0.16199440783966046,-0.724797210109653,-3.6334202212411872,0.01777697148747853
