,flag,epoch,sbx,sby,sbz,sbvx,sbvy,sbvz
0,1.0,2457740.0,2.368695791132128,-0.6944679324118678,-0.07887203407961425,1.1913017154992651,3.692628926671408,0.4273014978488896
1,1.0,2457740.0,2.368695804299449,-0.694467953205766,-0.07887204898322875,1.1913017086391435,3.6926288922561117,0.4273014781015781
