,flag,epoch,sbx,sby,sbz,sbvx,sbvy,sbvz
0,1.0,2457934.5,0.456442699524127,2.305712878320071,-0.2382896999046804,-3.8823333808286185,1.3270013597457233,0.0387190428816058
