,flag,epoch,sbx,sby,sbz,sbvx,sbvy,sbvz
0,1.0,2456070.0,39.41097521539145,24.76115157239874,0.9632098707533464,-0.6179022197284705,0.7026476602758587,0.03430453748442884
