,flag,epoch,sbx,sby,sbz,sbvx,sbvy,sbvz
0,1.0,2457220.0,1.0396104506275994,2.511775710635879,0.011153828354588948,-3.7164114781573705,0.9509266347335391,0.2337677254235609
1,1.0,2457220.0,1.0396105341282234,2.5117757218237866,0.011153824592388863,-3.716411408372899,0.9509266145680227,0.23376774599756656
