,flag,epoch,sbx,sby,sbz,sbvx,sbvy,sbvz
0,1.0,2457920.0,0.1693670946072372,-2.3835339923865537,0.00016322951221195425,3.9643917107869577,0.16910657942771432,0.4146170792540281
1,1.0,2457920.0,0.16936709033180386,-2.383533973861628,0.00016323009047208847,3.964391737474034,0.16910658997203865,0.4146170941162895
