,flag,epoch,sbx,sby,sbz,sbvx,sbvy,sbvz
0,1,2457010.0,1.3314772019718344,1.8327278977842316,0.10153559546146232,-2.9379307884638837,3.151183247775948,0.058984767977987976
