,flag,epoch,sbx,sby,sbz,sbvx,sbvy,sbvz
0,1.0,2457143.5,30.355545862426077,7.542642324433901,-2.060872834321105,-0.2578680968363208,1.1373424552216276,0.3894816832812375
