,flag,epoch,sbx,sby,sbz,sbvx,sbvy,sbvz
0,1.0,2457690.0,-2.213013842416153,-1.446167992965018,0.31787660179648464,1.9584188653795835,-3.005983636488934,0.12374300122692668
1,1.0,2457690.0,-2.213013850196839,-1.4461679775535519,0.317876600121043,1.9584188591679723,-3.005983640524528,0.12374299440954274
