,flag,epoch,sbx,sby,sbz,sbvx,sbvy,sbvz
0,1.0,2459597.5,-36.573080038183534,-13.034403041145145,-0.9371951711286659,0.254588705402861,-1.021623335821422,-0.1756673755819609
