,mass_1,radius_1,x_1,y_1,z_1,vx_1,vy_1,vz_1,mass_2,radius_2,x_2,y_2,z_2,vx_2,vy_2,vz_2,mass_3,radius_3,x_3,y_3,z_3,vx_3,vy_3,vz_3,mass_4,radius_4,x_4,y_4,z_4,vx_4,vy_4,vz_4,mass_5,radius_5,x_5,y_5,z_5,vx_5,vy_5,vz_5,mass_6,radius_6,x_6,y_6,z_6,vx_6,vy_6,vz_6,mass_7,radius_7,x_7,y_7,z_7,vx_7,vy_7,vz_7,mass_8,radius_8,x_8,y_8,z_8,vx_8,vy_8,vz_8
0,1.660120825375342e-07,1.631393540950981e-08,-0.269482519424719,0.2052555107098233,0.04149557480860876,-8.322936340964016,-7.750851712828809,0.13031555142937037,2.447838287784771e-06,4.045378434654418e-08,0.4434122141920736,-0.5766616069591567,-0.03349235445992361,5.807382151951339,4.4772885690885555,-0.2737816343030679,3.040432648020684e-06,4.437104331057835e-07,-0.6090222668657521,-0.8064073352766831,2.768239053434798e-05,4.912442963086757,-3.8106587002920835,0.00011050567682446938,3.2271560375549955e-07,2.270212793877687e-08,-1.295269573738328,-0.9158240101026904,0.01260394570773641,3.142821810096581,-3.736092043888891,-0.15542540391466644,0.0009547919099366768,4.778945025452157e-07,-2.283273231616604,4.717337056393536,0.03150046676355368,-2.516317119372639,-1.0714655862911886,0.060756515316936544,0.0002858856700231729,4.0286669668487467e-07,-6.376297207766453,-7.575510008948886,0.3855578139400951,1.4462103153029233,-1.3184617728449013,-0.03468346310470959,4.3662496132004074e-05,1.708513622580592e-07,19.53167143687358,4.409478001690267,-0.2365829483461152,-0.3286475206123571,1.333084980244769,0.009236099224391486,5.151383772628657e-05,1.6553711549585576e-07,27.23685113642267,-12.51162468004829,-0.3699393988489841,0.46907508919691343,1.047394750142783,-0.03240486246556686
