,flag,epoch,sbx,sby,sbz,sbvx,sbvy,sbvz
0,1.0,2457128.5,29.390721470332597,30.711298111159262,-0.6074114313910921,-0.6913511164419505,0.6779247423029227,0.007749554927448727
