,flag,epoch,sbx,sby,sbz,sbvx,sbvy,sbvz
0,1.0,2457549.5,-1.6670496990830572,4.962435071697797,0.16621298507457094,-2.613294517721468,-0.8269499718753532,0.21208233919838176
