,flag,epoch,sbx,sby,sbz,sbvx,sbvy,sbvz
0,1.0,2458192.5,1.8213676618882877,2.7128707114695807,-0.17483972163313402,-2.81721631803213,1.9799134233221456,0.025185685870724325
