,flag,epoch,sbx,sby,sbz,sbvx,sbvy,sbvz
0,1.0,2457670.0,-0.22780273897432618,-2.3825535622595937,-0.09790246863605462,3.978873457955114,0.14464882294623785,-0.48236320706499075
1,1.0,2457670.0,-0.2278027685357228,-2.3825535803291125,-0.09790247008997026,3.9788734260500083,0.14464877574818216,-0.4823632124516177
