,flag,epoch,sbx,sby,sbz,sbvx,sbvy,sbvz
0,1,2457490.0,-2.7757724711753733,-1.4691646664383704,-0.43163112927953196,1.616977715718588,-3.0225527861818686,0.11323289681632775
