,flag,epoch,sbx,sby,sbz,sbvx,sbvy,sbvz
0,1,2456940.5,1.1558745504620629,2.692429416866774,-0.3934788499262394,-3.4065538818419943,1.632695255063309,0.35155369818102744
