,mass_1,radius_1,x_1,y_1,z_1,vx_1,vy_1,vz_1,mass_2,radius_2,x_2,y_2,z_2,vx_2,vy_2,vz_2,mass_3,radius_3,x_3,y_3,z_3,vx_3,vy_3,vz_3,mass_4,radius_4,x_4,y_4,z_4,vx_4,vy_4,vz_4,mass_5,radius_5,x_5,y_5,z_5,vx_5,vy_5,vz_5,mass_6,radius_6,x_6,y_6,z_6,vx_6,vy_6,vz_6,mass_7,radius_7,x_7,y_7,z_7,vx_7,vy_7,vz_7,mass_8,radius_8,x_8,y_8,z_8,vx_8,vy_8,vz_8
0,1.660120825375342e-07,1.631393540950981e-08,0.1353073901351268,-0.4273763079280748,-0.04733254845029601,7.73712156928606,0.0,0.0,2.447838287784771e-06,4.045378434654418e-08,-0.7125633864446678,0.09119137487132041,0.04237324150795528,-0.9777433645638186,0.0,0.0,3.040432648020684e-06,4.437104331057835e-07,-0.05482830792802876,0.9819652307108089,-1.79091612023877e-05,-6.376746513348737,0.0,0.0,3.2271560375549955e-07,2.270212793877687e-08,-0.07793418034171519,1.574278078763443,0.03489568083807233,-4.9114655928481685,0.0,0.0,0.0009547919099366768,4.778945025452157e-07,0.09970866449416689,-5.249039438065945,0.01955917429310625,2.724021740210356,0.18272801422828575,-0.06171582977418907,0.0002858856700231729,4.0286669668487467e-07,-8.243332586255095,4.220495100630616,0.2545817268179615,-1.03570499997623,-1.8183536378921217,0.07289970159356747,4.3662496132004074e-05,1.708513622580592e-07,19.63504432763517,-4.267499196193461,-0.2701599548081512,0.29660874185016917,1.336657395891385,0.0011164396915028993,5.151383772628657e-05,1.6553711549585576e-07,23.45304641212724,-18.77472188283297,-0.1539041023187044,0.7111907431626119,0.9016572188831968,-0.03494972970978845
