,flag,epoch,sbx,sby,sbz,sbvx,sbvy,sbvz
0,1.0,2456595.5,-28.4086520717186,-23.286115120952818,-0.0596588348950684,0.5885869021325832,-0.7701270712769607,-0.43735082341567355
