,flag,epoch,sbx,sby,sbz,sbvx,sbvy,sbvz
0,1,2457640.0,-0.2263043834845181,2.020825620050072,-0.2107925349479774,-4.5551961923726285,0.1838276243171818,0.14365829252793116
