,flag,epoch,sbx,sby,sbz,sbvx,sbvy,sbvz
0,1.0,2457344.5,30.83261464492239,24.732459594205316,-5.522977331111527,-0.3613854552107111,0.9790414213854857,-0.23993011164341746
