,flag,epoch,sbx,sby,sbz,sbvx,sbvy,sbvz
0,1.0,2456921.5,-22.659148571902723,-37.40479185042827,1.3014229023713373,0.5315151381773989,-0.8247496656273945,-0.7484817110223552
