,mass_1,radius_1,x_1,y_1,z_1,vx_1,vy_1,vz_1,mass_2,radius_2,x_2,y_2,z_2,vx_2,vy_2,vz_2,mass_3,radius_3,x_3,y_3,z_3,vx_3,vy_3,vz_3,mass_4,radius_4,x_4,y_4,z_4,vx_4,vy_4,vz_4,mass_5,radius_5,x_5,y_5,z_5,vx_5,vy_5,vz_5,mass_6,radius_6,x_6,y_6,z_6,vx_6,vy_6,vz_6,mass_7,radius_7,x_7,y_7,z_7,vx_7,vy_7,vz_7,mass_8,radius_8,x_8,y_8,z_8,vx_8,vy_8,vz_8
0,1.660120825375342e-07,1.631393540950981e-08,-0.3925875576912609,-0.1284857160415245,0.02552075569399375,1.0668271419557924,-9.322691036960913,-0.859615360746138,2.447838287784771e-06,4.045378434654418e-08,-0.2343329398696792,0.6791495998437669,0.02283103819085127,-7.008648953517188,-2.450676166429991,0.37087839775953296,3.040432648020684e-06,4.437104331057835e-07,0.8723389367675782,-0.5116418084974901,1.440861376472897e-05,3.0770988995007977,5.396782144244893,-0.00018295811571440742,3.2271560375549955e-07,2.270212793877687e-08,-0.05017198760335676,-1.45816280243746,-0.02932085209093103,5.301804879016971,0.2638633395748182,-0.12460352191383388,0.0009547919099366768,4.778945025452157e-07,-2.952932851946376,4.373001679254924,0.04791540300645814,-2.3193971603834713,-1.4135402215602846,0.05777109951954189,0.0002858856700231729,4.0286669668487467e-07,-5.966700254319169,-7.928213392027176,0.3753748759066876,1.515442032047232,-1.2319734158999203,-0.0389440701989155,4.3662496132004074e-05,1.708513622580592e-07,19.43714533206444,4.777216072815446,-0.2339848024341835,-0.3550057022078481,1.326543805864637,0.009553878498344416,5.151383772628657e-05,1.6553711549585576e-07,27.36505352569334,-12.22133723757548,-0.3788793814526654,0.45816836593961774,1.0521242073228902,-0.03225553204088329
