,mass_1,radius_1,x_1,y_1,z_1,vx_1,vy_1,vz_1,mass_2,radius_2,x_2,y_2,z_2,vx_2,vy_2,vz_2,mass_3,radius_3,x_3,y_3,z_3,vx_3,vy_3,vz_3,mass_4,radius_4,x_4,y_4,z_4,vx_4,vy_4,vz_4,mass_5,radius_5,x_5,y_5,z_5,vx_5,vy_5,vz_5,mass_6,radius_6,x_6,y_6,z_6,vx_6,vy_6,vz_6,mass_7,radius_7,x_7,y_7,z_7,vx_7,vy_7,vz_7,mass_8,radius_8,x_8,y_8,z_8,vx_8,vy_8,vz_8
0,1.660120825375342e-07,1.631393540950981e-08,-0.3858127486372495,0.001317167267934767,0.03550408612515976,-2.1726340730220626,-9.83432149517803,-0.6042270426371771,2.447838287784771e-06,4.045378434654418e-08,-0.6926889819436465,0.1888796537513846,0.04256301575098009,-1.980175059227183,-7.160737978111375,0.016127635897023783,3.040432648020684e-06,4.437104331057835e-07,-0.6772075339314769,-0.748460715793869,2.702480967814867e-05,4.557411064753687,-4.239695553484215,0.0001271464391061472,3.2271560375549955e-07,2.270212793877687e-08,0.6576430101314821,1.354233336876794,0.01223441635385692,-4.403275864302952,2.667716759688501,0.16397393157911902,0.0009547919099366768,4.778945025452157e-07,-4.36739764276864,3.104856641243613,0.0848324528440392,-1.6313643827234456,-2.1183325371691075,0.04530094590889072,0.0002858856700231729,4.0286669668487467e-07,-4.835361713861015,-8.719212673013287,0.3440647594758226,1.6697906828664462,-0.9957903501294436,-0.049193295348401944,4.3662496132004074e-05,1.708513622580592e-07,19.16165278858589,5.711326571854758,-0.2269281726182973,-0.4218323995690045,1.3075501756082053,0.010344973470359372,5.151383772628657e-05,1.6553711549585576e-07,27.68003627202307,-11.47109070847758,-0.4016145701585685,0.4302232745065843,1.0638138899986465,-0.03186465520681566
