,flag,epoch,sbx,sby,sbz,sbvx,sbvy,sbvz
0,1,2456920.0,-2.8522862032517766,1.075942225613082,-0.5060740643277991,-0.7625175891447125,-3.1144274131716276,-0.14296663614121607
