,flag,epoch,sbx,sby,sbz,sbvx,sbvy,sbvz
0,1.0,2457431.5,29.185316493222356,34.742589919375035,-1.393189905993191,-0.6770666079755436,0.6158290123830531,-0.028047247056432426
