,flag,epoch,sbx,sby,sbz,sbvx,sbvy,sbvz
0,1.0,2456620.0,1.2676850618923894,-1.6239768170569433,-0.14462829441977532,3.535182348822125,2.9817888364072367,0.3168634218159986
