,mass_1,radius_1,x_1,y_1,z_1,vx_1,vy_1,vz_1,mass_2,radius_2,x_2,y_2,z_2,vx_2,vy_2,vz_2,mass_3,radius_3,x_3,y_3,z_3,vx_3,vy_3,vz_3,mass_4,radius_4,x_4,y_4,z_4,vx_4,vy_4,vz_4,mass_5,radius_5,x_5,y_5,z_5,vx_5,vy_5,vz_5,mass_6,radius_6,x_6,y_6,z_6,vx_6,vy_6,vz_6,mass_7,radius_7,x_7,y_7,z_7,vx_7,vy_7,vz_7,mass_8,radius_8,x_8,y_8,z_8,vx_8,vy_8,vz_8
0,1.660120825375342e-07,1.631393540950981e-08,-0.3915689073076014,-0.03098740308933834,0.03339948675672762,-1.3269853120669708,-9.80201228567357,-0.6790601272007533,2.447838287784771e-06,4.045378434654418e-08,-0.1424750420904831,0.7046101476239164,0.01786769176974238,-7.266087742249472,-1.5050351903361254,0.3987446823462368,3.040432648020684e-06,4.437104331057835e-07,-0.6866562331130456,0.7070668612295451,-1.148556892772754e-05,-4.6105409600683265,-4.401464690237778,9.510021456688993e-05,3.2271560375549955e-07,2.270212793877687e-08,0.4360416953178851,-1.352771254135489,-0.03905100913079021,5.058143173105994,2.007223528483032,-0.08216234127956447,0.0009547919099366768,4.778945025452157e-07,2.933205855884445,-4.175052143615694,-0.04830622373974355,2.2229879388319818,1.7168755484103888,-0.05687291703672305,0.0002858856700231729,4.0286669668487467e-07,-9.133642945622121,2.095668040273119,0.3270418565527943,-0.5631717060224313,-1.9892985405265713,0.05708043541768805,4.3662496132004074e-05,1.708513622580592e-07,19.90502760821667,-2.771427864551558,-0.2681129216339604,0.18932098626677893,1.35707133227462,0.0025734844118549143,5.151383772628657e-05,1.6553711549585576e-07,24.22120573588991,-17.75630894402428,-0.1925569652331644,0.6722181246173738,0.9326600774244197,-0.034667977518250806
