,flag,epoch,sbx,sby,sbz,sbvx,sbvy,sbvz
0,1.0,2456770.0,2.829448096574885,-0.5470003704170322,-0.39602545642872305,0.6225183899470599,3.4931605136746637,-0.187167600007632
