,flag,epoch,sbx,sby,sbz,sbvx,sbvy,sbvz
0,1.0,2453700.0,-26.228539259436186,-32.04050222302077,-0.07775798162492166,0.7894539297020462,-0.6281928089490313,-0.00018745536927914394
