,flag,epoch,sbx,sby,sbz,sbvx,sbvy,sbvz
0,1,2457024.5,1.7026340156606616,2.738799614727795,0.08466772561171727,-2.6118561768804858,1.5689791364568897,0.8574973925588302
