,flag,epoch,sbx,sby,sbz,sbvx,sbvy,sbvz
0,1,2456741.5,1.6973752275017584,2.0292796663799693,0.6156753979285181,-2.6751738290274023,2.789942208405467,-0.06921044115676724
