,flag,epoch,sbx,sby,sbz,sbvx,sbvy,sbvz
0,1.0,2456950.0,-1.1399757758854934,2.108180776307822,0.006214830049849521,-3.885483962187977,-1.3731851985473627,0.3044402313210431
1,1.0,2456950.0,-1.1399757822129246,2.1081807579069927,0.0062148416564305545,-3.8854839814534787,-1.3731852050951463,0.3044402420438307
