,flag,epoch,sbx,sby,sbz,sbvx,sbvy,sbvz
0,1.0,2457413.5,41.32283116289978,3.5446476556037663,-0.9660331899415466,-0.0640134864030642,1.0004800698503669,0.010341671558158799
