,mass_1,radius_1,x_1,y_1,z_1,vx_1,vy_1,vz_1,mass_2,radius_2,x_2,y_2,z_2,vx_2,vy_2,vz_2,mass_3,radius_3,x_3,y_3,z_3,vx_3,vy_3,vz_3,mass_4,radius_4,x_4,y_4,z_4,vx_4,vy_4,vz_4,mass_5,radius_5,x_5,y_5,z_5,vx_5,vy_5,vz_5,mass_6,radius_6,x_6,y_6,z_6,vx_6,vy_6,vz_6,mass_7,radius_7,x_7,y_7,z_7,vx_7,vy_7,vz_7,mass_8,radius_8,x_8,y_8,z_8,vx_8,vy_8,vz_8
0,1.660120825375342e-07,1.631393540950981e-08,-0.3444067609059233,-0.275988133836462,0.009054874074167751,4.325128947605078,-7.55899819773487,-1.0144549462195045,2.447838287784771e-06,4.045378434654418e-08,-0.1327011865597442,-0.7141120394969221,-0.00211994362420063,7.213352369604921,-1.3793609124803339,-0.4351901989064683,3.040432648020684e-06,4.437104331057835e-07,-0.6318479493604198,-0.7881993273776309,1.890399979165866e-05,4.800727180185096,-3.9538823799306955,7.422635401467794e-05,3.2271560375549955e-07,2.270212793877687e-08,1.358986889876985,-0.2611300464613994,-0.03884333232631151,1.160757960953008,5.455985765473813,0.08581509779008607,0.0009547919099366768,4.778945025452157e-07,3.495966653303835,-3.671149340332655,-0.06299158850157076,1.9634774676344535,2.0335337730059413,-0.05238116139343728,0.0002858856700231729,4.0286669668487467e-07,-9.268982726443687,1.558659987824237,0.3417863956097828,-0.44556174401727017,-2.0124027325554525,0.0528018689294356,4.3662496132004074e-05,1.708513622580592e-07,19.95231332102147,-2.406812199858784,-0.2673753676507506,0.16313112939017985,1.3607436824952064,0.0029243650969017583,5.151383772628657e-05,1.6553711549585576e-07,24.40027309670042,-17.50510134799623,-0.2018483200705233,0.6625437992243721,0.9398651714713265,-0.03458971102839406
