,flag,epoch,sbx,sby,sbz,sbvx,sbvy,sbvz
0,1.0,2457711.5,1.320158355016855,1.5995495853130122,0.022591237754425952,-3.819833923611208,2.80007316497185,0.38487679032614663
