,flag,epoch,sbx,sby,sbz,sbvx,sbvy,sbvz
0,1.0,2458736.5,1.291910295921583,-0.1524343091723101,0.309115603985373,2.231637931302648,6.863822026041616,0.01441015637660318
