,flag,epoch,sbx,sby,sbz,sbvx,sbvy,sbvz
0,1.0,2457380.0,0.060266172029206186,3.096565686451328,0.7982336685582508,-3.496231745050499,0.45681847398700814,0.2077391394143199
1,1.0,2457380.0,0.060266133474715336,3.0965656829371158,0.7982336584929883,-3.4962317504101077,0.4568184308299936,0.20773914005234612
