,flag,epoch,sbx,sby,sbz,sbvx,sbvy,sbvz
0,1.0,2456210.0,-3.39205923607312,-1.8327536775365132,0.30633230392173116,1.5854350368494816,-2.785859221062547,0.04768394186898991
1,1.0,2456210.0,-3.3920589599340834,-1.832754085220483,0.3063323029391836,1.5854352738057351,-2.785859123312097,0.04768398041721437
