,flag,epoch,sbx,sby,sbz,sbvx,sbvy,sbvz
0,1,2455577.5,33.463366489784136,-8.6714829388448,15.136452057943469,0.2668512564832937,0.9874344772493283,-0.18676255624306312
