,flag,epoch,sbx,sby,sbz,sbvx,sbvy,sbvz
0,1,2457790.0,-2.8871103551109214,0.12226193357307652,-0.008929736724474686,-0.21243044408883333,-3.2555729934666076,0.12589836728108447
