,flag,epoch,sbx,sby,sbz,sbvx,sbvy,sbvz
0,1,2457651.5,30.37380640814335,26.86422340120193,-4.150344550227041,-0.7511142196459174,0.5945988831493026,-0.30204920974908867
