,mass_1,radius_1,x_1,y_1,z_1,vx_1,vy_1,vz_1,mass_2,radius_2,x_2,y_2,z_2,vx_2,vy_2,vz_2,mass_3,radius_3,x_3,y_3,z_3,vx_3,vy_3,vz_3,mass_4,radius_4,x_4,y_4,z_4,vx_4,vy_4,vz_4,mass_5,radius_5,x_5,y_5,z_5,vx_5,vy_5,vz_5,mass_6,radius_6,x_6,y_6,z_6,vx_6,vy_6,vz_6,mass_7,radius_7,x_7,y_7,z_7,vx_7,vy_7,vz_7,mass_8,radius_8,x_8,y_8,z_8,vx_8,vy_8,vz_8
0,1.660120825375342e-07,1.631393540950981e-08,-0.2053711555661082,-0.4149961184967525,-0.01507486055883886,7.140735600639543,-4.0594135088220735,-0.986728249144181,2.447838287784771e-06,4.045378434654418e-08,-0.7180954528558269,-0.03820886792147902,0.04091126404439148,0.34802871262699536,-7.409742956817126,-0.12179567693042033,3.040432648020684e-06,4.437104331057835e-07,-0.8971345129777119,0.4175004818170925,-1.586864933203455e-05,-2.753468573659498,-5.721187504248421,0.000298613136273814,3.2271560375549955e-07,2.270212793877687e-08,-0.1361073769176045,-1.460356967453813,-0.02726706104970614,5.281452531976799,-0.03480487187487632,-0.1302832987220843,0.0009547919099366768,4.778945025452157e-07,4.7835089527102,-1.388969686508059,-0.101253541209356,0.7365617667304691,2.779309768296111,-0.028023561990784804,0.0002858856700231729,4.0286669668487467e-07,7.154982832740703,-6.852356855299726,-0.165606138108251,1.296953411664738,1.470072002076115,-0.07716014099204284,4.3662496132004074e-05,1.708513622580592e-07,14.2502075803463,13.62350705784984,-0.1340725284776057,-1.0026593896026303,0.9741876633397437,0.016559609334817267,5.151383772628657e-05,1.6553711549585576e-07,29.65500099419543,-3.921176049291208,-0.602719102748952,0.14367126705009284,1.146621776471796,-0.02688501824365139
