,flag,epoch,sbx,sby,sbz,sbvx,sbvy,sbvz
0,1.0,2457090.0,0.5267599942704798,1.8981627544491502,0.0012109355803392972,-4.658800453636036,1.3492078331904938,-0.6236377183227024
1,1.0,2457090.0,0.5267600091105206,1.8981627514937418,0.0012109228168032705,-4.658800452017932,1.349207846800639,-0.6236377343619811
