,mass_1,radius_1,x_1,y_1,z_1,vx_1,vy_1,vz_1,mass_2,radius_2,x_2,y_2,z_2,vx_2,vy_2,vz_2,mass_3,radius_3,x_3,y_3,z_3,vx_3,vy_3,vz_3,mass_4,radius_4,x_4,y_4,z_4,vx_4,vy_4,vz_4,mass_5,radius_5,x_5,y_5,z_5,vx_5,vy_5,vz_5,mass_6,radius_6,x_6,y_6,z_6,vx_6,vy_6,vz_6,mass_7,radius_7,x_7,y_7,z_7,vx_7,vy_7,vz_7,mass_8,radius_8,x_8,y_8,z_8,vx_8,vy_8,vz_8
0,1.660120825375342e-07,1.631393540950981e-08,0.01737296636183265,-0.460679141805589,-0.03923687370562433,8.207801790417058,0.9150363632789508,-0.6782297568014013,2.447838287784771e-06,4.045378434654418e-08,0.6733404355401427,-0.2726427049202181,-0.04259436024811439,2.7318496605619584,6.815801868947062,-0.06418799481033712,3.040432648020684e-06,4.437104331057835e-07,0.5693799703563275,0.8082654169472266,-3.322583595785262e-05,-5.2395951051276315,3.595548458036279,-0.00011040402424797637,3.2271560375549955e-07,2.270212793877687e-08,1.352384195900995,-0.290075105915224,-0.03926910014917297,1.2673420488190916,5.434965718973199,0.08278973964063509,0.0009547919099366768,4.778945025452157e-07,-5.408818916637113,-0.6930601476827496,0.1239068558800942,0.31752855281895537,-2.6061561051632536,0.003716863522822676,0.0002858856700231729,4.0286669668487467e-07,-2.100943408018616,-9.819062285430517,0.2542981530927089,1.8817955983096717,-0.4346908214937956,-0.0673631600780223,4.3662496132004074e-05,1.708513622580592e-07,18.40921637201016,7.671697631945546,-0.2098766148292935,-0.5624123526311829,1.2565396241882107,0.011956756925685728,5.151383772628657e-05,1.6553711549585576e-07,28.29089834753579,-9.827511718083077,-0.449611490522682,0.36926695574991186,1.0874829786505835,-0.03095354144014028
