,flag,epoch,sbx,sby,sbz,sbvx,sbvy,sbvz
0,1.0,2457316.5,-23.790620164725894,-36.150814207432845,4.966189071713114,0.9456717411398735,-0.288665979312004,0.16793621588042096
