,flag,epoch,sbx,sby,sbz,sbvx,sbvy,sbvz
0,1.0,2457020.0,-0.4824172692116512,-3.8833604900202623,-1.018010023611264,2.5403920499624006,-0.1904816941808339,-0.7177168293914756
1,1.0,2457020.0,-0.48241726784222594,-3.883360283876097,-1.0180100934465866,2.5403921861506253,-0.19048158357829895,-0.7177168979316844
