,flag,epoch,sbx,sby,sbz,sbvx,sbvy,sbvz
0,1.0,2458013.5,4.475169624122453,-1.8625860216138816,0.15024860866741602,1.3516872025163242,3.11283701952073,-1.5110695306502864
