,flag,epoch,sbx,sby,sbz,sbvx,sbvy,sbvz
0,1.0,2457570.0,-0.7625022396918864,2.1060682094813057,0.19396962828183512,-3.9127641778844384,-1.6576343307341077,0.3466445625628767
1,1.0,2457570.0,-0.7625022227981436,2.106068218056044,0.19396963767412803,-3.9127641682802343,-1.6576343234999895,0.3466445586153156
