,flag,epoch,sbx,sby,sbz,sbvx,sbvy,sbvz
0,1.0,2457339.5,-32.004189155677444,12.288035325568178,16.93275518935356,-0.3133687543307526,-0.9974015620430212,0.13470146964024576
