,flag,epoch,sbx,sby,sbz,sbvx,sbvy,sbvz
0,1.0,2457221.5,23.274061243219656,18.089146651688566,-7.086047519021765,-0.9743766173185963,0.7745926967496602,-0.22874979995940295
