,flag,epoch,sbx,sby,sbz,sbvx,sbvy,sbvz
0,1.0,2457365.5,-22.33012236460432,-30.800455914826152,5.479397742600309,0.7433246548996252,-0.6989092518724382,-0.1163226776580563
