,mass_1,radius_1,x_1,y_1,z_1,vx_1,vy_1,vz_1,mass_2,radius_2,x_2,y_2,z_2,vx_2,vy_2,vz_2,mass_3,radius_3,x_3,y_3,z_3,vx_3,vy_3,vz_3,mass_4,radius_4,x_4,y_4,z_4,vx_4,vy_4,vz_4,mass_5,radius_5,x_5,y_5,z_5,vx_5,vy_5,vz_5,mass_6,radius_6,x_6,y_6,z_6,vx_6,vy_6,vz_6,mass_7,radius_7,x_7,y_7,z_7,vx_7,vy_7,vz_7,mass_8,radius_8,x_8,y_8,z_8,vx_8,vy_8,vz_8
0,1.660120825375342e-07,1.631393540950981e-08,-0.2567938241524365,0.2165942467728229,0.04126140543409487,-8.717194766429884,0.0,0.0,2.447838287784771e-06,4.045378434654418e-08,-0.6939359705146708,-0.192725615832536,0.03741410909516923,1.9281378169688361,0.0,0.0,3.040432648020684e-06,4.437104331057835e-07,-0.9566769531816923,0.2619205746443022,-1.957419622471772e-06,-1.7614818093416502,0.0,0.0,3.2271560375549955e-07,2.270212793877687e-08,-0.4356806108096433,1.545240349130812,0.04308035247651456,-4.725856489459879,0.0,0.0,0.0009547919099366768,4.778945025452157e-07,-4.200934430274573,-3.440674741507934,0.1082885758565259,1.7135701850238132,-2.004445253481117,-0.03002435886333632,0.0002858856700231729,4.0286669668487467e-07,-5.751822535956199,7.074077938526183,0.105734563095252,-1.6891435481978092,-1.29180538406707,0.0896965831482833,4.3662496132004074e-05,1.708513622580592e-07,18.94520429382078,-6.640670753277328,-0.2700516519880778,0.46564713647384554,1.286629300663884,-0.0012321499982509085,5.151383772628657e-05,1.6553711549585576e-07,22.11389686290947,-20.35618157076268,-0.09046133848698076,0.7700724778383178,0.8481771384022629,-0.03523696933329595
