,flag,epoch,sbx,sby,sbz,sbvx,sbvy,sbvz
0,1.0,2457466.5,48.118098927898316,6.775694113769884,-1.3359872015270458,-0.12916679594642957,0.8571914321498261,-0.035273119373442505
