,flag,epoch,sbx,sby,sbz,sbvx,sbvy,sbvz
0,1.0,2457980.0,1.0877858037085046,1.8239802515205663,0.0805069771521216,-3.8333640666744584,2.498724682596374,-0.40483894797216585
1,1.0,2457980.0,1.0877858471653545,1.8239802188387906,0.08050701850409034,-3.833364026935724,2.4987247621070767,-0.4048389320157342
