,flag,epoch,sbx,sby,sbz,sbvx,sbvy,sbvz
0,1.0,2457570.5,21.54608519460303,-26.981784870646706,-18.33537658856362,0.6817333587792714,0.6954282308794211,-0.21664023344124175
