,flag,epoch,sbx,sby,sbz,sbvx,sbvy,sbvz
0,1.0,2457670.0,-1.3743223118539027,-1.738047185640702,0.10901021247612055,3.630450767096051,-2.344999699678142,0.40134723927270155
1,1.0,2457670.0,-1.3743223324794567,-1.738047193182297,0.1090101884687113,3.630450722148614,-2.344999678502044,0.4013473378164184
