,flag,epoch,sbx,sby,sbz,sbvx,sbvy,sbvz
0,1.0,2457080.0,-35.080397926608704,-14.327314103422086,1.4081950470618485,0.42683157543490974,-0.9958574746462296,0.07781471153455012
