,flag,epoch,sbx,sby,sbz,sbvx,sbvy,sbvz
0,1.0,2457574.5,-37.55115659461564,-5.509280564215487,-1.1730250190445748,0.3723160306337969,-0.9567538384266042,-0.6480557891995475
