,flag,epoch,sbx,sby,sbz,sbvx,sbvy,sbvz
0,1.0,2456060.0,-2.5781585645783034,-0.10022568216229355,0.397407708759335,0.4037475358339442,-3.9355724395569855,0.1819210954262846
