,flag,epoch,sbx,sby,sbz,sbvx,sbvy,sbvz
0,1.0,2457670.0,-0.588073603068631,-2.573225642535155,0.0767560167575472,3.595803993859437,-0.6067040038584587,0.30420554630504665
1,1.0,2457670.0,-0.588073619767117,-2.573225651967722,0.07675602814723946,3.5958039712378436,-0.6067040149276802,0.30420552678038837
