,flag,epoch,sbx,sby,sbz,sbvx,sbvy,sbvz
0,1.0,2457770.0,2.29902540742785,-0.5778425777834284,-0.05914322889110869,0.6614445298165618,3.950854293847629,0.4772401462076291
1,1.0,2457770.0,2.2990253938370175,-0.5778425588403401,-0.05914322376200063,0.6614445338498632,3.950854332791775,0.47724015856667573
