,flag,epoch,sbx,sby,sbz,sbvx,sbvy,sbvz
0,1.0,2457014.5,38.11399417226933,8.351251882838172,-1.388833435941009,-0.27689192475012697,1.0195044589229965,-0.0041912709830165965
