,flag,epoch,sbx,sby,sbz,sbvx,sbvy,sbvz
0,1.0,2457720.0,-0.39863937588755005,-2.323701153621452,-0.0018140995620465061,4.024080626968684,-1.0294288013728332,0.3986653956266772
1,1.0,2457720.0,-0.3986393933295187,-2.3237011580736526,-0.001814103698305869,4.0240806073723245,-1.0294288092495174,0.39866539316403543
