,flag,epoch,sbx,sby,sbz,sbvx,sbvy,sbvz
0,1,2457633.5,-2.8296522284504038,-0.059120700020927286,0.23611983403819042,0.28896863666687844,-3.5575425675454437,-0.6428144220009033
