,flag,epoch,sbx,sby,sbz,sbvx,sbvy,sbvz
0,1,2457300.0,0.7821156936551457,-2.703780871379661,-0.2343566762169285,3.658688211127923,0.9575242205663197,0.0017149077825034738
