,flag,epoch,sbx,sby,sbz,sbvx,sbvy,sbvz
0,1.0,2456070.0,-0.5304057288601125,-3.1651393857586663,0.7282546332974558,3.315972080309932,-0.4639650183560238,-0.5069303697393174
1,1.0,2456070.0,-0.5304053912201911,-3.1651393942084187,0.7282545538452033,3.3159721697660802,-0.4639647898717364,-0.5069304190385847
