,flag,epoch,sbx,sby,sbz,sbvx,sbvy,sbvz
0,1.0,2457450.0,-17.765248447572077,-36.96170908872065,7.262294186784783,0.7085544941996238,-0.5482728848181659,0.30734822764517483
