,mass_1,radius_1,x_1,y_1,z_1,vx_1,vy_1,vz_1,mass_2,radius_2,x_2,y_2,z_2,vx_2,vy_2,vz_2,mass_3,radius_3,x_3,y_3,z_3,vx_3,vy_3,vz_3,mass_4,radius_4,x_4,y_4,z_4,vx_4,vy_4,vz_4,mass_5,radius_5,x_5,y_5,z_5,vx_5,vy_5,vz_5,mass_6,radius_6,x_6,y_6,z_6,vx_6,vy_6,vz_6,mass_7,radius_7,x_7,y_7,z_7,vx_7,vy_7,vz_7,mass_8,radius_8,x_8,y_8,z_8,vx_8,vy_8,vz_8
0,1.660120825375342e-07,1.631393540950981e-08,0.3266289355973842,0.08713036928683236,-0.02284581747802482,-4.638487585571174,10.387679633886831,1.2743440655880787,2.447838287784771e-06,4.045378434654418e-08,-0.6921195545774452,0.1909096389344974,0.04255688362886217,-2.0008117410315456,-7.155200714210828,0.01733571322366345,3.040432648020684e-06,4.437104331057835e-07,-0.9850831897452481,0.132053346165992,1.60165130709183e-08,-0.9371811690904023,-6.251713463739687,0.00024774773765996754,3.2271560375549955e-07,2.270212793877687e-08,0.8088731300968197,1.249408776229665,0.006330660033929789,-4.096532877041966,3.213624085979226,0.16788106804578518,0.0009547919099366768,4.778945025452157e-07,-5.24214583293425,-1.508891948532794,0.1235651944481627,0.729894883943386,-2.520979699792078,-0.005863696749510713,0.0002858856700231729,4.0286669668487467e-07,-1.499520677262259,-9.937732552616131,0.2324176979199019,1.904393831926858,-0.3124220252033911,-0.07038213502357564,4.3662496132004074e-05,1.708513622580592e-07,18.22604692736069,8.068808733245131,-0.2060281190297384,-0.5910096580302507,1.2441327763950643,0.012276554628257611,5.151383772628657e-05,1.6553711549585576e-07,28.40613052455147,-9.481409952268248,-0.4594097317326442,0.3564200093265963,1.0920441792492086,-0.03075060421451048
