,flag,epoch,sbx,sby,sbz,sbvx,sbvy,sbvz
0,1,2457414.5,1.1254251886739053,-1.718773784933359,-0.4025737620276841,2.577177456218897,3.557983263333932,-1.356617207081607
