,flag,epoch,sbx,sby,sbz,sbvx,sbvy,sbvz
0,1.0,2456484.5,4.277641132821437,12.882287128316433,-4.521367629082716,-1.6665944321228479,1.1149351268998344,-0.4969634368997363
