,flag,epoch,sbx,sby,sbz,sbvx,sbvy,sbvz
0,1.0,2457670.0,-2.2823654989289306,0.05414704480608333,0.25012363641365853,0.34794949667943365,-4.148457150964928,0.2180425208940349
1,1.0,2457670.0,-2.282365509327089,0.05414699006798214,0.25012364531683773,0.3479495496436049,-4.148457134947421,0.21804251396623608
