,flag,epoch,sbx,sby,sbz,sbvx,sbvy,sbvz
0,1,2457158.5,2.5457491327754704,-0.676353330176487,-0.039963394940376165,0.8908041183232048,3.9448303213343467,-0.17092294273971306
