,flag,epoch,sbx,sby,sbz,sbvx,sbvy,sbvz
0,1.0,2457280.0,-1.2499387821473829,-2.211713926707072,0.539004246725926,2.908894094700284,-2.3112664998856745,0.5122348009112144
