,flag,epoch,sbx,sby,sbz,sbvx,sbvy,sbvz
0,1.0,2459408.5,24.113307547619605,-24.826903089811015,-1.7693292451150393,0.571134236618716,0.8776503954617193,0.43046026398318366
