,flag,epoch,sbx,sby,sbz,sbvx,sbvy,sbvz
0,1.0,2457479.5,28.885066953708012,35.93054046749918,-2.554368788925115,-0.6596202136501134,0.6127081054387719,0.016851470233014094
