,flag,epoch,sbx,sby,sbz,sbvx,sbvy,sbvz
0,1.0,2456365.5,39.954677134779786,-23.18051697621165,-1.9313040023953225,0.5360966982607033,0.7345390016790625,-0.0348873529839109
