,flag,epoch,sbx,sby,sbz,sbvx,sbvy,sbvz
0,1.0,2457281.5,-21.186962667961836,-33.3475250017523,3.8059292340017956,0.9077341674184948,-0.52484430056302,-0.19231059741828863
