,mass_1,radius_1,x_1,y_1,z_1,vx_1,vy_1,vz_1,mass_2,radius_2,x_2,y_2,z_2,vx_2,vy_2,vz_2,mass_3,radius_3,x_3,y_3,z_3,vx_3,vy_3,vz_3,mass_4,radius_4,x_4,y_4,z_4,vx_4,vy_4,vz_4,mass_5,radius_5,x_5,y_5,z_5,vx_5,vy_5,vz_5,mass_6,radius_6,x_6,y_6,z_6,vx_6,vy_6,vz_6,mass_7,radius_7,x_7,y_7,z_7,vx_7,vy_7,vz_7,mass_8,radius_8,x_8,y_8,z_8,vx_8,vy_8,vz_8
0,1.660120825375342e-07,1.631393540950981e-08,-0.3734116716298543,-0.2123359982470107,0.01690608348630485,2.9646996209650216,-8.482708687439606,-0.965128121074652,2.447838287784771e-06,4.045378434654418e-08,0.2280222637393665,-0.6908409212156248,-0.0226348661719386,6.965309018506086,2.2903887006424792,-0.37052549331742424,3.040432648020684e-06,4.437104331057835e-07,-0.3106900121389853,0.9330173776531189,-3.804239008622331e-05,-6.064255319504815,-2.0087325394500937,0.0001084130186864113,3.2271560375549955e-07,2.270212793877687e-08,-1.549339902219108,-0.4872580121065241,0.02781314209130431,1.7243311867538857,-4.4391318132420725,-0.13533890391795822,0.0009547919099366768,4.778945025452157e-07,-4.224286285248275,-3.411685479790244,0.1086911057886499,1.7000103201599714,-2.0161700658444173,-0.029667777664307362,0.0002858856700231729,4.0286669668487467e-07,0.08831891565045226,-10.06302534135719,0.1713923587570271,1.927815994761321,0.00987323077240887,-0.07690022162206982,4.3662496132004074e-05,1.708513622580592e-07,17.70695444278012,9.083370496010254,-0.1955422100702082,-0.6643621465242725,1.2092630158231719,0.01308103823598895,5.151383772628657e-05,1.6553711549585576e-07,28.68690319685401,-8.573620721132528,-0.4846106777503866,0.32262152463356975,1.1036268038825312,-0.030202068115403397
