,flag,epoch,sbx,sby,sbz,sbvx,sbvy,sbvz
0,1.0,2456380.0,39.53101926073016,17.620475974639426,-8.047337796557166,-0.31520399525198806,0.8294891993585068,-0.08111609322527995
