,flag,epoch,sbx,sby,sbz,sbvx,sbvy,sbvz
0,1.0,2453340.0,28.772266082024576,-30.547327021880175,-1.2080457727812932,0.749495702265993,0.651498114417411,0.013699519057164208
