,flag,epoch,sbx,sby,sbz,sbvx,sbvy,sbvz
0,1.0,2457820.0,2.033615692637979,1.4231843721228232,0.22757944161416493,-2.3589295703143485,3.115242021819153,0.014290833499311794
1,1.0,2457820.0,2.033615719724755,1.4231843832929936,0.2275794448923553,-2.3589295288419194,3.1152419976552546,0.014290827194364992
