,mass_1,radius_1,x_1,y_1,z_1,vx_1,vy_1,vz_1,mass_2,radius_2,x_2,y_2,z_2,vx_2,vy_2,vz_2,mass_3,radius_3,x_3,y_3,z_3,vx_3,vy_3,vz_3,mass_4,radius_4,x_4,y_4,z_4,vx_4,vy_4,vz_4,mass_5,radius_5,x_5,y_5,z_5,vx_5,vy_5,vz_5,mass_6,radius_6,x_6,y_6,z_6,vx_6,vy_6,vz_6,mass_7,radius_7,x_7,y_7,z_7,vx_7,vy_7,vz_7,mass_8,radius_8,x_8,y_8,z_8,vx_8,vy_8,vz_8
0,1.660120825375342e-07,1.631393540950981e-08,-0.370536140011412,0.05331219069654999,0.03835080418182255,-3.597433782239748,-9.72988173232905,-0.46498545816124376,2.447838287784771e-06,4.045378434654418e-08,0.09399712175393513,0.7139462113087646,0.004364150784822315,-7.349349982246082,0.9268621344791896,0.43681267489257053,3.040432648020684e-06,4.437104331057835e-07,0.8032733445319791,0.5841562584898984,-2.478929008713123e-05,-3.7981620347061074,5.058680840814029,-0.00016411657247766132,3.2271560375549955e-07,2.270212793877687e-08,-1.38721538716286,0.9168391739689077,0.05325789813572711,-2.6259265655945607,-3.8281223098564174,-0.01576729012761142,0.0009547919099366768,4.778945025452157e-07,-5.011595598770601,2.016143180989436,0.1037684076851952,-1.0625337955502474,-2.4292270033266194,0.033863650319191675,0.0002858856700231729,4.0286669668487467e-07,-4.019212896827559,-9.153693368625191,0.319114202934658,1.753909658752022,-0.827147324973351,-0.05546833459673486,4.3662496132004074e-05,1.708513622580592e-07,18.95011817687103,6.330859827672126,-0.221876562258183,-0.4662204013168285,1.2931566686211462,0.010862313565391003,5.151383772628657e-05,1.6553711549585576e-07,27.88049816985344,-10.96246535155075,-0.4167296751048897,0.4113076788122554,1.0714610208333055,-0.03158992033474671
