,flag,epoch,sbx,sby,sbz,sbvx,sbvy,sbvz
0,1.0,2457570.0,-2.174962793107705,0.2457705478449863,0.19499366832872767,-0.6534116263436505,-4.284611208107297,-0.3846416398089259
1,1.0,2457570.0,-2.174962789666559,0.24577054007826982,0.19499367014427157,-0.6534116238681108,-4.284611219208528,-0.384641644463526
