,mass_1,radius_1,x_1,y_1,z_1,vx_1,vy_1,vz_1,mass_2,radius_2,x_2,y_2,z_2,vx_2,vy_2,vz_2,mass_3,radius_3,x_3,y_3,z_3,vx_3,vy_3,vz_3,mass_4,radius_4,x_4,y_4,z_4,vx_4,vy_4,vz_4,mass_5,radius_5,x_5,y_5,z_5,vx_5,vy_5,vz_5,mass_6,radius_6,x_6,y_6,z_6,vx_6,vy_6,vz_6,mass_7,radius_7,x_7,y_7,z_7,vx_7,vy_7,vz_7,mass_8,radius_8,x_8,y_8,z_8,vx_8,vy_8,vz_8
0,1.660120825375342e-07,1.631393540950981e-08,-0.2502544812402901,0.2220264993772763,0.04110129151999704,-8.909735766704204,-7.26804954195654,0.22354632512381248,2.447838287784771e-06,4.045378434654418e-08,0.2321217480171717,0.682496056547446,-0.004037725147109573,-7.018525449448086,2.343809987980462,0.4371486000691257,3.040432648020684e-06,4.437104331057835e-07,0.8699608364115141,0.4831361293386306,-2.1471360458439e-05,-3.1532082231046537,5.470132163910091,-0.00018168321627206994,3.2271560375549955e-07,2.270212793877687e-08,-1.334730630796241,0.9887218502453594,0.05347600643597381,-2.8499117087548544,-3.671293535729161,-0.0069832278025453425,0.0009547919099366768,4.778945025452157e-07,-4.991001855048975,2.062605658028576,0.1031146450716137,-1.0865572458164892,-2.419425725927857,0.034360696138460246,0.0002858856700231729,4.0286669668487467e-07,-4.052797087843935,-9.1377749061371,0.3201749289755436,1.750836332042508,-0.8340561936154218,-0.05522585871713307,4.3662496132004074e-05,1.708513622580592e-07,18.95903624296301,6.3060706675176,-0.2220845424251585,-0.46444322549877237,1.293768927699251,0.010841899711900136,5.151383772628657e-05,1.6553711549585576e-07,27.87260816512967,-10.9829970142267,-0.4161241495888732,0.41207078885607873,1.0711646090079385,-0.03160098932123278
