,flag,epoch,sbx,sby,sbz,sbvx,sbvy,sbvz
0,1.0,2457790.0,-2.356198597570788,0.8984353365665797,0.20328816447874107,-0.9321499430144551,-3.6278720809339093,0.36686429555049904
1,1.0,2457790.0,-2.356198577299656,0.8984353558671868,0.20328814370587536,-0.9321499577336291,-3.6278720894976724,0.36686430096341416
