,mass_1,radius_1,x_1,y_1,z_1,vx_1,vy_1,vz_1,mass_2,radius_2,x_2,y_2,z_2,vx_2,vy_2,vz_2,mass_3,radius_3,x_3,y_3,z_3,vx_3,vy_3,vz_3,mass_4,radius_4,x_4,y_4,z_4,vx_4,vy_4,vz_4,mass_5,radius_5,x_5,y_5,z_5,vx_5,vy_5,vz_5,mass_6,radius_6,x_6,y_6,z_6,vx_6,vy_6,vz_6,mass_7,radius_7,x_7,y_7,z_7,vx_7,vy_7,vz_7,mass_8,radius_8,x_8,y_8,z_8,vx_8,vy_8,vz_8
0,1.660120825375342e-07,1.631393540950981e-08,0.302088312372735,-0.2774543481816947,-0.05038987798177359,4.917414039242323,8.052920445812578,0.2066367169037812,2.447838287784771e-06,4.045378434654418e-08,0.1369547985133872,-0.7143162743974343,-0.0176791300199538,7.20568767269174,1.365613503999473,-0.3971996347423021,3.040432648020684e-06,4.437104331057835e-07,-0.7987269446243983,-0.6127499603683797,1.063179519705846e-05,3.7227470522766475,-5.009407098085408,6.81126117365208e-05,3.2271560375549955e-07,2.270212793877687e-08,-1.063013867301283,1.259392662410773,0.05250182140132921,-3.7127905388798843,-2.8613183130997366,0.031253234481770545,0.0009547919099366768,4.778945025452157e-07,-3.939029509465406,-3.724901055618936,0.10360770008674,1.8610651322555052,-1.8746104544005924,-0.03386353373170251,0.0002858856700231729,4.0286669668487467e-07,-5.995969390437921,6.880954098126676,0.118811056742995,-1.6442104229830867,-1.3448647381838525,0.08883704024355617,4.3662496132004074e-05,1.708513622580592e-07,19.0124308730199,-6.451858227974036,-0.2702183508050885,0.4522618466263624,1.2914419154435408,-0.0010433289570866196,5.151383772628657e-05,1.6553711549585576e-07,22.22636152870711,-20.23161835313215,-0.09562160260514219,0.7655299125563787,0.8526392253262224,-0.03522150385950617
