,flag,epoch,sbx,sby,sbz,sbvx,sbvy,sbvz
0,1.0,2457390.0,3.18583565168903,1.2934726644473733,-0.4559829936490139,-0.7963948570496319,2.891241116600045,0.7317775650217168
1,1.0,2457390.0,3.1858356399749495,1.2934726497332532,-0.4559829863630681,-0.7963948423141186,2.8912411262313773,0.7317775841509427
