,flag,epoch,sbx,sby,sbz,sbvx,sbvy,sbvz
0,1.0,2457703.5,39.170767072714796,22.710631912374545,-14.279880814342228,-0.43895042645641275,0.7852023373182293,-0.14931963958557692
