,flag,epoch,sbx,sby,sbz,sbvx,sbvy,sbvz
0,1,2457596.5,-1.6850550259435741,2.0193443294907265,0.14746748380745242,-3.1795461459722234,-1.8171849922249816,-0.2384788753084426
