,flag,epoch,sbx,sby,sbz,sbvx,sbvy,sbvz
0,1.0,2456690.0,2.2736568313406638,1.6836505648231623,-0.16986714131455377,-1.970768664964407,3.0871816609898497,-0.21649929685443361
1,1.0,2456690.0,2.2736568241111144,1.683650699275074,-0.1698670772558713,-1.970768700404515,3.087181524568473,-0.21649918341010338
