,flag,epoch,sbx,sby,sbz,sbvx,sbvy,sbvz
0,1.0,2456680.0,9.92580459318858,34.38902302031741,3.380787741579106,-1.0934478057909949,0.05274737437515391,0.008674449469921077
