,flag,epoch,sbx,sby,sbz,sbvx,sbvy,sbvz
0,1.0,2457630.0,-1.2095434542554444,2.349135724337684,-0.09340804201344484,-3.189608518387352,-1.6439578271296744,0.45904305429968334
1,1.0,2457630.0,-1.2095434530510945,2.349135724608463,-0.09340804952861867,-3.189608520837156,-1.643957818256065,0.4590430522906802
