,flag,epoch,sbx,sby,sbz,sbvx,sbvy,sbvz
0,1.0,2458050.0,1.1523572808920992,2.2087807562216915,-0.08116530176032355,-3.22311910816526,2.1369070152051663,-0.3904537217687739
1,1.0,2458050.0,1.1523573416587227,2.208780680821433,-0.08116530777391168,-3.2231190849342948,2.1369071796138557,-0.3904537111854999
