,flag,epoch,sbx,sby,sbz,sbvx,sbvy,sbvz
0,1,2457040.0,1.734558398466729,-0.7726500969113735,0.28775601284037605,1.6857177888059305,4.70607458305392,0.25566506859825144
