,flag,epoch,sbx,sby,sbz,sbvx,sbvy,sbvz
0,1,2457510.0,-0.06359058822680219,2.9632302788227536,0.3378136502220819,-3.467233087342648,0.4326133182803798,-0.2689310260311671
