,flag,epoch,sbx,sby,sbz,sbvx,sbvy,sbvz
0,1,2457680.0,-1.954728677418713,2.314361705946841,-0.043248319640586994,-2.9082866639874276,-2.0532677787056057,-0.5331779928833814
