,flag,epoch,sbx,sby,sbz,sbvx,sbvy,sbvz
0,1,2457209.5,-2.075802437506676,0.9168771043784233,-0.1105278449239062,-2.6155493853497744,-3.624749049348635,-0.2603909811879146
