,flag,epoch,sbx,sby,sbz,sbvx,sbvy,sbvz
0,1,2457301.5,-0.060467870297785886,2.2102601299239137,0.1554681741965479,-4.210471463356087,-0.03233389645491865,0.36372292045076615
