,mass_1,radius_1,x_1,y_1,z_1,vx_1,vy_1,vz_1,mass_2,radius_2,x_2,y_2,z_2,vx_2,vy_2,vz_2,mass_3,radius_3,x_3,y_3,z_3,vx_3,vy_3,vz_3,mass_4,radius_4,x_4,y_4,z_4,vx_4,vy_4,vz_4,mass_5,radius_5,x_5,y_5,z_5,vx_5,vy_5,vz_5,mass_6,radius_6,x_6,y_6,z_6,vx_6,vy_6,vz_6,mass_7,radius_7,x_7,y_7,z_7,vx_7,vy_7,vz_7,mass_8,radius_8,x_8,y_8,z_8,vx_8,vy_8,vz_8
0,1.660120825375342e-07,1.631393540950981e-08,0.3223963323374325,-0.2398065528687311,-0.04917271362961628,4.108023354969126,8.721991857786279,0.3357724391383044,2.447838287784771e-06,4.045378434654418e-08,-0.09228482621486704,0.713154939093712,0.01510005794971,-7.351809809382372,-0.9881430197903517,0.4107222415702149,3.040432648020684e-06,4.437104331057835e-07,-0.9900144979030906,-0.1264480286664466,7.237585333604245e-06,0.6938449718983225,-6.256949826764003,0.00020636095899971793,3.2271560375549955e-07,2.270212793877687e-08,1.094644222370139,0.9555273489340524,-0.006845851965125585,-3.1657873502607687,4.28680804132028,0.16752621293511633,0.0009547919099366768,4.778945025452157e-07,-4.174890483014135,3.34025464311804,0.07954722893831981,-1.7564215890100991,-2.023982718718946,0.04770820962248572,0.0002858856700231729,4.0286669668487467e-07,-5.023817797721436,-8.603843861032678,0.3495650185403589,1.6473460534800255,-1.0349007853541217,-0.047620285390987706,4.3662496132004074e-05,1.708513622580592e-07,19.20897885544153,5.562576174476194,-0.2280965706907884,-0.41121150497067477,1.3108053758173308,0.010221097116972161,5.151383772628657e-05,1.6553711549585576e-07,27.63090045680584,-11.59185792106863,-0.3979905307688709,0.4346894240261882,1.061981051218581,-0.03192752122769766
