,flag,epoch,sbx,sby,sbz,sbvx,sbvy,sbvz
0,1.0,2457010.0,-2.4289665389870247,0.2474793856447819,-0.15761772185414535,-0.7578456776613393,-4.0507536428819195,-0.2573606095042916
1,1.0,2457010.0,-2.4289665680759076,0.24747938386406299,-0.1576177177702169,-0.7578455905144785,-4.050753604471984,-0.25736067919367966
