,flag,epoch,sbx,sby,sbz,sbvx,sbvy,sbvz
0,1.0,2457240.0,2.0913193073947483,-0.49255543680371344,0.07778950901425224,0.7131104076247416,4.681300202713562,-0.3035691615540545
1,1.0,2457240.0,2.091319356376891,-0.49255535414947643,0.07778951047312851,0.7131103760801235,4.681300162334058,-0.3035691503109902
