,flag,epoch,sbx,sby,sbz,sbvx,sbvy,sbvz
0,1,2456065.5,35.356707579865656,23.569255769740447,1.8520277841927089,-0.4434680174564027,0.9031305764267598,0.006010768884190573
