,flag,epoch,sbx,sby,sbz,sbvx,sbvy,sbvz
0,1,2456972.5,2.1163377471073495,0.7761898599960545,0.010732113145244637,-1.481996868343768,4.353789175853131,0.8137392934526829
