,mass_1,radius_1,x_1,y_1,z_1,vx_1,vy_1,vz_1,mass_2,radius_2,x_2,y_2,z_2,vx_2,vy_2,vz_2,mass_3,radius_3,x_3,y_3,z_3,vx_3,vy_3,vz_3,mass_4,radius_4,x_4,y_4,z_4,vx_4,vy_4,vz_4,mass_5,radius_5,x_5,y_5,z_5,vx_5,vy_5,vz_5,mass_6,radius_6,x_6,y_6,z_6,vx_6,vy_6,vz_6,mass_7,radius_7,x_7,y_7,z_7,vx_7,vy_7,vz_7,mass_8,radius_8,x_8,y_8,z_8,vx_8,vy_8,vz_8
0,1.660120825375342e-07,1.631393540950981e-08,-0.3937291871760759,-0.050747284587996,0.03197715117774787,-0.8233667737143383,-9.749937730240596,-0.7211067351869618,2.447838287784771e-06,4.045378434654418e-08,-0.2918456697714893,-0.6640255596022765,0.007741378947475341,6.712551835730117,-3.004592008346304,-0.428555544632677,3.040432648020684e-06,4.437104331057835e-07,0.5905523043908755,0.7933907098455778,-2.750697265874381e-05,-5.142921329635358,3.7283645373472205,-0.00010981018780974469,3.2271560375549955e-07,2.270212793877687e-08,1.051547791960445,-0.9021217040345817,-0.04471164776125831,3.522816467724119,4.3171687188491825,0.003990707283612776,0.0009547919099366768,4.778945025452157e-07,-3.470036564969356,4.01320571696135,0.06098053219563393,-2.119845006741199,-1.6741496097384396,0.054386102350932074,0.0002858856700231729,4.0286669668487467e-07,-5.607630361807572,-8.206192094717418,0.3659052521994408,1.5698477892926839,-1.156626085901404,-0.04242159223567528,4.3662496132004074e-05,1.708513622580592e-07,19.35196328898496,5.085246643371878,-0.2317310047570333,-0.3770403015451158,1.3206568269830254,0.009814930422071535,5.151383772628657e-05,1.6553711549585576e-07,27.47061224620683,-11.976035293404,-0.3863713269567074,0.44901513340226396,1.0560252675853816,-0.03213090366108692
