,flag,epoch,sbx,sby,sbz,sbvx,sbvy,sbvz
0,1,2457390.0,3.18583565168903,1.2934726644473733,-0.4559829936490139,-0.7963948570496319,2.891241116600045,0.7317775650217168
