,flag,epoch,sbx,sby,sbz,sbvx,sbvy,sbvz
0,1.0,2457560.0,1.579870965395345,1.557285893125362,0.0025452821457298963,-2.561171086050924,3.440501549023464,-0.44155800166285913
1,1.0,2457560.0,1.5798709751037918,1.557285870679273,0.002545286531775791,-2.561171077989494,3.4405015730433903,-0.4415579853304228
