,flag,epoch,sbx,sby,sbz,sbvx,sbvy,sbvz
0,1.0,2459459.5,2.8457704225168032,8.720511584741026,-0.1900489242231913,-1.671498772924027,-0.22046952609241105,-2.0375792788151275
