,flag,epoch,sbx,sby,sbz,sbvx,sbvy,sbvz
0,1,2456761.5,-1.971709765994968,-2.657162889890661,-0.0732423292596745,2.7196965278824035,-1.4832866204156119,-0.020923637766801575
