,flag,epoch,sbx,sby,sbz,sbvx,sbvy,sbvz
0,1,2457570.0,-0.6976783154326642,-2.3857024998832137,-0.05720285213142258,3.702936902703938,-0.5285708393907823,-0.3817963019037111
