,flag,epoch,sbx,sby,sbz,sbvx,sbvy,sbvz
0,1.0,2457270.0,2.344899161556466,0.16602969426340997,0.44035120077806544,-0.4186428347719683,4.281814729678116,-0.6542592611980926
1,1.0,2457270.0,2.3448991873174783,0.16602974318210928,0.4403512225344049,-0.4186428813133013,4.281814659854062,-0.6542593293767451
