,flag,epoch,sbx,sby,sbz,sbvx,sbvy,sbvz
0,1.0,2457690.0,1.7348333581199402,-1.4810749474013474,0.1948745975617098,2.920382530685007,2.9551647498859546,0.25950752140537636
1,1.0,2457690.0,1.7348333731502625,-1.4810748942392662,0.19487458359418394,2.920382513664174,2.9551648276366316,0.25950747414990016
