,flag,epoch,sbx,sby,sbz,sbvx,sbvy,sbvz
0,1.0,2457280.0,18.933284078600497,-36.692903727306565,-5.874533086926127,0.8933573185682053,0.43384347627482084,-0.10791384128205238
