,flag,epoch,sbx,sby,sbz,sbvx,sbvy,sbvz
0,1.0,2457019.5,-29.46548645040218,-21.23255918000347,0.3901692928209881,0.950372813703017,-0.8115953324199249,0.3993718129267949
