,mass_1,radius_1,x_1,y_1,z_1,vx_1,vy_1,vz_1,mass_2,radius_2,x_2,y_2,z_2,vx_2,vy_2,vz_2,mass_3,radius_3,x_3,y_3,z_3,vx_3,vy_3,vz_3,mass_4,radius_4,x_4,y_4,z_4,vx_4,vy_4,vz_4,mass_5,radius_5,x_5,y_5,z_5,vx_5,vy_5,vz_5,mass_6,radius_6,x_6,y_6,z_6,vx_6,vy_6,vz_6,mass_7,radius_7,x_7,y_7,z_7,vx_7,vy_7,vz_7,mass_8,radius_8,x_8,y_8,z_8,vx_8,vy_8,vz_8
0,1.660120825375342e-07,1.631393540950981e-08,0.1825805264060038,0.2527634025389326,0.003903157738343426,-10.37346594132394,6.435737595023827,1.477555505202625,2.447838287784771e-06,4.045378434654418e-08,0.6364900155808012,-0.3507561037467563,-0.04153857092055097,3.5222423571528183,6.43959575592927,-0.11496278394129938,3.040432648020684e-06,4.437104331057835e-07,-0.9760354884655436,-0.2156895975322407,1.253250145786359e-05,1.2535191293787868,-6.159443964850955,0.00022025444191213427,3.2271560375549955e-07,2.270212793877687e-08,-1.27765931311841,-0.936608196249198,0.01172980378097741,3.213112711140016,-3.6850712745584873,-0.15608171546250102,0.0009547919099366768,4.778945025452157e-07,-5.347144926534088,0.9478661045643555,0.1157126514489861,-0.5144337442993574,-2.5862165604911973,0.02225075059177473,0.0002858856700231729,4.0286669668487467e-07,-3.261431387537616,-9.471873388205118,0.294468794754112,1.815273514475094,-0.6716131951313313,-0.060608108526124076,4.3662496132004074e-05,1.708513622580592e-07,18.74396553117097,6.876687726930002,-0.2171717847101367,-0.5052955721867963,1.2791375983006386,0.011310729300226472,5.151383772628657e-05,1.6553711549585576e-07,28.05146931960995,-10.5063806405103,-0.4300828203689888,0.39444694897471966,1.0780316546095696,-0.031339386056747305
