,flag,epoch,sbx,sby,sbz,sbvx,sbvy,sbvz
0,1,2457590.0,-2.997907922188003,0.04630526285747316,-0.3557252461681589,0.5104250196680228,-3.3413013179942896,-0.5563203036213568
