,flag,epoch,sbx,sby,sbz,sbvx,sbvy,sbvz
0,1.0,2457077.5,52.08664581714389,14.938440777461754,-2.3597809803724594,-0.2834773625599943,0.6096894293221518,0.3134390669135965
