,flag,epoch,sbx,sby,sbz,sbvx,sbvy,sbvz
0,1.0,2458011.5,3.224553578885124,0.0953600061294968,-0.3408136097370901,-1.259129928262905,3.9734383947936522,-0.3644814978945667
