,flag,epoch,sbx,sby,sbz,sbvx,sbvy,sbvz
0,1,2455934.5,26.484565747726155,31.260369740291164,5.4660590979422485,-0.6954031462977761,0.6015083580536006,0.33676933925060276
