,flag,epoch,sbx,sby,sbz,sbvx,sbvy,sbvz
0,1,2456820.0,-0.6954122020492737,2.905117251180513,0.11307826187255796,-3.2194189800434616,-0.7765285720255877,-0.47156282814502737
