,flag,epoch,sbx,sby,sbz,sbvx,sbvy,sbvz
0,1,2457430.0,1.1274503543037644,-2.9804942187299104,0.5295474692022784,3.1190497345448978,1.234196741972992,-0.2921698486047379
