,flag,epoch,sbx,sby,sbz,sbvx,sbvy,sbvz
0,1,2457288.5,29.42171564061036,11.955175535545067,-2.301646594903233,-0.4301034185892256,1.129869785123301,-0.10818590736843682
