,flag,epoch,sbx,sby,sbz,sbvx,sbvy,sbvz
0,1.0,2457100.5,25.380147042458272,-13.58005371459253,2.4722699051965495,0.8404258913519264,0.8733631400110239,-0.17220114553225485
