,flag,epoch,sbx,sby,sbz,sbvx,sbvy,sbvz
0,1.0,2457210.0,2.420408685991166,0.8095526166268961,-0.2143923513225428,-1.04970854144846,3.8826516879501516,-0.19686511615641328
1,1.0,2457210.0,2.4204086308708446,0.8095527263744341,-0.21439235278194094,-1.049708720290867,3.882651666980316,-0.19686508579121165
