,flag,epoch,sbx,sby,sbz,sbvx,sbvy,sbvz
0,1.0,2457560.0,-0.9284184006671234,2.3096755067739743,-0.2683095999605824,-3.4645275394363204,-1.5867834887799706,-0.06935747847793226
1,1.0,2457560.0,-0.9284183703361202,2.309675514784018,-0.2683095762898117,-3.4645275580400536,-1.586783469205628,-0.06935748211164092
