,flag,epoch,sbx,sby,sbz,sbvx,sbvy,sbvz
0,1.0,2456914.5,28.964445544025015,15.078931858763045,1.7151354584150493,-0.4752657394643984,1.1659637282512196,-0.011173198793508437
