,flag,epoch,sbx,sby,sbz,sbvx,sbvy,sbvz
0,1.0,2457090.0,1.7982123578438305,-2.2189666419952183,0.12428053362993376,3.0329508822963334,2.033619283183757,-0.5043228789606595
