,mass_1,radius_1,x_1,y_1,z_1,vx_1,vy_1,vz_1,mass_2,radius_2,x_2,y_2,z_2,vx_2,vy_2,vz_2,mass_3,radius_3,x_3,y_3,z_3,vx_3,vy_3,vz_3,mass_4,radius_4,x_4,y_4,z_4,vx_4,vy_4,vz_4,mass_5,radius_5,x_5,y_5,z_5,vx_5,vy_5,vz_5,mass_6,radius_6,x_6,y_6,z_6,vx_6,vy_6,vz_6,mass_7,radius_7,x_7,y_7,z_7,vx_7,vy_7,vz_7,mass_8,radius_8,x_8,y_8,z_8,vx_8,vy_8,vz_8
0,1.660120825375342e-07,1.631393540950981e-08,0.259496508128031,0.1891738367168445,-0.008349855436435748,-8.07079979646266,8.748785604802109,1.455316510211915,2.447838287784771e-06,4.045378434654418e-08,-0.7150194227263773,-0.0788228200173808,0.04018040246636106,0.7640186249249215,-7.375956144882911,-0.145217340930815,3.040432648020684e-06,4.437104331057835e-07,-0.1840018556394512,0.9659385181152742,-3.398266029170491e-05,-6.275242815623754,-1.1994515674994282,7.19693728331344e-05,3.2271560375549955e-07,2.270212793877687e-08,-1.649262040408749,0.1572886105590469,0.04377311249065131,-0.2945861626808417,-4.651590026462362,-0.09024455016881268,0.0009547919099366768,4.778945025452157e-07,-5.178321797450442,1.583298197143047,0.1092965288223356,-0.8395375303394917,-2.5080369685940487,0.029199995392587424,0.0002858856700231729,4.0286669668487467e-07,-3.70949959717019,-9.293064912830129,0.309203166828293,1.7808169010477661,-0.7635070486947632,-0.05764458214072891,4.3662496132004074e-05,1.708513622580592e-07,18.86700640223628,6.556953822608656,-0.2199569479426827,-0.4824050861541388,1.2874684040879854,0.011047971013231949,5.151383772628657e-05,1.6553711549585576e-07,27.95195867678314,-10.77448433640834,-0.4222560308157318,0.40435156245852405,1.0741656537608868,-0.03148807182318466
