,flag,epoch,sbx,sby,sbz,sbvx,sbvy,sbvz
0,1.0,2454059.5,39.76535087888218,2.330680132481916,-1.4338246476179162,0.0023305934156432773,1.0213792232679775,0.1993087153470725
