,flag,epoch,sbx,sby,sbz,sbvx,sbvy,sbvz
0,1.0,2457910.0,-2.078906943677425,-1.2647748273576005,0.2893829741266062,1.7831696139100552,-3.4961183044979496,-0.24254665422131458
1,1.0,2457910.0,-2.078906939465974,-1.264774833820006,0.289382984474606,1.7831696173633447,-3.4961183101090803,-0.24254665607998252
