,flag,epoch,sbx,sby,sbz,sbvx,sbvy,sbvz
0,1.0,2457271.5,22.679397241104923,4.439725357476239,-26.777552404440957,-0.5707866921210326,0.8336237899603762,0.8348081605716712
