,flag,epoch,sbx,sby,sbz,sbvx,sbvy,sbvz
0,1.0,2457610.0,-1.5627573443147764,-1.5471581638743679,0.2765656536337808,3.35895779023035,-2.753283897362107,-0.1657830053717601
1,1.0,2457610.0,-1.5627573848365188,-1.5471581585889638,0.276565656841704,3.3589577192959728,-2.7532838975998217,-0.1657829975683209
