,mass_1,radius_1,x_1,y_1,z_1,vx_1,vy_1,vz_1,mass_2,radius_2,x_2,y_2,z_2,vx_2,vy_2,vz_2,mass_3,radius_3,x_3,y_3,z_3,vx_3,vy_3,vz_3,mass_4,radius_4,x_4,y_4,z_4,vx_4,vy_4,vz_4,mass_5,radius_5,x_5,y_5,z_5,vx_5,vy_5,vz_5,mass_6,radius_6,x_6,y_6,z_6,vx_6,vy_6,vz_6,mass_7,radius_7,x_7,y_7,z_7,vx_7,vy_7,vz_7,mass_8,radius_8,x_8,y_8,z_8,vx_8,vy_8,vz_8
0,1.660120825375342e-07,1.631393540950981e-08,-0.3453123116216167,-0.2743699147656389,0.00926043313025153,4.29142489426975,-7.58624766335752,-1.0135881414675272,2.447838287784771e-06,4.045378434654418e-08,-0.7006209690357431,0.1574367990668186,0.04258877827975545,-1.65714456812929,-7.241143116278266,-0.003658536593718923,3.040432648020684e-06,4.437104331057835e-07,0.6510989145335111,-0.7784350712421653,2.589575420624973e-05,4.717688807110056,4.008239767300671,-0.00017142732198266637,3.2271560375549955e-07,2.270212793877687e-08,0.2821652287142034,-1.404635541694018,-0.03635996874460616,5.203843592652307,1.4463549552179948,-0.09740420345339067,0.0009547919099366768,4.778945025452157e-07,-5.44503700236943,0.07499396242491031,0.1215280082612173,-0.07098293157124222,-2.628296345769623,0.012502545688162846,0.0002858856700231729,4.0286669668487467e-07,-2.648349825941261,-9.67533806769939,0.2735944088050999,1.8543272013477272,-0.546303315797876,-0.06433514254217172,4.3662496132004074e-05,1.708513622580592e-07,18.57008158955035,7.301995576926059,-0.2133354760133516,-0.5358186992459282,1.2673655661235845,0.011657506561178308,5.151383772628657e-05,1.6553711549585576e-07,28.18098803615046,-10.14544967825472,-0.4405166697555867,0.38107385477842975,1.0830934407910942,-0.031136050703231482
