,flag,epoch,sbx,sby,sbz,sbvx,sbvy,sbvz
0,1.0,2458105.5,35.584202598150576,2.9311080706390378,-2.114672907460882,-0.42972925098213693,1.1882210688741708,-0.4017332413896903
