,flag,epoch,sbx,sby,sbz,sbvx,sbvy,sbvz
0,1,2457273.5,3.729780086756538,-0.37810859735973545,0.07089769216039657,-0.2641813988865643,3.3158940088423305,0.3053014537784653
