,flag,epoch,sbx,sby,sbz,sbvx,sbvy,sbvz
0,1.0,2457667.5,3.052145132964908,12.510369515778692,1.9036378853855065,-1.8587116560491315,0.6510938440202991,0.48513337643085463
