,flag,epoch,sbx,sby,sbz,sbvx,sbvy,sbvz
0,1.0,2456971.5,29.63415149305287,16.703906809296523,2.2167194408730024,-0.4326876471795591,1.0208798191754562,-0.04320414691389034
