,flag,epoch,sbx,sby,sbz,sbvx,sbvy,sbvz
0,1.0,2457540.0,-2.1073861972773726,-1.3191663268870024,-0.14802230603307223,2.4044417802288565,-2.999443014725243,-0.36886925446005275
1,1.0,2457540.0,-2.1073862545125435,-1.3191662923344056,-0.14802231616324446,2.4044417195609324,-2.999443001165824,-0.3688692593198011
