,flag,epoch,sbx,sby,sbz,sbvx,sbvy,sbvz
0,1.0,2457478.5,-22.308192494993033,-22.923598792117193,6.428081802929048,0.981969770578694,-0.8562492881838785,0.14009303285555272
