,flag,epoch,sbx,sby,sbz,sbvx,sbvy,sbvz
0,1,2456724.5,0.3492970889680408,-3.063726378041809,0.25360750026911,3.315982697662507,0.3863977169254606,-0.026771824932468474
