,flag,epoch,sbx,sby,sbz,sbvx,sbvy,sbvz
0,1.0,2457600.0,-0.676716050862715,-2.401238987766453,-0.2950664508556333,3.718515417296433,-0.6823400192353107,-0.03917317309815186
1,1.0,2457600.0,-0.6767160544977925,-2.401238997979995,-0.2950664642349302,3.718515395797491,-0.6823400244537485,-0.039173158090440655
