,flag,epoch,sbx,sby,sbz,sbvx,sbvy,sbvz
0,1,2457450.0,1.8444697680734334,1.1710053256092237,-0.1467324768601623,-2.924535134029901,3.2339638856649837,0.30547047420362955
