,flag,epoch,sbx,sby,sbz,sbvx,sbvy,sbvz
0,1.0,2457470.0,53.0403314741626,8.877820991184933,-10.465825090101141,-0.24314168485325502,0.7448458660665359,-0.03235394595704736
