,flag,epoch,sbx,sby,sbz,sbvx,sbvy,sbvz
0,1.0,2457310.0,7.810429133850749,-26.895004829473766,-1.4326574583092748,1.0326663144793422,0.27617334149063605,-0.6009006380501336
