,flag,epoch,sbx,sby,sbz,sbvx,sbvy,sbvz
0,1.0,2457680.0,-1.8015406506815563,1.6506957160740612,0.17967765678177375,-2.432949407036986,-3.1122591470552194,0.38149787355142123
1,1.0,2457680.0,-1.8015406469607926,1.6506957156958386,0.17967766792147705,-2.432949398745679,-3.112259156927604,0.38149787841916
