,flag,epoch,sbx,sby,sbz,sbvx,sbvy,sbvz
0,1.0,2457441.5,1.3023019968294143,1.6946466636359103,-0.09840738988951055,-4.020790006495423,2.281241957315434,-0.15242516028042932
