,flag,epoch,sbx,sby,sbz,sbvx,sbvy,sbvz
0,1.0,2457226.5,1.7921083434108362,2.7484084470227765,-0.4342468934408176,-2.790997010099601,1.347132187365439,-0.08357371926252186
