,flag,epoch,sbx,sby,sbz,sbvx,sbvy,sbvz
0,1.0,2457340.0,-0.6224387551604382,2.447783612163526,0.22233845304015085,-3.7939028198511013,-0.4094001355388356,-0.1915923150728469
1,1.0,2457340.0,-0.622438747843014,2.44778360845713,0.22233845229250437,-3.7939028303118083,-0.4094001353567442,-0.1915923052696484
