,mass_1,radius_1,x_1,y_1,z_1,vx_1,vy_1,vz_1,mass_2,radius_2,x_2,y_2,z_2,vx_2,vy_2,vz_2,mass_3,radius_3,x_3,y_3,z_3,vx_3,vy_3,vz_3,mass_4,radius_4,x_4,y_4,z_4,vx_4,vy_4,vz_4,mass_5,radius_5,x_5,y_5,z_5,vx_5,vy_5,vz_5,mass_6,radius_6,x_6,y_6,z_6,vx_6,vy_6,vz_6,mass_7,radius_7,x_7,y_7,z_7,vx_7,vy_7,vz_7,mass_8,radius_8,x_8,y_8,z_8,vx_8,vy_8,vz_8
0,1.660120825375342e-07,1.631393540950981e-08,-0.1335163267169248,-0.4462349346146005,-0.024214620085467,7.78129962006339,-2.432475654124352,-0.9126177739120949,2.447838287784771e-06,4.045378434654418e-08,-0.03151394161420461,0.7187044309707464,0.01167742954949841,-7.406012770760201,-0.3631155179927161,0.42239432320118553,3.040432648020684e-06,4.437104331057835e-07,-0.8562925925250066,-0.5262476052494893,2.587066194226912e-05,3.1880811655152312,-5.37725662446002,0.00021617672013412036,3.2271560375549955e-07,2.270212793877687e-08,-0.5588027006218337,-1.397688175972266,-0.0155726485619209,4.938558817649941,-1.4591505525401505,-0.15176703488944984,0.0009547919099366768,4.778945025452157e-07,-3.704962822483708,-3.944866806703711,0.0992850033453138,1.9775748212838256,-1.7586425440354154,-0.03694581369700416,0.0002858856700231729,4.0286669668487467e-07,0.6315678274497422,-10.04469773342738,0.1494530896524866,1.9240427495277046,0.120069237939135,-0.0786588093311553,4.3662496132004074e-05,1.708513622580592e-07,17.51612336555154,9.422584541438287,-0.1918153118567547,-0.6890161062284491,1.1964325213382463,0.013349568591279877,5.151383772628657e-05,1.6553711549585576e-07,28.77623704890856,-8.26186626059513,-0.4930997676955802,0.31095058512218526,1.1073812144883397,-0.030004562732249457
