,flag,epoch,sbx,sby,sbz,sbvx,sbvy,sbvz
0,1.0,2457494.5,-2.694288781446812,0.3505226947579184,0.002102316037633542,-0.7794741746371264,-3.4310615482336573,-0.02455286059654704
