,mass_1,radius_1,x_1,y_1,z_1,vx_1,vy_1,vz_1,mass_2,radius_2,x_2,y_2,z_2,vx_2,vy_2,vz_2,mass_3,radius_3,x_3,y_3,z_3,vx_3,vy_3,vz_3,mass_4,radius_4,x_4,y_4,z_4,vx_4,vy_4,vz_4,mass_5,radius_5,x_5,y_5,z_5,vx_5,vy_5,vz_5,mass_6,radius_6,x_6,y_6,z_6,vx_6,vy_6,vz_6,mass_7,radius_7,x_7,y_7,z_7,vx_7,vy_7,vz_7,mass_8,radius_8,x_8,y_8,z_8,vx_8,vy_8,vz_8
0,1.660120825375342e-07,1.631393540950981e-08,-0.05311633719189155,0.3055694505973146,0.02984002179819177,-12.185466181495512,-1.3849944320422272,1.0049340843097294,2.447838287784771e-06,4.045378434654418e-08,0.6873203326009093,-0.2348381268167438,-0.04288249378545917,2.3486963233814104,6.958399174252617,-0.040243920661246005,3.040432648020684e-06,4.437104331057835e-07,1.002577304740167,0.02940435945380951,-4.575692353823194e-06,-0.28632048986501085,6.2577240741138995,-0.00015222311043488584,3.2271560375549955e-07,2.270212793877687e-08,-0.7943468512891365,-1.306290001924686,-0.007867048250452563,4.559424058102409,-2.21784870058072,-0.15843188448978077,0.0009547919099366768,4.778945025452157e-07,4.954463530049852,-0.1250465883922087,-0.1103524441774806,0.035557005181098084,2.8889695839303555,-0.012790780818678607,0.0002858856700231729,4.0286669668487467e-07,-9.467913179716861,-1.229042413335995,0.3982709289863777,0.1527644897865572,-2.022833639214205,0.029148275425566254,4.3662496132004074e-05,1.708513622580592e-07,20.08326522447886,-0.5314474063698632,-0.2621255972307656,0.027539299461847105,1.3714014798484921,0.004727207323153404,5.151383772628657e-05,1.6553711549585576e-07,25.2740197156666,-16.19172262324845,-0.2489743940137861,0.6110563489311797,0.9745080554541332,-0.0341057052956244
