,flag,epoch,sbx,sby,sbz,sbvx,sbvy,sbvz
0,1.0,2457477.5,10.882091327938356,-16.419660307199425,-3.9988544824123933,0.7831388222439466,0.9998162204872004,-0.8672374278696224
