,flag,epoch,sbx,sby,sbz,sbvx,sbvy,sbvz
0,1.0,2453420.0,-39.39327974732642,-17.951435408197945,-2.052074306475756,0.3360418292840417,-0.8770442066784476,-0.3310334760369857
