,flag,epoch,sbx,sby,sbz,sbvx,sbvy,sbvz
0,1.0,2458725.5,29.568124359113632,-22.62502690524265,-3.988342539391958,0.11362732350381595,0.1442249753175216,0.02423384752752906
