,flag,sbx,sby,sbz,sbvx,sbvy,sbvz,epoch
0,1.0,22.470503033803777,29.64678478831246,-4.2681778212472254,0.8736898584827817,-0.7059268139562977,-0.30369159119095196,2458725.5
