,flag,epoch,sbx,sby,sbz,sbvx,sbvy,sbvz
0,1.0,2452435.5,33.679016753154876,12.22719390893195,6.818635575900195,-0.422494044491396,0.9836753544847537,0.36964919013313086
