,mass_1,radius_1,x_1,y_1,z_1,vx_1,vy_1,vz_1,mass_2,radius_2,x_2,y_2,z_2,vx_2,vy_2,vz_2,mass_3,radius_3,x_3,y_3,z_3,vx_3,vy_3,vz_3,mass_4,radius_4,x_4,y_4,z_4,vx_4,vy_4,vz_4,mass_5,radius_5,x_5,y_5,z_5,vx_5,vy_5,vz_5,mass_6,radius_6,x_6,y_6,z_6,vx_6,vy_6,vz_6,mass_7,radius_7,x_7,y_7,z_7,vx_7,vy_7,vz_7,mass_8,radius_8,x_8,y_8,z_8,vx_8,vy_8,vz_8
0,1.660120825375342e-07,1.631393540950981e-08,7.169522042818514e-05,-0.4621952104777574,-0.03776989281736774,8.215208083815128,0.529120458596096,-0.7105663542355138,2.447838287784771e-06,4.045378434654418e-08,0.4355790958323919,0.5759870669258846,-0.01724778744294501,-5.915413866313492,4.424049511548143,0.4019985719902826,3.040432648020684e-06,4.437104331057835e-07,0.684115371972601,0.7165025179661985,-2.113754365202472e-05,-4.64705946355788,4.315887021950691,-0.00010299746573283918,3.2271560375549955e-07,2.270212793877687e-08,-0.1808775552163205,-1.459299066830398,-0.026137207930584,5.2650073491158,-0.18977980263622207,-0.13326054415397195,0.0009547919099366768,4.778945025452157e-07,4.946637017919723,0.2308992172968009,-0.1116552114508648,-0.1626337595815719,2.8868384510732157,-0.008346899455643958,0.0002858856700231729,4.0286669668487467e-07,-9.445859201496162,-1.477812445175247,0.4017253409725588,0.20518846288502537,-2.015314128564044,0.026926827704873302,4.3662496132004074e-05,1.708513622580592e-07,20.08590221240691,-0.3624689800190193,-0.2615332335730693,0.015268313688044316,1.3716584272637642,0.004888883154860167,5.151383772628657e-05,1.6553711549585576e-07,25.34901051122701,-16.07148103387915,-0.2531732864682064,0.6062930016375268,0.9774038256018583,-0.03405607949722157
