,flag,epoch,sbx,sby,sbz,sbvx,sbvy,sbvz
0,1,2457010.0,1.7445301771797255,-2.10746308078682,0.034313768685542936,2.7948433898449974,2.7257974882718394,-0.1740390873156657
