,mass_1,radius_1,x_1,y_1,z_1,vx_1,vy_1,vz_1,mass_2,radius_2,x_2,y_2,z_2,vx_2,vy_2,vz_2,mass_3,radius_3,x_3,y_3,z_3,vx_3,vy_3,vz_3,mass_4,radius_4,x_4,y_4,z_4,vx_4,vy_4,vz_4,mass_5,radius_5,x_5,y_5,z_5,vx_5,vy_5,vz_5,mass_6,radius_6,x_6,y_6,z_6,vx_6,vy_6,vz_6,mass_7,radius_7,x_7,y_7,z_7,vx_7,vy_7,vz_7,mass_8,radius_8,x_8,y_8,z_8,vx_8,vy_8,vz_8
0,1.660120825375342e-07,1.631393540950981e-08,-0.3629059213039267,0.07246124844757695,0.03922675961207012,-4.143601017933847,-9.635522604688886,-0.4068411375494426,2.447838287784771e-06,4.045378434654418e-08,-0.2345603742942809,0.6790439542279371,0.02282284238974489,-7.007938592700455,-2.453497074521894,0.37094904446411237,3.040432648020684e-06,4.437104331057835e-07,-0.7332982354020304,-0.6919633185022719,3.978597646721509e-06,4.2106137965495645,-4.593741130469233,2.7818889662453483e-05,3.2271560375549955e-07,2.270212793877687e-08,-0.07060886248733753,1.574305789147034,0.03471056598496143,-4.911671837422363,0.204430149070889,0.1249810263013735,0.0009547919099366768,4.778945025452157e-07,-1.854876432993865,4.875302098523965,0.02126440583050353,-2.613064547202639,-0.8508159863933886,0.062011037570585424,0.0002858856700231729,4.0286669668487467e-07,2.023392671980833,8.818405175655622,-0.2338949513059261,-2.0970907673283072,0.45066296112964677,0.07556478991471875,4.3662496132004074e-05,1.708513622580592e-07,16.50966488302,-11.28089888404189,-0.2558910987684122,0.7972028787806728,1.1184200444159527,-0.006129638559410925,5.151383772628657e-05,1.6553711549585576e-07,18.94212438470363,-23.3820713298275,0.04503830225940006,0.8804952801000021,0.727625218199718,-0.035278607801264836
