,mass_1,radius_1,x_1,y_1,z_1,vx_1,vy_1,vz_1,mass_2,radius_2,x_2,y_2,z_2,vx_2,vy_2,vz_2,mass_3,radius_3,x_3,y_3,z_3,vx_3,vy_3,vz_3,mass_4,radius_4,x_4,y_4,z_4,vx_4,vy_4,vz_4,mass_5,radius_5,x_5,y_5,z_5,vx_5,vy_5,vz_5,mass_6,radius_6,x_6,y_6,z_6,vx_6,vy_6,vz_6,mass_7,radius_7,x_7,y_7,z_7,vx_7,vy_7,vz_7,mass_8,radius_8,x_8,y_8,z_8,vx_8,vy_8,vz_8
0,1.660120825375342e-07,1.631393540950981e-08,-0.04639703811951952,0.3062652321297871,0.02928214569965093,-12.221486322667396,-1.1649192818655398,1.026032788490733,2.447838287784771e-06,4.045378434654418e-08,0.5120783299857642,0.5099317400502572,-0.02255795659531097,-5.235301346544186,5.203360951541422,0.3734580292785637,3.040432648020684e-06,4.437104331057835e-07,-0.1277793199195687,0.9750319811425986,-3.615136483288858e-05,-6.333000323918958,-0.8399390021408891,6.218970359755123e-05,3.2271560375549955e-07,2.270212793877687e-08,1.363976526766937,0.3427378400846844,-0.02629261266262423,-1.0499250203281836,5.394475177099574,0.13881203364982936,0.0009547919099366768,4.778945025452157e-07,-5.363624628924449,-0.9914661818084476,0.1241347509024847,0.4683002840085751,-2.582595174130882,0.0002460458014465993,0.0002858856700231729,4.0286669668487467e-07,-1.884028104680415,-9.866511313698064,0.2464871267238051,1.8908193538915825,-0.390560246484343,-0.06848712970231374,4.3662496132004074e-05,1.708513622580592e-07,18.34394602735369,7.815933852372584,-0.2084949294640453,-0.5728186094169685,1.2521207935392256,0.012074343442581915,5.151383772628657e-05,1.6553711549585576e-07,28.3330917721123,-9.702365921786125,-0.4531665617064394,0.3645976604920603,1.0891511521100188,-0.03087943864551523
