,flag,epoch,sbx,sby,sbz,sbvx,sbvy,sbvz
0,1.0,2456950.0,-2.8135782720487343,0.48451378884617763,0.599967130137412,-0.050035707949634876,-3.689234695879186,0.5427923998346758
1,1.0,2456950.0,-2.8135781828974618,0.4845138392246179,0.5999672106718341,-0.050035758119185,-3.6892347537602754,0.5427925396069153
