,flag,epoch,sbx,sby,sbz,sbvx,sbvy,sbvz
0,1,2457470.0,-0.5747264480201003,-1.72765658380299,-0.5079263478637157,4.680763841193015,-0.8877116319107355,-1.4268629401617683
