,flag,epoch,sbx,sby,sbz,sbvx,sbvy,sbvz
0,1.0,2456912.5,29.46938207682464,-14.957617325718232,-1.5928072267644502,0.7149598046712381,1.0814439542315046,0.2667023594351756
