,flag,epoch,sbx,sby,sbz,sbvx,sbvy,sbvz
0,1.0,2457011.5,-36.732722063350955,2.9492340119514866,-2.5107076148521523,-0.10800908117934348,-1.1061153045223031,-0.20713903100813066
