,flag,epoch,sbx,sby,sbz,sbvx,sbvy,sbvz
0,1.0,2457206.5,28.802307889007064,14.479682946414634,-4.294754851361278,-0.6055325077978978,1.0197898840166904,0.11860656262710469
