,mass_1,radius_1,x_1,y_1,z_1,vx_1,vy_1,vz_1,mass_2,radius_2,x_2,y_2,z_2,vx_2,vy_2,vz_2,mass_3,radius_3,x_3,y_3,z_3,vx_3,vy_3,vz_3,mass_4,radius_4,x_4,y_4,z_4,vx_4,vy_4,vz_4,mass_5,radius_5,x_5,y_5,z_5,vx_5,vy_5,vz_5,mass_6,radius_6,x_6,y_6,z_6,vx_6,vy_6,vz_6,mass_7,radius_7,x_7,y_7,z_7,vx_7,vy_7,vz_7,mass_8,radius_8,x_8,y_8,z_8,vx_8,vy_8,vz_8
0,1.660120825375342e-07,1.631393540950981e-08,-0.3773771362500635,0.0331663955441867,0.03733419426959666,-3.0356219767218584,-9.794915041447004,-0.5217940306255592,2.447838287784771e-06,4.045378434654418e-08,0.584539523059565,0.4259158785411251,-0.02789916644880895,-4.37311764843652,5.939031059234974,0.33376521406011644,3.040432648020684e-06,4.437104331057835e-07,0.437398781607617,0.8847530684974669,-2.776589630331924e-05,-5.7353933131942325,2.761380784983587,-7.998029138475563e-05,3.2271560375549955e-07,2.270212793877687e-08,-1.260748251106551,1.076850334300549,0.05350866650571431,-3.1270942406122937,-3.4505910825857646,0.004461410403273238,0.0009547919099366768,4.778945025452157e-07,-1.062981316515699,5.068618191326426,0.002735530524127938,-2.7333338414366843,-0.4355238865525211,0.06297239526659831,0.0002858856700231729,4.0286669668487467e-07,-7.01662150261135,-6.933453723709341,0.3999009993736571,1.3193675908579117,-1.4549860028636872,-0.027256215457529452,4.3662496132004074e-05,1.708513622580592e-07,19.673505017377,3.790330218669955,-0.2407325558130687,-0.28434758896626616,1.3429983268214474,0.008698688862837287,5.151383772628657e-05,1.6553711549585576e-07,27.01562392650746,-12.99438227097136,-0.3548898572644238,0.4871873074644294,1.0393276734214685,-0.03264525146113493
