,flag,epoch,sbx,sby,sbz,sbvx,sbvy,sbvz
0,1,2457172.5,2.939111564472046,0.1564170606258828,0.0036656142537204728,-0.35264472050836526,3.288706941938755,1.5430138021070918
