,flag,sbx,sby,sbz,sbvx,sbvy,sbvz,epoch
0,1.0,13.2173502693622,-35.131995960514395,13.890776396490123,-0.7440137518482604,0.0004374093845420291,0.7090501745187033,2458725.5
