,flag,epoch,sbx,sby,sbz,sbvx,sbvy,sbvz
0,1,2457194.5,-29.963140496147982,-26.54312740261924,7.120291918216051,0.8436736037727199,-0.6328323935531206,0.06929692967799571
