,flag,epoch,sbx,sby,sbz,sbvx,sbvy,sbvz
0,1,2457298.5,1.048272611910361,1.8642860912755594,-0.4718302290494044,-3.974498038218957,2.3339472573271784,0.4877101382439748
