,flag,epoch,sbx,sby,sbz,sbvx,sbvy,sbvz
0,1,2457530.0,-2.829024499048853,1.4902417043248246,-0.0005180242206397206,-2.134743635662021,-2.7365831634814604,0.10060986362933184
