,flag,epoch,sbx,sby,sbz,sbvx,sbvy,sbvz
0,1,2456880.0,3.380701618501326,0.1306449728443626,0.09827715189976835,-0.010334341678188216,3.2276015601222237,-0.6252840836545238
