,flag,epoch,sbx,sby,sbz,sbvx,sbvy,sbvz
0,1,2457790.0,0.22219903890404574,-2.034652531493649,0.07983322715514543,4.290002138884504,0.36999552284026144,1.7776560175112963
