,mass_1,radius_1,x_1,y_1,z_1,vx_1,vy_1,vz_1,mass_2,radius_2,x_2,y_2,z_2,vx_2,vy_2,vz_2,mass_3,radius_3,x_3,y_3,z_3,vx_3,vy_3,vz_3,mass_4,radius_4,x_4,y_4,z_4,vx_4,vy_4,vz_4,mass_5,radius_5,x_5,y_5,z_5,vx_5,vy_5,vz_5,mass_6,radius_6,x_6,y_6,z_6,vx_6,vy_6,vz_6,mass_7,radius_7,x_7,y_7,z_7,vx_7,vy_7,vz_7,mass_8,radius_8,x_8,y_8,z_8,vx_8,vy_8,vz_8
0,1.660120825375342e-07,1.631393540950981e-08,0.2868881345242467,-0.300527705158687,-0.05087723818271061,5.393964237995827,7.584878188407839,0.12483075544977631,2.447838287784771e-06,4.045378434654418e-08,-0.7131375479945622,-0.09506654862433506,0.03985457777161868,0.9301799952341446,-7.355849645662704,-0.1544768925297749,3.040432648020684e-06,4.437104331057835e-07,0.4352805115525671,-0.9183407562601656,2.788303755796274e-05,5.576245602625276,2.6680085686024007,-8.788414259236054e-05,3.2271560375549955e-07,2.270212793877687e-08,0.3159136357272891,1.507569724516002,0.02382869688841998,-4.808899254255195,1.4821216541778346,0.1491130359450521,0.0009547919099366768,4.778945025452157e-07,-0.06913821477193456,5.130537244204596,-0.01976076611058225,-2.7918176591596455,0.09374165666230865,0.06208344004468823,0.0002858856700231729,4.0286669668487467e-07,-7.47083066534245,-6.393800387204806,0.4086098011037498,1.2121587848379665,-1.5531462066797816,-0.02127537432997014,4.3662496132004074e-05,1.708513622580592e-07,19.76926954341412,3.307422865821407,-0.2437758651169001,-0.24965628350296912,1.349690625954002,0.008271871336560283,5.151383772628657e-05,1.6553711549585576e-07,26.83835255282129,-13.36599262104479,-0.3431480677009242,0.5013113236697282,1.0328427724343376,-0.032829021898192305
