,flag,epoch,sbx,sby,sbz,sbvx,sbvy,sbvz
0,1.0,2457240.0,-0.9418340063685339,-2.100812031107451,-0.10133928067551698,3.7928984954632514,-1.3040686531320342,0.2569162538069939
