,mass_1,radius_1,x_1,y_1,z_1,vx_1,vy_1,vz_1,mass_2,radius_2,x_2,y_2,z_2,vx_2,vy_2,vz_2,mass_3,radius_3,x_3,y_3,z_3,vx_3,vy_3,vz_3,mass_4,radius_4,x_4,y_4,z_4,vx_4,vy_4,vz_4,mass_5,radius_5,x_5,y_5,z_5,vx_5,vy_5,vz_5,mass_6,radius_6,x_6,y_6,z_6,vx_6,vy_6,vz_6,mass_7,radius_7,x_7,y_7,z_7,vx_7,vy_7,vz_7,mass_8,radius_8,x_8,y_8,z_8,vx_8,vy_8,vz_8
0,1.660120825375342e-07,1.631393540950981e-08,0.05939352636500586,-0.4535443717483787,-0.04250823501801928,8.128143998809342,1.8619562579367805,-0.5935711300664872,2.447838287784771e-06,4.045378434654418e-08,-0.5298726150260274,0.4837878169519022,0.03720991366374617,-5.008286230558341,-5.494197544833436,0.21368263955192335,3.040432648020684e-06,4.437104331057835e-07,0.3328891977230418,0.9279605535223217,-3.498426769576986e-05,-6.01716510091917,2.0983188580129193,-4.7912718920548924e-05,3.2271560375549955e-07,2.270212793877687e-08,-1.57758528399436,0.53111808387972,0.04984753442081322,-1.4395294446676268,-4.407677132217188,-0.057031630495794496,0.0009547919099366768,4.778945025452157e-07,-5.105036107543723,1.787909387229318,0.1068070334340113,-0.9447761162371892,-2.473527641377751,0.031411937612417874,0.0002858856700231729,4.0286669668487467e-07,-3.855264297766618,-9.22912316679505,0.3138964292210575,1.7684733954032092,-0.7934439916591313,-0.05663363973201361,4.3662496132004074e-05,1.708513622580592e-07,18.90631809585246,6.451096414906257,-0.2208608169107904,-0.47483159622702664,1.2901539278232919,0.010961172622610389,5.151383772628657e-05,1.6553711549585576e-07,27.91861328821635,-10.86265942984126,-0.4196677735118138,0.40760884086258725,1.0728979308692,-0.03153595125643203
