,flag,epoch,sbx,sby,sbz,sbvx,sbvy,sbvz
0,1.0,2457457.5,15.500302010123129,-29.02453719194281,-24.31357328035437,0.7292419443748787,0.7897645072350453,-0.03784952905227791
