,mass_1,radius_1,x_1,y_1,z_1,vx_1,vy_1,vz_1,mass_2,radius_2,x_2,y_2,z_2,vx_2,vy_2,vz_2,mass_3,radius_3,x_3,y_3,z_3,vx_3,vy_3,vz_3,mass_4,radius_4,x_4,y_4,z_4,vx_4,vy_4,vz_4,mass_5,radius_5,x_5,y_5,z_5,vx_5,vy_5,vz_5,mass_6,radius_6,x_6,y_6,z_6,vx_6,vy_6,vz_6,mass_7,radius_7,x_7,y_7,z_7,vx_7,vy_7,vz_7,mass_8,radius_8,x_8,y_8,z_8,vx_8,vy_8,vz_8
0,1.660120825375342e-07,1.631393540950981e-08,-0.3486249912988318,-0.2684404172158642,0.01006706114652636,4.1667901301571195,-7.6830633128181205,-1.010063517750348,2.447838287784771e-06,4.045378434654418e-08,0.03147224994629925,-0.7263560586064294,-0.01174766960660902,7.331067882348844,0.29281298972782266,-0.4191393719119325,3.040432648020684e-06,4.437104331057835e-07,0.7822155320372716,-0.6438336796506932,3.673953247390749e-06,3.891450691216338,4.828336839014343,-2.9244814810274285e-05,3.2271560375549955e-07,2.270212793877687e-08,-1.255339129110736,1.08297371213711,0.05352997467055497,-3.1455725448276293,-3.434400050428484,0.00534411776947892,0.0009547919099366768,4.778945025452157e-07,-2.558675611373907,4.587765956334582,0.03820836575849365,-2.4438366207743685,-1.213630054075852,0.05972759083861114,0.0002858856700231729,4.0286669668487467e-07,1.436860748768868,8.925328942385669,-0.2124277626475432,-2.122765915385265,0.3185761911004108,0.07888351230392958,4.3662496132004074e-05,1.708513622580592e-07,16.72806594434863,-10.9680190981796,-0.257546037145408,0.7745896755305096,1.1333365242199416,-0.00578063728685533,5.151383772628657e-05,1.6553711549585576e-07,19.18576839357232,-23.17861556453063,0.03523184729199683,0.8730008060583915,0.7366630983322853,-0.035298148206851794
