,flag,epoch,sbx,sby,sbz,sbvx,sbvy,sbvz
0,1.0,2457984.5,-1.7407127025531695,-0.8465271486108086,-0.018088951797044225,2.056682552915997,-4.443764010789829,0.11513559218483956
