,mass_1,radius_1,x_1,y_1,z_1,vx_1,vy_1,vz_1,mass_2,radius_2,x_2,y_2,z_2,vx_2,vy_2,vz_2,mass_3,radius_3,x_3,y_3,z_3,vx_3,vy_3,vz_3,mass_4,radius_4,x_4,y_4,z_4,vx_4,vy_4,vz_4,mass_5,radius_5,x_5,y_5,z_5,vx_5,vy_5,vz_5,mass_6,radius_6,x_6,y_6,z_6,vx_6,vy_6,vz_6,mass_7,radius_7,x_7,y_7,z_7,vx_7,vy_7,vz_7,mass_8,radius_8,x_8,y_8,z_8,vx_8,vy_8,vz_8
0,1.660120825375342e-07,1.631393540950981e-08,0.3118908554544191,-0.2605375982654799,-0.04990093008013648,4.557844358575471,8.36687469183425,0.265580582834962,2.447838287784771e-06,4.045378434654418e-08,0.5963476343960337,0.4093458331472498,-0.02879668565022429,-4.203544534011311,6.059315751010768,0.3257169705769203,3.040432648020684e-06,4.437104331057835e-07,-0.4784731979903289,0.8597086349530413,-3.824091141648732e-05,-5.593414353441123,-3.0796338309567424,0.0001557738185663772,3.2271560375549955e-07,2.270212793877687e-08,-1.144976167395972,-1.070987405350085,0.005650746459260701,3.6834009074883776,-3.295006165608305,-0.15941838145918064,0.0009547919099366768,4.778945025452157e-07,0.6669947663268873,-5.17785792088971,0.006582925530540244,2.703139672340731,0.48272123183078897,-0.062484910524498005,0.0002858856700231729,4.0286669668487467e-07,3.889443513148367,-9.247768247397005,0.005963636648073136,1.7684819553073112,0.7847306843215456,-0.08400654088810923,4.3662496132004074e-05,1.708513622580592e-07,16.1820618929781,11.43668026259808,-0.1671140973842935,-0.8371359246224829,1.1066483115957089,0.014908147282514096,5.151383772628657e-05,1.6553711549585576e-07,29.25519383147967,-6.308501088767779,-0.5443931583296624,0.2368708530765107,1.1284672198236705,-0.028694679068849878
