,flag,epoch,sbx,sby,sbz,sbvx,sbvy,sbvz
0,1.0,2457037.5,-40.72990921152921,-16.439785219825385,1.5808387787269869,0.26312863322300606,-0.9403493017175263,0.03628506933783242
