,flag,epoch,sbx,sby,sbz,sbvx,sbvy,sbvz
0,1.0,2456480.0,1.3752577604530605,2.0237263108747436,0.0476499593477355,-3.3491998533665917,2.5188823913946288,0.7701131080927927
1,1.0,2456480.0,1.3752578199427752,2.0237262335313715,0.04764993751034355,-3.3491997805401463,2.518882545240535,0.7701131321000573
