,flag,epoch,sbx,sby,sbz,sbvx,sbvy,sbvz
0,1.0,2457770.0,-0.8139402654634165,2.371644118208353,0.13111775169355272,-3.738464657495776,-0.812297120160872,0.47131511769087314
1,1.0,2457770.0,-0.8139402754669451,2.3716441596572735,0.1311177604040289,-3.7384646071019363,-0.8122970768471477,0.4713151111217529
