,mass_1,radius_1,x_1,y_1,z_1,vx_1,vy_1,vz_1,mass_2,radius_2,x_2,y_2,z_2,vx_2,vy_2,vz_2,mass_3,radius_3,x_3,y_3,z_3,vx_3,vy_3,vz_3,mass_4,radius_4,x_4,y_4,z_4,vx_4,vy_4,vz_4,mass_5,radius_5,x_5,y_5,z_5,vx_5,vy_5,vz_5,mass_6,radius_6,x_6,y_6,z_6,vx_6,vy_6,vz_6,mass_7,radius_7,x_7,y_7,z_7,vx_7,vy_7,vz_7,mass_8,radius_8,x_8,y_8,z_8,vx_8,vy_8,vz_8
0,1.660120825375342e-07,1.631393540950981e-08,0.09252916662894158,0.2930361776946955,0.01545496486595335,-11.857635876952486,3.483697959308412,1.3725272247895974,2.447838287784771e-06,4.045378434654418e-08,0.4291694637247717,0.580730514746548,-0.01680388024340998,-5.964172797873595,4.3586404036875726,0.40392900082894495,3.040432648020684e-06,4.437104331057835e-07,0.9486434601506475,0.3106626410786451,-1.565234945364599e-05,-2.0579791039127,5.948389423053905,-0.00020354509508311013,3.2271560375549955e-07,2.270212793877687e-08,-1.243800934279412,1.095281874567419,0.05347717320439371,-3.1850844927266113,-3.4003401539200704,0.006921401871859748,0.0009547919099366768,4.778945025452157e-07,-4.957712198467275,2.135232417435005,0.1020681314454484,-1.1241445757758346,-2.4035563521280747,0.03513614653627338,0.0002858856700231729,4.0286669668487467e-07,-4.105452571126384,-9.112492940316098,0.321832372585505,1.7459562827981188,-0.8448919840788612,-0.054843142067130174,4.3662496132004074e-05,1.708513622580592e-07,18.97298148298682,6.267092620533555,-0.2224105768668946,-0.4616465520574916,1.2947267499798365,0.01080970868602906,5.151383772628657e-05,1.6553711549585576e-07,27.86018001259281,-11.01524957246843,-0.4151721807369652,0.4132720818024044,1.0706982316604714,-0.03161842478100157
