,flag,epoch,sbx,sby,sbz,sbvx,sbvy,sbvz
0,1.0,2456280.0,-2.869450639447297,-1.433565614382699,-0.07211846452132906,1.6009598047803435,-3.0740589231007354,0.08832194090666987
1,1.0,2456280.0,-2.869450706700506,-1.4335652428405714,-0.0721184326369929,1.6009596052515538,-3.0740591667201684,0.08832191802169896
