,flag,epoch,sbx,sby,sbz,sbvx,sbvy,sbvz
0,1.0,2457538.5,19.032175251815502,25.8875782075943,-0.4516539518235557,-1.0496734690704375,0.7239346728271223,0.015356667504322241
