,mass_1,radius_1,x_1,y_1,z_1,vx_1,vy_1,vz_1,mass_2,radius_2,x_2,y_2,z_2,vx_2,vy_2,vz_2,mass_3,radius_3,x_3,y_3,z_3,vx_3,vy_3,vz_3,mass_4,radius_4,x_4,y_4,z_4,vx_4,vy_4,vz_4,mass_5,radius_5,x_5,y_5,z_5,vx_5,vy_5,vz_5,mass_6,radius_6,x_6,y_6,z_6,vx_6,vy_6,vz_6,mass_7,radius_7,x_7,y_7,z_7,vx_7,vy_7,vz_7,mass_8,radius_8,x_8,y_8,z_8,vx_8,vy_8,vz_8
0,1.660120825375342e-07,1.631393540950981e-08,0.1295952460866986,-0.4300069066477164,-0.04702603322237793,7.779041327354079,3.4878976428432007,-0.4286455880242634,2.447838287784771e-06,4.045378434654418e-08,0.4781377332583763,0.5415256815872325,-0.02016346574269282,-5.560909439036133,4.8580205980047335,0.38753762856898993,3.040432648020684e-06,4.437104331057835e-07,0.7785149549336144,-0.6484145403482402,2.348556032637293e-05,3.919325168068205,4.805100543745433,-0.00021632056866742529,3.2271560375549955e-07,2.270212793877687e-08,-1.09465660833463,1.23438636938394,0.05273201735735394,-3.631114313556465,-2.9555033647370434,0.027179778080802238,0.0009547919099366768,4.778945025452157e-07,-4.826984522385771,-2.525275812018113,0.1184961755794632,1.2455344782626079,-2.314311935816585,-0.018258658038480004,0.0002858856700231729,4.0286669668487467e-07,-0.6974879340956067,-10.03452791230307,0.2021740599745929,1.9226797301437946,-0.14950966272227098,-0.07393108878262576,4.3662496132004074e-05,1.708513622580592e-07,17.97064961139045,8.586414489154215,-0.200799059146755,-0.6283677668508363,1.227010209111335,0.012689959041710946,5.151383772628657e-05,1.6553711549585576e-07,28.55187560450913,-9.022698674637729,-0.4722339986090896,0.3393707325378742,1.0980471423150784,-0.03047567765072092
