,flag,epoch,sbx,sby,sbz,sbvx,sbvy,sbvz
0,1.0,2456870.0,1.935021064991973,-0.7805089744991508,-0.10530684918450785,1.1561306567772214,4.310460631029594,0.39469540258996166
