,flag,epoch,sbx,sby,sbz,sbvx,sbvy,sbvz
0,1,2456323.5,-22.92256207308774,-37.29437511107634,-5.8570518629032735,0.7023615489906087,-0.6598862645201933,-0.07726805853456001
