,flag,epoch,sbx,sby,sbz,sbvx,sbvy,sbvz
0,1.0,2453650.0,21.04470741352953,27.68668668691596,-0.35101495003192595,-0.6933372455415882,0.8766252368008833,0.10532683823579249
