,flag,sbx,sby,sbz,sbvx,sbvy,sbvz
0,1.0,-32.797607287749415,-18.60479658719017,-20.60838654762051,0.304714501071407,-0.890579690215862,0.319052024035604
