,flag,epoch,sbx,sby,sbz,sbvx,sbvy,sbvz
0,1.0,2457210.0,-31.855867905493128,32.323957688427654,0.8391596357126758,-0.6821369699234499,-0.6310420268940882,0.023940515233656146
