,flag,epoch,sbx,sby,sbz,sbvx,sbvy,sbvz
0,1,2456553.5,-35.42199485274756,-28.757800982862644,-0.32015783097827044,0.5449484238073264,-0.7323692534952477,-0.04872255700596895
