,flag,epoch,sbx,sby,sbz,sbvx,sbvy,sbvz
0,1.0,2457730.0,2.1684732083911737,-0.935374222770336,0.14139066016566287,1.7753768833443617,3.5907237709565463,0.40755094544133025
1,1.0,2457730.0,2.1684732121014476,-0.9353742366347755,0.14139067004278552,1.7753768959375262,3.590723741083619,0.4075510243559427
