,flag,epoch,sbx,sby,sbz,sbvx,sbvy,sbvz
0,1.0,2457532.5,38.81628466757954,19.018885307740895,-2.651007352337392,-0.26071805994374603,0.9503694730533185,0.1492401988757308
