,flag,epoch,sbx,sby,sbz,sbvx,sbvy,sbvz
0,1,2457750.0,0.5430418175364694,-2.9243988544772557,0.19555466403959615,3.225407422206132,0.6258524090103208,-0.8324048043977971
