,flag,epoch,sbx,sby,sbz,sbvx,sbvy,sbvz
0,1.0,2456900.0,0.9591369750034608,2.5795433958862386,-0.42735352488914696,-3.6308710641250785,1.4090675860925952,-0.289515452195524
