,flag,epoch,sbx,sby,sbz,sbvx,sbvy,sbvz
0,1.0,2451680.0,29.494434945243352,-27.787319807847027,-0.817530584072685,0.8029914016630179,0.660197424856529,-0.0059171856881116034
