,flag,epoch,sbx,sby,sbz,sbvx,sbvy,sbvz
0,1.0,2457850.0,1.1800219987214597,-2.1223980654458625,-0.26913273513742336,3.468240926694804,1.8321789415828627,0.19678912672484672
1,1.0,2457850.0,1.180021967454206,-2.1223980510992093,-0.26913287369204647,3.4682409250248596,1.8321789724654505,0.19678911515913425
