,flag,epoch,sbx,sby,sbz,sbvx,sbvy,sbvz
0,1.0,2455220.0,-0.350464878395764,-2.9369787651646466,-0.7866462591311552,3.526533869744523,-0.38208537004945664,0.07980269336254199
1,1.0,2455220.0,-0.35046487288354666,-2.936978480966438,-0.7866464073233073,3.5265341462789213,-0.3820854208530241,0.0798026788258595
