,flag,epoch,sbx,sby,sbz,sbvx,sbvy,sbvz
0,1.0,2457033.5,16.537437491313796,-7.983683248680942,4.210599814281956,0.39901253284993493,1.4184866011890331,0.9259577728144808
