,flag,epoch,sbx,sby,sbz,sbvx,sbvy,sbvz
0,1,2457320.0,-0.4283601876757508,2.053900149071808,0.1329131827674439,-4.369443079147198,-0.9743970473713617,-0.09086924248785927
