,flag,epoch,sbx,sby,sbz,sbvx,sbvy,sbvz
0,1.0,2457200.0,2.3960631110986483,0.22254173116015896,-0.28063285065230215,-0.7606348455387296,4.054554760810441,-1.3936099128838908
1,1.0,2457200.0,2.3960631286426124,0.2225416779902475,-0.28063282584396443,-0.7606347959683749,4.054554753195252,-1.3936099045200545
