,flag,epoch,sbx,sby,sbz,sbvx,sbvy,sbvz
0,1.0,2457668.5,-0.48211332712005717,2.339205625357278,0.10666533521479632,-4.118055323835237,-0.2185823195978491,-0.3015037753144641
