,flag,epoch,sbx,sby,sbz,sbvx,sbvy,sbvz
0,1.0,2456925.5,-9.106712702125956,-25.302472906225386,4.5280479879404725,1.3927070282046599,-0.5457876550490616,-0.14905890163183236
