,flag,epoch,sbx,sby,sbz,sbvx,sbvy,sbvz
0,1.0,2456605.5,-16.569355570229526,-28.35540388409941,4.181724210044954,1.0310927053324555,-0.7587653221855719,-0.17255557877849897
