,flag,epoch,sbx,sby,sbz,sbvx,sbvy,sbvz
0,1.0,2457834.5,1.4510919891118714,-2.7092871911943903,-0.22489272657181816,3.008531256033419,1.9289091293042226,0.5765702118198341
