,mass_1,radius_1,x_1,y_1,z_1,vx_1,vy_1,vz_1,mass_2,radius_2,x_2,y_2,z_2,vx_2,vy_2,vz_2,mass_3,radius_3,x_3,y_3,z_3,vx_3,vy_3,vz_3,mass_4,radius_4,x_4,y_4,z_4,vx_4,vy_4,vz_4,mass_5,radius_5,x_5,y_5,z_5,vx_5,vy_5,vz_5,mass_6,radius_6,x_6,y_6,z_6,vx_6,vy_6,vz_6,mass_7,radius_7,x_7,y_7,z_7,vx_7,vy_7,vz_7,mass_8,radius_8,x_8,y_8,z_8,vx_8,vy_8,vz_8
0,1.660120825375342e-07,1.631393540950981e-08,-0.2947657461207821,0.1794399907156966,0.041709454208861,-7.4489337703756195,-8.34696904077029,0.0016236585620078806,2.447838287784771e-06,4.045378434654418e-08,-0.1701827574539392,0.6982978927845916,0.01938022068733647,-7.202517779881949,-1.7902715925846246,0.39118276990102974,3.040432648020684e-06,4.437104331057835e-07,0.6347063168071092,0.7593993655825756,-1.532019821197378e-05,-4.924186749924677,4.0062809090449,-6.24244891309128e-05,3.2271560375549955e-07,2.270212793877687e-08,0.4854263443887196,1.444051172635971,0.01833054777044524,-4.651216879837764,2.062791007978377,0.15745722510573215,0.0009547919099366768,4.778945025452157e-07,-0.217242707172858,-5.260617308563615,0.02669982060366904,2.7221476731308627,0.016457149769413513,-0.060982614124996,0.0002858856700231729,4.0286669668487467e-07,-8.120056423211146,4.430638794856883,0.2460143528818345,-1.0831020482444187,-1.7934241637436394,0.07435102925731822,4.3662496132004074e-05,1.708513622580592e-07,19.59988604367405,-4.422881110352419,-0.2702810765359732,0.3076987111430994,1.3340725179207307,0.0009655145144267201,5.151383772628657e-05,1.6553711549585576e-07,23.37006370762987,-18.87944431359886,-0.1498360179488299,0.7151348509164374,0.8983373997349076,-0.03497324704271547
