,flag,epoch,sbx,sby,sbz,sbvx,sbvy,sbvz
0,1,2457250.0,-0.37139550988789927,-1.9737683076699235,0.052036112302346116,4.644328859847347,-0.053363724044113825,0.10529312994317733
