,flag,epoch,sbx,sby,sbz,sbvx,sbvy,sbvz
0,1.0,2457804.5,-3.0337860498721194,0.28581806747596494,0.5960790921405887,1.078790790288784,4.3462816912292475,-2.2730499985748276
