,flag,epoch,sbx,sby,sbz,sbvx,sbvy,sbvz
0,1.0,2456611.5,-16.83854198062285,-25.713847496809034,0.8879899526712766,0.9163608778188954,-0.8507575878688666,0.06816489395796856
