,flag,epoch,sbx,sby,sbz,sbvx,sbvy,sbvz
0,1,2457795.5,-2.4636731833688086,1.6432486896475986,0.46051998774336844,-2.219061693022457,-2.510035886374243,-0.5223331124183457
