,mass_1,radius_1,x_1,y_1,z_1,vx_1,vy_1,vz_1,mass_2,radius_2,x_2,y_2,z_2,vx_2,vy_2,vz_2,mass_3,radius_3,x_3,y_3,z_3,vx_3,vy_3,vz_3,mass_4,radius_4,x_4,y_4,z_4,vx_4,vy_4,vz_4,mass_5,radius_5,x_5,y_5,z_5,vx_5,vy_5,vz_5,mass_6,radius_6,x_6,y_6,z_6,vx_6,vy_6,vz_6,mass_7,radius_7,x_7,y_7,z_7,vx_7,vy_7,vz_7,mass_8,radius_8,x_8,y_8,z_8,vx_8,vy_8,vz_8
0,1.660120825375342e-07,1.631393540950981e-08,0.01599568828942447,-0.4608306347199336,-0.0391224386297271,8.208932810198176,0.8841371550839736,-0.6808623791007687,2.447838287784771e-06,4.045378434654418e-08,0.4076411700042084,0.5958760325058212,-0.01535330538085475,-6.120355061138292,4.138949715149783,0.4099323060938991,3.040432648020684e-06,4.437104331057835e-07,-0.4440536492892765,-0.9103748593318401,3.573797450928215e-05,5.545419963308824,-2.778356086685207,7.817981146562616e-05,3.2271560375549955e-07,2.270212793877687e-08,-0.6919397929886533,-1.351616747508571,-0.01134213618573576,4.742045429278733,-1.8905207777059811,-0.15599934476112834,0.0009547919099366768,4.778945025452157e-07,-5.407873070980433,0.5704587612995535,0.1186388099010246,-0.3223535948159044,-2.6133326401365413,0.01806606812910487,0.0002858856700231729,4.0286669668487467e-07,-2.996702272359995,-9.565404020118851,0.2855535783465241,1.8332362695445688,-0.6174473923367546,-0.06226149118623388,4.3662496132004074e-05,1.708513622580592e-07,18.66967884181739,7.061935206340435,-0.215519465280075,-0.5185921342354901,1.2741099912760956,0.0114631011780968,5.151383772628657e-05,1.6553711549585576e-07,28.108284683526,-10.34979044026134,-0.4346239359537467,0.38863800747427085,1.0802494676748813,-0.031250672493535483
