,flag,epoch,sbx,sby,sbz,sbvx,sbvy,sbvz
0,1.0,2458487.5,22.991907189297677,22.950679722324704,-23.20156876388073,-0.6066398916943163,0.7471955607392546,0.39357347647977736
