,flag,epoch,sbx,sby,sbz,sbvx,sbvy,sbvz
0,1.0,2457688.5,-29.234251434958935,17.829183619332994,10.909861154383623,-0.580366405399664,-1.1696656392030123,0.06935607901169494
