,flag,epoch,sbx,sby,sbz,sbvx,sbvy,sbvz
0,1.0,2457010.5,36.292898242774555,20.893885168025093,2.181577288714276,-0.5079445176705707,0.8344533395690253,-0.09057063851086634
