,flag,epoch,sbx,sby,sbz,sbvx,sbvy,sbvz
0,1.0,2457560.0,1.846914107816551,1.6659086663066236,0.25864743657313327,-2.5462360527731596,2.8721246541901757,0.08356442231756687
1,1.0,2457560.0,1.8469140816100595,1.665908698696088,0.258647435752397,-2.546236081154591,2.8721246182048583,0.08356441740604797
