,flag,epoch,sbx,sby,sbz,sbvx,sbvy,sbvz
0,1,2457183.5,0.6582113250518561,-2.3425184023364953,-0.16316648055302663,3.5307851294525605,1.4569899326510927,-0.11104302696295235
