,mass_1,radius_1,x_1,y_1,z_1,vx_1,vy_1,vz_1,mass_2,radius_2,x_2,y_2,z_2,vx_2,vy_2,vz_2,mass_3,radius_3,x_3,y_3,z_3,vx_3,vy_3,vz_3,mass_4,radius_4,x_4,y_4,z_4,vx_4,vy_4,vz_4,mass_5,radius_5,x_5,y_5,z_5,vx_5,vy_5,vz_5,mass_6,radius_6,x_6,y_6,z_6,vx_6,vy_6,vz_6,mass_7,radius_7,x_7,y_7,z_7,vx_7,vy_7,vz_7,mass_8,radius_8,x_8,y_8,z_8,vx_8,vy_8,vz_8
0,1.660120825375342e-07,1.631393540950981e-08,0.1049240304442642,-0.4400377342651103,-0.04558076754487026,7.935345055198211,2.90880774863719,-0.4904308284764634,2.447838287784771e-06,4.045378434654418e-08,0.613091597622262,-0.390527631577874,-0.04073459527949962,3.9242302970949354,6.200785730433844,-0.14151662155855604,3.040432648020684e-06,4.437104331057835e-07,0.4917795519610145,-0.8890927717979419,2.591164877449637e-05,5.396550740702637,3.0179758039030706,-9.973775258650342e-05,3.2271560375549955e-07,2.270212793877687e-08,-1.045798305461433,-1.152147888318461,0.001538710641011866,3.977219173730666,-2.9982542809918753,-0.16047526979461232,0.0009547919099366768,4.778945025452157e-07,2.569178239392548,4.307521053143154,-0.07538136581587127,-2.402604684010583,1.5444860565656047,0.04735058458242368,0.0002858856700231729,4.0286669668487467e-07,-8.509922419385433,-4.737275842679878,0.4211863884577428,0.8789714076600058,-1.7838879166639674,-0.003973299292146618,4.3662496132004074e-05,1.708513622580592e-07,19.9686705622617,1.964058255640791,-0.251368628765791,-0.15298672618688738,1.3638084727015516,0.007061680438980809,5.151383772628657e-05,1.6553711549585576e-07,26.32299175599237,-14.37906265290952,-0.3104149306896924,0.5401522429675055,1.0140653744321004,-0.03331233497329646
