,flag,epoch,sbx,sby,sbz,sbvx,sbvy,sbvz
0,1.0,2456930.0,-3.8145099207693955,0.055325314932780145,-0.3991116795089372,-0.44340503359311173,-2.78433434934106,0.024381645370502348
1,1.0,2456930.0,-3.814509937947168,0.05532525049749748,-0.3991117815321535,-0.443404986960039,-2.784334332923559,0.024381669231117675
