,mass_1,radius_1,x_1,y_1,z_1,vx_1,vy_1,vz_1,mass_2,radius_2,x_2,y_2,z_2,vx_2,vy_2,vz_2,mass_3,radius_3,x_3,y_3,z_3,vx_3,vy_3,vz_3,mass_4,radius_4,x_4,y_4,z_4,vx_4,vy_4,vz_4,mass_5,radius_5,x_5,y_5,z_5,vx_5,vy_5,vz_5,mass_6,radius_6,x_6,y_6,z_6,vx_6,vy_6,vz_6,mass_7,radius_7,x_7,y_7,z_7,vx_7,vy_7,vz_7,mass_8,radius_8,x_8,y_8,z_8,vx_8,vy_8,vz_8
0,1.660120825375342e-07,1.631393540950981e-08,-0.3577378479914943,-0.2504691922948026,0.01235477435674706,3.787111534837274,-7.962537312640088,-0.9980652929482322,2.447838287784771e-06,4.045378434654418e-08,0.5663663988191626,-0.4559751646788415,-0.03893340896246575,4.586290745028343,5.725979265023252,-0.18617302103252248,3.040432648020684e-06,4.437104331057835e-07,0.7945066508353369,-0.6283120926925938,1.818891710836482e-05,3.795632627095573,4.905404240465144,-0.00018252756707826315,3.2271560375549955e-07,2.270212793877687e-08,-0.6210104276391081,1.495671840188408,0.04658144791790905,-4.526518122017506,-1.5256655786774393,0.07912912589238313,0.0009547919099366768,4.778945025452157e-07,-4.76366969793815,2.509728246347401,0.09617093771880982,-1.3187424211218335,-2.3105494127052277,0.03910360961870661,0.0002858856700231729,4.0286669668487467e-07,-4.380599835574916,-8.97381385575195,0.3303791618219399,1.7191756066609594,-0.9016351977845737,-0.05279251600631756,4.3662496132004074e-05,1.708513622580592e-07,19.04511469368035,6.061102752806192,-0.2241134004306612,-0.44685231225811806,1.2996429540661438,0.010636736015444228,5.151383772628657e-05,1.6553711549585576e-07,27.79405022818002,-11.18507281658866,-0.4101438730325676,0.4196173325587582,1.0681801508277715,-0.031712169436386994
