,flag,epoch,sbx,sby,sbz,sbvx,sbvy,sbvz
0,1.0,2457411.5,11.094832609353006,4.319367507133874,-1.3050631131914516,-0.6897911766107098,2.0752333292662364,0.5091771336715528
