,flag,epoch,sbx,sby,sbz,sbvx,sbvy,sbvz
0,1.0,2458044.5,0.1429801461511826,2.859278844322524,0.441764536075461,-3.7126433434227755,0.6619542240423621,0.23783940722446703
