,flag,epoch,sbx,sby,sbz,sbvx,sbvy,sbvz
0,1,2449980.0,0.6295564509280629,-2.9300733819771407,0.6399233394474948,3.021167964488344,1.2974998439260754,-0.41240570234843804
