,flag,epoch,sbx,sby,sbz,sbvx,sbvy,sbvz
0,1,2456370.0,1.682050078526658,-2.0084411122638888,-0.19236061722501469,2.9032339943946743,2.615438716353665,1.11509186627814
