,flag,epoch,sbx,sby,sbz,sbvx,sbvy,sbvz
0,1.0,2457495.5,19.196274141584638,25.988888230891202,-1.1800375367479496,-0.8236682276486158,0.5934840408401645,-0.3109822632764149
