,flag,epoch,sbx,sby,sbz,sbvx,sbvy,sbvz
0,1.0,2457230.0,-0.10883898721963314,-2.748185090929727,0.19446449165373064,3.5120472358771075,0.3768784252587703,0.09991521496955248
