,flag,epoch,sbx,sby,sbz,sbvx,sbvy,sbvz
0,1,2457101.5,-20.53251699781493,-21.84956466216054,3.476402031077495,0.9352404354121993,-0.809495520177295,-0.2905625620053301
