,flag,epoch,sbx,sby,sbz,sbvx,sbvy,sbvz
0,1.0,2457569.5,23.364155302311396,30.714264155309376,-0.8314465038326413,-0.9641130898904092,0.41686186928222685,0.08741922957895155
