,flag,epoch,sbx,sby,sbz,sbvx,sbvy,sbvz
0,1.0,2457736.5,0.4047102774108499,-2.0307566088518807,0.2002345229421646,4.494164845573786,0.7796741091943926,-0.3858373088854011
