,flag,epoch,sbx,sby,sbz,sbvx,sbvy,sbvz
0,1,2453983.5,-17.217771088581568,-41.2569612129811,-0.9686739831871627,0.8377124645820716,-0.41663207180928574,-0.029677618298032192
