,flag,epoch,sbx,sby,sbz,sbvx,sbvy,sbvz
0,1.0,2457030.0,-0.7968164828127564,2.04855311300822,-0.20919694845687667,-3.9934950722735434,-1.6505388642792491,-0.2548225003542639
1,1.0,2457030.0,-0.796816517078028,2.0485531072415553,-0.20919694982583367,-3.993495042689508,-1.6505389159267603,-0.2548224716656683
