,mass_1,radius_1,x_1,y_1,z_1,vx_1,vy_1,vz_1,mass_2,radius_2,x_2,y_2,z_2,vx_2,vy_2,vz_2,mass_3,radius_3,x_3,y_3,z_3,vx_3,vy_3,vz_3,mass_4,radius_4,x_4,y_4,z_4,vx_4,vy_4,vz_4,mass_5,radius_5,x_5,y_5,z_5,vx_5,vy_5,vz_5,mass_6,radius_6,x_6,y_6,z_6,vx_6,vy_6,vz_6,mass_7,radius_7,x_7,y_7,z_7,vx_7,vy_7,vz_7,mass_8,radius_8,x_8,y_8,z_8,vx_8,vy_8,vz_8
0,1.660120825375342e-07,1.631393540950981e-08,0.2798229616026576,0.1651974585911394,-0.01217317711505014,-7.232958072334406,9.299476792716591,1.4234364965091137,2.447838287784771e-06,4.045378434654418e-08,0.5940937879600415,-0.4189844900650855,-0.04002751506149303,4.212377096010784,6.007914337331498,-0.1607067432215265,3.040432648020684e-06,4.437104331057835e-07,-0.9874372489271966,-0.1477767744207954,1.009441884404007e-05,0.8276583142058705,-6.238272323589115,0.00022481942195198048,3.2271560375549955e-07,2.270212793877687e-08,-1.312082013360248,-0.8957034181259825,0.01343181804463697,3.072910103457604,-3.784285427632167,-0.1547198578515621,0.0009547919099366768,4.778945025452157e-07,-5.34143211241325,0.9761746531230109,0.1154672651172776,-0.5288671742939554,-2.583619290034792,0.022562830306773942,0.0002858856700231729,4.0286669668487467e-07,-3.281303424740827,-9.464495993541943,0.2951318439738845,1.813855826328157,-0.6756831159341086,-0.06048120999803056,4.3662496132004074e-05,1.708513622580592e-07,18.74949372024416,6.862677327236277,-0.2172955895998553,-0.504289912970696,1.2795114691021132,0.011299132507318127,5.151383772628657e-05,1.6553711549585576e-07,28.04714717215157,-10.51818567630244,-0.4297395734042121,0.39488522191704534,1.0778629292824857,-0.03134609511803602
