,flag,epoch,sbx,sby,sbz,sbvx,sbvy,sbvz
0,1.0,2457049.5,34.98986620308111,8.53691204410978,-6.9709757937579315,-0.13834414509793466,1.1999703924276879,0.2922083122849651
