,flag,epoch,sbx,sby,sbz,sbvx,sbvy,sbvz
0,1.0,2457510.0,2.2393423087716977,-0.8093446990638705,-0.11082647847370358,1.1803392346317363,3.7830404769213732,-0.44586226579384797
1,1.0,2457510.0,2.2393422836134955,-0.8093447406216709,-0.11082646474921011,1.1803392803836403,3.7830404852239483,-0.445862281999015
