,mass_1,radius_1,x_1,y_1,z_1,vx_1,vy_1,vz_1,mass_2,radius_2,x_2,y_2,z_2,vx_2,vy_2,vz_2,mass_3,radius_3,x_3,y_3,z_3,vx_3,vy_3,vz_3,mass_4,radius_4,x_4,y_4,z_4,vx_4,vy_4,vz_4,mass_5,radius_5,x_5,y_5,z_5,vx_5,vy_5,vz_5,mass_6,radius_6,x_6,y_6,z_6,vx_6,vy_6,vz_6,mass_7,radius_7,x_7,y_7,z_7,vx_7,vy_7,vz_7,mass_8,radius_8,x_8,y_8,z_8,vx_8,vy_8,vz_8
0,1.660120825375342e-07,1.631393540950981e-08,0.3601503277048768,-0.07692327824212912,-0.03932407406381519,0.15466815558168268,10.509896999205917,0.844621537330237,2.447838287784771e-06,4.045378434654418e-08,0.5049241433829089,0.5169238256237471,-0.02204477511065501,-5.307407389323035,5.130750857226545,0.37667641095319065,3.040432648020684e-06,4.437104331057835e-07,-0.5817640368650281,0.7943055184231149,-3.497084113151576e-05,-5.1722027262684005,-3.736769840829532,0.00018503943853970326,3.2271560375549955e-07,2.270212793877687e-08,-1.072263436760212,-1.132071093301912,0.002586748352872223,3.902891894915215,-3.076903058305424,-0.16023284526411657,0.0009547919099366768,4.778945025452157e-07,0.7187654222711622,-5.168342624860645,0.005385091611843928,2.6994512652043055,0.5102660673992178,-0.06251656371535674,0.0002858856700231729,4.0286669668487467e-07,3.923308160631987,-9.232662115092586,0.004353617941113065,1.7655315685215094,0.7917004030658925,-0.08401021327656986,4.3662496132004074e-05,1.708513622580592e-07,16.16600307467914,11.4578786870605,-0.1668282258171907,-0.8387162311390841,1.1055582186992006,0.014924585131733944,5.151383772628657e-05,1.6553711549585576e-07,29.25972546687264,-6.286872126103681,-0.5449429412588621,0.23603765921432415,1.1286693145261997,-0.02867909725148811
