,flag,epoch,sbx,sby,sbz,sbvx,sbvy,sbvz
0,1,2457310.0,2.223759696547531,-1.3587864600540351,-0.012818946610880136,1.5163692383552059,3.4637462223443203,-0.2139967166932977
