,flag,epoch,sbx,sby,sbz,sbvx,sbvy,sbvz
0,1.0,2456500.0,2.719772722545271,0.19137519795726193,0.11950840481226457,-0.2077166802248533,3.78740975689713,1.4349734303127843
