,flag,epoch,sbx,sby,sbz,sbvx,sbvy,sbvz
0,1.0,2456040.0,25.931938738491127,17.163797056360664,0.6799752407451684,-0.5099670070983201,1.130807466235482,0.06836935207888635
