,flag,epoch,sbx,sby,sbz,sbvx,sbvy,sbvz
0,1,2457246.5,2.7425958293498787,-2.0082226739178273,-0.13369200800724101,1.6276486162728823,2.8171034035146905,-0.01632598423584435
