,flag,epoch,sbx,sby,sbz,sbvx,sbvy,sbvz
0,1,2456470.0,1.7903550221699702,-1.858129413054956,0.646205803601571,2.6041107325018906,2.704121968199411,0.13021276832598816
