,mass_1,radius_1,x_1,y_1,z_1,vx_1,vy_1,vz_1,mass_2,radius_2,x_2,y_2,z_2,vx_2,vy_2,vz_2,mass_3,radius_3,x_3,y_3,z_3,vx_3,vy_3,vz_3,mass_4,radius_4,x_4,y_4,z_4,vx_4,vy_4,vz_4,mass_5,radius_5,x_5,y_5,z_5,vx_5,vy_5,vz_5,mass_6,radius_6,x_6,y_6,z_6,vx_6,vy_6,vz_6,mass_7,radius_7,x_7,y_7,z_7,vx_7,vy_7,vz_7,mass_8,radius_8,x_8,y_8,z_8,vx_8,vy_8,vz_8
0,1.660120825375342e-07,1.631393540950981e-08,-0.09044506801697871,0.2993844908023365,0.03275904570756998,-11.899593712728075,-2.5925738587793856,0.8801694655034167,2.447838287784771e-06,4.045378434654418e-08,-0.01959362535324898,0.7192197053011301,0.01097545744440007,-7.41006717468661,-0.24052797978278606,0.42437423157645576,3.040432648020684e-06,4.437104331057835e-07,0.730099330882926,0.6708711538556105,-1.391287212046188e-05,-4.354349685946492,4.6035160921908895,-7.444176618440809e-05,3.2271560375549955e-07,2.270212793877687e-08,0.5797089833127174,1.398308777210435,0.01505649742835917,-4.527877800529281,2.3918131937671245,0.16132141124709212,0.0009547919099366768,4.778945025452157e-07,-0.2731254959003961,-5.260655211649419,0.02795048058566277,2.7207848204514673,-0.012757982157059665,-0.06083055429111343,0.0002858856700231729,4.0286669668487467e-07,-8.097730837609076,4.467418242148384,0.2444850529293758,-1.0914068226138145,-1.7888871408596072,0.07460254633173367,4.3662496132004074e-05,1.708513622580592e-07,19.59354770420354,-4.450270046453691,-0.2703006292931937,0.3096556703932608,1.3336095102218979,0.0009389187593573892,5.151383772628657e-05,1.6553711549585576e-07,23.35537206529692,-18.89788465692579,-0.1491178400784528,0.7158312543683447,0.897752060252529,-0.0349772788144551
