,flag,epoch,sbx,sby,sbz,sbvx,sbvy,sbvz
0,1.0,2457445.5,-39.049490066323465,-10.347633811666798,-4.79840255620822,0.11583625176891474,-1.1694978061381522,0.40652508802173487
