,flag,epoch,sbx,sby,sbz,sbvx,sbvy,sbvz
0,1.0,2456180.0,0.5231378204691997,2.678974408776304,0.1339380432058907,-3.5839226031241362,0.7453538353410366,-1.7804504957712957
1,1.0,2456180.0,0.5231380000532638,2.678974399337675,0.13393813070166705,-3.5839224839513766,0.7453540287736078,-1.7804505700963695
