,flag,epoch,sbx,sby,sbz,sbvx,sbvy,sbvz
0,1,2457070.0,-3.258143648679206,-0.10180413983680825,-0.21309353158633845,-0.2188540655492491,-3.310515491835607,-0.9321055633763803
