,flag,epoch,sbx,sby,sbz,sbvx,sbvy,sbvz
0,1.0,2457562.5,42.6224829417943,20.482397531754096,-19.453294790608883,-0.4260632215581677,0.6562146477784838,-0.25778851039104345
