,flag,epoch,sbx,sby,sbz,sbvx,sbvy,sbvz
0,1.0,2458004.5,-8.61864552605262,23.456980811209544,-2.932089993119639,-1.0698587914552884,-0.11566451849356636,-0.5506876160559026
