,mass_1,radius_1,x_1,y_1,z_1,vx_1,vy_1,vz_1,mass_2,radius_2,x_2,y_2,z_2,vx_2,vy_2,vz_2,mass_3,radius_3,x_3,y_3,z_3,vx_3,vy_3,vz_3,mass_4,radius_4,x_4,y_4,z_4,vx_4,vy_4,vz_4,mass_5,radius_5,x_5,y_5,z_5,vx_5,vy_5,vz_5,mass_6,radius_6,x_6,y_6,z_6,vx_6,vy_6,vz_6,mass_7,radius_7,x_7,y_7,z_7,vx_7,vy_7,vz_7,mass_8,radius_8,x_8,y_8,z_8,vx_8,vy_8,vz_8
0,1.660120825375342e-07,1.631393540950981e-08,0.3598076103939282,-0.0883605962428059,-0.04022953519972748,0.4575895547681766,10.440669306793676,0.81114939514491,2.447838287784771e-06,4.045378434654418e-08,0.7062686231604819,0.1620668372575634,-0.03853385399513042,-1.6788983977483938,7.16736377055936,0.19516108669476845,3.040432648020684e-06,4.437104331057835e-07,0.2197221509153858,0.9600843973776809,-3.72670017210854e-05,-6.227912413031363,1.3785018101071138,-2.190857104084455e-05,3.2271560375549955e-07,2.270212793877687e-08,1.39184382073609,0.04213472968950709,-0.03327586309332459,0.04109650592645942,5.546258569163332,0.11521668732124196,0.0009547919099366768,4.778945025452157e-07,-5.387307898478336,-0.8497069354413732,0.1240760056891923,0.3966760511900821,-2.5948488472621563,0.0018994285160037385,0.0002858856700231729,4.0286669668487467e-07,-1.987450384887159,-9.844549449600747,0.2502227756440956,1.886643596946823,-0.41159199460546214,-0.06795623259879563,4.3662496132004074e-05,1.708513622580592e-07,18.37517639902371,7.747313314607918,-0.2091545635711843,-0.5678682572257466,1.254239713944588,0.01201861218544084,5.151383772628657e-05,1.6553711549585576e-07,28.31306665007421,-9.761983083256803,-0.4514747359052227,0.36682092191001586,1.0883634680312415,-0.030914628712853127
