,flag,epoch,sbx,sby,sbz,sbvx,sbvy,sbvz
0,1.0,2456740.0,-25.77989369989225,-24.21533163324148,11.789393160837964,0.712495986077225,-0.7839845906490642,0.17681863015292262
