,mass_1,radius_1,x_1,y_1,z_1,vx_1,vy_1,vz_1,mass_2,radius_2,x_2,y_2,z_2,vx_2,vy_2,vz_2,mass_3,radius_3,x_3,y_3,z_3,vx_3,vy_3,vz_3,mass_4,radius_4,x_4,y_4,z_4,vx_4,vy_4,vz_4,mass_5,radius_5,x_5,y_5,z_5,vx_5,vy_5,vz_5,mass_6,radius_6,x_6,y_6,z_6,vx_6,vy_6,vz_6,mass_7,radius_7,x_7,y_7,z_7,vx_7,vy_7,vz_7,mass_8,radius_8,x_8,y_8,z_8,vx_8,vy_8,vz_8
0,1.660120825375342e-07,1.631393540950981e-08,-0.3791180604168267,0.02738369402972293,0.0370195973749598,-2.8766851940779627,-9.807723053926896,-0.537465687313926,2.447838287784771e-06,4.045378434654418e-08,0.4043128446710059,-0.6047908614027953,-0.03162154159956606,6.092218177291742,4.080278612448572,-0.29564086042218357,3.040432648020684e-06,4.437104331057835e-07,0.6672270565655326,-0.764427528183268,2.327778266807793e-05,4.631954723019981,4.108683513342605,-0.00015471706679898503,3.2271560375549955e-07,2.270212793877687e-08,-0.4822527479126015,1.535222709892799,0.04400455138493158,-4.682225115802537,-1.09763870572379,0.0919200303217025,0.0009547919099366768,4.778945025452157e-07,-4.723408692808974,2.57902290788942,0.094982286451626,-1.3549127435429156,-2.2911531964860337,0.03983234181284924,0.0002858856700231729,4.0286669668487467e-07,-4.432295738666686,-8.946498956533143,0.3319631280886026,1.7138912790563101,-0.9123179293915433,-0.052396871464468565,4.3662496132004074e-05,1.708513622580592e-07,19.05852997507136,6.021948536021713,-0.2244332459404586,-0.44404438824364506,1.3005519337375238,0.01060393139237118,5.151383772628657e-05,1.6553711549585576e-07,27.78139482709599,-11.21723518874001,-0.4091885538246706,0.42081592398861134,1.0676934503373434,-0.031729678533248096
