,flag,epoch,sbx,sby,sbz,sbvx,sbvy,sbvz
0,1.0,2458109.5,39.87622335655063,3.5586123260557976,-4.428968618205449,-0.12638275504803592,1.0018955069844173,-0.1279056432367405
