,flag,epoch,sbx,sby,sbz,sbvx,sbvy,sbvz
0,1.0,2457450.5,21.956511429015457,26.665327124465684,-1.7044895082253657,-1.0266171511772415,0.5627475629735991,-0.13472910320071224
