,mass_1,radius_1,x_1,y_1,z_1,vx_1,vy_1,vz_1,mass_2,radius_2,x_2,y_2,z_2,vx_2,vy_2,vz_2,mass_3,radius_3,x_3,y_3,z_3,vx_3,vy_3,vz_3,mass_4,radius_4,x_4,y_4,z_4,vx_4,vy_4,vz_4,mass_5,radius_5,x_5,y_5,z_5,vx_5,vy_5,vz_5,mass_6,radius_6,x_6,y_6,z_6,vx_6,vy_6,vz_6,mass_7,radius_7,x_7,y_7,z_7,vx_7,vy_7,vz_7,mass_8,radius_8,x_8,y_8,z_8,vx_8,vy_8,vz_8
0,1.660120825375342e-07,1.631393540950981e-08,0.3145351366750933,0.1117960466157355,-0.01972122702863985,-5.435869045927302,10.139932691257323,1.3272416430593859,2.447838287784771e-06,4.045378434654418e-08,0.5701291712668092,-0.4512229630599474,-0.03908662425441686,4.538450046825399,5.76418789085168,-0.18286497027214202,3.040432648020684e-06,4.437104331057835e-07,-0.9913809459234436,-0.1135367164956673,8.85811926782499e-06,0.6125724192744819,-6.266676506883252,0.0002266935727795646,3.2271560375549955e-07,2.270212793877687e-08,-1.328714158960192,-0.8748507973603705,0.01427699705422872,3.001881322615202,-3.8319142685447085,-0.15397471654032788,0.0009547919099366768,4.778945025452157e-07,-5.338516444997617,0.9903181556198284,0.1153432911128638,-0.536079902512478,-2.5822917896382083,0.022718650514963384,0.0002858856700231729,4.0286669668487467e-07,-3.291233609234129,-9.460790585156415,0.2954628470649468,1.8131436914835486,-0.6777171987664935,-0.06041765726245039,4.3662496132004074e-05,1.708513622580592e-07,18.75225368444284,6.855670593438787,-0.2173574443720704,-0.503787004642543,1.2796980065195487,0.011293321954673991,5.151383772628657e-05,1.6553711549585576e-07,28.04498429864833,-10.5240875006416,-0.4295679223379734,0.3951043178505525,1.0777783914414891,-0.031349457429533864
