,flag,epoch,sbx,sby,sbz,sbvx,sbvy,sbvz
0,1.0,2456600.0,-17.76288624654504,-22.020424148150898,-2.2853269514976255,0.9991676084667491,-0.8518619281661401,-0.23013925111314487
