,flag,epoch,sbx,sby,sbz,sbvx,sbvy,sbvz
0,1.0,2458435.5,-30.68939603078333,12.185823822023895,4.996118046814367,-0.27000536359186295,-1.124976781952483,0.30274555889631183
