,flag,epoch,sbx,sby,sbz,sbvx,sbvy,sbvz
0,1.0,2457110.5,-18.827228643919,28.922645074698895,4.124824655361973,-1.0345587638779874,-0.4546524689600371,-0.02818692119229578
