,mass_1,radius_1,x_1,y_1,z_1,vx_1,vy_1,vz_1,mass_2,radius_2,x_2,y_2,z_2,vx_2,vy_2,vz_2,mass_3,radius_3,x_3,y_3,z_3,vx_3,vy_3,vz_3,mass_4,radius_4,x_4,y_4,z_4,vx_4,vy_4,vz_4,mass_5,radius_5,x_5,y_5,z_5,vx_5,vy_5,vz_5,mass_6,radius_6,x_6,y_6,z_6,vx_6,vy_6,vz_6,mass_7,radius_7,x_7,y_7,z_7,vx_7,vy_7,vz_7,mass_8,radius_8,x_8,y_8,z_8,vx_8,vy_8,vz_8
0,1.660120825375342e-07,1.631393540950981e-08,-0.3951322026302483,-0.08784209593002018,0.02908907596023855,0.09586612482621294,-9.588227501173739,-0.7920737075741706,2.447838287784771e-06,4.045378434654418e-08,-0.3457728993771261,0.6292123128026466,0.02856064521892201,-6.499696367596395,-3.5991848717396007,0.32594894480642306,3.040432648020684e-06,4.437104331057835e-07,-0.6604473617418163,-0.7637070452795605,4.412845821302177e-06,4.650999207185814,-4.133834257440172,2.5011237854398807e-05,3.2271560375549955e-07,2.270212793877687e-08,-0.1511615725609194,1.575531421659054,0.03671572518766915,-4.8934519925976625,-0.05467505098752394,0.11910500318467819,0.0009547919099366768,4.778945025452157e-07,-1.89773127745713,4.861142777910535,0.02228225320895086,-2.604481903084231,-0.873065710975192,0.0619111287111934,0.0002858856700231729,4.0286669668487467e-07,1.988929059922133,8.825744561081695,-0.2326519571355526,-2.098848938095392,0.4429060586455238,0.07576957399671619,4.3662496132004074e-05,1.708513622580592e-07,16.52274970031043,-11.26251917038564,-0.2559916221269521,0.7958735305599268,1.1193099542307108,-0.006109078239825738,5.151383772628657e-05,1.6553711549585576e-07,18.95658475485973,-23.37011418357501,0.04445876631274395,0.8800547937508735,0.7281574123543159,-0.03527989042757566
