,flag,epoch,sbx,sby,sbz,sbvx,sbvy,sbvz
0,1.0,2457461.5,-30.646602701433324,13.474845326155567,14.669376335655825,-0.3054896417760884,-1.1573620150869348,0.05516725650580009
