,flag,epoch,sbx,sby,sbz,sbvx,sbvy,sbvz
0,1.0,2457550.0,1.9051956068210314,-1.164867932264623,0.1352615653003342,2.5169110143160145,3.5362782835409923,-0.36989610885991525
1,1.0,2457550.0,1.9051956378685773,-1.164867920606155,0.13526157662093796,2.5169109783803667,3.5362782641250283,-0.3698961006287179
