,flag,epoch,sbx,sby,sbz,sbvx,sbvy,sbvz
0,1,2457140.0,-1.9704625106904943,-1.3314064441245814,-0.21825605953345895,2.933282650362899,-2.627352636258792,-0.056215783317413136
