,mass_1,radius_1,x_1,y_1,z_1,vx_1,vy_1,vz_1,mass_2,radius_2,x_2,y_2,z_2,vx_2,vy_2,vz_2,mass_3,radius_3,x_3,y_3,z_3,vx_3,vy_3,vz_3,mass_4,radius_4,x_4,y_4,z_4,vx_4,vy_4,vz_4,mass_5,radius_5,x_5,y_5,z_5,vx_5,vy_5,vz_5,mass_6,radius_6,x_6,y_6,z_6,vx_6,vy_6,vz_6,mass_7,radius_7,x_7,y_7,z_7,vx_7,vy_7,vz_7,mass_8,radius_8,x_8,y_8,z_8,vx_8,vy_8,vz_8
0,1.660120825375342e-07,1.631393540950981e-08,-0.16323425170393,-0.4355129821419929,-0.02061713953836612,7.557055511505826,-3.099153142101308,-0.946439907595698,2.447838287784771e-06,4.045378434654418e-08,-0.2567112332818604,-0.6786465510325108,0.005495926658171738,6.859360710799543,-2.64538441856387,-0.43211904349536356,3.040432648020684e-06,4.437104331057835e-07,0.577127049475329,0.8029835752613079,-4.451032359466019e-05,-5.204713994668951,3.643684016681265,-0.00016182822376555124,3.2271560375549955e-07,2.270212793877687e-08,0.6448308338979352,1.361696873793035,0.0127213358393439,-4.4255630273992095,2.622772441574806,0.16352576634186933,0.0009547919099366768,4.778945025452157e-07,4.901959388127416,0.6947154733943279,-0.1125583188704083,-0.4194261490809638,2.8613380347614488,-0.0025024243559184822,0.0002858856700231729,4.0286669668487467e-07,8.018256954573806,-5.711231940017192,-0.219793869602888,1.0687872607143505,1.658492347782447,-0.07136587065534122,4.3662496132004074e-05,1.708513622580592e-07,13.50040153493968,14.31407682492487,-0.121825148424522,-1.0560999343553632,0.9216835759575818,0.017066524083746953,5.151383772628657e-05,1.6553711549585576e-07,29.74758920224125,-3.084598855281908,-0.6220504189244949,0.11054944558771189,1.1505594134092263,-0.02620078540060686
