,flag,epoch,sbx,sby,sbz,sbvx,sbvy,sbvz
0,1.0,2456695.5,7.541493689999543,-1.2386130363742145,1.5478046407345423,0.15632224597694394,2.308265868356037,0.6313592957929158
