,flag,epoch,sbx,sby,sbz,sbvx,sbvy,sbvz
0,1.0,2457750.0,1.64773345943301,-1.6984008912045125,-0.2297243606292756,2.648234582626564,3.0193092361450247,-0.33984466527338414
1,1.0,2457750.0,1.6477334632785903,-1.6984008106011546,-0.22972436160523077,2.6482345861272285,3.0193093558763135,-0.33984467424178827
