,flag,epoch,sbx,sby,sbz,sbvx,sbvy,sbvz
0,1.0,2456918.5,-37.18169860659366,8.960825342698726,-4.091726541127111,-0.1820530635500016,-1.0694193791251867,0.142002486316955
