,mass_1,radius_1,x_1,y_1,z_1,vx_1,vy_1,vz_1,mass_2,radius_2,x_2,y_2,z_2,vx_2,vy_2,vz_2,mass_3,radius_3,x_3,y_3,z_3,vx_3,vy_3,vz_3,mass_4,radius_4,x_4,y_4,z_4,vx_4,vy_4,vz_4,mass_5,radius_5,x_5,y_5,z_5,vx_5,vy_5,vz_5,mass_6,radius_6,x_6,y_6,z_6,vx_6,vy_6,vz_6,mass_7,radius_7,x_7,y_7,z_7,vx_7,vy_7,vz_7,mass_8,radius_8,x_8,y_8,z_8,vx_8,vy_8,vz_8
0,1.660120825375342e-07,1.631393540950981e-08,0.2399841297555888,0.2088028365584753,-0.004957075318977212,-8.770253969912396,8.191369520245196,1.4739484971705699,2.447838287784771e-06,4.045378434654418e-08,-0.6632591892512033,-0.2826053930182956,0.03440291521448955,2.8452290851514404,-6.830060337527712,-0.25780509375045846,3.040432648020684e-06,4.437104331057835e-07,0.8926764583770184,0.4415406988065508,-1.672284607508927e-05,-2.8881002868649026,5.608899486281922,-0.0001762658309812304,3.2271560375549955e-07,2.270212793877687e-08,0.7526709435193488,-1.181066085931264,-0.04322049552207942,4.504366643582073,3.185669085091057,-0.04380938499720936,0.0009547919099366768,4.778945025452157e-07,-3.310858772460931,4.134026942008568,0.05691699359362837,-2.186334434454042,-1.5942715519163317,0.05554293995938026,0.0002858856700231729,4.0286669668487467e-07,-5.72305449530011,-8.119796848905143,0.3690007955888556,1.5529557328132233,-1.180806666066764,-0.041328211742462824,4.3662496132004074e-05,1.708513622580592e-07,19.3795766887842,4.987550586184902,-0.2324534972708017,-0.3700533682307455,1.3225602162593393,0.009732500192436511,5.151383772628657e-05,1.6553711549585576e-07,27.43731270299259,-12.05405306947563,-0.3839946796572777,0.4519227614688329,1.0547895867355506,-0.032170532168628335
