,flag,epoch,sbx,sby,sbz,sbvx,sbvy,sbvz
0,1,2456736.5,2.0338214702600026,-1.7067122659272367,0.44766697593100474,3.053989297818058,2.3348896586199364,0.27425615697655126
