,flag,epoch,sbx,sby,sbz,sbvx,sbvy,sbvz
0,1,2457303.5,0.49084117868790367,-3.6574395761120697,-0.45298088352528776,2.814806998300051,0.9041548928035985,-0.1376061718045976
