,mass_1,radius_1,x_1,y_1,z_1,vx_1,vy_1,vz_1,mass_2,radius_2,x_2,y_2,z_2,vx_2,vy_2,vz_2,mass_3,radius_3,x_3,y_3,z_3,vx_3,vy_3,vz_3,mass_4,radius_4,x_4,y_4,z_4,vx_4,vy_4,vz_4,mass_5,radius_5,x_5,y_5,z_5,vx_5,vy_5,vz_5,mass_6,radius_6,x_6,y_6,z_6,vx_6,vy_6,vz_6,mass_7,radius_7,x_7,y_7,z_7,vx_7,vy_7,vz_7,mass_8,radius_8,x_8,y_8,z_8,vx_8,vy_8,vz_8
0,1.660120825375342e-07,1.631393540950981e-08,0.2878005750023775,-0.2992423952374167,-0.05085565642787793,5.367833242849404,7.612144221721534,0.12946877722087208,2.447838287784771e-06,4.045378434654418e-08,-0.2285511618938817,0.6811548012138733,0.02252373714423889,-7.028819651518352,-2.3913073935302775,0.37287690003831475,3.040432648020684e-06,4.437104331057835e-07,-0.3276018779845382,0.9272444623897897,-2.841417904543708e-05,-6.027250704769224,-2.1168717711580642,7.307458047147372e-05,3.2271560375549955e-07,2.270212793877687e-08,-1.556457633394488,0.5914691186351425,0.05059727543434597,-1.6241758553015258,-4.341238682114124,-0.0510933818767288,0.0009547919099366768,4.778945025452157e-07,-1.397209219266618,5.004092263623367,0.01048249203898997,-2.6904197235733944,-0.6112914086699216,0.06274184298236624,0.0002858856700231729,4.0286669668487467e-07,-6.851902437633434,-7.110547879698951,0.3964188320747013,1.3544220463105727,-1.4197118862999063,-0.029267150812716476,4.3662496132004074e-05,1.708513622580592e-07,19.63774163012182,3.95563704388063,-0.2396519127495907,-0.2962019298657783,1.3404652260599565,0.008843509729609393,5.151383772628657e-05,1.6553711549585576e-07,27.07534842687058,-12.86620117880082,-0.3589079220449242,0.4823452568446458,1.0414745344067151,-0.032581353584494314
