,flag,epoch,sbx,sby,sbz,sbvx,sbvy,sbvz
0,1,2457397.5,-21.334187449783553,28.555806825959866,1.014953647626684,-0.7862586339721922,-0.8327810415298958,0.07325129396198331
