,flag,epoch,sbx,sby,sbz,sbvx,sbvy,sbvz
0,1.0,2458850.0,1.2584751562545125,2.22227455263427,-0.2195875963529516,-3.1930122267353864,1.9450621759371325,0.33034296818478154
