,flag,epoch,sbx,sby,sbz,sbvx,sbvy,sbvz
0,1.0,2453040.0,-18.29744307479602,-39.560282432766066,-2.097543700511632,0.9178747454765471,-0.22370919610510104,-0.09946302972763034
