,flag,epoch,sbx,sby,sbz,sbvx,sbvy,sbvz
0,1,2457786.5,-0.43383324996048445,2.01363365848169,0.28581929350054047,-4.5554422305150455,-1.165850007254522,0.7495910373009028
