,flag,epoch,sbx,sby,sbz,sbvx,sbvy,sbvz
0,1,2455910.5,-1.3464204999510312,2.6370758521822024,0.16598504490194702,-3.097450078648776,-1.4818128048604757,-0.10819886364802044
