,flag,epoch,sbx,sby,sbz,sbvx,sbvy,sbvz
0,1.0,2456959.5,-15.442494256630509,12.834072625802937,1.6194173392207796,-0.9256059461640009,-1.2217769775094578,0.8201012563121772
