,flag,epoch,sbx,sby,sbz,sbvx,sbvy,sbvz
0,1.0,2457441.5,35.8353292211186,30.673183220804777,-11.038077228582988,-0.7685541196930815,0.4573924069245157,0.15327791625243217
