,mass_1,radius_1,x_1,y_1,z_1,vx_1,vy_1,vz_1,mass_2,radius_2,x_2,y_2,z_2,vx_2,vy_2,vz_2,mass_3,radius_3,x_3,y_3,z_3,vx_3,vy_3,vz_3,mass_4,radius_4,x_4,y_4,z_4,vx_4,vy_4,vz_4,mass_5,radius_5,x_5,y_5,z_5,vx_5,vy_5,vz_5,mass_6,radius_6,x_6,y_6,z_6,vx_6,vy_6,vz_6,mass_7,radius_7,x_7,y_7,z_7,vx_7,vy_7,vz_7,mass_8,radius_8,x_8,y_8,z_8,vx_8,vy_8,vz_8
0,1.660120825375342e-07,1.631393540950981e-08,-0.007178278091447902,-0.4625958020899411,-0.03714027002291152,8.213899967897788,0.3675460847843026,-0.7235386926188697,2.447838287784771e-06,4.045378434654418e-08,0.05315559755453909,-0.7251259752102134,-0.01300942478882844,7.318552186242829,0.5135238104155428,-0.41528595681905517,3.040432648020684e-06,4.437104331057835e-07,-0.9084692521677474,0.3932128236902179,-9.988655136904937e-06,-2.5984516164799083,-5.79049224541616,0.00022190981969296181,3.2271560375549955e-07,2.270212793877687e-08,-1.529791330709893,-0.535254154640438,0.02632845591027554,1.8785953759123704,-4.38773648018404,-0.13805369744863089,0.0009547919099366768,4.778945025452157e-07,-5.290051681313325,1.20153298986824,0.1133817850031282,-0.643923864429435,-2.5600659185806256,0.025038546976552833,0.0002858856700231729,4.0286669668487467e-07,-3.439710841178423,-9.403875043843398,0.3003858776544789,1.8021926509119948,-0.7081509431604486,-0.059455205743305393,4.3662496132004074e-05,1.708513622580592e-07,18.7933226789437,6.75044778870391,-0.2182814433802312,-0.49624319358622615,1.2824699793862335,0.011206113086546406,5.151383772628657e-05,1.6553711549585576e-07,28.01239748520879,-10.61255904880721,-0.4269909523611325,0.3983814458104365,1.0765020733133364,-0.03139959316665295
