,mass_1,radius_1,x_1,y_1,z_1,vx_1,vy_1,vz_1,mass_2,radius_2,x_2,y_2,z_2,vx_2,vy_2,vz_2,mass_3,radius_3,x_3,y_3,z_3,vx_3,vy_3,vz_3,mass_4,radius_4,x_4,y_4,z_4,vx_4,vy_4,vz_4,mass_5,radius_5,x_5,y_5,z_5,vx_5,vy_5,vz_5,mass_6,radius_6,x_6,y_6,z_6,vx_6,vy_6,vz_6,mass_7,radius_7,x_7,y_7,z_7,vx_7,vy_7,vz_7,mass_8,radius_8,x_8,y_8,z_8,vx_8,vy_8,vz_8
0,1.660120825375342e-07,1.631393540950981e-08,-0.1771397421261715,-0.4294773369044083,-0.01884282832664679,7.433272796417445,-3.413330407186191,-0.9608420257498783,2.447838287784771e-06,4.045378434654418e-08,0.6497169114742792,0.3190620826081256,-0.03311621580795791,-3.2803660420001775,6.599085854720976,0.27981768136273866,3.040432648020684e-06,4.437104331057835e-07,0.6081163865521427,-0.8129358066783399,3.105159508972832e-05,4.929584987233654,3.7406508757587944,-0.0001766989546930165,3.2271560375549955e-07,2.270212793877687e-08,-0.9486926045515754,1.339435937166443,0.05135117604245634,-3.977726351783683,-2.5187688748511823,0.04483814771379735,0.0009547919099366768,4.778945025452157e-07,-4.873857150321546,-2.436120796700339,0.1191747370089954,1.20014398358157,-2.337528358248402,-0.017146774000918033,0.0002858856700231729,4.0286669668487467e-07,-0.7711630230644797,-10.02851067554823,0.2050020283059739,1.921562786268253,-0.16446038759335913,-0.07362755598254939,4.3662496132004074e-05,1.708513622580592e-07,17.99466953535482,8.539352311969205,-0.2012847413887088,-0.6249569651556881,1.2286250680314983,0.012652226145662679,5.151383772628657e-05,1.6553711549585576e-07,28.53883736403746,-9.064776461379195,-0.4710653738718352,0.3409458434663104,1.097510932774012,-0.030501486811082956
