,flag,epoch,sbx,sby,sbz,sbvx,sbvy,sbvz
0,1,2454544.5,-47.15355914804875,7.094155664977962,0.6279649740683285,-0.13785552749220012,-0.8631021536192305,0.009603584045603441
