,flag,epoch,sbx,sby,sbz,sbvx,sbvy,sbvz
0,1.0,2457200.0,-1.1261210291832708,-1.8200827561955808,0.5041453014323616,3.541810770557084,-2.652301423825974,-0.3414211292337573
1,1.0,2457200.0,-1.126121000262409,-1.8200827272775668,0.5041452911714795,3.541810819743935,-2.6523014923009134,-0.34142116354825236
