,flag,epoch,sbx,sby,sbz,sbvx,sbvy,sbvz
0,1.0,2457810.0,-2.5392448751432677,-0.8460017943537879,-0.18069071457008645,1.3983315419375568,-3.3108048446724236,0.2605248094454093
1,1.0,2457810.0,-2.5392448837599138,-0.8460017917932183,-0.18069073370734567,1.3983315231029394,-3.3108048423382184,0.2605247982394114
