,flag,epoch,sbx,sby,sbz,sbvx,sbvy,sbvz
0,1,2454992.5,-45.63632492802552,9.1475607787825,2.7566761149194017,-0.19462384350070083,-0.8722360507761423,0.03560058454215277
