,mass_1,radius_1,x_1,y_1,z_1,vx_1,vy_1,vz_1,mass_2,radius_2,x_2,y_2,z_2,vx_2,vy_2,vz_2,mass_3,radius_3,x_3,y_3,z_3,vx_3,vy_3,vz_3,mass_4,radius_4,x_4,y_4,z_4,vx_4,vy_4,vz_4,mass_5,radius_5,x_5,y_5,z_5,vx_5,vy_5,vz_5,mass_6,radius_6,x_6,y_6,z_6,vx_6,vy_6,vz_6,mass_7,radius_7,x_7,y_7,z_7,vx_7,vy_7,vz_7,mass_8,radius_8,x_8,y_8,z_8,vx_8,vy_8,vz_8
0,1.660120825375342e-07,1.631393540950981e-08,0.1870238030128026,-0.3980604465181393,-0.04968399503639004,7.2441605498298935,4.884135519525914,-0.26552714332147426,2.447838287784771e-06,4.045378434654418e-08,-0.6041606299533835,0.3870350835208526,0.04017028846378591,-4.014731885439,-6.257165001933446,0.14588731528230903,3.040432648020684e-06,4.437104331057835e-07,0.2323774528757903,0.9572075871977294,-3.557606950203448e-05,-6.20886810142619,1.4589269055150529,-2.4060508949738843e-05,3.2271560375549955e-07,2.270212793877687e-08,-1.599403725349096,0.4581278994847148,0.0488535268227655,-1.2162945184896805,-4.477186924714852,-0.06396737914260824,0.0009547919099366768,4.778945025452157e-07,-5.120384006274139,1.747216736030191,0.1073194383926894,-0.9238223724474767,-2.480773977576782,0.03097306592800085,0.0002858856700231729,4.0286669668487467e-07,-3.826192781923449,-9.242108108132319,0.3129644301625756,1.770980486685535,-0.7874713657148348,-0.05683713696484247,4.3662496132004074e-05,1.708513622580592e-07,18.898505532547,6.472285520009321,-0.2206806137678841,-0.47634783437688377,1.2896194087015793,0.010978557894600246,5.151383772628657e-05,1.6553711549585576e-07,27.92530376888917,-10.84503274165741,-0.4201857394669624,0.4069572188111976,1.0731513701077262,-0.03152640160057658
