,flag,epoch,sbx,sby,sbz,sbvx,sbvy,sbvz
0,1.0,2456580.0,-1.2645132578146876,2.57027104052987,-0.5287418423587268,-3.5149103676084197,-1.2371352042831534,-0.594236571056839
1,1.0,2456580.0,-1.2645133710006535,2.5702710102156168,-0.5287418944102384,-3.5149102818396214,-1.2371353077204417,-0.5942365912856069
