,mass_1,radius_1,x_1,y_1,z_1,vx_1,vy_1,vz_1,mass_2,radius_2,x_2,y_2,z_2,vx_2,vy_2,vz_2,mass_3,radius_3,x_3,y_3,z_3,vx_3,vy_3,vz_3,mass_4,radius_4,x_4,y_4,z_4,vx_4,vy_4,vz_4,mass_5,radius_5,x_5,y_5,z_5,vx_5,vy_5,vz_5,mass_6,radius_6,x_6,y_6,z_6,vx_6,vy_6,vz_6,mass_7,radius_7,x_7,y_7,z_7,vx_7,vy_7,vz_7,mass_8,radius_8,x_8,y_8,z_8,vx_8,vy_8,vz_8
0,1.660120825375342e-07,1.631393540950981e-08,0.2608630740065271,0.1876841595085759,-0.008597242464290314,-8.018278051689457,8.786813556558617,1.4536029117712246,2.447838287784771e-06,4.045378434654418e-08,-0.07324944746305372,-0.7229167029037535,-0.005681345380925305,7.300375107974159,-0.7730432698511389,-0.43188986911440763,3.040432648020684e-06,4.437104331057835e-07,0.3013778560181881,-0.9709543643863913,3.137743749291441e-05,5.899260557082909,1.8392579818329002,-7.966707003093002e-05,3.2271560375549955e-07,2.270212793877687e-08,-0.1533724510446515,1.575333942407172,0.03677301211147701,-4.893001186932953,-0.06134397372362787,0.11880870152458721,0.0009547919099366768,4.778945025452157e-07,-4.627881663856758,2.734280745836243,0.09220000560574239,-1.4361593064225284,-2.2450037353390857,0.041458820644606785,0.0002858856700231729,4.0286669668487467e-07,-4.549187754763505,-8.883226037995806,0.3355185082940841,1.7016378711257296,-0.9364922471870817,-0.051489559788149716,4.3662496132004074e-05,1.708513622580592e-07,19.08870475346263,5.93286044909235,-0.2251565036604149,-0.4376616259624321,1.3025972834763144,0.01052962133633023,5.151383772628657e-05,1.6553711549585576e-07,27.75249853078696,-11.2902768710889,-0.4070154319216245,0.42353299064914735,1.0665837505028526,-0.031768907711246165
