,flag,epoch,sbx,sby,sbz,sbvx,sbvy,sbvz
0,1,2457640.0,-0.28153477079851197,2.5763969084471197,0.27594549565643695,-3.853645803455036,-0.17353133429514572,0.5440655699060472
