,flag,epoch,sbx,sby,sbz,sbvx,sbvy,sbvz
0,1.0,2454330.0,-1.2163876489182417,2.3793139034102055,-0.09831577007688269,-3.550607035410409,-1.1336768265785726,0.04341860059590991
1,1.0,2454330.0,-1.21638767859566,2.379313864635538,-0.09831549904012278,-3.5506070806651797,-1.1336768328614986,0.04341871611147978
