,mass_1,radius_1,x_1,y_1,z_1,vx_1,vy_1,vz_1,mass_2,radius_2,x_2,y_2,z_2,vx_2,vy_2,vz_2,mass_3,radius_3,x_3,y_3,z_3,vx_3,vy_3,vz_3,mass_4,radius_4,x_4,y_4,z_4,vx_4,vy_4,vz_4,mass_5,radius_5,x_5,y_5,z_5,vx_5,vy_5,vz_5,mass_6,radius_6,x_6,y_6,z_6,vx_6,vy_6,vz_6,mass_7,radius_7,x_7,y_7,z_7,vx_7,vy_7,vz_7,mass_8,radius_8,x_8,y_8,z_8,vx_8,vy_8,vz_8
0,1.660120825375342e-07,1.631393540950981e-08,0.3558587582502473,-0.01317730273628493,-0.0337340341615864,-1.6047728533067633,10.729553762819162,1.023851253234765,2.447838287784771e-06,4.045378434654418e-08,0.7033649028248572,0.1740742991270427,-0.03821565798958668,-1.8013163932595941,7.138004208598286,0.20162589725149527,3.040432648020684e-06,4.437104331057835e-07,0.6277270257190649,0.7650248376529127,-1.028270623116978e-05,-4.960216057271053,3.962810105713605,-4.943200967638883e-05,3.2271560375549955e-07,2.270212793877687e-08,0.9797043816308875,1.093172311304883,-0.001162469468199354,-3.6119651058616817,3.8473697300966045,0.16934799197032788,0.0009547919099366768,4.778945025452157e-07,-4.677759250965999,-2.785633999251272,0.1162392472400786,1.3770763758223605,-2.2403673139451894,-0.02151410363285495,0.0002858856700231729,4.0286669668487467e-07,-5.217687217572903,7.454136575963599,0.07786682281812289,-1.7778045683100536,-1.1748824718686228,0.09118362124361647,4.3662496132004074e-05,1.708513622580592e-07,18.79746411468696,-7.035373759993913,-0.2696112567880981,0.49367271170609095,1.2762268093406628,-0.0016284575454794709,5.151383772628657e-05,1.6553711549585576e-07,21.87524688782027,-20.61599411383671,-0.07960371867115354,0.7795707119559667,0.8388713504648224,-0.03526540411434604
