,flag,epoch,sbx,sby,sbz,sbvx,sbvy,sbvz
0,1.0,2457949.5,17.668727239381823,-26.18558879706742,-13.409473407871495,0.8610934507920938,0.803906117669388,-0.21935412748289154
