,mass_1,radius_1,x_1,y_1,z_1,vx_1,vy_1,vz_1,mass_2,radius_2,x_2,y_2,z_2,vx_2,vy_2,vz_2,mass_3,radius_3,x_3,y_3,z_3,vx_3,vy_3,vz_3,mass_4,radius_4,x_4,y_4,z_4,vx_4,vy_4,vz_4,mass_5,radius_5,x_5,y_5,z_5,vx_5,vy_5,vz_5,mass_6,radius_6,x_6,y_6,z_6,vx_6,vy_6,vz_6,mass_7,radius_7,x_7,y_7,z_7,vx_7,vy_7,vz_7,mass_8,radius_8,x_8,y_8,z_8,vx_8,vy_8,vz_8
0,1.660120825375342e-07,1.631393540950981e-08,-0.3918190378316306,-0.1347312351315567,0.02493714533353706,1.2130292150523305,-9.273751426137444,-0.8690579994118702,2.447838287784771e-06,4.045378434654418e-08,-0.6635212161191616,0.2735719637547301,0.04204026310683784,-2.849309693244341,-6.864437167708818,0.0703022507573467,3.040432648020684e-06,4.437104331057835e-07,0.5704195354805317,-0.8402063441909385,2.857260481794348e-05,5.096558130155977,3.5062053614105695,-0.0001542046309733076,3.2271560375549955e-07,2.270212793877687e-08,0.1962242871159844,-1.425851211150015,-0.03469538092636476,5.256212314033679,1.136585401120454,-0.10518092411450185,0.0009547919099366768,4.778945025452157e-07,-5.443691286937602,0.1181663215065906,0.121318618281283,-0.09285822124165202,-2.6279093586281,0.012990574367443445,0.0002858856700231729,4.0286669668487467e-07,-2.678796859542793,-9.66631283244259,0.2746497982773841,1.8525957991207682,-0.5525181742362977,-0.0641584037226277,4.3662496132004074e-05,1.708513622580592e-07,18.5788712742645,7.281171556595472,-0.2135268377768908,-0.5343253453268226,1.267958732149838,0.011640789722330272,5.151383772628657e-05,1.6553711549585576e-07,28.17472269890882,-10.16323973375159,-0.4400051130733846,0.3817308989590702,1.0828458600206963,-0.03114596934212558
