,flag,epoch,sbx,sby,sbz,sbvx,sbvy,sbvz
0,1.0,2457518.5,-11.154555621005306,38.318128378809305,-2.8850779515455507,-0.9376618593860859,-0.2099598952243154,0.31119632838703665
