,flag,epoch,sbx,sby,sbz,sbvx,sbvy,sbvz
0,1,2457508.5,0.035280312506325795,1.987080771870375,0.7646566024208135,-4.319774077621149,-0.1401640625163081,-1.2202556663548727
