,mass_1,radius_1,x_1,y_1,z_1,vx_1,vy_1,vz_1,mass_2,radius_2,x_2,y_2,z_2,vx_2,vy_2,vz_2,mass_3,radius_3,x_3,y_3,z_3,vx_3,vy_3,vz_3,mass_4,radius_4,x_4,y_4,z_4,vx_4,vy_4,vz_4,mass_5,radius_5,x_5,y_5,z_5,vx_5,vy_5,vz_5,mass_6,radius_6,x_6,y_6,z_6,vx_6,vy_6,vz_6,mass_7,radius_7,x_7,y_7,z_7,vx_7,vy_7,vz_7,mass_8,radius_8,x_8,y_8,z_8,vx_8,vy_8,vz_8
0,1.660120825375342e-07,1.631393540950981e-08,-0.3538311130017204,-0.2584406528213311,0.0113421604389658,3.956120038263466,-7.841716106530523,-1.0037047156332977,2.447838287784771e-06,4.045378434654418e-08,-0.5985844058468155,-0.4038399806867663,0.02900255983706796,4.07964828748979,-6.158956694310402,-0.3199087429441415,3.040432648020684e-06,4.437104331057835e-07,0.2399552667425718,-0.9879748479551973,4.134107185746809e-05,6.004209856451263,1.4594664406678117,-8.551329151892253e-05,3.2271560375549955e-07,2.270212793877687e-08,0.5060094230560037,-1.323200780927446,-0.04014210058497356,4.966737320236429,2.264300727976201,-0.07443586467591859,0.0009547919099366768,4.778945025452157e-07,-3.280097293871121,-4.284587853516866,0.09118921609168502,2.1572460778218976,-1.547005820985363,-0.041845606060527334,0.0002858856700231729,4.0286669668487467e-07,1.026038170566159,-10.0118189529056,0.133183080189343,1.9175734966296403,0.20014348605420548,-0.07979001635072103,4.3662496132004074e-05,1.708513622580592e-07,17.37281316108655,9.667274295064294,-0.1890545606214195,-0.706804746569797,1.1868151480522626,0.013539246081878864,5.151383772628657e-05,1.6553711549585576e-07,28.83921440153886,-8.034201645092713,-0.4992461448776127,0.3024450820355072,1.110074350580898,-0.029861305779532065
