,flag,epoch,sbx,sby,sbz,sbvx,sbvy,sbvz
0,1,2456963.5,-2.7053458032146693,-1.8179893025593783,0.3941364576984629,1.537781339022936,-3.0453762104736253,-0.04380001273224937
