,flag,epoch,sbx,sby,sbz,sbvx,sbvy,sbvz
0,1.0,2452330.0,-2.132539334708786,0.4788864008323821,0.057642179550113366,-1.6272287501077909,-4.078842205954967,0.05429722319544642
1,1.0,2452330.0,-2.132539328078302,0.4788862874787216,0.057642190958585415,-1.6272286659738289,-4.0788423056496175,0.05429707614031312
