,flag,epoch,sbx,sby,sbz,sbvx,sbvy,sbvz
0,1.0,2453100.0,25.862295785856958,40.793627637107996,3.87576509039308,-0.7781977629495233,0.338961458543056,0.2350030587504282
