,mass_1,radius_1,x_1,y_1,z_1,vx_1,vy_1,vz_1,mass_2,radius_2,x_2,y_2,z_2,vx_2,vy_2,vz_2,mass_3,radius_3,x_3,y_3,z_3,vx_3,vy_3,vz_3,mass_4,radius_4,x_4,y_4,z_4,vx_4,vy_4,vz_4,mass_5,radius_5,x_5,y_5,z_5,vx_5,vy_5,vz_5,mass_6,radius_6,x_6,y_6,z_6,vx_6,vy_6,vz_6,mass_7,radius_7,x_7,y_7,z_7,vx_7,vy_7,vz_7,mass_8,radius_8,x_8,y_8,z_8,vx_8,vy_8,vz_8
0,1.660120825375342e-07,1.631393540950981e-08,-0.3054678500448001,0.1669528519395539,0.04167312576444283,-7.037550600886249,-8.58397936521998,-0.055405595754543346,2.447838287784771e-06,4.045378434654418e-08,-0.6283423988123155,0.3465194111282044,0.04100675539142223,-3.5986257690771035,-6.504713499861353,0.11873757185319603,3.040432648020684e-06,4.437104331057835e-07,-0.972167744472782,-0.2338090239737665,2.804806214163612e-06,1.366938183232812,-6.133352419739695,6.076875100783159e-05,3.2271560375549955e-07,2.270212793877687e-08,-0.2452287410580849,1.571502910199946,0.03895119292778502,-4.855737773002708,-0.35383786846219806,0.11187931319547814,0.0009547919099366768,4.778945025452157e-07,-5.264520202992996,1.29457327378885,0.1124308801489891,-0.6928712093640352,-2.5490199716282596,0.026086530984573017,0.0002858856700231729,4.0286669668487467e-07,-2.060291354683851,8.798880256981395,-0.07113737582867936,-2.094117965810138,-0.4710142598941603,0.09148816950893189,4.3662496132004074e-05,1.708513622580592e-07,17.88522101392795,-9.044026062532335,-0.2653132360274443,0.6365598961311256,1.2125464596678839,-0.003697385446208859,5.151383772628657e-05,1.6553711549585576e-07,20.57914199989748,-21.92858058806728,-0.02265612225654944,0.8273201665209843,0.7888039913752611,-0.0353402801755267
