,flag,epoch,sbx,sby,sbz,sbvx,sbvy,sbvz
0,1.0,2457870.0,-2.389025968637376,-0.12581566989618045,0.048526725365550305,0.6512269975106696,-4.042646537066988,0.4427847582084015
1,1.0,2457870.0,-2.389025981965947,-0.1258156625417964,0.04852672209354845,0.6512269794315426,-4.042646520063348,0.44278477519066
