,flag,epoch,sbx,sby,sbz,sbvx,sbvy,sbvz
0,1.0,2456070.0,25.045951015074312,16.004990333695467,1.9368872831908228,-0.7246237803314386,1.0466298335138564,-0.17743032028890937
