,flag,epoch,sbx,sby,sbz,sbvx,sbvy,sbvz
0,1,2457350.0,-2.182204083153078,-2.780569116295644,0.09926395699162198,2.210349403898627,-2.178468283743491,-0.0999793503481927
