,mass_1,radius_1,x_1,y_1,z_1,vx_1,vy_1,vz_1,mass_2,radius_2,x_2,y_2,z_2,vx_2,vy_2,vz_2,mass_3,radius_3,x_3,y_3,z_3,vx_3,vy_3,vz_3,mass_4,radius_4,x_4,y_4,z_4,vx_4,vy_4,vz_4,mass_5,radius_5,x_5,y_5,z_5,vx_5,vy_5,vz_5,mass_6,radius_6,x_6,y_6,z_6,vx_6,vy_6,vz_6,mass_7,radius_7,x_7,y_7,z_7,vx_7,vy_7,vz_7,mass_8,radius_8,x_8,y_8,z_8,vx_8,vy_8,vz_8
0,1.660120825375342e-07,1.631393540950981e-08,-0.003737596825302331,-0.4624290817471023,-0.03744319377031017,8.214732074274757,0.4440033722323256,-0.7173455584393441,2.447838287784771e-06,4.045378434654418e-08,-0.1349024376969076,-0.7136839806180889,-0.002004805392550717,7.209189992343885,-1.4017628115227407,-0.4352433439445737,3.040432648020684e-06,4.437104331057835e-07,-0.6455918084650714,-0.776662847198907,3.517626257370935e-05,4.73021956794228,-4.040408385803217,0.00014503070272699458,3.2271560375549955e-07,2.270212793877687e-08,0.06138115992588113,1.562692975799042,0.03124063544987717,-4.913644913588777,0.6352124891254352,0.1339011050504637,0.0009547919099366768,4.778945025452157e-07,-5.107733111161643,-1.91089582831671,0.12222684096729,0.9334608600865408,-2.4537179701055214,-0.010698393865418728,0.0002858856700231729,4.0286669668487467e-07,-1.191172809150046,-9.983142608657632,0.2209321678704972,1.9130414186379772,-0.2497640535514149,-0.07181158561265749,4.3662496132004074e-05,1.708513622580592e-07,18.12941450187466,8.269254669012298,-0.2040322352659825,-0.6054249454595331,1.2376465905733804,0.012435408140639384,5.151383772628657e-05,1.6553711549585576e-07,28.46317819607827,-9.304820892096476,-0.4643686826577706,0.3499001727365448,1.0943757039083108,-0.030647274466300493
