,flag,epoch,sbx,sby,sbz,sbvx,sbvy,sbvz
0,1.0,2457884.5,42.98522655410007,2.1063709585949955,-1.8202539363551264,-0.0003463680203401654,0.9662506401002678,-0.0011023268638455132
