,flag,epoch,sbx,sby,sbz,sbvx,sbvy,sbvz
0,1.0,2457970.0,-2.30324796643026,1.2049186270618293,-0.23694730657547974,-1.5294398310931676,-3.2667714983700264,-0.15691097466658477
1,1.0,2457970.0,-2.303247954432343,1.2049186102101181,-0.23694732132594984,-1.529439825705293,-3.2667715320021915,-0.15691096221386103
