,flag,epoch,sbx,sby,sbz,sbvx,sbvy,sbvz
0,1.0,2452834.5,-40.09643133410502,9.25453834689254,1.4377289445302444,0.047141996900318374,-0.9478424532268833,0.37410985245716544
