,flag,epoch,sbx,sby,sbz,sbvx,sbvy,sbvz
0,1.0,2457455.5,19.49698658120508,-25.929511465508583,-13.694047821461767,1.0954380426195192,0.715705348127764,-0.4822888482171114
