,flag,epoch,sbx,sby,sbz,sbvx,sbvy,sbvz
0,1.0,2457450.0,-1.8744732317502488,1.3284844796529693,0.03516748883767182,-2.146914445976157,-3.591498398387514,0.49363087980260484
1,1.0,2457450.0,-1.8744732733193539,1.328484529900145,0.035167497863401564,-2.1469144089463033,-3.591498277298918,0.49363094185632883
