,flag,epoch,sbx,sby,sbz,sbvx,sbvy,sbvz
0,1.0,2458219.5,26.50869079234911,-39.15018464273402,-9.035230048603662,0.6994302572390892,0.49467137353559515,-0.27840465459703556
