,mass_1,radius_1,x_1,y_1,z_1,vx_1,vy_1,vz_1,mass_2,radius_2,x_2,y_2,z_2,vx_2,vy_2,vz_2,mass_3,radius_3,x_3,y_3,z_3,vx_3,vy_3,vz_3,mass_4,radius_4,x_4,y_4,z_4,vx_4,vy_4,vz_4,mass_5,radius_5,x_5,y_5,z_5,vx_5,vy_5,vz_5,mass_6,radius_6,x_6,y_6,z_6,vx_6,vy_6,vz_6,mass_7,radius_7,x_7,y_7,z_7,vx_7,vy_7,vz_7,mass_8,radius_8,x_8,y_8,z_8,vx_8,vy_8,vz_8
0,1.660120825375342e-07,1.631393540950981e-08,-0.3879993220990416,-0.1583183070766143,0.0226604018447644,1.7574940349582784,-9.069141609884412,-0.902284416330103,2.447838287784771e-06,4.045378434654418e-08,-0.3874040176262083,-0.6122266812442375,0.01396159051309586,6.19166920253863,-3.984109589955643,-0.4119237184423054,3.040432648020684e-06,4.437104331057835e-07,-0.6765693162921671,0.7165906556010136,-2.274525043897058e-05,-4.671497550402439,-4.337571826070272,0.0001778210398745168,3.2271560375549955e-07,2.270212793877687e-08,-1.619682234712986,-0.2509236313858741,0.03449293378046584,0.9729377665036983,-4.614366872152159,-0.12057486414054971,0.0009547919099366768,4.778945025452157e-07,-5.246913626850747,1.362126078208371,0.1117497112568903,-0.7260975500950204,-2.5400846284481178,0.026794055056098685,0.0002858856700231729,4.0286669668487467e-07,-3.55292239609068,-9.358550661796567,0.3041062492821422,1.7934556418393186,-0.7313740828889728,-0.058705278302134276,4.3662496132004074e-05,1.708513622580592e-07,18.82438930361436,6.669623709580931,-0.2189850045003799,-0.4904596895550329,1.2845700286100734,0.011139681471566432,5.151383772628657e-05,1.6553711549585576e-07,27.98723240314747,-10.68031610191979,-0.4250125147806343,0.40088185091831596,1.0755211089618444,-0.031437159234799346
