,mass_1,radius_1,x_1,y_1,z_1,vx_1,vy_1,vz_1,mass_2,radius_2,x_2,y_2,z_2,vx_2,vy_2,vz_2,mass_3,radius_3,x_3,y_3,z_3,vx_3,vy_3,vz_3,mass_4,radius_4,x_4,y_4,z_4,vx_4,vy_4,vz_4,mass_5,radius_5,x_5,y_5,z_5,vx_5,vy_5,vz_5,mass_6,radius_6,x_6,y_6,z_6,vx_6,vy_6,vz_6,mass_7,radius_7,x_7,y_7,z_7,vx_7,vy_7,vz_7,mass_8,radius_8,x_8,y_8,z_8,vx_8,vy_8,vz_8
0,1.660120825375342e-07,1.631393540950981e-08,-0.1100166325641365,0.2945688421830462,0.0341627247124725,-11.690130721690979,-3.21333786537976,0.8099112105733703,2.447838287784771e-06,4.045378434654418e-08,-0.4291028156032219,0.5753330106753015,0.03265039206343051,-5.947234285325697,-4.457072953223785,0.28208064381473885,3.040432648020684e-06,4.437104331057835e-07,0.2809760520889416,-0.9770978503628739,3.498745735065976e-05,5.936744430545378,1.7132079957686048,-9.036101520314029e-05,3.2271560375549955e-07,2.270212793877687e-08,-0.07905662838128555,-1.459562917458432,-0.02864583710768802,5.2964291249647655,0.16323199404313013,-0.1265654342606276,0.0009547919099366768,4.778945025452157e-07,-5.437059082078507,0.2548137728127953,0.1206027514625744,-0.1621307129887189,-2.6255339694224142,0.014531408049073546,0.0002858856700231729,4.0286669668487467e-07,-2.775022188160032,-9.637060131939396,0.2779726143311793,1.8469819633678233,-0.5721615852192411,-0.06359392273010098,4.3662496132004074e-05,1.708513622580592e-07,18.6065433676196,7.215164671337451,-0.2141310063475566,-0.5295925650881379,1.269830872892291,0.011587905721833127,5.151383772628657e-05,1.6553711549585576e-07,28.15481128867899,-10.21954812496552,-0.4383841135022515,0.3838104378549543,1.0820643897974258,-0.0311771500998447
