,flag,epoch,sbx,sby,sbz,sbvx,sbvy,sbvz
0,1.0,2457600.0,1.1705450672957403,-2.06552880984379,-0.0551141406819669,3.2618020442342814,2.40771259245795,0.40585751712625184
1,1.0,2457600.0,1.170545089554606,-2.0655288163100787,-0.055114126204095885,3.261802019734369,2.4077125794831296,0.40585751381149043
