,mass_1,radius_1,x_1,y_1,z_1,vx_1,vy_1,vz_1,mass_2,radius_2,x_2,y_2,z_2,vx_2,vy_2,vz_2,mass_3,radius_3,x_3,y_3,z_3,vx_3,vy_3,vz_3,mass_4,radius_4,x_4,y_4,z_4,vx_4,vy_4,vz_4,mass_5,radius_5,x_5,y_5,z_5,vx_5,vy_5,vz_5,mass_6,radius_6,x_6,y_6,z_6,vx_6,vy_6,vz_6,mass_7,radius_7,x_7,y_7,z_7,vx_7,vy_7,vz_7,mass_8,radius_8,x_8,y_8,z_8,vx_8,vy_8,vz_8
0,1.660120825375342e-07,1.631393540950981e-08,0.2806586927795469,-0.3090533709922344,-0.05100116811156029,5.566502263424394,7.399421770776114,0.09396075473796069,2.447838287784771e-06,4.045378434654418e-08,0.6968602095584123,-0.2043593984039579,-0.04301660133994918,2.040014472398613,7.056347268309987,-0.020927158214049814,3.040432648020684e-06,4.437104331057835e-07,-0.7985048897833342,0.5806447357563427,-2.127132051473009e-05,-3.7978218233905534,-5.105734557109977,0.00023053276394692567,3.2271560375549955e-07,2.270212793877687e-08,-1.320129419522332,-0.8856114300309513,0.0138406994213437,3.038947469971605,-3.8077064721401768,-0.15436674731291333,0.0009547919099366768,4.778945025452157e-07,-4.056656424883732,-3.600944411346577,0.1057261151622517,1.798052386542075,-1.9331451975404215,-0.03220526411076494,0.0002858856700231729,4.0286669668487467e-07,0.2730276526389021,-10.06028368378625,0.1639932775373731,1.9272022794353585,0.047346462306084344,-0.0775243978165183,4.3662496132004074e-05,1.708513622580592e-07,17.64288944279291,9.199042423152516,-0.194284315060654,-0.6727640095665817,1.2049653458058998,0.013173121240287945,5.151383772628657e-05,1.6553711549585576e-07,28.71762874280574,-8.467803697107088,-0.4875015858433409,0.31866133174339534,1.1049228616446196,-0.030135059318697137
