,flag,epoch,sbx,sby,sbz,sbvx,sbvy,sbvz
0,1.0,2457510.5,-33.76225662992,18.72011521461591,-9.66246775920405,-0.2913436581134399,-1.0843550733712162,0.1280125092871054
