,flag,epoch,sbx,sby,sbz,sbvx,sbvy,sbvz
0,1.0,2457060.0,-2.3494447193925634,-0.07167833870300744,-0.020360237005177556,0.8755551600473791,-3.874319492833906,-0.4082006593738118
1,1.0,2457060.0,-2.3494447580821736,-0.07167837508911057,-0.02036023781825902,0.8755551693518403,-3.874319420508662,-0.4082006640349598
