,mass_1,radius_1,x_1,y_1,z_1,vx_1,vy_1,vz_1,mass_2,radius_2,x_2,y_2,z_2,vx_2,vy_2,vz_2,mass_3,radius_3,x_3,y_3,z_3,vx_3,vy_3,vz_3,mass_4,radius_4,x_4,y_4,z_4,vx_4,vy_4,vz_4,mass_5,radius_5,x_5,y_5,z_5,vx_5,vy_5,vz_5,mass_6,radius_6,x_6,y_6,z_6,vx_6,vy_6,vz_6,mass_7,radius_7,x_7,y_7,z_7,vx_7,vy_7,vz_7,mass_8,radius_8,x_8,y_8,z_8,vx_8,vy_8,vz_8
0,1.660120825375342e-07,1.631393540950981e-08,0.1423023218182724,-0.4240222593126496,-0.04770178184737559,7.682654497342595,3.7907501038402813,-0.3951370365108633,2.447838287784771e-06,4.045378434654418e-08,0.6912484633475058,0.2164507737062461,-0.03692527117939762,-2.2331604229078033,7.017446740059753,0.225050085320626,3.040432648020684e-06,4.437104331057835e-07,0.09026817423594197,-1.012496655142685,3.256036949103692e-05,6.157035655446721,0.5344721758197868,-3.26963309794277e-05,3.2271560375549955e-07,2.270212793877687e-08,-0.8312361662167248,-1.287576843964685,-0.006575333514944392,4.487197210965038,-2.333828699486184,-0.15904015319286244,0.0009547919099366768,4.778945025452157e-07,-2.58166995189659,4.578985358645943,0.03875219700167631,-2.436234321735668,-1.2244998984689464,0.059600867188762806,0.0002858856700231729,4.0286669668487467e-07,-6.200215656580308,-7.732100749111774,0.3812665865941435,1.4769834313076895,-1.281191493663043,-0.036556130522835496,4.3662496132004074e-05,1.708513622580592e-07,19.49138820571681,4.569902606742516,-0.2354619221062435,-0.3401454360619481,1.3303104138339596,0.009375573022730484,5.151383772628657e-05,1.6553711549585576e-07,27.29307278527194,-12.38532377797259,-0.373839152945929,0.46432747255177265,1.0494820212674156,-0.0323396139696334
