,flag,epoch,sbx,sby,sbz,sbvx,sbvy,sbvz
0,1.0,2457332.5,-35.05725030905225,16.85091123746286,-5.21431347933593,-0.18333382155050967,-1.1060233155122428,-0.31453309011794095
