,flag,epoch,sbx,sby,sbz,sbvx,sbvy,sbvz
0,1.0,2458057.5,14.115738843441232,11.517192805870195,3.394518182892973,-1.1117448562219991,0.7641664920138507,-0.11387304700499411
