,flag,epoch,sbx,sby,sbz,sbvx,sbvy,sbvz
0,1.0,2457590.0,-1.5577014311096602,-1.7501866106837054,0.08945842029433351,3.3670732913641035,-2.2865942898346456,-0.5187205212682301
1,1.0,2457590.0,-1.5577014193967151,-1.7501866137565731,0.08945841993491987,3.3670733025194,-2.2865942949814717,-0.5187205253871751
