,flag,epoch,sbx,sby,sbz,sbvx,sbvy,sbvz
0,1,2457385.5,-3.0061091450147472,-0.9136463126051788,-0.6812400626995403,1.1199090853486986,-3.2670494559685728,-1.00763426339706
