,flag,epoch,sbx,sby,sbz,sbvx,sbvy,sbvz
0,1.0,2457510.0,1.9293149070873046,-0.7565135587670129,-0.1197731861076909,1.3670359964747314,4.3737824958616525,-0.5136341091318308
1,1.0,2457510.0,1.9293149083474712,-0.7565135665437543,-0.11977317334747042,1.3670360034223843,4.373782481586216,-0.5136341124076982
