,flag,epoch,sbx,sby,sbz,sbvx,sbvy,sbvz
0,1,2458538.5,39.335450448844185,18.472171162944488,20.427463413617954,-0.4588759448885093,0.7201346940580264,0.03655035646299347
