,flag,epoch,sbx,sby,sbz,sbvx,sbvy,sbvz
0,1.0,2456778.5,43.672944324887055,11.145361046846594,-1.3924750840299585,-0.2945688364355085,0.8796741887740089,0.016159294112656285
