,flag,epoch,sbx,sby,sbz,sbvx,sbvy,sbvz
0,1.0,2454535.5,-37.36186769398704,24.52231833985656,0.7533252359605075,-0.49140030755585856,-0.787853173017254,0.004696323591086161
