,flag,epoch,sbx,sby,sbz,sbvx,sbvy,sbvz
0,1.0,2457490.0,-1.6377115737569448,-1.8336608508480627,0.09488928810614305,2.7083985756861337,-2.637193810305177,-0.3188645734413743
1,1.0,2457490.0,-1.6377115771267396,-1.833660955790805,0.09488917209886034,2.708398476045024,-2.637193704927755,-0.3188646465822063
