,mass_1,radius_1,x_1,y_1,z_1,vx_1,vy_1,vz_1,mass_2,radius_2,x_2,y_2,z_2,vx_2,vy_2,vz_2,mass_3,radius_3,x_3,y_3,z_3,vx_3,vy_3,vz_3,mass_4,radius_4,x_4,y_4,z_4,vx_4,vy_4,vz_4,mass_5,radius_5,x_5,y_5,z_5,vx_5,vy_5,vz_5,mass_6,radius_6,x_6,y_6,z_6,vx_6,vy_6,vz_6,mass_7,radius_7,x_7,y_7,z_7,vx_7,vy_7,vz_7,mass_8,radius_8,x_8,y_8,z_8,vx_8,vy_8,vz_8
0,1.660120825375342e-07,1.631393540950981e-08,-0.0262117246520269,-0.4629609030791084,-0.03542485508447024,8.198598157368291,-0.05501475373961009,-0.7566417476387524,2.447838287784771e-06,4.045378434654418e-08,-0.1545854900246341,-0.7095710529445818,-0.0008125532674509277,7.1683510975237965,-1.6025525913883867,-0.43564079895479174,3.040432648020684e-06,4.437104331057835e-07,-0.6584490804292864,-0.7654897679408519,3.477423571095763e-05,4.6617849004806535,-4.121339770424372,0.00014864304312509093,3.2271560375549955e-07,2.270212793877687e-08,0.07483144004248,1.560893423493238,0.03087283022744901,-4.911720584404308,0.6793692021651008,0.134779219212004,0.0009547919099366768,4.778945025452157e-07,-5.110284125803799,-1.904176172086421,0.1222560200479218,0.9300550615246916,-2.4549901539389625,-0.010616921388358258,0.0002858856700231729,4.0286669668487467e-07,-1.196410253412193,-9.982457334838845,0.2211287450004351,1.9129115176427418,-0.2508284598541809,-0.07178800405236313,4.3662496132004074e-05,1.708513622580592e-07,18.13107173070783,8.265866025758045,-0.2040662778444124,-0.6051807179466906,1.2377573004474098,0.012432695540385523,5.151383772628657e-05,1.6553711549585576e-07,28.46222006956484,-9.3078170750082,-0.4642847725375103,0.3500112407258821,1.0943359129120318,-0.030649068117411395
