,flag,epoch,sbx,sby,sbz,sbvx,sbvy,sbvz
0,1.0,2458832.5,35.92243263302481,10.2260638083898,-15.618572384308916,-0.34463760436126306,1.0813706378680237,0.1780185962565184
