,flag,epoch,sbx,sby,sbz,sbvx,sbvy,sbvz
0,1.0,2457500.0,-1.246907344832097,2.2526863972609323,-0.16467134680844642,-3.2544068532851194,-1.6040031606611955,0.34090726076118566
1,1.0,2457500.0,-1.246907346879225,2.2526863884598076,-0.16467134446011894,-3.2544068583473984,-1.604003180666913,0.3409072652469352
