,flag,epoch,sbx,sby,sbz,sbvx,sbvy,sbvz
0,1.0,2457710.0,1.597518203441787,-1.677205545415762,-0.2132528350520322,2.6341407588744548,3.119817768334537,-0.34806442430492335
1,1.0,2457710.0,1.5975181901314126,-1.6772055266741004,-0.21325280286119236,2.634140788372391,3.1198178075270637,-0.3480644165812096
