,flag,epoch,sbx,sby,sbz,sbvx,sbvy,sbvz
0,1,2457470.0,-0.20058326099749946,-2.410887372634252,0.38780187860990734,4.082324719905803,0.5391384258023165,0.43793703404133705
