,flag,epoch,sbx,sby,sbz,sbvx,sbvy,sbvz
0,1.0,2457920.0,1.6307661067938457,1.6127580505969896,0.1772480053498751,-2.545670182537823,3.3451811419613233,0.3690882496622707
1,1.0,2457920.0,1.63076609789974,1.6127580488989797,0.17724802130477324,-2.545670196954352,3.345181142395522,0.3690882815501737
