,flag,epoch,sbx,sby,sbz,sbvx,sbvy,sbvz
0,1.0,2457437.5,-1.0395863020707574,-1.5651520570304835,0.0994594543163079,4.439182693397865,-2.2975847226178012,0.3770763555288248
