,flag,epoch,sbx,sby,sbz,sbvx,sbvy,sbvz
0,1.0,2457555.5,41.558801763840194,6.20982027818345,1.0829420463351798,-0.4371667189023405,1.0416691992169862,-0.20243170154662746
