,flag,epoch,sbx,sby,sbz,sbvx,sbvy,sbvz
0,1.0,2457940.0,1.8617515432787852,-0.8426739268235661,-0.1496897484252089,2.1418920405240582,4.085736168869849,-0.5125439874658235
1,1.0,2457940.0,1.8617515151097517,-0.8426739369087742,-0.14968974931218135,2.1418920724405286,4.0857361965934125,-0.5125439843047079
