,flag,epoch,sbx,sby,sbz,sbvx,sbvy,sbvz
0,1.0,2457740.0,2.0358430514140724,1.2136918814744806,-0.04642686857229826,-1.6861097897507662,3.5986159680717864,-0.43579160197608563
1,1.0,2457740.0,2.0358430502221543,1.2136918639212741,-0.04642687934291431,-1.6861097895245576,3.5986159872166974,-0.4357915627651816
