,flag,epoch,sbx,sby,sbz,sbvx,sbvy,sbvz
0,1.0,2457830.0,-25.692991885081025,23.997132052692628,15.450308597320678,-0.8478830597551561,-0.5997710676210322,-0.18611869149693075
