,flag,epoch,sbx,sby,sbz,sbvx,sbvy,sbvz
0,1.0,2458029.5,-1.9968028072952815,1.3478318362472472,-0.0029005707489519594,-2.8508631511267932,-2.9363306368648128,0.23689095074473782
