,flag,epoch,sbx,sby,sbz,sbvx,sbvy,sbvz
0,1.0,2457250.0,-0.14930107994557384,-2.5918481938815066,0.44503135500034424,3.9351340668872603,0.47280955601968777,0.11081842464837975
