,flag,epoch,sbx,sby,sbz,sbvx,sbvy,sbvz
0,1.0,2457290.0,17.280510264274895,24.243537962001653,-8.845810064968171,-0.9674298285382675,0.6412483668216353,-0.4400259845009185
