,mass_1,radius_1,x_1,y_1,z_1,vx_1,vy_1,vz_1,mass_2,radius_2,x_2,y_2,z_2,vx_2,vy_2,vz_2,mass_3,radius_3,x_3,y_3,z_3,vx_3,vy_3,vz_3,mass_4,radius_4,x_4,y_4,z_4,vx_4,vy_4,vz_4,mass_5,radius_5,x_5,y_5,z_5,vx_5,vy_5,vz_5,mass_6,radius_6,x_6,y_6,z_6,vx_6,vy_6,vz_6,mass_7,radius_7,x_7,y_7,z_7,vx_7,vy_7,vz_7,mass_8,radius_8,x_8,y_8,z_8,vx_8,vy_8,vz_8
0,1.660120825375342e-07,1.631393540950981e-08,0.3517575366785531,0.009623358202382077,-0.03149299203227515,-2.265612161485551,10.732505194031662,1.0847352758301536,2.447838287784771e-06,4.045378434654418e-08,-0.6534269649988497,-0.3050152842433917,0.03353696627932371,3.0741157775345895,-6.728381471061276,-0.2695178405525302,3.040432648020684e-06,4.437104331057835e-07,-0.3934223649112916,0.9014270119596761,-1.571712700090862e-05,-5.861883320208286,-2.5371501739785036,5.888307977036156e-05,3.2271560375549955e-07,2.270212793877687e-08,-0.3443907261790854,1.560759652515819,0.04115683801359987,-4.797664652855043,-0.6675446580430238,0.1038481465360453,0.0009547919099366768,4.778945025452157e-07,0.2488070788664228,-5.236883657252752,0.0161722312415352,2.7214235494444985,0.2612862561626105,-0.06198395422698273,0.0002858856700231729,4.0286669668487467e-07,-8.29942948929615,4.120617572676111,0.258554432080879,-1.0132158255234909,-1.829623819083418,0.0722018000136642,4.3662496132004074e-05,1.708513622580592e-07,19.65114271811014,-4.194275064365628,-0.2700968711312572,0.29138377211371896,1.337851556099353,0.0011877327499586758,5.151383772628657e-05,1.6553711549585576e-07,23.49193817981492,-18.72530699295282,-0.1558175293941002,0.7093300245163703,0.9032217913769478,-0.0349381242567323
