,flag,epoch,sbx,sby,sbz,sbvx,sbvy,sbvz
0,1.0,2458262.5,1.771559065917485,2.1409943387766783,-0.675958377818019,-3.0934038705911377,1.9233439347926875,-0.018896128160228422
