,flag,epoch,sbx,sby,sbz,sbvx,sbvy,sbvz
0,1,2457736.5,27.644370960208356,23.136830035837416,-9.32299948591568,-0.6278939358138733,0.7805585351637644,0.41306155859751276
