,mass_1,radius_1,x_1,y_1,z_1,vx_1,vy_1,vz_1,mass_2,radius_2,x_2,y_2,z_2,vx_2,vy_2,vz_2,mass_3,radius_3,x_3,y_3,z_3,vx_3,vy_3,vz_3,mass_4,radius_4,x_4,y_4,z_4,vx_4,vy_4,vz_4,mass_5,radius_5,x_5,y_5,z_5,vx_5,vy_5,vz_5,mass_6,radius_6,x_6,y_6,z_6,vx_6,vy_6,vz_6,mass_7,radius_7,x_7,y_7,z_7,vx_7,vy_7,vz_7,mass_8,radius_8,x_8,y_8,z_8,vx_8,vy_8,vz_8
0,1.660120825375342e-07,1.631393540950981e-08,0.3514734786734591,-0.1535605061386792,-0.0447942998295476,2.108684011914848,9.88192970857581,0.6139581248201662,2.447838287784771e-06,4.045378434654418e-08,-0.1249935056159384,-0.7155264359682646,-0.002592889925022208,7.227726209169834,-1.3004573280185001,-0.4349340422081441,3.040432648020684e-06,4.437104331057835e-07,-0.9177447364835919,-0.4043047221280441,1.547913644537212e-05,2.43127198459405,-5.774176992809011,0.00018024420020840428,3.2271560375549955e-07,2.270212793877687e-08,-1.508517992301406,-0.5824832966632467,0.0248228131109293,2.0324203762192874,-4.331167435990231,-0.14063893630061794,0.0009547919099366768,4.778945025452157e-07,-2.074539809708955,4.800939790690064,0.02648252010131132,-2.5656072370185634,-0.9638347202723906,0.061412136321160514,0.0002858856700231729,4.0286669668487467e-07,-6.49420137252806,-7.466187568027161,0.3883535774421588,1.4246833265177925,-1.3434873333066313,-0.0333915482122512,4.3662496132004074e-05,1.708513622580592e-07,19.55834300624297,4.299908592681896,-0.2373376622398503,-0.3208041633171661,1.334922115468805,0.009141003761514974,5.151383772628657e-05,1.6553711549585576e-07,27.19819093963108,-12.59759415338324,-0.3672760152262629,0.47229953329319685,1.0459596852930408,-0.03244860928456032
