,flag,epoch,sbx,sby,sbz,sbvx,sbvy,sbvz
0,1.0,2456837.5,-36.99102409516563,-25.584939716869883,2.051614959944379,0.8540731831880614,-0.6019635478291963,0.6321457972286598
