,flag,epoch,sbx,sby,sbz,sbvx,sbvy,sbvz
0,1,2457158.5,1.9919402691929142,-2.178145679866644,-0.27316852364494604,2.376849260182946,2.6259822919600664,-0.02744920115571194
