,flag,epoch,sbx,sby,sbz,sbvx,sbvy,sbvz
0,1.0,2457414.5,36.43349005280739,7.759417866199751,1.543791581624162,-0.31664257640365795,1.0551840062206073,-0.004260261980566223
