,flag,epoch,sbx,sby,sbz,sbvx,sbvy,sbvz
0,1,2456990.5,-2.0143552831917737,1.7511428297156493,-0.16901919569634516,-2.225263646095971,-2.631245120583282,-0.021061117164123514
