,flag,epoch,sbx,sby,sbz,sbvx,sbvy,sbvz
0,1.0,2452850.0,-30.590639535013345,-32.92587877154624,1.0040859663310786,0.7540641561783178,-0.576001535158532,0.017449717180735236
