,mass_1,radius_1,x_1,y_1,z_1,vx_1,vy_1,vz_1,mass_2,radius_2,x_2,y_2,z_2,vx_2,vy_2,vz_2,mass_3,radius_3,x_3,y_3,z_3,vx_3,vy_3,vz_3,mass_4,radius_4,x_4,y_4,z_4,vx_4,vy_4,vz_4,mass_5,radius_5,x_5,y_5,z_5,vx_5,vy_5,vz_5,mass_6,radius_6,x_6,y_6,z_6,vx_6,vy_6,vz_6,mass_7,radius_7,x_7,y_7,z_7,vx_7,vy_7,vz_7,mass_8,radius_8,x_8,y_8,z_8,vx_8,vy_8,vz_8
0,1.660120825375342e-07,1.631393540950981e-08,0.06579491130582073,0.2998052544581614,0.01845972668600866,-12.09754313382425,2.5859248118906004,1.3212237434166352,2.447838287784771e-06,4.045378434654418e-08,0.2508015339250868,-0.6828890106578005,-0.02383267344312538,6.884908211364529,2.5221191173172244,-0.36276126382196044,3.040432648020684e-06,4.437104331057835e-07,-0.7455488067921042,-0.6783253352241545,2.389295213931554e-05,4.126821545735356,-4.671554835400985,0.00014044609398383923,3.2271560375549955e-07,2.270212793877687e-08,-1.384019993704552,-0.7994001755110294,0.01722182811274351,2.7481445949866936,-3.9888425211926823,-0.1510338654768863,0.0009547919099366768,4.778945025452157e-07,-2.207209605362914,4.749016802543783,0.02966685272128974,-2.5349013240730014,-1.0322988246136124,0.0610096926706893,0.0002858856700231729,4.0286669668487467e-07,-6.419733844778646,-7.535663908560772,0.3865952434510284,1.4383675691538493,-1.3276742931948224,-0.03421102459845855,4.3662496132004074e-05,1.708513622580592e-07,19.54152581589362,4.369320097339543,-0.2368605831904847,-0.3257725739869002,1.3337641166984366,0.009201369181374474,5.151383772628657e-05,1.6553711549585576e-07,27.22270649020647,-12.54316049581347,-0.3689632418198109,0.47025796772293615,1.046870058000905,-0.03242083420568248
