,mass_1,radius_1,x_1,y_1,z_1,vx_1,vy_1,vz_1,mass_2,radius_2,x_2,y_2,z_2,vx_2,vy_2,vz_2,mass_3,radius_3,x_3,y_3,z_3,vx_3,vy_3,vz_3,mass_4,radius_4,x_4,y_4,z_4,vx_4,vy_4,vz_4,mass_5,radius_5,x_5,y_5,z_5,vx_5,vy_5,vz_5,mass_6,radius_6,x_6,y_6,z_6,vx_6,vy_6,vz_6,mass_7,radius_7,x_7,y_7,z_7,vx_7,vy_7,vz_7,mass_8,radius_8,x_8,y_8,z_8,vx_8,vy_8,vz_8
0,1.660120825375342e-07,1.631393540950981e-08,-0.3834233726808117,-0.178886786302893,0.0205571350283524,2.2232910849940533,-8.865736626905173,-0.9284111045867462,2.447838287784771e-06,4.045378434654418e-08,0.7103870328353566,-0.149682996014917,-0.04304710175855306,1.4863131902877282,7.195690266554562,0.012942882786041148,3.040432648020684e-06,4.437104331057835e-07,0.9981277742408282,0.08835843051392284,-7.818439872795064e-06,-0.6564304723665756,6.235868300390303,-0.0002681377865172182,3.2271560375549955e-07,2.270212793877687e-08,1.326909776377789,-0.385869803674243,-0.04064505808665174,1.6220871445552307,5.344648543102914,0.07219031833247896,0.0009547919099366768,4.778945025452157e-07,-2.760019921437446,-4.612773589662998,0.08091508333663561,2.3340597389538202,-1.2864607071032677,-0.046883025194813466,0.0002858856700231729,4.0286669668487467e-07,1.468455475162276,-9.95510524437186,0.1145915153948083,1.906425526630177,0.2900621744910019,-0.08090529635763061,4.3662496132004074e-05,1.708513622580592e-07,17.20698279456952,9.940566411952059,-0.1858975241532577,-0.7267880440021758,1.1757240452567428,0.013753214338939251,5.151383772628657e-05,1.6553711549585576e-07,28.90806540953344,-7.777036657674917,-0.5061352925176965,0.29274410996544714,1.1130875327285374,-0.029694241295658678
