,flag,epoch,sbx,sby,sbz,sbvx,sbvy,sbvz
0,1.0,2458390.0,-28.248994612257967,-47.625473519993946,-5.2808133013955505,0.7743283944523026,-0.2397638304165048,-0.10311919283176815
