,flag,epoch,sbx,sby,sbz,sbvx,sbvy,sbvz
0,1.0,2457080.0,-0.8436301664845687,1.9874332024003651,-0.5253465061955812,-4.280252271758089,-1.6810644427544423,0.15760144547005706
