,flag,epoch,sbx,sby,sbz,sbvx,sbvy,sbvz
0,1,2456836.5,-2.569030523342404,1.5217523609453611,-0.026081766823709145,-1.2574563363062201,-3.4713790930108135,-0.5776575366080499
