,flag,epoch,sbx,sby,sbz,sbvx,sbvy,sbvz
0,1.0,2457505.5,20.66936858548889,28.681411250553946,0.39278065998421674,-0.6476657214452872,0.9576690819995824,0.2581643701514847
