,flag,epoch,sbx,sby,sbz,sbvx,sbvy,sbvz
0,1.0,2456700.5,-29.804556586850932,-23.36697178260138,1.5861078554471404,0.45750572720875204,-0.9133500237418808,0.19448595057468437
