,mass_1,radius_1,x_1,y_1,z_1,vx_1,vy_1,vz_1,mass_2,radius_2,x_2,y_2,z_2,vx_2,vy_2,vz_2,mass_3,radius_3,x_3,y_3,z_3,vx_3,vy_3,vz_3,mass_4,radius_4,x_4,y_4,z_4,vx_4,vy_4,vz_4,mass_5,radius_5,x_5,y_5,z_5,vx_5,vy_5,vz_5,mass_6,radius_6,x_6,y_6,z_6,vx_6,vy_6,vz_6,mass_7,radius_7,x_7,y_7,z_7,vx_7,vy_7,vz_7,mass_8,radius_8,x_8,y_8,z_8,vx_8,vy_8,vz_8
0,1.660120825375342e-07,1.631393540950981e-08,-0.3559720222002077,-0.2541582442877575,0.01189992069894716,3.865321051561513,-7.906911993615116,-1.0006869138679522,2.447838287784771e-06,4.045378434654418e-08,-0.3150260358718335,0.6453174365296775,0.02701445040223009,-6.663707231822388,-3.2822409492561033,0.3396509372243893,3.040432648020684e-06,4.437104331057835e-07,-0.7912260918909435,0.5902438408064816,-9.004463373258106e-06,-3.8599474157752436,-5.060419708256289,0.00010590562101588341,3.2271560375549955e-07,2.270212793877687e-08,0.5586755462020129,-1.297711223818507,-0.04090901639034181,4.888154570563311,2.4600223383297632,-0.06849970857501027,0.0009547919099366768,4.778945025452157e-07,2.987715165248278,-4.132371356325537,-0.04970320660115937,2.201277928776607,1.7473389727149713,-0.05651370686298843,0.0002858856700231729,4.0286669668487467e-07,-9.14738716973858,2.046620445477198,0.3284435950632945,-0.5523998433965934,-1.9917210963094403,0.0566937879663199,4.3662496132004074e-05,1.708513622580592e-07,19.90966301139049,-2.737984390298387,-0.2680491124962956,0.1869192494901471,1.3574234786496218,0.0026056920564212853,5.151383772628657e-05,1.6553711549585576e-07,24.23775873229546,-17.73331944630822,-0.1934111210762077,0.6713334212739144,0.9333208378362203,-0.0346609972091647
