,flag,epoch,sbx,sby,sbz,sbvx,sbvy,sbvz
0,1,2456800.0,-1.4397995577383997,2.6462834877644004,0.5676894418790229,-3.3699465576483787,-1.1587879909848349,-0.5655552543770563
