,flag,epoch,sbx,sby,sbz,sbvx,sbvy,sbvz
0,1.0,2457887.5,2.7927533960175444,6.214875305021845,-1.2930061790040979,-2.164745942302708,1.0189350944253728,0.8733066639456665
