,flag,epoch,sbx,sby,sbz,sbvx,sbvy,sbvz
0,1.0,2458035.5,1.850152303809322,-0.08511061817151239,0.2553419504715402,0.146496073796159,-5.752959804490701,2.995463259692438
