,flag,epoch,sbx,sby,sbz,sbvx,sbvy,sbvz
0,1.0,2456170.0,2.9939134202335773,-0.299131189111588,0.07156309206348227,0.47249743560348195,3.604943039548385,0.6741880178562377
1,1.0,2456170.0,2.9939134024563354,-0.2991313140539791,0.0715630105213893,0.472497591962246,3.6049430119710633,0.6741880963079666
