,flag,epoch,sbx,sby,sbz,sbvx,sbvy,sbvz
0,1.0,2454921.5,-28.614272086376605,24.70797432392616,-0.1726120809629914,-0.7649084180749277,-0.785442238338165,-0.15025920770294593
