,flag,epoch,sbx,sby,sbz,sbvx,sbvy,sbvz
0,1,2457430.0,1.2769649004829906,1.293642791271191,0.1019583944845259,-3.523147237959476,3.6042977658414883,0.5990830946341511
