,flag,epoch,sbx,sby,sbz,sbvx,sbvy,sbvz
0,1.0,2457800.0,-1.0055277244555223,1.9578602057590668,-0.17094611861680464,-3.923229263537669,-1.911700573413873,-0.2727330498670918
1,1.0,2457800.0,-1.0055276637990005,1.9578602373788823,-0.1709460853105595,-3.923229299168983,-1.9117004883803361,-0.2727331272839191
