,flag,epoch,sbx,sby,sbz,sbvx,sbvy,sbvz
0,1.0,2457110.0,0.1606725582122191,-2.5414694697839497,-0.2710922325520807,3.9489938057636564,0.9794047611415657,-0.28664290221225375
1,1.0,2457110.0,0.16067246570908056,-2.541469373720533,-0.2710921948450101,3.9489939659024667,0.9794047498660687,-0.286642947646259
