,flag,epoch,sbx,sby,sbz,sbvx,sbvy,sbvz
0,1.0,2454760.0,1.88372194901372,-1.9299015551995444,0.09917240391471277,2.194174279821988,2.7741881921417884,-0.2822176908553501
