,flag,epoch,sbx,sby,sbz,sbvx,sbvy,sbvz
0,1,2456867.5,0.6200911231437736,3.033488934727288,-0.7089470298490563,-3.374597193705688,0.5260700979734272,-0.16630438458335148
