,flag,epoch,sbx,sby,sbz,sbvx,sbvy,sbvz
0,1.0,2457010.0,-2.4289665389870247,0.2474793856447819,-0.15761772185414535,-0.7578456776613393,-4.0507536428819195,-0.2573606095042916
