,flag,epoch,sbx,sby,sbz,sbvx,sbvy,sbvz
0,1.0,2456960.0,-2.759570103689207,0.4635718523002782,-0.11694912308805111,-0.6678678743139753,-3.702592780417058,0.10306891510873745
1,1.0,2456960.0,-2.759570137520607,0.4635717283122682,-0.1169489910787587,-0.6678676788117566,-3.7025928016795806,0.1030692068894859
