,flag,epoch,sbx,sby,sbz,sbvx,sbvy,sbvz
0,1.0,2457882.5,0.6169118929473337,2.1416330403523816,-0.07484848963888048,-4.247768103585656,0.7936952466129836,-0.09168563213159324
