,flag,epoch,sbx,sby,sbz,sbvx,sbvy,sbvz
0,1,2457450.0,-0.8513265196714551,-2.079047192025517,-0.028223344481807796,4.222842898656325,-1.0654500621839833,-0.22747704871523577
