,flag,epoch,sbx,sby,sbz,sbvx,sbvy,sbvz
0,1.0,2457570.0,-2.5127397986275115,0.476115615449896,0.25827770576404335,-1.045108341082305,-3.6103753342040537,0.3373477880615673
1,1.0,2457570.0,-2.512739795916098,0.47611558589049396,0.25827769607880985,-1.0451083352209274,-3.6103753578812516,0.3373477663383564
