,flag,epoch,sbx,sby,sbz,sbvx,sbvy,sbvz
0,1,2457012.5,-2.169938948199502,0.5000175401590758,0.22118447441868486,-0.8529762646467745,-4.18087046110431,0.1295843213769662
