,flag,epoch,sbx,sby,sbz,sbvx,sbvy,sbvz
0,1,2456776.5,-27.924961835137317,-43.791672714063814,5.853019029884599,0.686716671370502,-0.4202103696172796,-0.13317987924905125
