,mass_1,radius_1,x_1,y_1,z_1,vx_1,vy_1,vz_1,mass_2,radius_2,x_2,y_2,z_2,vx_2,vy_2,vz_2,mass_3,radius_3,x_3,y_3,z_3,vx_3,vy_3,vz_3,mass_4,radius_4,x_4,y_4,z_4,vx_4,vy_4,vz_4,mass_5,radius_5,x_5,y_5,z_5,vx_5,vy_5,vz_5,mass_6,radius_6,x_6,y_6,z_6,vx_6,vy_6,vz_6,mass_7,radius_7,x_7,y_7,z_7,vx_7,vy_7,vz_7,mass_8,radius_8,x_8,y_8,z_8,vx_8,vy_8,vz_8
0,1.660120825375342e-07,1.631393540950981e-08,-0.3027441480638786,0.1702205747308455,0.04168640531090434,-7.144633179694327,-8.525036489482657,-0.04097027294313029,2.447838287784771e-06,4.045378434654418e-08,-0.524442579547137,0.4896856858872377,0.03697555154571395,-5.068827118700677,-5.438237727800015,0.2180355913104579,3.040432648020684e-06,4.437104331057835e-07,-0.15436521505053,0.9711588151989529,-2.580534351243442e-05,-6.308191656696206,-1.0102040939396222,4.410996602922857e-05,3.2271560375549955e-07,2.270212793877687e-08,0.5588802421995144,-1.297790236243243,-0.04091781418923141,4.887129152827946,2.4603478905731335,-0.06844952639640157,0.0009547919099366768,4.778945025452157e-07,4.907205519064513,0.6406780396873172,-0.1124742638138773,-0.39106161678323675,2.8665913945003414,-0.003151888432311894,0.0002858856700231729,4.0286669668487467e-07,-9.412359502041737,-1.764015421658267,0.405375437372825,0.2653425874203622,-2.004996422918381,0.02434757071978749,4.3662496132004074e-05,1.708513622580592e-07,20.08706772350764,-0.1671773471046154,-0.2608239762533142,0.0011139122445416945,1.3717848661960155,0.00507409400595906,5.151383772628657e-05,1.6553711549585576e-07,25.43493594183306,-15.93209586549093,-0.2580176919607787,0.6008005976528291,0.9806789015594602,-0.03399898006724445
