,flag,epoch,sbx,sby,sbz,sbvx,sbvy,sbvz
0,1.0,2457803.5,-1.5689186138314777,1.4726134259501444,-0.07994520410864478,-3.5891596584809187,-2.649311848958701,0.008159068468901737
