,flag,epoch,sbx,sby,sbz,sbvx,sbvy,sbvz
0,1.0,2456100.0,-2.8353329596428263,-0.9812200896310533,0.3686814969116095,1.2120820012910212,-3.4107442743077567,0.7035648695422303
1,1.0,2456100.0,-2.835333012742969,-0.9812199810942476,0.36868147059600603,1.2120818966704467,-3.4107443233894,0.7035647699775728
