,flag,epoch,sbx,sby,sbz,sbvx,sbvy,sbvz
0,1.0,2457234.5,-36.00808191713579,-21.28503169042769,5.620550688041947,0.46044185067527404,-0.8693418132720971,-0.03936322022516489
