,flag,epoch,sbx,sby,sbz,sbvx,sbvy,sbvz
0,1.0,2457550.0,1.5759336360628027,1.9351319211767457,0.21187746317118103,-3.1004890423701257,2.3276819036550496,-0.20244966820445262
1,1.0,2457550.0,1.5759336016237118,1.9351319759026986,0.21187744757675375,-3.100489042074651,2.327681848071941,-0.20244969321738235
