,flag,epoch,sbx,sby,sbz,sbvx,sbvy,sbvz
0,1,2456860.0,0.21467100315029364,-2.676639328488016,0.22945497349118432,3.9686094773850544,0.925617860684517,-0.5510998571926061
