,mass_1,radius_1,x_1,y_1,z_1,vx_1,vy_1,vz_1,mass_2,radius_2,x_2,y_2,z_2,vx_2,vy_2,vz_2,mass_3,radius_3,x_3,y_3,z_3,vx_3,vy_3,vz_3,mass_4,radius_4,x_4,y_4,z_4,vx_4,vy_4,vz_4,mass_5,radius_5,x_5,y_5,z_5,vx_5,vy_5,vz_5,mass_6,radius_6,x_6,y_6,z_6,vx_6,vy_6,vz_6,mass_7,radius_7,x_7,y_7,z_7,vx_7,vy_7,vz_7,mass_8,radius_8,x_8,y_8,z_8,vx_8,vy_8,vz_8
0,1.660120825375342e-07,1.631393540950981e-08,-0.2457064957149086,0.2256738899098534,0.04098249103718984,-9.039880138592002,-7.150738186339272,0.2451280654866811,2.447838287784771e-06,4.045378434654418e-08,0.4273446093330434,-0.5886972465933822,-0.0327300445755583,5.929254515641666,4.314183503083702,-0.2830502413567909,3.040432648020684e-06,4.437104331057835e-07,-0.6223838244564077,-0.7958591797042652,2.737588445714616e-05,4.84793447590742,-3.894593955663088,0.00011339222022405462,3.2271560375549955e-07,2.270212793877687e-08,-1.303826073548208,-0.9055613569594687,0.01302900522808871,3.1076751432179286,-3.760721122181807,-0.15507878190103447,0.0009547919099366768,4.778945025452157e-07,-2.276381583820144,4.720265715754089,0.03133409213354034,-2.5180307934834008,-1.067919585730529,0.060780132075661936,0.0002858856700231729,4.0286669668487467e-07,-6.3802557432246,-7.571899108322632,0.3856527133883315,1.4454997551776152,-1.3193010745689593,-0.03464058145028768,4.3662496132004074e-05,1.708513622580592e-07,19.53257086703663,4.40582812913294,-0.2366082310857658,-0.3283862128488921,1.3331469165567396,0.009232942213748381,5.151383772628657e-05,1.6553711549585576e-07,27.23556673158034,-12.51449222529838,-0.3698506771786101,0.46918264630982076,1.04734705513016,-0.03240631750742181
