,flag,epoch,sbx,sby,sbz,sbvx,sbvy,sbvz
0,1,2456595.5,-3.282267836292622,-1.1372750823059092,0.08741057042302969,1.4558916015653243,-2.819364611920249,0.05240134988391264
