,mass_1,radius_1,x_1,y_1,z_1,vx_1,vy_1,vz_1,mass_2,radius_2,x_2,y_2,z_2,vx_2,vy_2,vz_2,mass_3,radius_3,x_3,y_3,z_3,vx_3,vy_3,vz_3,mass_4,radius_4,x_4,y_4,z_4,vx_4,vy_4,vz_4,mass_5,radius_5,x_5,y_5,z_5,vx_5,vy_5,vz_5,mass_6,radius_6,x_6,y_6,z_6,vx_6,vy_6,vz_6,mass_7,radius_7,x_7,y_7,z_7,vx_7,vy_7,vz_7,mass_8,radius_8,x_8,y_8,z_8,vx_8,vy_8,vz_8
0,1.660120825375342e-07,1.631393540950981e-08,-0.1497905996136409,0.2812215626327441,0.03672131637398825,-11.137259742854768,0.0,0.0,2.447838287784771e-06,4.045378434654418e-08,-0.2241101108591149,-0.6903384825841811,0.003488203793850091,6.976317148228988,0.0,0.0,3.040432648020684e-06,4.437104331057835e-07,0.5246261268473034,0.8372687229537139,-1.370146826925549e-05,-5.427295275690036,0.0,0.0,3.2271560375549955e-07,2.270212793877687e-08,-1.14121200739251,-1.074137934093061,0.00552891515932933,3.6953185345690365,0.0,0.0,0.0009547919099366768,4.778945025452157e-07,-2.744666155689927,-4.62293955560346,0.08060941169193529,2.337780431215873,-1.278486135953693,-0.04700657326798463,0.0002858856700231729,4.0286669668487467e-07,-6.873386534957634,6.06603770036042,0.1679149366417849,-1.455840655951392,-1.5335331511063863,0.08463831792610409,4.3662496132004074e-05,1.708513622580592e-07,19.25337091502074,-5.716734341975783,-0.27060073564275,0.39996221353047845,1.308741710053735,-0.00031102349174183205,5.151383772628657e-05,1.6553711549585576e-07,22.65409696638883,-19.74474540906554,-0.1155142599468526,0.747530590924992,0.8696246416579537,-0.035148347541213466
