,flag,epoch,sbx,sby,sbz,sbvx,sbvy,sbvz
0,1.0,2456860.0,-0.5421501855772056,-2.9085421558280706,-0.1539716594213225,3.6141561174439816,-0.19725410266201207,-0.6625446029696748
