,flag,epoch,sbx,sby,sbz,sbvx,sbvy,sbvz
0,1,2457620.0,2.7288948023203936,0.08747938176482095,0.046528254474647805,-0.31006817424299316,3.871736405585267,-0.019300501643146416
