,mass_1,radius_1,x_1,y_1,z_1,vx_1,vy_1,vz_1,mass_2,radius_2,x_2,y_2,z_2,vx_2,vy_2,vz_2,mass_3,radius_3,x_3,y_3,z_3,vx_3,vy_3,vz_3,mass_4,radius_4,x_4,y_4,z_4,vx_4,vy_4,vz_4,mass_5,radius_5,x_5,y_5,z_5,vx_5,vy_5,vz_5,mass_6,radius_6,x_6,y_6,z_6,vx_6,vy_6,vz_6,mass_7,radius_7,x_7,y_7,z_7,vx_7,vy_7,vz_7,mass_8,radius_8,x_8,y_8,z_8,vx_8,vy_8,vz_8
0,1.660120825375342e-07,1.631393540950981e-08,0.1183983090022246,-0.434810320748337,-0.0463898486449351,7.854787980745114,3.223908681390508,-0.4572723754171453,2.447838287784771e-06,4.045378434654418e-08,-0.7130590117565674,0.08728658235431183,0.04234873905352198,-0.9377144388877988,-7.365887464222701,-0.04681286997928268,3.040432648020684e-06,4.437104331057835e-07,0.29344192001118,-0.9733718034245402,2.972157088347632e-05,5.914355864406896,1.790337658898013,-6.10608619742506e-05,3.2271560375549955e-07,2.270212793877687e-08,0.433234247150189,1.466113408063116,0.02007984085709444,-4.707980382274142,1.8824009023555184,0.15502324936232106,0.0009547919099366768,4.778945025452157e-07,-0.000341834680376044,5.127771629075598,-0.02128874455530615,-2.7920726871820194,0.13074256742482473,0.061935601295630034,0.0002858856700231729,4.0286669668487467e-07,-7.500604887215613,-6.355449923547924,0.40912889638617,1.2045095829517918,-1.5596271188751052,-0.020857718740931838,4.3662496132004074e-05,1.708513622580592e-07,19.7753918552636,3.274160327710618,-0.2439793279639442,-0.247271332250577,1.3501182041662256,0.00824253235992147,5.151383772628657e-05,1.6553711549585576e-07,26.82598803620992,-13.3914369611079,-0.3423389881344543,0.50227513436201,1.0323895077213354,-0.03284125835610638
