,mass_1,radius_1,x_1,y_1,z_1,vx_1,vy_1,vz_1,mass_2,radius_2,x_2,y_2,z_2,vx_2,vy_2,vz_2,mass_3,radius_3,x_3,y_3,z_3,vx_3,vy_3,vz_3,mass_4,radius_4,x_4,y_4,z_4,vx_4,vy_4,vz_4,mass_5,radius_5,x_5,y_5,z_5,vx_5,vy_5,vz_5,mass_6,radius_6,x_6,y_6,z_6,vx_6,vy_6,vz_6,mass_7,radius_7,x_7,y_7,z_7,vx_7,vy_7,vz_7,mass_8,radius_8,x_8,y_8,z_8,vx_8,vy_8,vz_8
0,1.660120825375342e-07,1.631393540950981e-08,-0.3741591830086192,-0.210186326249436,0.01715110516699068,2.9177315300627824,-8.509237664229671,-0.9629881889414399,2.447838287784771e-06,4.045378434654418e-08,-0.5037444920973214,-0.5190994646366008,0.02194870346442289,5.249463828233627,-5.179655797007411,-0.37397208969831447,3.040432648020684e-06,4.437104331057835e-07,-0.8711422313095729,-0.5003514455761884,2.484506841402011e-05,3.0275444548851365,-5.472593823863519,0.00021033177699989624,3.2271560375549955e-07,2.270212793877687e-08,0.3411868741065253,1.499371525929652,0.02304674336841757,-4.790169251181548,1.5689749442956087,0.15043866984137677,0.0009547919099366768,4.778945025452157e-07,-5.159339901003307,-1.769069384415474,0.1227926874373942,0.8616012389944921,-2.4794827878850834,-0.008983680921411816,0.0002858856700231729,4.0286669668487467e-07,-1.301082164680354,-9.968140159956768,0.225046640920757,1.910191302626598,-0.27210130337352884,-0.07131164196529222,4.3662496132004074e-05,1.708513622580592e-07,18.16407590359435,8.198029643807132,-0.2047455731600608,-0.6002968735501392,1.2399644444339004,0.012378625518780193,5.151383772628657e-05,1.6553711549585576e-07,28.4429937854826,-9.3677178616763,-0.4626055452311618,0.3522270828824095,1.0935406221362036,-0.03068459866283782
