,mass_1,radius_1,x_1,y_1,z_1,vx_1,vy_1,vz_1,mass_2,radius_2,x_2,y_2,z_2,vx_2,vy_2,vz_2,mass_3,radius_3,x_3,y_3,z_3,vx_3,vy_3,vz_3,mass_4,radius_4,x_4,y_4,z_4,vx_4,vy_4,vz_4,mass_5,radius_5,x_5,y_5,z_5,vx_5,vy_5,vz_5,mass_6,radius_6,x_6,y_6,z_6,vx_6,vy_6,vz_6,mass_7,radius_7,x_7,y_7,z_7,vx_7,vy_7,vz_7,mass_8,radius_8,x_8,y_8,z_8,vx_8,vy_8,vz_8
0,1.660120825375342e-07,1.631393540950981e-08,-0.3380550678630606,-0.2866688999311403,0.007594452087561759,4.547601231934984,-7.375674770822396,-1.019888337336585,2.447838287784771e-06,4.045378434654418e-08,-0.5131647722027942,0.501484581468257,0.03648780776168409,-5.190164869398046,-5.322633143805701,0.22660627415903026,3.040432648020684e-06,4.437104331057835e-07,-0.09139719872836498,-1.011709951723202,3.127512459219158e-05,6.15631861001058,-0.5888007117804162,1.2361647717994244e-05,3.2271560375549955e-07,2.270212793877687e-08,0.7178329531955842,1.31584371335248,0.009944273288521205,-4.293004439029163,2.882240384482368,0.16578646752999499,0.0009547919099366768,4.778945025452157e-07,0.1754430546394145,5.116556550764387,-0.02517574240727194,-2.7904652403628707,0.22550042364112396,0.06150652623785932,0.0002858856700231729,4.0286669668487467e-07,-7.575834209620782,-6.256721774967379,0.4104086234628487,1.184800999821143,-1.5760251665641494,-0.019786652905275037,4.3662496132004074e-05,1.708513622580592e-07,19.79077072318978,3.189108537339549,-0.2444960045974851,-0.24117405411944265,1.3511974314936412,0.008167554898340366,5.151383772628657e-05,1.6553711549585576e-07,26.79428199593914,-13.45641066287749,-0.3402699768515222,0.5047360093780625,1.0312320044720138,-0.0328722949215969
