,flag,epoch,sbx,sby,sbz,sbvx,sbvy,sbvz
0,1,2456459.5,5.310466504080084,44.69511187003624,-0.6281074678374846,-0.9299753380498543,0.12071399557317009,0.025215561606292184
