,flag,epoch,sbx,sby,sbz,sbvx,sbvy,sbvz
0,1.0,2457421.5,31.909722165758076,3.9615652294269097,-2.2218269621395783,-0.07214014315330336,1.142424292261253,-0.05201537768423293
