,flag,epoch,sbx,sby,sbz,sbvx,sbvy,sbvz
0,1,2457225.5,-2.9130035541394554,-1.5131579876475822,0.0758268882001275,1.306288782970757,-2.968981963104189,-0.6175492036025433
