,mass_1,radius_1,x_1,y_1,z_1,vx_1,vy_1,vz_1,mass_2,radius_2,x_2,y_2,z_2,vx_2,vy_2,vz_2,mass_3,radius_3,x_3,y_3,z_3,vx_3,vy_3,vz_3,mass_4,radius_4,x_4,y_4,z_4,vx_4,vy_4,vz_4,mass_5,radius_5,x_5,y_5,z_5,vx_5,vy_5,vz_5,mass_6,radius_6,x_6,y_6,z_6,vx_6,vy_6,vz_6,mass_7,radius_7,x_7,y_7,z_7,vx_7,vy_7,vz_7,mass_8,radius_8,x_8,y_8,z_8,vx_8,vy_8,vz_8
0,1.660120825375342e-07,1.631393540950981e-08,-0.3007011961170522,-0.3372425716751822,3.310781101785649e-05,5.583323257601407,0.0,0.0,2.447838287784771e-06,4.045378434654418e-08,-0.04925253811737439,-0.7250574165177807,-0.007094947795703766,7.321017373179536,0.0,0.0,3.040432648020684e-06,4.437104331057835e-07,0.401857538012992,0.9010373384728235,-3.057979314350041e-05,-5.841152691825752,0.0,0.0,3.2271560375549955e-07,2.270212793877687e-08,1.16261926452579,-0.7469621307724584,-0.04418681868428266,2.9580331800232447,0.0,0.0,0.0009547919099366768,4.778945025452157e-07,-3.542043342294277,3.955292820773966,0.0628322560659555,-2.088135147780828,-1.710178689937221,0.05382610677550541,0.0002858856700231729,4.0286669668487467e-07,-5.553773349055294,-8.245582716158177,0.3644448512749233,1.5775425669979424,-1.1453539164405917,-0.04292380766753163,4.3662496132004074e-05,1.708513622580592e-07,19.33900447265296,5.130428451469377,-0.2313944510505821,-0.3802728872114423,1.3197669449623899,0.009853297555494885,5.151383772628657e-05,1.6553711549585576e-07,27.48595589193001,-11.93988499483285,-0.3874706276799059,0.4476671387815455,1.0565980810442541,-0.03211218340426562
