,flag,epoch,sbx,sby,sbz,sbvx,sbvy,sbvz
0,1,2457600.0,0.24740764090048695,-2.886013795718793,-0.32586703277021417,3.371562511592766,0.4948786267327612,0.35218342956085047
