,flag,epoch,sbx,sby,sbz,sbvx,sbvy,sbvz
0,1.0,2457170.0,31.850202851460686,10.537821091700543,-0.14231766706144022,-0.40451377394587534,1.0261691061173053,0.029139770612028753
