,flag,epoch,sbx,sby,sbz,sbvx,sbvy,sbvz
0,1.0,2457174.5,31.844996454767692,10.55093193574621,-0.1419446635448114,-0.40493976615161265,1.0260286233185192,0.029141760516789267
