,flag,epoch,sbx,sby,sbz,sbvx,sbvy,sbvz
0,1.0,2452929.5,-31.79594173431791,-13.365429456792514,-0.869304104700692,0.4400196986993016,-1.0394114383536872,-0.13687653911722855
