,flag,epoch,sbx,sby,sbz,sbvx,sbvy,sbvz
0,1.0,2457160.0,-2.0255832990298335,0.4926372284285433,-0.13277902332543612,-1.3495505785645887,-4.266993345695469,-0.012904026527890577
