,flag,epoch,sbx,sby,sbz,sbvx,sbvy,sbvz
0,1.0,2456956.5,38.54596280740628,21.609604334635755,2.3873695827446846,-0.1877769464435494,0.9534170745443175,0.12140504248571538
