,mass_1,radius_1,x_1,y_1,z_1,vx_1,vy_1,vz_1,mass_2,radius_2,x_2,y_2,z_2,vx_2,vy_2,vz_2,mass_3,radius_3,x_3,y_3,z_3,vx_3,vy_3,vz_3,mass_4,radius_4,x_4,y_4,z_4,vx_4,vy_4,vz_4,mass_5,radius_5,x_5,y_5,z_5,vx_5,vy_5,vz_5,mass_6,radius_6,x_6,y_6,z_6,vx_6,vy_6,vz_6,mass_7,radius_7,x_7,y_7,z_7,vx_7,vy_7,vz_7,mass_8,radius_8,x_8,y_8,z_8,vx_8,vy_8,vz_8
0,1.660120825375342e-07,1.631393540950981e-08,0.1893935343641248,0.2484204303574661,0.002908950556185373,-10.213172444812855,6.652306643043079,1.480861948793795,2.447838287784771e-06,4.045378434654418e-08,-0.3843569065605444,0.6062743128248064,0.03046834317910158,-6.2647766464019075,-3.9963091486297797,0.30701668461873743,3.040432648020684e-06,4.437104331057835e-07,0.9443012581168397,-0.3556624946314017,-2.146347912076153e-06,2.1126192697484676,5.857079182046374,2.2797957103303928e-05,3.2271560375549955e-07,2.270212793877687e-08,-0.5179047199965401,1.526462590870449,0.0447102564820456,-4.645847179446989,-1.2086105169994283,0.08888754196314093,0.0009547919099366768,4.778945025452157e-07,4.918024848988035,-0.7096904976594436,-0.107203261217802,0.3574528171931143,2.8597582929417675,-0.01984477422509264,0.0002858856700231729,4.0286669668487467e-07,8.177713003717075,4.412104637923946,-0.4019407657578735,-1.0753755035131147,1.792426517808148,0.011560170038983287,4.3662496132004074e-05,1.708513622580592e-07,13.06546606197148,-14.97224410179028,-0.2250164314745781,1.0721594720726015,0.8808052483923341,-0.01064736531957081,5.151383772628657e-05,1.6553711549585576e-07,15.53485939698565,-25.82438875177267,0.1737335243916222,0.9752966715208022,0.6006787075860024,-0.03479155686340236
