,flag,epoch,sbx,sby,sbz,sbvx,sbvy,sbvz
0,1.0,2457830.0,-1.440761643445931,1.632178116119461,-0.0878791220887252,-3.384801883070991,-2.795298853603367,0.45765078421469524
1,1.0,2457830.0,-1.4407616534300072,1.6321781465365686,-0.08787912507764904,-3.384801866342219,-2.795298797744347,0.45765072199827705
