,mass_1,radius_1,x_1,y_1,z_1,vx_1,vy_1,vz_1,mass_2,radius_2,x_2,y_2,z_2,vx_2,vy_2,vz_2,mass_3,radius_3,x_3,y_3,z_3,vx_3,vy_3,vz_3,mass_4,radius_4,x_4,y_4,z_4,vx_4,vy_4,vz_4,mass_5,radius_5,x_5,y_5,z_5,vx_5,vy_5,vz_5,mass_6,radius_6,x_6,y_6,z_6,vx_6,vy_6,vz_6,mass_7,radius_7,x_7,y_7,z_7,vx_7,vy_7,vz_7,mass_8,radius_8,x_8,y_8,z_8,vx_8,vy_8,vz_8
0,1.660120825375342e-07,1.631393540950981e-08,0.1132750290367241,0.2862698928377255,0.01299570696503317,-11.61137134684112,4.176434529300467,1.406648556082086,2.447838287784771e-06,4.045378434654418e-08,0.6486844521951614,-0.3275384264766208,-0.04192238210456928,3.2867828070341614,6.563526073996997,-0.0997917533759765,3.040432648020684e-06,4.437104331057835e-07,1.002824251452239,-0.05626240540005362,-2.485352208403633e-06,0.24989144456477136,6.250563294337644,-0.00015302541884369396,3.2271560375549955e-07,2.270212793877687e-08,-0.8559220520791035,-1.274593536227477,-0.005690868291205703,4.435431939273538,-2.4118025404777317,-0.15945136481304883,0.0009547919099366768,4.778945025452157e-07,4.953826204867084,-0.1645902246854582,-0.1101739960183312,0.05755465244273543,2.8883263724601105,-0.013280345401313051,0.0002858856700231729,4.0286669668487467e-07,-9.469964407504145,-1.201346150886009,0.397870225367292,0.14691927474643882,-2.023587609884807,0.02939449393005845,4.3662496132004074e-05,1.708513622580592e-07,20.08287889734575,-0.5502206186114833,-0.2621901862273176,0.028903145792271517,1.3713645133636292,0.004709236947383014,5.151383772628657e-05,1.6553711549585576e-07,25.26565118933957,-16.20506068633596,-0.2485074750700169,0.6115853779013789,0.9741828104908857,-0.03411115827499899
