,flag,epoch,sbx,sby,sbz,sbvx,sbvy,sbvz
0,1.0,2456930.0,2.9561156987423733,0.2421543558812979,-0.05359876624239455,-0.30659856465051705,3.583515460862802,0.13816998613981774
1,1.0,2456930.0,2.9561156887043,0.24215437840709622,-0.053598774204385836,-0.3065985965118385,3.5835154705432215,0.1381699959099252
