,flag,epoch,sbx,sby,sbz,sbvx,sbvy,sbvz
0,1,2456625.5,-3.0046634877478935,0.2779589542686043,-0.20500269251641084,-0.9126879284511425,-3.504899166514547,-0.03529432671787914
