,mass_1,radius_1,x_1,y_1,z_1,vx_1,vy_1,vz_1,mass_2,radius_2,x_2,y_2,z_2,vx_2,vy_2,vz_2,mass_3,radius_3,x_3,y_3,z_3,vx_3,vy_3,vz_3,mass_4,radius_4,x_4,y_4,z_4,vx_4,vy_4,vz_4,mass_5,radius_5,x_5,y_5,z_5,vx_5,vy_5,vz_5,mass_6,radius_6,x_6,y_6,z_6,vx_6,vy_6,vz_6,mass_7,radius_7,x_7,y_7,z_7,vx_7,vy_7,vz_7,mass_8,radius_8,x_8,y_8,z_8,vx_8,vy_8,vz_8
0,1.660120825375342e-07,1.631393540950981e-08,-0.1302200403752539,-0.4472498848686533,-0.02460054857460827,7.802932223861323,-2.3590850784183397,-0.9085835363353204,2.447838287784771e-06,4.045378434654418e-08,0.1579506927949965,0.7029266421729197,0.0005300765878735258,-7.232709824853845,1.583557284758404,0.43910965869759283,3.040432648020684e-06,4.437104331057835e-07,0.2358103181738778,-0.9890056898159236,4.461019726538452e-05,6.010213056407838,1.433656232529151,-7.975333571572927e-05,3.2271560375549955e-07,2.270212793877687e-08,-1.143560474737077,1.192707736804946,0.05305034066922104,-3.4970285007633968,-3.1015283003635745,0.02081496058864531,0.0009547919099366768,4.778945025452157e-07,-0.8055629911602492,-5.229056946026489,0.03974330635698035,2.6934960559292596,-0.2899335964903585,-0.05906120526543879,0.0002858856700231729,4.0286669668487467e-07,2.910161747593322,-9.619016896178344,0.05138173659487723,1.8408932591249827,0.5838371071724517,-0.08339613084970633,4.3662496132004074e-05,1.708513622580592e-07,16.62367519536769,10.82861193967344,-0.1750694015577959,-0.7920310601779781,1.1364582765347806,0.014441601674617503,5.151383772628657e-05,1.6553711549585576e-07,29.12043440914223,-6.918613298315732,-0.528721318367081,0.2602337968724525,1.122396635399794,-0.029119935230614048
