,flag,epoch,sbx,sby,sbz,sbvx,sbvy,sbvz
0,1.0,2457760.0,2.107170629296661,-1.7352380754783698,-0.8585786977237129,1.871541148043131,2.5339865696491786,0.8834466349729009
