,flag,epoch,sbx,sby,sbz,sbvx,sbvy,sbvz
0,1.0,2454347.5,34.1289156712218,-22.5355188369911,-0.531835645491036,0.5571645488287748,0.8330386802563854,-0.05430259220917506
