,flag,epoch,sbx,sby,sbz,sbvx,sbvy,sbvz
0,1.0,2455850.0,6.200139612177667,-45.06474385690338,1.106291567973126,0.9180810293013799,0.20189067218479184,-0.04532927095110473
