,flag,epoch,sbx,sby,sbz,sbvx,sbvy,sbvz
0,1.0,2457600.0,2.3640654563678534,0.3573234561296137,-0.010083678125365383,-0.1994458903593483,3.9866934829988065,0.4850297357074582
1,1.0,2457600.0,2.3640654485290153,0.3573234613239199,-0.01008367339561618,-0.1994459058089866,3.9866934934058738,0.48502973758705276
