,flag,epoch,sbx,sby,sbz,sbvx,sbvy,sbvz
0,1.0,2457999.5,0.4830297429799365,-1.8763147421200344,-0.057537810669769214,4.653455371641086,1.1089164982291315,-0.1853770983750552
