,mass_1,radius_1,x_1,y_1,z_1,vx_1,vy_1,vz_1,mass_2,radius_2,x_2,y_2,z_2,vx_2,vy_2,vz_2,mass_3,radius_3,x_3,y_3,z_3,vx_3,vy_3,vz_3,mass_4,radius_4,x_4,y_4,z_4,vx_4,vy_4,vz_4,mass_5,radius_5,x_5,y_5,z_5,vx_5,vy_5,vz_5,mass_6,radius_6,x_6,y_6,z_6,vx_6,vy_6,vz_6,mass_7,radius_7,x_7,y_7,z_7,vx_7,vy_7,vz_7,mass_8,radius_8,x_8,y_8,z_8,vx_8,vy_8,vz_8
0,1.660120825375342e-07,1.631393540950981e-08,0.3576431806418336,-0.1158102290349993,-0.04227386710005663,1.1679068934238281,10.238736415661803,0.7294854571510276,2.447838287784771e-06,4.045378434654418e-08,-0.6405710329587037,0.3234382446648244,0.04139962850486996,-3.361560862685685,-6.62995695734927,0.10306522090447179,3.040432648020684e-06,4.437104331057835e-07,-0.9598875407501757,0.250595860250807,-4.692932173711132e-06,-1.689613832831363,-6.103636568092519,0.00024318318289020524,3.2271560375549955e-07,2.270212793877687e-08,0.8855363978115983,1.185102514063914,0.003101603171467601,-3.9002732795236255,3.4955660971577105,0.16897275811641255,0.0009547919099366768,4.778945025452157e-07,-5.255899800544867,-1.460510819379868,0.1236720491368517,0.705419361746139,-2.5278990097252816,-0.005287278733150465,0.0002858856700231729,4.0286669668487467e-07,-1.536007274946239,-9.93167395223198,0.2337648986930528,1.9032386925221207,-0.31983550589622023,-0.07020772214551022,4.3662496132004074e-05,1.708513622580592e-07,18.23735717283273,8.044957665835877,-0.2062632167421157,-0.589295094420695,1.2448961798446836,0.012257562791904797,5.151383772628657e-05,1.6553711549585576e-07,28.39929234734971,-9.502336300888208,-0.4588202806109912,0.35719259213686066,1.0917697766091792,-0.030762832628448533
