,flag,epoch,sbx,sby,sbz,sbvx,sbvy,sbvz
0,1.0,2457400.0,-27.061462835770758,-27.92960139167458,-6.558742811641743,0.6206174373922048,-0.7530583733553435,0.337042870204932
