,flag,epoch,sbx,sby,sbz,sbvx,sbvy,sbvz
0,1.0,2457903.5,-2.02970367824845,-2.3289737917942843,-0.03690818116050659,2.9034120973398787,-2.0546110289524093,-0.0032990390529866126
