,flag,epoch,sbx,sby,sbz,sbvx,sbvy,sbvz
0,1.0,2456850.0,-2.498560804320284,-1.602328321607509,-0.4531678222740095,2.219604449355866,-2.936824029215939,0.3652795793106989
1,1.0,2456850.0,-2.4985608204157015,-1.6023283986962524,-0.453167768846792,2.219604520742949,-2.936823914575626,0.3652794779108783
