,flag,epoch,sbx,sby,sbz,sbvx,sbvy,sbvz
0,1,2457085.5,46.65982104433971,-0.6795542830912567,-1.33842752187637,0.05402081858733294,0.8874183947458107,0.025229855443320903
