,flag,epoch,sbx,sby,sbz,sbvx,sbvy,sbvz
0,1.0,2457431.5,-34.589712861129,-11.135821702905409,13.426392507595203,0.6472216342355162,-0.759111847057151,0.6671474010669297
