,flag,epoch,sbx,sby,sbz,sbvx,sbvy,sbvz
0,1.0,2454410.0,20.739834456767717,40.059318863632285,-0.4984081934065935,-0.8246383543640712,0.4086843587399162,-0.007609480135725886
