,mass_1,radius_1,x_1,y_1,z_1,vx_1,vy_1,vz_1,mass_2,radius_2,x_2,y_2,z_2,vx_2,vy_2,vz_2,mass_3,radius_3,x_3,y_3,z_3,vx_3,vy_3,vz_3,mass_4,radius_4,x_4,y_4,z_4,vx_4,vy_4,vz_4,mass_5,radius_5,x_5,y_5,z_5,vx_5,vy_5,vz_5,mass_6,radius_6,x_6,y_6,z_6,vx_6,vy_6,vz_6,mass_7,radius_7,x_7,y_7,z_7,vx_7,vy_7,vz_7,mass_8,radius_8,x_8,y_8,z_8,vx_8,vy_8,vz_8
0,1.660120825375342e-07,1.631393540950981e-08,0.1269730114807624,0.281031132701101,0.01131924496141172,-11.41929917726733,4.630046710807566,1.425800887391713,2.447838287784771e-06,4.045378434654418e-08,0.5611670047918549,-0.4623887273023179,-0.03872869882370963,4.6509899945089845,5.673201731901802,-0.1904873737492354,3.040432648020684e-06,4.437104331057835e-07,-0.1702295333027827,0.9685028539936553,-4.926004654056798e-05,-6.291061782913705,-1.1116646698860497,9.011975798747321e-05,3.2271560375549955e-07,2.270212793877687e-08,0.06087796500292466,1.562753194530549,0.03125918232232449,-4.913714160665561,0.6331812720338422,0.13380089600329925,0.0009547919099366768,4.778945025452157e-07,4.838223896064824,1.045235920776875,-0.112588426187903,-0.6148129047024173,2.826427404142938,0.002014612933764198,0.0002858856700231729,4.0286669668487467e-07,8.147387084702196,-5.505123246467842,-0.2285159918802444,1.0272886635016152,1.6871732594784965,-0.0702149525776691,4.3662496132004074e-05,1.708513622580592e-07,13.36974372240991,14.42706466279435,-0.1197174001429774,-1.0649029173415665,0.9124663710892607,0.01714927305087546,5.151383772628657e-05,1.6553711549585576e-07,29.76086280683153,-2.942812912691721,-0.6252711216485304,0.10492149543980792,1.1510891606260387,-0.026081627531537293
