,mass_1,radius_1,x_1,y_1,z_1,vx_1,vy_1,vz_1,mass_2,radius_2,x_2,y_2,z_2,vx_2,vy_2,vz_2,mass_3,radius_3,x_3,y_3,z_3,vx_3,vy_3,vz_3,mass_4,radius_4,x_4,y_4,z_4,vx_4,vy_4,vz_4,mass_5,radius_5,x_5,y_5,z_5,vx_5,vy_5,vz_5,mass_6,radius_6,x_6,y_6,z_6,vx_6,vy_6,vz_6,mass_7,radius_7,x_7,y_7,z_7,vx_7,vy_7,vz_7,mass_8,radius_8,x_8,y_8,z_8,vx_8,vy_8,vz_8
0,1.660120825375342e-07,1.631393540950981e-08,-0.1942984173636527,0.2600333557811793,0.03907317294077949,-10.307129453442283,-5.748140804936092,0.47598331273578937,2.447838287784771e-06,4.045378434654418e-08,-0.5066026432417748,-0.5162860809661014,0.022159681062168,5.220858386545464,-5.2086620541613025,-0.3726790140497414,3.040432648020684e-06,4.437104331057835e-07,0.756882209048666,0.6414699877668302,-2.293162748767522e-05,-4.164960993007466,4.770151229648242,-0.00014607374790115397,3.2271560375549955e-07,2.270212793877687e-08,0.9167363047385493,-1.046879354809736,-0.0444358309663706,4.039648187917477,3.8055582962964993,-0.01941452270499494,0.0009547919099366768,4.778945025452157e-07,-3.394009128793595,4.072115839663411,0.05903469384432361,-2.152205986465626,-1.6360376341435126,0.05495226521961769,0.0002858856700231729,4.0286669668487467e-07,-5.663360802623005,-8.164817523196925,0.367405788464405,1.561759921526539,-1.1682975976846697,-0.04189653734417942,4.3662496132004074e-05,1.708513622580592e-07,19.36532309568813,5.03822536889586,-0.2320796313552536,-0.3736778676723684,1.321576225695794,0.009775238388112065,5.151383772628657e-05,1.6553711549585576e-07,27.45460595742515,-12.01361080752063,-0.3852273801984136,0.45041491727771527,1.0554297876877206,-0.0321500495842009
