,mass_1,radius_1,x_1,y_1,z_1,vx_1,vy_1,vz_1,mass_2,radius_2,x_2,y_2,z_2,vx_2,vy_2,vz_2,mass_3,radius_3,x_3,y_3,z_3,vx_3,vy_3,vz_3,mass_4,radius_4,x_4,y_4,z_4,vx_4,vy_4,vz_4,mass_5,radius_5,x_5,y_5,z_5,vx_5,vy_5,vz_5,mass_6,radius_6,x_6,y_6,z_6,vx_6,vy_6,vz_6,mass_7,radius_7,x_7,y_7,z_7,vx_7,vy_7,vz_7,mass_8,radius_8,x_8,y_8,z_8,vx_8,vy_8,vz_8
0,1.660120825375342e-07,1.631393540950981e-08,-0.1357980766312951,-0.4455102351227638,-0.0239380264415785,7.766074195022386,-2.4830949694486995,-0.9154844572840395,2.447838287784771e-06,4.045378434654418e-08,0.3786006180744227,0.6144745335033066,-0.01343552838943956,-6.313354117564186,3.8424762957594245,0.41697668713774566,3.040432648020684e-06,4.437104331057835e-07,0.848520800879743,-0.5512491434111949,9.674720538651972e-06,3.3212868822982653,5.246078994436597,-0.0001256901617592607,3.2271560375549955e-07,2.270212793877687e-08,0.9593557690866675,1.11475145585312,-0.0002004575327332026,-3.679200049300518,3.7694252526332597,0.16933062133016885,0.0009547919099366768,4.778945025452157e-07,3.991579004477367,-3.0746119636264,-0.07655878148536388,1.649075903744218,2.3166796184130956,-0.04651992572633089,0.0002858856700231729,4.0286669668487467e-07,-9.37450404007596,1.005299983011311,0.3556291559873949,-0.32525432959139094,-2.0287001956733843,0.04829680890939092,4.3662496132004074e-05,1.708513622580592e-07,19.99329285262039,-2.03379975906468,-0.2665250940193842,0.13619379680106275,1.364001937306513,0.003286760539213006,5.151383772628657e-05,1.6553711549585576e-07,24.58029008726637,-17.2467811598693,-0.2113063763721645,0.6524471787388937,0.9471193855500308,-0.034500697335201364
