,flag,epoch,sbx,sby,sbz,sbvx,sbvy,sbvz
0,1.0,2457250.0,0.4826906110247289,2.689165129190218,0.1524619070316829,-3.866736327845702,1.0509487170187375,0.21070762438207988
