,flag,epoch,sbx,sby,sbz,sbvx,sbvy,sbvz
0,1,2457830.0,2.3394039257919466,2.303674381120554,-0.6143120688146329,-2.1256176468144705,2.4858859715191666,-0.7862903089425628
