,flag,epoch,sbx,sby,sbz,sbvx,sbvy,sbvz
0,1.0,2457364.5,-2.470589519457521,0.9431737407863922,0.07781172647015833,-1.5018071990288144,-3.447204622909075,-0.18781790476486718
