,flag,epoch,sbx,sby,sbz,sbvx,sbvy,sbvz
0,1,2456617.5,2.3875931079378954,1.3596145363844756,0.5575203312881278,-1.7880941238960193,3.312759617777375,1.2274844314542597
