,flag,epoch,sbx,sby,sbz,sbvx,sbvy,sbvz
0,1.0,2457747.5,42.99115660172366,1.2950416251634729,-2.1242776092591527,-0.18560100690650033,0.9183218813406588,-0.27053353134118713
