,flag,epoch,sbx,sby,sbz,sbvx,sbvy,sbvz
0,1.0,2458043.5,2.5103138415793436,0.12553040677303473,0.08985670202394018,-0.5135508945953492,4.570597298726757,-1.9650356476395896
