,flag,epoch,sbx,sby,sbz,sbvx,sbvy,sbvz
0,1.0,2457405.5,3.339237108613891,-1.1968922066341625,0.13936217496082928,0.9856872891124584,3.637103052022348,1.069686709150586
