,flag,epoch,sbx,sby,sbz,sbvx,sbvy,sbvz
0,1.0,2457726.5,6.946265664753267,17.31507976383986,-10.174861470764219,-1.4910160037450864,-0.338160286026426,-0.10426856127093133
