,mass_1,radius_1,x_1,y_1,z_1,vx_1,vy_1,vz_1,mass_2,radius_2,x_2,y_2,z_2,vx_2,vy_2,vz_2,mass_3,radius_3,x_3,y_3,z_3,vx_3,vy_3,vz_3,mass_4,radius_4,x_4,y_4,z_4,vx_4,vy_4,vz_4,mass_5,radius_5,x_5,y_5,z_5,vx_5,vy_5,vz_5,mass_6,radius_6,x_6,y_6,z_6,vx_6,vy_6,vz_6,mass_7,radius_7,x_7,y_7,z_7,vx_7,vy_7,vz_7,mass_8,radius_8,x_8,y_8,z_8,vx_8,vy_8,vz_8
0,1.660120825375342e-07,1.631393540950981e-08,0.3589360638799217,-0.1023968261063703,-0.04129961151084412,0.823479580523836,10.343688282930104,0.7695857931365402,2.447838287784771e-06,4.045378434654418e-08,0.1032209287740309,-0.7198680272218908,-0.01582106478965882,7.263361751482664,1.0223211078780383,-0.40518341359463783,3.040432648020684e-06,4.437104331057835e-07,-0.6475341990982714,0.7425517573137284,-2.200911259204284e-05,-4.838346520554463,-4.153356820390404,0.00013125282835555607,3.2271560375549955e-07,2.270212793877687e-08,1.300186411787927,-0.4660225945168955,-0.04168698521677352,1.920056689566088,5.2476079354049086,0.06280477340996214,0.0009547919099366768,4.778945025452157e-07,1.203716047414374,4.928109518539447,-0.04740313305289254,-2.713295865082684,0.7857548840344587,0.057452197971082114,0.0002858856700231729,4.0286669668487467e-07,-7.994696920645853,-5.652488580989735,0.41658447211959,1.0637786204743314,-1.668114092279887,-0.013360308884613425,4.3662496132004074e-05,1.708513622580592e-07,19.87383270006006,2.684869125543814,-0.2474534146227196,-0.20493237975089615,1.3570683546104099,0.007715212966406445,5.151383772628657e-05,1.6553711549585576e-07,26.60362675205068,-13.83910540447835,-0.3279955762218655,0.5193446863927526,1.0242982182367824,-0.03305798148338974
