,flag,epoch,sbx,sby,sbz,sbvx,sbvy,sbvz
0,1,2456935.5,-41.246369772732116,0.42773630495713455,1.169682897169163,-0.06783544139487015,-0.988820975971422,0.019106761392349493
