,mass_1,radius_1,x_1,y_1,z_1,vx_1,vy_1,vz_1,mass_2,radius_2,x_2,y_2,z_2,vx_2,vy_2,vz_2,mass_3,radius_3,x_3,y_3,z_3,vx_3,vy_3,vz_3,mass_4,radius_4,x_4,y_4,z_4,vx_4,vy_4,vz_4,mass_5,radius_5,x_5,y_5,z_5,vx_5,vy_5,vz_5,mass_6,radius_6,x_6,y_6,z_6,vx_6,vy_6,vz_6,mass_7,radius_7,x_7,y_7,z_7,vx_7,vy_7,vz_7,mass_8,radius_8,x_8,y_8,z_8,vx_8,vy_8,vz_8
0,1.660120825375342e-07,1.631393540950981e-08,-0.2803127665355059,-0.3587115043371782,-0.003589692955960664,6.015355511254541,-5.847993971610687,-1.0297388428649088,2.447838287784771e-06,4.045378434654418e-08,0.7253239634582188,0.006466188481734707,-0.0417720745766931,-0.09710885239345021,7.353324927320784,0.1063627099122733,3.040432648020684e-06,4.437104331057835e-07,-0.9952811685553384,-0.05788252350441679,2.764025281020565e-06,0.26266345302689326,-6.296657771161052,0.0001924386836438059,3.2271560375549955e-07,2.270212793877687e-08,1.369849831213222,0.3127302074494433,-0.02708104021341062,-0.9415767482379278,5.418992256342491,0.1366562452570186,0.0009547919099366768,4.778945025452157e-07,0.8141446339386177,5.024807194266791,-0.03908722444509691,-2.756576478278921,0.5723326180195927,0.05930778214637439,0.0002858856700231729,4.0286669668487467e-07,-7.839877621749299,-5.88755391318532,0.414505911975014,1.1109514710774986,-1.633892365731419,-0.01583575956419576,4.3662496132004074e-05,1.708513622580592e-07,19.84366802398012,2.87792296173538,-0.2463425955561877,-0.21881840263499655,1.3549431259767837,0.007889511750791828,5.151383772628657e-05,1.6553711549585576e-07,26.67716713524668,-13.69308626970502,-0.3326969405484091,0.5137559635571043,1.0269837483032422,-0.03298701157625071
