,flag,epoch,sbx,sby,sbz,sbvx,sbvy,sbvz
0,1,2456873.5,36.56795788853779,5.59036718575671,0.038636203409159464,-0.19451731351484405,1.0896150521579842,0.07083324172708447
