,flag,epoch,sbx,sby,sbz,sbvx,sbvy,sbvz
0,1,2457239.5,-25.43664062396992,-35.424471134591386,1.260324927899766,0.7454315756825329,-0.5753743048833382,-0.03895715564596436
