,flag,epoch,sbx,sby,sbz,sbvx,sbvy,sbvz
0,1,2457396.5,2.4296970863455365,-0.48231376556157,-0.0608666390508917,0.19604517181158418,3.979231935058656,-0.19277202739329843
