,flag,epoch,sbx,sby,sbz,sbvx,sbvy,sbvz
0,1.0,2456780.0,-0.13041484887135457,-2.39806340546059,0.0904289873656664,4.132493299675682,-0.34478243159703204,0.29176916023945676
1,1.0,2456780.0,-0.1304147742167463,-2.39806352230856,0.09042898986814024,4.132493138414324,-0.34478221213731974,0.2917691186893074
