,flag,epoch,sbx,sby,sbz,sbvx,sbvy,sbvz
0,1.0,2456730.0,6.186324902438953,42.27230009727991,-1.4251350010555104,-0.9742502657965268,0.11590669954046054,-0.007251853808153303
