,mass_1,radius_1,x_1,y_1,z_1,vx_1,vy_1,vz_1,mass_2,radius_2,x_2,y_2,z_2,vx_2,vy_2,vz_2,mass_3,radius_3,x_3,y_3,z_3,vx_3,vy_3,vz_3,mass_4,radius_4,x_4,y_4,z_4,vx_4,vy_4,vz_4,mass_5,radius_5,x_5,y_5,z_5,vx_5,vy_5,vz_5,mass_6,radius_6,x_6,y_6,z_6,vx_6,vy_6,vz_6,mass_7,radius_7,x_7,y_7,z_7,vx_7,vy_7,vz_7,mass_8,radius_8,x_8,y_8,z_8,vx_8,vy_8,vz_8
0,1.660120825375342e-07,1.631393540950981e-08,0.2409464986524042,0.2079051609199735,-0.005115647185869094,-8.73797435120287,0.0,0.0,2.447838287784771e-06,4.045378434654418e-08,-0.6587371256380384,0.2847699944140525,0.04191982117637336,-2.9648597809519943,0.0,0.0,3.040432648020684e-06,4.437104331057835e-07,-0.3510118336773629,-0.9511766798354899,4.202755988113737e-05,5.793149836005506,0.0,0.0,3.2271560375549955e-07,2.270212793877687e-08,0.001362167192345707,-1.455014901539673,-0.03052022137723896,5.30388252631596,0.0,0.0,0.0009547919099366768,4.778945025452157e-07,-3.485795378768996,-4.129208460611486,0.09514657700185586,2.0747232381447613,-1.649597377299158,-0.03957234447095463,0.0002858856700231729,4.0286669668487467e-07,0.839488488269901,-10.02943096097268,0.1409131467413672,1.9210275936623415,0.16226221349428058,-0.07927022038168915,4.3662496132004074e-05,1.708513622580592e-07,17.44110190397224,9.5517007546476,-0.1903661655162741,-0.6984007161489971,1.1913907292594952,0.013450255016919625,5.151383772628657e-05,1.6553711549585576e-07,28.80962280304157,-8.142031744938999,-0.4963405218868827,0.3064732605444267,1.108798472947953,-0.029928883601110408
