,flag,epoch,sbx,sby,sbz,sbvx,sbvy,sbvz
0,1.0,2457610.5,-14.362419269844994,-28.115071702358307,16.715922627080904,1.0603019946809416,-0.4047770468370282,0.061785214366973505
