,flag,epoch,sbx,sby,sbz,sbvx,sbvy,sbvz
0,1.0,2456980.0,-0.491975467456262,2.940931891484815,0.1730156142970355,-3.4640822443045822,0.15325113061108533,0.3546388394993025
1,1.0,2456980.0,-0.49197543117955866,2.9409319412918453,0.17301560230915713,-3.4640821737608882,0.15325105799441788,0.35463889505101387
