,flag,epoch,sbx,sby,sbz,sbvx,sbvy,sbvz
0,1.0,2457850.0,-2.1651614254178693,0.6829149542658653,0.22855976835728667,-1.486378827025515,-3.9861029672158392,0.3314098338955349
1,1.0,2457850.0,-2.1651614191389434,0.6829149659099978,0.22855975943852577,-1.4863788435232101,-3.9861029621000674,0.33140986652428006
