,flag,epoch,sbx,sby,sbz,sbvx,sbvy,sbvz
0,1,2457652.5,36.3929674661631,-18.21998543084678,2.2177684221394642,0.5057800816953073,0.8769392237338302,-0.048714291344461404
