,flag,epoch,sbx,sby,sbz,sbvx,sbvy,sbvz
0,1.0,2456820.0,-3.019413221970127,-2.4042339344989663,-0.8827249521665438,1.6191796592692216,-2.203344991219122,0.07486044282918419
1,1.0,2456820.0,-3.0194132040699,-2.404233964033767,-0.8827249901759823,1.6191796761449224,-2.2033449604291753,0.07486044830571052
