,flag,epoch,sbx,sby,sbz,sbvx,sbvy,sbvz
0,1.0,2453914.5,3.533145140173827,-6.755094438236659,-1.0109179695644495,2.052343216438166,0.8491871800383995,-0.5811183604391639
