,flag,epoch,sbx,sby,sbz,sbvx,sbvy,sbvz
0,1,2457373.5,2.5757439234527544,1.203253895592956,-0.094003044889473,-1.670442173275959,3.4720201641866026,-0.6713256787004327
