,flag,epoch,sbx,sby,sbz,sbvx,sbvy,sbvz
0,1.0,2458725.5,38.87847993751933,13.987289776562294,-2.042036986113177,-0.0543559511476283,0.15122617604802846,0.0009635427863116673
