,mass_1,radius_1,x_1,y_1,z_1,vx_1,vy_1,vz_1,mass_2,radius_2,x_2,y_2,z_2,vx_2,vy_2,vz_2,mass_3,radius_3,x_3,y_3,z_3,vx_3,vy_3,vz_3,mass_4,radius_4,x_4,y_4,z_4,vx_4,vy_4,vz_4,mass_5,radius_5,x_5,y_5,z_5,vx_5,vy_5,vz_5,mass_6,radius_6,x_6,y_6,z_6,vx_6,vy_6,vz_6,mass_7,radius_7,x_7,y_7,z_7,vx_7,vy_7,vz_7,mass_8,radius_8,x_8,y_8,z_8,vx_8,vy_8,vz_8
0,1.660120825375342e-07,1.631393540950981e-08,-0.1341671085952372,-0.4460304003732387,-0.02413800826816912,7.776933760906645,-2.4469948354001914,-0.9134046918827304,2.447838287784771e-06,4.045378434654418e-08,0.4865311191956297,-0.540717736711676,-0.03549321092777632,5.442995729306453,4.91449434607397,-0.24668220191417845,3.040432648020684e-06,4.437104331057835e-07,-0.5460375284419856,0.8190331094737272,-3.23179671825056e-05,-5.330674120205317,-3.5091753552868856,0.00016877423661451258,3.2271560375549955e-07,2.270212793877687e-08,-1.466593904464595,-0.6652755262109867,0.02205213082084902,2.302582211402127,-4.2180091021105515,-0.1448951708031007,0.0009547919099366768,4.778945025452157e-07,-4.153596383441561,-3.493769347494493,0.1074501882018108,1.7424773316996427,-1.9811680859830214,-0.030763008588290536,0.0002858856700231729,4.0286669668487467e-07,0.1674868097103788,-10.06229005299632,0.168228655598295,1.9276389040662076,0.025935045664240243,-0.07717123658244271,4.3662496132004074e-05,1.708513622580592e-07,17.67959660361267,9.13299458660715,-0.1950041927836459,-0.6679643339840975,1.2074284750534043,0.013120430878809054,5.151383772628657e-05,1.6553711549585576e-07,28.70011775176719,-8.52828578321137,-0.4858504244542091,0.32092665339184506,1.1041842772065755,-0.03017353961672673
