,flag,epoch,sbx,sby,sbz,sbvx,sbvy,sbvz
0,1.0,2457250.0,28.309880218459966,19.0243418631229,-0.6368216828555384,-0.7266047899123623,0.8785864444164089,0.11185984490229299
