,flag,epoch,sbx,sby,sbz,sbvx,sbvy,sbvz
0,1,2457620.0,-2.8709212299958695,-1.1314958760537597,0.8386193609378485,1.1158407525245184,-3.289439221206194,-0.06712793034151293
