,mass_1,radius_1,x_1,y_1,z_1,vx_1,vy_1,vz_1,mass_2,radius_2,x_2,y_2,z_2,vx_2,vy_2,vz_2,mass_3,radius_3,x_3,y_3,z_3,vx_3,vy_3,vz_3,mass_4,radius_4,x_4,y_4,z_4,vx_4,vy_4,vz_4,mass_5,radius_5,x_5,y_5,z_5,vx_5,vy_5,vz_5,mass_6,radius_6,x_6,y_6,z_6,vx_6,vy_6,vz_6,mass_7,radius_7,x_7,y_7,z_7,vx_7,vy_7,vz_7,mass_8,radius_8,x_8,y_8,z_8,vx_8,vy_8,vz_8
0,1.660120825375342e-07,1.631393540950981e-08,-0.40504198464451,-0.1394714658967789,0.0337812925714641,1.3418178405938292,-8.90724315408299,-0.784445235616204,2.447838287784771e-06,4.045378434654418e-08,0.04650952869328674,0.7160666138319313,-0.006079522079329719,-7.421373529534591,0.43668418657468294,0.4249984289613655,3.040432648020684e-06,4.437104331057835e-07,-0.9187298523587901,0.3817049173786905,0.008763336650340304,-2.529304533958446,-5.785946906951197,-0.08208512179235937,3.2271560375549955e-07,2.270212793877687e-08,-1.303190642431402,1.009392427426264,0.0641166900200744,-2.7640498373887716,-3.7829663727609333,0.042353390893282515,0.0009547919099366768,4.778945025452157e-07,-0.6128716034815903,5.164074501592566,0.007290549703072734,-2.7474405806036124,-0.22494972319130743,0.07435976547441712,0.0002858856700231729,4.0286669668487467e-07,-2.898714200589833,8.603523677714678,-0.1208234984200557,-2.0615316881186745,-0.5680606063521706,0.07173380634215613,4.3662496132004074e-05,1.708513622580592e-07,20.0377363707709,-1.505028931146328,-0.3035075746476704,0.09156132661369369,1.3651575171858394,0.005725022736772457,5.151383772628657e-05,1.6553711549585576e-07,23.19219108616752,18.70318405958708,-0.9115874649936004,-0.7306607017603421,0.899085735760081,-0.0018982863429555545
