,flag,epoch,sbx,sby,sbz,sbvx,sbvy,sbvz
0,1.0,2457790.0,1.2432419717800107,2.0616552448693493,-0.29549457968382126,-3.0999158885504716,2.4867375629789477,0.12650241226347225
1,1.0,2457790.0,1.2432418960316547,2.0616552320477743,-0.29549456696626286,-3.0999159930459843,2.4867375625522006,0.12650242526857292
