,flag,epoch,sbx,sby,sbz,sbvx,sbvy,sbvz
0,1.0,2457438.5,44.97909238106947,7.041352698985099,-0.8315209599127905,-0.14855350185989882,0.8985944334102258,0.0007993915502756637
