,flag,epoch,sbx,sby,sbz,sbvx,sbvy,sbvz
0,1.0,2457458.5,37.72864438423798,-22.54911545446004,9.771324793487581,0.41123086821642885,0.744301166687455,0.4296034183018961
