,mass_1,radius_1,x_1,y_1,z_1,vx_1,vy_1,vz_1,mass_2,radius_2,x_2,y_2,z_2,vx_2,vy_2,vz_2,mass_3,radius_3,x_3,y_3,z_3,vx_3,vy_3,vz_3,mass_4,radius_4,x_4,y_4,z_4,vx_4,vy_4,vz_4,mass_5,radius_5,x_5,y_5,z_5,vx_5,vy_5,vz_5,mass_6,radius_6,x_6,y_6,z_6,vx_6,vy_6,vz_6,mass_7,radius_7,x_7,y_7,z_7,vx_7,vy_7,vz_7,mass_8,radius_8,x_8,y_8,z_8,vx_8,vy_8,vz_8
0,1.660120825375342e-07,1.631393540950981e-08,0.2967958707696861,0.1415293718425313,-0.01566391648414702,-6.424754582527561,9.729837104108292,1.3844648580058057,2.447838287784771e-06,4.045378434654418e-08,0.6523456708728121,0.3137508310393805,-0.03334228428920884,-3.225618839543209,6.625531473270877,0.2769872393044434,3.040432648020684e-06,4.437104331057835e-07,0.0815880715421316,0.9806687304791732,-3.737556124601499e-05,-6.3646441335432655,0.4976147010423985,1.2017958608703008e-05,3.2271560375549955e-07,2.270212793877687e-08,1.387885062162759,0.1633251793263641,-0.03063908511602282,-0.4015901289755045,5.513571654274375,0.12539624844283714,0.0009547919099366768,4.778945025452157e-07,-5.378305298002552,-0.9064907407673182,0.1241103676015927,0.4253653058961433,-2.590172330968633,0.0012382161501769404,0.0002858856700231729,4.0286669668487467e-07,-1.946108955778486,-9.85347238472534,0.2487320059500309,1.888339776676794,-0.40318274394029463,-0.0681694692171141,4.3662496132004074e-05,1.708513622580592e-07,18.36271678396269,7.774775447431577,-0.2088910765352997,-0.5698500904607341,1.253395530869529,0.012041030874934905,5.151383772628657e-05,1.6553711549585576e-07,28.32109131128924,-9.73814139659622,-0.452151697793751,0.3659309749644315,1.0886801757727333,-0.03090046261622169
