,mass_1,radius_1,x_1,y_1,z_1,vx_1,vy_1,vz_1,mass_2,radius_2,x_2,y_2,z_2,vx_2,vy_2,vz_2,mass_3,radius_3,x_3,y_3,z_3,vx_3,vy_3,vz_3,mass_4,radius_4,x_4,y_4,z_4,vx_4,vy_4,vz_4,mass_5,radius_5,x_5,y_5,z_5,vx_5,vy_5,vz_5,mass_6,radius_6,x_6,y_6,z_6,vx_6,vy_6,vz_6,mass_7,radius_7,x_7,y_7,z_7,vx_7,vy_7,vz_7,mass_8,radius_8,x_8,y_8,z_8,vx_8,vy_8,vz_8
0,1.660120825375342e-07,1.631393540950981e-08,-0.01789499176384867,-0.4629294635720587,-0.03618646968274172,8.207207739004346,0.12926242408777808,-0.7423207282083765,2.447838287784771e-06,4.045378434654418e-08,-0.6159530031802591,0.3680357402403375,0.04059469671838633,-3.8196773524284344,-6.377749266099088,0.13290893311931595,3.040432648020684e-06,4.437104331057835e-07,-0.9823628035281626,-0.1814787212253805,1.087060480662761e-05,1.0390165190217324,-6.203036571941118,0.00028200010090023795,3.2271560375549955e-07,2.270212793877687e-08,-0.2514697122279719,-1.455079419124899,-0.02431955224219807,5.229608350597103,-0.43101996864104075,-0.13733550458454327,0.0009547919099366768,4.778945025452157e-07,1.188016408709878,-5.05691809639701,-0.005576638670046544,2.652677867003739,0.7612020789984528,-0.06251214370938311,0.0002858856700231729,4.0286669668487467e-07,4.230233654532123,-9.088384424736361,-0.0103665531726478,1.7373824583408792,0.8549603291499825,-0.08399026997913468,4.3662496132004074e-05,1.708513622580592e-07,16.01778111091329,11.65071702702007,-0.1642002001691011,-0.8530709518579772,1.0954868313038957,0.015071104410842692,5.151383772628657e-05,1.6553711549585576e-07,29.30041869346633,-6.088944588629448,-0.5499558272877914,0.22844391811899228,1.130486413605188,-0.028538476671858812
