,flag,epoch,sbx,sby,sbz,sbvx,sbvy,sbvz
0,1.0,2458082.5,-8.799946676974598,-10.037327582863115,3.676593274889417,-1.2609706105455145,1.1736162386944593,-1.5003333197109172
