,flag,epoch,sbx,sby,sbz,sbvx,sbvy,sbvz
0,1.0,2455970.0,-43.47319388836454,-2.5677073924104015,-0.04246047710836742,0.12203593479612189,-0.9559193432432539,0.007665815247354471
