,flag,epoch,sbx,sby,sbz,sbvx,sbvy,sbvz
0,1.0,2454698.5,2.9236155376611332,2.7350615327516596,-0.1536421473605453,-2.011722508340197,3.3861633071979553,0.4235401202805066
