,flag,epoch,sbx,sby,sbz,sbvx,sbvy,sbvz
0,1,2457250.0,-0.10314515360730225,3.119859073889784,0.18999204977942602,-3.486300132033643,-0.021497898252034603,-0.024547870406780803
