,mass_1,radius_1,x_1,y_1,z_1,vx_1,vy_1,vz_1,mass_2,radius_2,x_2,y_2,z_2,vx_2,vy_2,vz_2,mass_3,radius_3,x_3,y_3,z_3,vx_3,vy_3,vz_3,mass_4,radius_4,x_4,y_4,z_4,vx_4,vy_4,vz_4,mass_5,radius_5,x_5,y_5,z_5,vx_5,vy_5,vz_5,mass_6,radius_6,x_6,y_6,z_6,vx_6,vy_6,vz_6,mass_7,radius_7,x_7,y_7,z_7,vx_7,vy_7,vz_7,mass_8,radius_8,x_8,y_8,z_8,vx_8,vy_8,vz_8
0,1.660120825375342e-07,1.631393540950981e-08,-0.1206481207804301,-0.4499969576542101,-0.02569979331939553,7.862676026152561,-2.1457969767574725,-0.8966968177430114,2.447838287784771e-06,4.045378434654418e-08,0.3488588148842613,0.6316161407593894,-0.01147546972198991,-6.490605165085047,3.5389459610437664,0.42307078736544845,3.040432648020684e-06,4.437104331057835e-07,-0.9575629114789885,0.2587595853629804,-5.670815917052859e-06,-1.7415732663173682,-6.090018918202163,0.00020734724577273515,3.2271560375549955e-07,2.270212793877687e-08,1.260937558848374,0.6699996046588613,-0.01691021838055646,-2.202247708155377,4.950332251388792,0.157779075650273,0.0009547919099366768,4.778945025452157e-07,-4.064659886960321,3.463274768250738,0.07656975357639972,-1.822145861516761,-1.9697093627561981,0.04895331945406932,0.0002858856700231729,4.0286669668487467e-07,-5.124912296065612,-8.539444417943624,0.3524719451752514,1.6348125521396015,-1.0559115479737335,-0.04675662245976793,4.3662496132004074e-05,1.708513622580592e-07,19.23413227843682,5.48177484539087,-0.2287241072511397,-0.40543425710667247,1.3125408111511054,0.010152850049111433,5.151383772628657e-05,1.6553711549585576e-07,27.60404810908885,-11.65724703857042,-0.3960226756710575,0.4371173985621278,1.0609852004779523,-0.031962188794837344
