,mass_1,radius_1,x_1,y_1,z_1,vx_1,vy_1,vz_1,mass_2,radius_2,x_2,y_2,z_2,vx_2,vy_2,vz_2,mass_3,radius_3,x_3,y_3,z_3,vx_3,vy_3,vz_3,mass_4,radius_4,x_4,y_4,z_4,vx_4,vy_4,vz_4,mass_5,radius_5,x_5,y_5,z_5,vx_5,vy_5,vz_5,mass_6,radius_6,x_6,y_6,z_6,vx_6,vy_6,vz_6,mass_7,radius_7,x_7,y_7,z_7,vx_7,vy_7,vz_7,mass_8,radius_8,x_8,y_8,z_8,vx_8,vy_8,vz_8
0,1.660120825375342e-07,1.631393540950981e-08,-0.2956855406427414,0.1783999132257727,0.04170456748634976,-7.414346463256799,-8.36816309331874,-0.0035431197477190416,2.447838287784771e-06,4.045378434654418e-08,-0.5777253514338833,-0.4336331965247208,0.0273929858667936,4.382914461747218,-5.943292379367884,-0.33440869572809945,3.040432648020684e-06,4.437104331057835e-07,-0.4941214518125136,0.8509593161226136,-2.842182710241453e-05,-5.536546896988063,-3.1790463022568765,0.00013980751990872058,3.2271560375549955e-07,2.270212793877687e-08,-1.645111938676129,-0.08558127809724776,0.03858186670692088,0.4559993814230168,-4.667742732341547,-0.10900562692854142,0.0009547919099366768,4.778945025452157e-07,-5.220247272305915,1.452314256107295,0.1107785449628635,-0.7723174734663051,-2.5276611896564076,0.027776852201933565,0.0002858856700231729,4.0286669668487467e-07,-3.616665260278397,-9.332286675661344,0.306188074630429,1.7883874901898684,-0.7444540835693351,-0.05827672510383455,4.3662496132004074e-05,1.708513622580592e-07,18.84178758983672,6.623882203781577,-0.2193808244105274,-0.4871899629630877,1.2857501057866996,0.01110238910963403,5.151383772628657e-05,1.6553711549585576e-07,27.97293910243611,-10.71858627167109,-0.4238932302140655,0.40229135414823713,1.0749684613242747,-0.03145796674215206
