,flag,epoch,sbx,sby,sbz,sbvx,sbvy,sbvz
0,1.0,2457320.5,-0.20008520570361543,-2.4205801862074807,0.030480286556631833,3.9518369816309926,0.47362011420947603,0.014724125455478987
