,flag,epoch,sbx,sby,sbz,sbvx,sbvy,sbvz
0,1.0,2459180.0,-0.2830977265226249,3.141066515529503,0.4064397081003388,-3.1689291994539905,0.08866122831059604,-0.4694830129236958
1,1.0,2459180.0,-0.2830977292402437,3.141066555539422,0.4064397265066479,-3.168929148954394,0.08866134346686078,-0.4694830333414084
