,flag,epoch,sbx,sby,sbz,sbvx,sbvy,sbvz
0,1.0,2457130.0,-40.263360881447916,-7.020464507751478,7.2910454986071915,0.0019636846485674903,-1.0003971128379434,0.04535374667002759
