,mass_1,radius_1,x_1,y_1,z_1,vx_1,vy_1,vz_1,mass_2,radius_2,x_2,y_2,z_2,vx_2,vy_2,vz_2,mass_3,radius_3,x_3,y_3,z_3,vx_3,vy_3,vz_3,mass_4,radius_4,x_4,y_4,z_4,vx_4,vy_4,vz_4,mass_5,radius_5,x_5,y_5,z_5,vx_5,vy_5,vz_5,mass_6,radius_6,x_6,y_6,z_6,vx_6,vy_6,vz_6,mass_7,radius_7,x_7,y_7,z_7,vx_7,vy_7,vz_7,mass_8,radius_8,x_8,y_8,z_8,vx_8,vy_8,vz_8
0,1.660120825375342e-07,1.631393540950981e-08,0.2648765386263743,-0.3286910089539077,-0.05115797114287808,5.956460123949583,6.943699202055868,0.020947627710862605,2.447838287784771e-06,4.045378434654418e-08,0.691007910313525,-0.2235976268888948,-0.04294278463366847,2.2348067226617174,6.9962816013452205,-0.032991896556227265,3.040432648020684e-06,4.437104331057835e-07,-0.7879847705310676,0.5945334747082731,-2.189912432299403e-05,-3.886936740993154,-5.039722973020398,0.0002280661582038944,3.2271560375549955e-07,2.270212793877687e-08,-1.328400923511088,-0.8751540377122999,0.01426281819509416,3.0033614769906674,-3.8313635777293773,-0.1539892569084061,0.0009547919099366768,4.778945025452157e-07,-4.061575460472236,-3.595648410602024,0.1058141903509021,1.7953025973797425,-1.9355827121101534,-0.03213365230218785,0.0002858856700231729,4.0286669668487467e-07,0.2677512229170763,-10.06041184605018,0.1642055039051131,1.9272295372634418,0.046276067758423745,-0.07750695997871944,4.3662496132004074e-05,1.708513622580592e-07,17.64473104189098,9.195743238551456,-0.1943203774918944,-0.6725241296453205,1.2050889962455826,0.013170484785488604,5.151383772628657e-05,1.6553711549585576e-07,28.71675614038841,-8.470828760701886,-0.4874190779005466,0.3187747318674437,1.1048860912076737,-0.030136992756225705
