,flag,epoch,sbx,sby,sbz,sbvx,sbvy,sbvz
0,1.0,2457020.0,2.8379616675981243,-0.5707560388048865,-0.6513511913568013,1.1349524824694404,3.1555451809998534,-0.022207586993129882
1,1.0,2457020.0,2.837961707930144,-0.570756023874206,-0.651351201645367,1.1349525017797923,3.1555451174097353,-0.022207603652368322
