,mass_1,radius_1,x_1,y_1,z_1,vx_1,vy_1,vz_1,mass_2,radius_2,x_2,y_2,z_2,vx_2,vy_2,vz_2,mass_3,radius_3,x_3,y_3,z_3,vx_3,vy_3,vz_3,mass_4,radius_4,x_4,y_4,z_4,vx_4,vy_4,vz_4,mass_5,radius_5,x_5,y_5,z_5,vx_5,vy_5,vz_5,mass_6,radius_6,x_6,y_6,z_6,vx_6,vy_6,vz_6,mass_7,radius_7,x_7,y_7,z_7,vx_7,vy_7,vz_7,mass_8,radius_8,x_8,y_8,z_8,vx_8,vy_8,vz_8
0,1.660120825375342e-07,1.631393540950981e-08,0.2388478144805607,0.2098518057352438,-0.00477395167565518,-8.807917697259477,8.15874173153093,1.4748383428445169,2.447838287784771e-06,4.045378434654418e-08,-0.6425346387116965,0.31952220561809,0.04145721631141364,-3.321685925105935,-6.649924130205857,0.10071751327706932,3.040432648020684e-06,4.437104331057835e-07,-0.7478242696458556,-0.6757539049074631,1.158900964700585e-05,4.110841611175526,-4.686023191005406,6.987369269830934e-05,3.2271560375549955e-07,2.270212793877687e-08,0.9908313585400136,-0.9724568456120392,-0.0447108229364009,3.7740539894803855,4.085025559997698,-0.0071124372931338385,0.0009547919099366768,4.778945025452157e-07,-1.636972398832734,-5.072122734657698,0.05768695925904947,2.5911074394049898,-0.7173377543635706,-0.05500355181473601,0.0002858856700231729,4.0286669668487467e-07,-7.488792611862179,5.349837511672913,0.2048786200801064,-1.2917103807470636,-1.6633904225499008,0.08037888492149921,4.3662496132004074e-05,1.708513622580592e-07,19.42304107712752,-5.128091186371843,-0.2706092780141651,0.3580517074850783,1.321031220602004,0.00027232222759489044,5.151383772628657e-05,1.6553711549585576e-07,22.98546178507872,-19.35249944009413,-0.1312319202885529,0.7329377168846491,0.882840982575319,-0.03507519333720599
