,flag,epoch,sbx,sby,sbz,sbvx,sbvy,sbvz
0,1.0,2457347.5,24.833628929276262,26.712987946781467,-20.87162791001679,-0.7956578819616493,0.6126402793488726,0.11124659926850543
