,flag,epoch,sbx,sby,sbz,sbvx,sbvy,sbvz
0,1.0,2458725.5,21.679204435743454,-26.468019718475325,-4.79528950444011,0.14022395085601855,0.11145211333048924,0.018774041486916287
