,flag,epoch,sbx,sby,sbz,sbvx,sbvy,sbvz
0,1.0,2456090.0,26.933050613120546,16.682707810933998,2.9746454022827127,-0.5925704655072112,1.0276142194831417,-0.014820923513487499
