,mass_1,radius_1,x_1,y_1,z_1,vx_1,vy_1,vz_1,mass_2,radius_2,x_2,y_2,z_2,vx_2,vy_2,vz_2,mass_3,radius_3,x_3,y_3,z_3,vx_3,vy_3,vz_3,mass_4,radius_4,x_4,y_4,z_4,vx_4,vy_4,vz_4,mass_5,radius_5,x_5,y_5,z_5,vx_5,vy_5,vz_5,mass_6,radius_6,x_6,y_6,z_6,vx_6,vy_6,vz_6,mass_7,radius_7,x_7,y_7,z_7,vx_7,vy_7,vz_7,mass_8,radius_8,x_8,y_8,z_8,vx_8,vy_8,vz_8
0,1.660120825375342e-07,1.631393540950981e-08,0.2526287751128062,0.1964208089723491,-0.007125796546944721,-8.32775039385427,8.55530323371231,1.4630649282142592,2.447838287784771e-06,4.045378434654418e-08,-0.6546129994661172,0.2940717358995494,0.04180942879460498,-3.0603904788424274,-6.773756940918164,0.08368551677473793,3.040432648020684e-06,4.437104331057835e-07,-0.3589296714320293,-0.9481324803500039,4.192765786458448e-05,5.77474197013543,-2.2483991715076197,7.406000195827746e-05,3.2271560375549955e-07,2.270212793877687e-08,-0.005898440288660526,-1.455604874532255,-0.03035441016481851,5.3038438094024425,0.41822751421837934,-0.12139147371321352,0.0009547919099366768,4.778945025452157e-07,-3.48863470212376,-4.126949316721825,0.09520072626182312,2.073528033285423,-1.6510117025028401,-0.039539721666779916,0.0002858856700231729,4.0286669668487467e-07,0.83685871492868,-10.02965272048787,0.1410216566106051,1.921071234767521,0.16172843646833365,-0.07926269770950238,4.3662496132004074e-05,1.708513622580592e-07,17.44205788127528,9.550069785680181,-0.1903845770473984,-0.6982821224435483,1.1914549302545647,0.013448991846310905,5.151383772628657e-05,1.6553711549585576e-07,28.80920322518468,-8.14354959507337,-0.4962995508249288,0.3065299884417446,1.1087805729426676,-0.029929837989497974
