,flag,epoch,sbx,sby,sbz,sbvx,sbvy,sbvz
0,1.0,2457394.5,39.18943402657919,6.515746455255638,1.2695320918957576,-0.32423649361786216,1.0119150749164874,0.09123988896741443
