,flag,epoch,sbx,sby,sbz,sbvx,sbvy,sbvz
0,1,2457310.0,-2.2660105410771982,-1.8496969072894203,0.8107685420588309,1.4883545653740873,-2.5368112629571793,-1.0016893879568805
