,mass_1,radius_1,x_1,y_1,z_1,vx_1,vy_1,vz_1,mass_2,radius_2,x_2,y_2,z_2,vx_2,vy_2,vz_2,mass_3,radius_3,x_3,y_3,z_3,vx_3,vy_3,vz_3,mass_4,radius_4,x_4,y_4,z_4,vx_4,vy_4,vz_4,mass_5,radius_5,x_5,y_5,z_5,vx_5,vy_5,vz_5,mass_6,radius_6,x_6,y_6,z_6,vx_6,vy_6,vz_6,mass_7,radius_7,x_7,y_7,z_7,vx_7,vy_7,vz_7,mass_8,radius_8,x_8,y_8,z_8,vx_8,vy_8,vz_8
0,1.660120825375342e-07,1.631393540950981e-08,0.1895807710167766,-0.3963233780578614,-0.0497764490102306,7.213682743162892,4.948276525191873,-0.2575683199395512,2.447838287784771e-06,4.045378434654418e-08,-0.1661581519838011,-0.7068488488068488,-9.594617024505297e-05,7.141889152760992,-1.720966104416121,-0.43576258774318194,3.040432648020684e-06,4.437104331057835e-07,-0.4521819645770964,0.8737491103058642,-2.619552168164014e-05,-5.683150369985718,-2.9115199762003297,9.422759778217378e-05,3.2271560375549955e-07,2.270212793877687e-08,1.216189093629578,-0.6545620607135961,-0.0435748776039678,2.617378136343337,4.937086963109953,0.03917730154185982,0.0009547919099366768,4.778945025452157e-07,1.303746246742648,4.898049781914171,-0.04951666621946033,-2.699257046169435,0.840778490385789,0.05690928389113494,0.0002858856700231729,4.0286669668487467e-07,-8.033785794331457,-5.590672779821336,0.4170663451807919,1.0513511717057566,-1.6767931614088378,-0.012714109429149927,4.3662496132004074e-05,1.708513622580592e-07,19.88134052626478,2.634700774453317,-0.2477377367034581,-0.20132455515795233,1.3575953262691591,0.007669792259606984,5.151383772628657e-05,1.6553711549585576e-07,26.58440448043905,-13.87695145926586,-0.3267733813485212,0.5207933270914846,1.0235935047447715,-0.033076300697506264
