,flag,epoch,sbx,sby,sbz,sbvx,sbvy,sbvz
0,1.0,2457180.0,18.915871455894468,22.497238545550953,0.44252732798575534,-1.093540250733359,0.6984531454340895,0.07781544078651427
