,flag,epoch,sbx,sby,sbz,sbvx,sbvy,sbvz
0,1.0,2457314.5,37.8265046645034,8.12273096050882,-4.817501107968496,-0.28770780775991933,1.0746633916188635,-0.1699493641764108
