,flag,epoch,sbx,sby,sbz,sbvx,sbvy,sbvz
0,1.0,2456860.0,-0.9327608222772468,2.951883993227419,0.05043427738995772,-3.216041356572043,-1.4675923199527734,0.2113558676150239
1,1.0,2456860.0,-0.932760877833806,2.9518840166923055,0.05043422022794853,-3.216041284831451,-1.4675923512682734,0.21135586193933695
