,mass_1,radius_1,x_1,y_1,z_1,vx_1,vy_1,vz_1,mass_2,radius_2,x_2,y_2,z_2,vx_2,vy_2,vz_2,mass_3,radius_3,x_3,y_3,z_3,vx_3,vy_3,vz_3,mass_4,radius_4,x_4,y_4,z_4,vx_4,vy_4,vz_4,mass_5,radius_5,x_5,y_5,z_5,vx_5,vy_5,vz_5,mass_6,radius_6,x_6,y_6,z_6,vx_6,vy_6,vz_6,mass_7,radius_7,x_7,y_7,z_7,vx_7,vy_7,vz_7,mass_8,radius_8,x_8,y_8,z_8,vx_8,vy_8,vz_8
0,1.660120825375342e-07,1.631393540950981e-08,0.08492018395849028,-0.4467442939305605,-0.04429520163285876,8.034558649397509,2.4455172486166865,-0.537274998106375,2.447838287784771e-06,4.045378434654418e-08,-0.4009640910826687,0.5953829257183573,0.0313019472567937,-6.152771459656644,-4.167283279197229,0.2979092550322991,3.040432648020684e-06,4.437104331057835e-07,-0.8310364629963239,0.5342031042540418,-1.613986716227423e-05,-3.500235046444228,-5.30948411316466,0.00021815998210627567,3.2271560375549955e-07,2.270212793877687e-08,1.063497256557538,0.9959308967041678,-0.005230144688905734,-3.2991453371625217,4.1673763655715375,0.16829803955623504,0.0009547919099366768,4.778945025452157e-07,-5.289107688602877,-1.33551371366202,0.1238960532967661,0.6422018242568266,-2.5446496317135683,-0.003803121937410639,0.0002858856700231729,4.0286669668487467e-07,-1.629725839452906,-9.915442687189092,0.2372136891246386,1.9001431524407668,-0.33887824309625963,-0.06975456458222025,4.3662496132004074e-05,1.708513622580592e-07,18.26628968904477,7.983559311422598,-0.2068660795651189,-0.5848816134842773,1.2468520870978612,0.012208594848895592,5.151383772628657e-05,1.6553711549585576e-07,28.38164048661503,-9.556122780618603,-0.4573034735516436,0.3591787882755181,1.0910652027117576,-0.030794238168946067
