,flag,epoch,sbx,sby,sbz,sbvx,sbvy,sbvz
0,1.0,2457965.5,-0.5183568099968784,-3.7646112330753057,-0.3225237384961549,2.81740668402615,-0.4787851469388766,-0.25496600960536875
