,mass_1,radius_1,x_1,y_1,z_1,vx_1,vy_1,vz_1,mass_2,radius_2,x_2,y_2,z_2,vx_2,vy_2,vz_2,mass_3,radius_3,x_3,y_3,z_3,vx_3,vy_3,vz_3,mass_4,radius_4,x_4,y_4,z_4,vx_4,vy_4,vz_4,mass_5,radius_5,x_5,y_5,z_5,vx_5,vy_5,vz_5,mass_6,radius_6,x_6,y_6,z_6,vx_6,vy_6,vz_6,mass_7,radius_7,x_7,y_7,z_7,vx_7,vy_7,vz_7,mass_8,radius_8,x_8,y_8,z_8,vx_8,vy_8,vz_8
0,1.660120825375342e-07,1.631393540950981e-08,-0.07554882324114788,0.3023192796628156,0.0316337977494694,-12.03136783196345,-2.1145108885844524,0.9310314300879976,2.447838287784771e-06,4.045378434654418e-08,-0.6584781946633623,-0.2937048118436232,0.03397145054661483,2.9588741458671635,-6.780991252157582,-0.26371763907525475,3.040432648020684e-06,4.437104331057835e-07,-0.3683517301532519,0.9119105346424952,-3.119211333774394e-05,-5.928860109990545,-2.377119818572944,0.00011274149874169625,3.2271560375549955e-07,2.270212793877687e-08,-1.651621802104641,0.01676427454939619,0.04088631732568115,0.1386494724106109,-4.674392927545915,-0.10135583981603395,0.0009547919099366768,4.778945025452157e-07,-5.203020710695283,1.507589524839475,0.1101635644235994,-0.8006711101068333,-2.5196102799523183,0.02837809071180605,0.0002858856700231729,4.0286669668487467e-07,-3.655801371245995,-9.315893061256855,0.3074615942832755,1.7852229560512656,-0.7524855325587442,-0.05801133474305556,4.3662496132004074e-05,1.708513622580592e-07,18.8524363717728,6.595712730767145,-0.2196237474630171,-0.4851766838713667,1.2864747225136903,0.011079525378453626,5.151383772628657e-05,1.6553711549585576e-07,27.96411829959068,-10.7421273877049,-0.4232040737140895,0.40315825320604376,1.0746299180591317,-0.03147062519500464
