,flag,epoch,sbx,sby,sbz,sbvx,sbvy,sbvz
0,1.0,2452230.0,34.76294487194481,-29.976291950746774,-0.09896182586170243,0.630426548708818,0.6540774265512567,-0.0496236023534673
