,flag,epoch,sbx,sby,sbz,sbvx,sbvy,sbvz
0,1.0,2457974.5,-3.2300538365056712,0.6206710362023726,-0.3093533843314603,-0.7551216395277233,-3.2984624294615243,0.061087511561510294
