,flag,epoch,sbx,sby,sbz,sbvx,sbvy,sbvz
0,1.0,2457464.5,40.02754136099216,-22.512537068515602,-12.950817087107914,0.26532006410683306,0.8131250485125083,0.5355694137319634
