,flag,epoch,sbx,sby,sbz,sbvx,sbvy,sbvz
0,1.0,2455137.5,-4.147346529849145,12.55230906663963,9.19125785110745,-0.8009965123862093,0.014265053518370338,0.23124692374546912
