,flag,epoch,sbx,sby,sbz,sbvx,sbvy,sbvz
0,1,2455969.5,-2.5892770762158994,0.5329732485231361,0.7582679018701521,0.2295317119054388,-3.5677478170293915,-0.8455991633664282
