,flag,epoch,sbx,sby,sbz,sbvx,sbvy,sbvz
0,1,2457220.5,-2.155944188031143,-0.9174211614141937,0.02430219210384714,2.1854911764856184,-3.288809660634527,-0.390736635824829
