,mass_1,radius_1,x_1,y_1,z_1,vx_1,vy_1,vz_1,mass_2,radius_2,x_2,y_2,z_2,vx_2,vy_2,vz_2,mass_3,radius_3,x_3,y_3,z_3,vx_3,vy_3,vz_3,mass_4,radius_4,x_4,y_4,z_4,vx_4,vy_4,vz_4,mass_5,radius_5,x_5,y_5,z_5,vx_5,vy_5,vz_5,mass_6,radius_6,x_6,y_6,z_6,vx_6,vy_6,vz_6,mass_7,radius_7,x_7,y_7,z_7,vx_7,vy_7,vz_7,mass_8,radius_8,x_8,y_8,z_8,vx_8,vy_8,vz_8
0,1.660120825375342e-07,1.631393540950981e-08,-0.2437197703575424,-0.389914104667591,-0.009507155196736517,6.6393163107098205,-4.957789927809419,-1.014147934990561,2.447838287784771e-06,4.045378434654418e-08,0.5737143629496275,0.4402453647684411,-0.02706377570118759,-4.519950455124178,5.829196302436582,0.3408289734449078,3.040432648020684e-06,4.437104331057835e-07,0.4382355578064366,0.8843738107403536,-4.432735915492365e-05,-5.7326811420485,2.7664327069302037,-0.00011357584966434033,3.2271560375549955e-07,2.270212793877687e-08,-1.250233541393531,-0.9672997748544901,0.01039571244037565,3.318608648297393,-3.6053209332677425,-0.1569645032498651,0.0009547919099366768,4.778945025452157e-07,4.556440338613258,-2.058217319101976,-0.09339367128131222,1.1028589777836042,2.644271269605151,-0.03565674668942476,0.0002858856700231729,4.0286669668487467e-07,6.826686062050432,-7.205977897514085,-0.146396528986716,1.3671333675900115,1.3996251368885368,-0.07872544617070747,4.3662496132004074e-05,1.708513622580592e-07,14.49498693401901,13.38135141787167,-0.1381310622756402,-0.9840661984703393,0.9912505404261782,0.01638033856755996,5.151383772628657e-05,1.6553711549585576e-07,29.61823013424761,-4.203520278822575,-0.5960668448104008,0.15480400315797882,1.145053792574564,-0.027109744256342674
