,flag,epoch,sbx,sby,sbz,sbvx,sbvy,sbvz
0,1.0,2457525.5,-3.965531838089006,-16.324061746405352,-1.3303310270520612,1.7678254584687094,-0.26729408356848416,0.3480122034735013
