,flag,epoch,sbx,sby,sbz,sbvx,sbvy,sbvz
0,1,2455668.5,0.6725933036074061,2.548116122956393,-1.1644614139706577,-3.6881729667173704,0.6913697857152304,-0.3181846776663151
