,flag,epoch,sbx,sby,sbz,sbvx,sbvy,sbvz
0,1,2454739.5,-2.5194378084777753,1.0414369177428453,-0.901388757119572,-0.9309213692854694,-3.0882747824156196,0.8025941896618618
