,flag,epoch,sbx,sby,sbz,sbvx,sbvy,sbvz
0,1.0,2457694.5,35.27878350172502,4.370739490227374,-3.6772441227227164,-0.2196082798345507,1.1875130675269496,0.22124359109887834
