,flag,epoch,sbx,sby,sbz,sbvx,sbvy,sbvz
0,1.0,2455297.5,-2.8529223086859297,-29.925457718053593,31.96705126258505,1.0742065243735788,-0.12660176182047275,-0.4246839396085273
