,flag,epoch,sbx,sby,sbz,sbvx,sbvy,sbvz
0,1,2457129.5,0.3394270228440929,3.0725930758197726,0.4577336237574335,-3.268320836672286,0.4873888285129392,0.10814555562667605
