,flag,epoch,sbx,sby,sbz,sbvx,sbvy,sbvz
0,1.0,2457380.0,-0.11390012202877786,2.414816293305217,-0.6385806988807456,-4.258174939392446,-0.10753526404745488,0.9018854754789577
1,1.0,2457380.0,-0.11390006679839615,2.414816341565364,-0.6385806592324228,-4.25817489274327,-0.10753522462166291,0.9018854488535225
