,mass_1,radius_1,x_1,y_1,z_1,vx_1,vy_1,vz_1,mass_2,radius_2,x_2,y_2,z_2,vx_2,vy_2,vz_2,mass_3,radius_3,x_3,y_3,z_3,vx_3,vy_3,vz_3,mass_4,radius_4,x_4,y_4,z_4,vx_4,vy_4,vz_4,mass_5,radius_5,x_5,y_5,z_5,vx_5,vy_5,vz_5,mass_6,radius_6,x_6,y_6,z_6,vx_6,vy_6,vz_6,mass_7,radius_7,x_7,y_7,z_7,vx_7,vy_7,vz_7,mass_8,radius_8,x_8,y_8,z_8,vx_8,vy_8,vz_8
0,1.660120825375342e-07,1.631393540950981e-08,0.307981946074217,-0.2675293543016807,-0.05011479175304968,4.707335952844958,8.239789664136428,0.2414434166186659,2.447838287784771e-06,4.045378434654418e-08,0.3092201553782984,0.6516665738987028,-0.008905033855895276,-6.698612730668939,3.133413775736464,0.42953404636392073,3.040432648020684e-06,4.437104331057835e-07,0.8742419114218061,-0.508263603427352,1.725721480683998e-05,3.0560742513490684,5.409145776232058,-0.0002376099371946994,3.2271560375549955e-07,2.270212793877687e-08,-1.190374963070202,1.149511595160445,0.05330251925181972,-3.357706500368994,-3.2407860512183584,0.014491724462461443,0.0009547919099366768,4.778945025452157e-07,-4.792442807475681,-2.588405115233933,0.1179854499004305,1.277701938529249,-2.297212141728751,-0.01904935381774463,0.0002858856700231729,4.0286669668487467e-07,-0.644837704506139,-10.03847504305384,0.2001469994872535,1.9234102088748788,-0.1388278885442125,-0.07414532324285232,4.3662496132004074e-05,1.708513622580592e-07,17.9534125157532,8.61999232599025,-0.2004512590328436,-0.6308017241327364,1.225849815026675,0.012716825914171921,5.151383772628657e-05,1.6553711549585576e-07,28.56115166096871,-8.992630570234006,-0.4730681247167813,0.33824514173126635,1.0984275243721675,-0.03045723499190446
