,flag,epoch,sbx,sby,sbz,sbvx,sbvy,sbvz
0,1,2457240.0,0.21213648685443087,-3.4041813820424034,-0.25992025546102115,3.1852470055890416,0.03295974917480643,-0.24083127074587152
