,flag,epoch,sbx,sby,sbz,sbvx,sbvy,sbvz
0,1,2453098.5,25.87021752539181,40.79018668564745,3.8733857121169093,-0.7781069039069337,0.33910516148886777,0.23501712129253624
