,flag,epoch,sbx,sby,sbz,sbvx,sbvy,sbvz
0,1.0,2457520.0,-2.6679413049410954,-0.28168892685094693,0.1327793931489403,0.22905226322907812,-3.5742919267018496,0.39045528864452966
1,1.0,2457520.0,-2.6679413123115223,-0.28168892622816477,0.1327793836975687,0.22905224862981594,-3.5742919224879213,0.39045530733963674
