,flag,epoch,sbx,sby,sbz,sbvx,sbvy,sbvz
0,1.0,2457751.5,2.7501981476804866,1.6920229305126213,-0.13409030142449802,-2.0546591474710096,2.8093881354410697,0.30565297427830085
