,flag,epoch,sbx,sby,sbz,sbvx,sbvy,sbvz
0,1,2457610.0,-2.303766071411036,0.4707202833077956,0.05037324391977358,-1.410850604916938,-3.705806762469057,-0.24920500646886573
