,flag,epoch,sbx,sby,sbz,sbvx,sbvy,sbvz
0,1.0,2457523.5,32.64264512661886,9.420827981316002,-14.290870832283991,-0.5839870082326463,1.140574347439454,-0.3787025895926744
