,flag,sbx,sby,sbz,sbvx,sbvy,sbvz,epoch
0,1.0,38.80825047080467,2.9299106430789,-12.269274512132707,0.05756764802341845,-1.0128392224608023,-0.059777675801650026,2458725.5
