,flag,epoch,sbx,sby,sbz,sbvx,sbvy,sbvz
0,1.0,2457002.5,13.274808993828408,32.217860456375526,-10.814126958983,-0.9013540587307817,0.5773737968385176,-0.11656718135565557
