,flag,epoch,sbx,sby,sbz,sbvx,sbvy,sbvz
0,1.0,2457826.5,27.884206032492294,-1.9156840963952284,-15.177877531567411,0.027241181023425383,1.3880511518434102,0.19026220231566707
