,flag,epoch,sbx,sby,sbz,sbvx,sbvy,sbvz
0,1,2457350.5,-2.905769902925953,0.6619430325797832,0.4432764314980193,-0.9679602521405761,-3.3370114978235756,0.1671242814087747
