,mass_1,radius_1,x_1,y_1,z_1,vx_1,vy_1,vz_1,mass_2,radius_2,x_2,y_2,z_2,vx_2,vy_2,vz_2,mass_3,radius_3,x_3,y_3,z_3,vx_3,vy_3,vz_3,mass_4,radius_4,x_4,y_4,z_4,vx_4,vy_4,vz_4,mass_5,radius_5,x_5,y_5,z_5,vx_5,vy_5,vz_5,mass_6,radius_6,x_6,y_6,z_6,vx_6,vy_6,vz_6,mass_7,radius_7,x_7,y_7,z_7,vx_7,vy_7,vz_7,mass_8,radius_8,x_8,y_8,z_8,vx_8,vy_8,vz_8
0,1.660120825375342e-07,1.631393540950981e-08,0.065197363674658,-0.4521591423098912,-0.04292508902581143,8.110045676854538,1.9943186197594205,-0.5812261834517679,2.447838287784771e-06,4.045378434654418e-08,0.7228217886832121,-0.06391808321288038,-0.04259062067813993,0.6168121843734669,7.3251448688016865,0.0647176786574369,3.040432648020684e-06,4.437104331057835e-07,-0.8739655274898319,0.4627269934532702,-7.81795302907956e-06,-3.04254980930365,-5.57725917547551,0.00013845250890842932,3.2271560375549955e-07,2.270212793877687e-08,-1.26033572434709,1.077190667672688,0.05351906403783446,-3.128105514390485,-3.450149235834949,0.004517995752248315,0.0009547919099366768,4.778945025452157e-07,4.657030646437632,-1.794668267151635,-0.0967643675104037,0.9576851380311562,2.7053162433299867,-0.03266320111585453,0.0002858856700231729,4.0286669668487467e-07,-9.48290790258679,-0.02613259586721148,0.3779146544880328,-0.10303390295703758,-2.039978922831118,0.03964028530295781,4.3662496132004074e-05,1.708513622580592e-07,20.04962086667803,-1.341717646376948,-0.2646921223552937,0.08618646220691309,1.3684949503322523,0.003952048233634775,5.151383772628657e-05,1.6553711549585576e-07,24.90598137235196,-16.76377225438045,-0.228738330136497,0.633539188860225,0.9600460685698711,-0.03432803532832799
