,flag,epoch,sbx,sby,sbz,sbvx,sbvy,sbvz
0,1.0,2457573.5,36.10474177836948,6.466390546022454,0.4257543751355755,-0.19952234275479688,1.0449513545694344,0.016108842997416897
