,mass_1,radius_1,x_1,y_1,z_1,vx_1,vy_1,vz_1,mass_2,radius_2,x_2,y_2,z_2,vx_2,vy_2,vz_2,mass_3,radius_3,x_3,y_3,z_3,vx_3,vy_3,vz_3,mass_4,radius_4,x_4,y_4,z_4,vx_4,vy_4,vz_4,mass_5,radius_5,x_5,y_5,z_5,vx_5,vy_5,vz_5,mass_6,radius_6,x_6,y_6,z_6,vx_6,vy_6,vz_6,mass_7,radius_7,x_7,y_7,z_7,vx_7,vy_7,vz_7,mass_8,radius_8,x_8,y_8,z_8,vx_8,vy_8,vz_8
0,1.660120825375342e-07,1.631393540950981e-08,-0.3252681890170511,0.140631878822609,0.04134002242312173,-6.195103457606785,-8.995131949509705,-0.1663246449092148,2.447838287784771e-06,4.045378434654418e-08,-0.5822728538191662,-0.4273870577301204,0.02776108108146904,4.319302998642072,-5.990601719415209,-0.33125524378059606,3.040432648020684e-06,4.437104331057835e-07,-0.04210008866538787,0.9826683831722202,-1.121792702498429e-05,-6.380444533735879,-0.2923157750524226,5.739450984121741e-06,3.2271560375549955e-07,2.270212793877687e-08,-1.233740351169163,-0.9847854852742841,0.009674541516010306,3.3802103693449452,-3.557523984187876,-0.157582273222623,0.0009547919099366768,4.778945025452157e-07,-5.419155738426509,-0.5981859053490748,0.1237487556096349,0.2684415851633612,-2.6121352810172835,0.00483577903032702,0.0002858856700231729,4.0286669668487467e-07,-3.543352431065788,8.335211139115497,-0.004077378022292394,-1.9846497840859523,-0.8037731153718858,0.09293385268491712,4.3662496132004074e-05,1.708513622580592e-07,18.32414214282522,-8.153048554867777,-0.2676596259186929,0.57311523771444,1.2429840472961469,-0.0027704632972223543,5.151383772628657e-05,1.6553711549585576e-07,21.17178890686272,-21.34801180332682,-0.04829197604748883,0.8062468875538066,0.8114922241723004,-0.035323937719696594
