,flag,epoch,sbx,sby,sbz,sbvx,sbvy,sbvz
0,1,2457187.5,1.0275606803799122,-2.6254073316955715,0.17484779624611801,3.108217606371371,1.338536771204756,-0.043174682515573624
