,flag,epoch,sbx,sby,sbz,sbvx,sbvy,sbvz
0,1.0,2457960.0,-2.264275652594044,0.9853611072566889,-0.2581175464627314,-1.9494232704807075,-3.3781742971859816,-0.00120054028938435
1,1.0,2457960.0,-2.264275642834252,0.9853610996558038,-0.2581175411567265,-1.9494232916372187,-3.3781743140182936,-0.0012006117539988832
