,mass_1,radius_1,x_1,y_1,z_1,vx_1,vy_1,vz_1,mass_2,radius_2,x_2,y_2,z_2,vx_2,vy_2,vz_2,mass_3,radius_3,x_3,y_3,z_3,vx_3,vy_3,vz_3,mass_4,radius_4,x_4,y_4,z_4,vx_4,vy_4,vz_4,mass_5,radius_5,x_5,y_5,z_5,vx_5,vy_5,vz_5,mass_6,radius_6,x_6,y_6,z_6,vx_6,vy_6,vz_6,mass_7,radius_7,x_7,y_7,z_7,vx_7,vy_7,vz_7,mass_8,radius_8,x_8,y_8,z_8,vx_8,vy_8,vz_8
0,1.660120825375342e-07,1.631393540950981e-08,0.3202916469486791,0.1005914667376621,-0.02116852959847827,-5.07141851046896,10.262219149942808,1.30379918573446,2.447838287784771e-06,4.045378434654418e-08,0.2396144493960248,-0.6868896979403738,-0.02324088482425001,6.925710451760593,2.407971842446419,-0.36670966388758647,3.040432648020684e-06,4.437104331057835e-07,-0.7351294406828934,0.6575373094760941,-1.933269384186942e-05,-4.291602104355997,-4.7070167016209306,0.00014769566488292038,3.2271560375549955e-07,2.270212793877687e-08,1.333381644584904,-0.3642652607377786,-0.04037000679281962,1.542657369768409,5.366594088446788,0.0745641017402045,0.0009547919099366768,4.778945025452157e-07,1.151649956046854,4.94289445332369,-0.04629945008064475,-2.7201209473762944,0.757150740509539,0.057723877638323866,0.0002858856700231729,4.0286669668487467e-07,-7.974248155784076,-5.684414503150837,0.4163252168957887,1.070192664317267,-1.6635801615929369,-0.013694759884061825,4.3662496132004074e-05,1.708513622580592e-07,19.86988725150575,2.710874628662169,-0.2473053269432304,-0.20680337714512512,1.3567911433346542,0.007738792356023237,5.151383772628657e-05,1.6553711549585576e-07,26.61357276263776,-13.81947128255677,-0.3286290392799191,0.5185924495861874,1.0246624608833919,-0.03304841007631987
