,flag,epoch,sbx,sby,sbz,sbvx,sbvy,sbvz
0,1.0,2458367.5,26.482372139110286,22.999526692131315,-21.784629732968703,-0.3965771285969654,1.0158047738089082,0.3034654226421029
