,flag,epoch,sbx,sby,sbz,sbvx,sbvy,sbvz
0,1.0,2456790.0,-1.7230638528922981,1.6019451105069882,-0.04003210989410479,-2.3979722880642114,-3.386340920046991,-0.13538739593314889
