,flag,epoch,sbx,sby,sbz,sbvx,sbvy,sbvz
0,1.0,2457439.5,25.992818554635214,30.340304688641428,-1.4498998502892348,-0.7776471982030727,0.6833785069274942,-0.014539575111967963
