,flag,epoch,sbx,sby,sbz,sbvx,sbvy,sbvz
0,1.0,2456050.5,31.33112905812674,-16.166927716756934,6.914312115205513,0.45930365320023375,1.0266668343679326,0.25829059723117664
