,flag,epoch,sbx,sby,sbz,sbvx,sbvy,sbvz
0,1.0,2456280.0,-2.869450639447297,-1.433565614382699,-0.07211846452132906,1.6009598047803435,-3.0740589231007354,0.08832194090666987
