,flag,epoch,sbx,sby,sbz,sbvx,sbvy,sbvz
0,1.0,2457840.0,0.14154095730714267,-2.2232511472775394,-0.0791569996730353,4.243874748752969,0.8101726473847705,0.39332239539957387
1,1.0,2457840.0,0.1415409487481949,-2.22325113694298,-0.07915700314287875,4.243874760082972,0.8101726629176843,0.3933224047820414
