,flag,epoch,sbx,sby,sbz,sbvx,sbvy,sbvz
0,1.0,2457650.0,-1.7098323105401616,1.8525109467912326,0.12184599340269432,-2.978195719270523,-2.2449126061124245,0.4631348080785405
1,1.0,2457650.0,-1.7098323275843772,1.852510938161603,0.12184600216913061,-2.978195709094818,-2.2449126112587505,0.46313482775129555
