,flag,epoch,sbx,sby,sbz,sbvx,sbvy,sbvz
0,1.0,2457057.5,10.066537315538257,23.66043982759548,-6.757088935197901,-1.207319546412938,0.6487607559979242,0.304402004921058
