,flag,epoch,sbx,sby,sbz,sbvx,sbvy,sbvz
0,1.0,2452889.5,-24.96655376842063,-28.433981900489073,-2.2228846575654497,0.978001514517267,-0.5817814863330873,-0.27327925363155015
