,flag,epoch,sbx,sby,sbz,sbvx,sbvy,sbvz
0,1,2457470.0,2.5089722769980205,-1.5158636527352871,0.11444453575660889,2.5247839805812133,2.6701897474788,1.0201967682191757
