,flag,epoch,sbx,sby,sbz,sbvx,sbvy,sbvz
0,1.0,2456030.0,33.16124373819258,21.81827028796536,0.8010685051058717,-0.49978751829959933,0.8931427562609633,0.12875826394403303
