,mass_1,radius_1,x_1,y_1,z_1,vx_1,vy_1,vz_1,mass_2,radius_2,x_2,y_2,z_2,vx_2,vy_2,vz_2,mass_3,radius_3,x_3,y_3,z_3,vx_3,vy_3,vz_3,mass_4,radius_4,x_4,y_4,z_4,vx_4,vy_4,vz_4,mass_5,radius_5,x_5,y_5,z_5,vx_5,vy_5,vz_5,mass_6,radius_6,x_6,y_6,z_6,vx_6,vy_6,vz_6,mass_7,radius_7,x_7,y_7,z_7,vx_7,vy_7,vz_7,mass_8,radius_8,x_8,y_8,z_8,vx_8,vy_8,vz_8
0,1.660120825375342e-07,1.631393540950981e-08,0.3005262396134657,0.1357710854060767,-0.01647816287905189,-6.230867608518788,9.81975974208782,1.3740164023252706,2.447838287784771e-06,4.045378434654418e-08,-0.3508720519956027,0.6263888489780998,0.02883365469075611,-6.470507771641537,-3.6512552218943664,0.32336236185504785,3.040432648020684e-06,4.437104331057835e-07,-0.937971028494644,-0.3522367109757172,1.460835681979162e-05,2.1068828012379783,-5.906446577465926,0.00019068178215812679,3.2271560375549955e-07,2.270212793877687e-08,0.9684691421961157,1.105221717182596,-0.0006123243107924287,-3.649125693838278,3.8043673198013397,0.16928096177346288,0.0009547919099366768,4.778945025452157e-07,-4.23906919668057,3.264861352643063,0.0812964343690723,-1.7162724720750386,-2.0555004564101664,0.04694070967802428,0.0002858856700231729,4.0286669668487467e-07,-4.962793288503624,-8.641860779009937,0.3477954101986905,1.6547424221845402,-1.0222288510284339,-0.048134730361031226,4.3662496132004074e-05,1.708513622580592e-07,19.19371610296765,5.611005422509082,-0.2277180358846083,-0.4146723260074422,1.309753672375275,0.01026179705654472,5.151383772628657e-05,1.6553711549585576e-07,27.64694010698329,-11.55259503100022,-0.3991702200452409,0.4332340112341265,1.0625773339190612,-0.03190679990283705
