,flag,epoch,sbx,sby,sbz,sbvx,sbvy,sbvz
0,1.0,2456982.5,-13.358078042428675,-31.388537649668535,2.845682303150405,0.9530740235756087,-0.6114976410972942,-0.15022469097029972
