,flag,epoch,sbx,sby,sbz,sbvx,sbvy,sbvz
0,1,2457204.5,35.642535677289,15.175387292585556,4.8443466771806225,-0.46567067174475724,0.9433410464278736,0.05544489024280687
