,flag,epoch,sbx,sby,sbz,sbvx,sbvy,sbvz
0,1,2457275.5,1.6601508941957237,1.4721247196280425,-0.45273192327619693,-2.414547375648119,3.7983342623213288,0.31489892211133313
