,flag,epoch,sbx,sby,sbz,sbvx,sbvy,sbvz
0,1.0,2457018.5,-14.638090080645943,-26.947752731425897,6.107877534054821,0.9359563203256472,-0.7519611004602874,0.2768080649637812
