,flag,epoch,sbx,sby,sbz,sbvx,sbvy,sbvz
0,1.0,2456980.0,-12.547484468926145,-36.433535817095795,7.235729557880676,0.9198847820348668,-0.40002181280078025,0.06569957349630716
