,flag,epoch,sbx,sby,sbz,sbvx,sbvy,sbvz
0,1.0,2457820.0,2.1639846827288225,-1.3651395439130136,0.2423462393123369,1.8175492358905125,3.2981538087971276,-0.19627741727779122
1,1.0,2457820.0,2.1639846657297235,-1.3651396206807829,0.2423462369690542,1.8175492813103427,3.2981537366742018,-0.19627738703078304
