,flag,epoch,sbx,sby,sbz,sbvx,sbvy,sbvz
0,1.0,2458173.5,-0.9201726784725665,-3.042753521080354,-0.36663630870872244,3.166132695324488,-1.2416277634489306,-0.6756100591946405
