,flag,epoch,sbx,sby,sbz,sbvx,sbvy,sbvz
0,1.0,2457248.5,-38.88056306700611,20.740195353321063,-4.880600905488886,-0.2731234446528695,-0.8927891521803988,-0.1358623054218522
