,flag,epoch,sbx,sby,sbz,sbvx,sbvy,sbvz
0,1.0,2456090.5,41.108415519020475,-7.137123263099376,3.52147383683267,0.060973292775861374,1.0076135727639268,0.04101661229082228
