,flag,epoch,sbx,sby,sbz,sbvx,sbvy,sbvz
0,1.0,2457950.0,0.5947373877912453,2.171032051212007,-0.17859177748655386,-4.156782214465697,0.9459942354543753,-0.3020196860659217
1,1.0,2457950.0,0.5947372880856817,2.1710320818171893,-0.1785918012904406,-4.156782238421689,0.9459941077918111,-0.30201973183782915
