,flag,epoch,sbx,sby,sbz,sbvx,sbvy,sbvz
0,1.0,2458039.5,-48.26276728574841,-55.32758062862915,-11.526088687165927,0.5032643433170846,-0.32379741488986813,-0.0319120914613122
