,flag,epoch,sbx,sby,sbz,sbvx,sbvy,sbvz
0,1.0,2455079.5,23.353194335679852,-30.10192054197877,1.3258220970395715,0.7898531218927715,0.7424513341897185,0.19957366117877876
