,mass_1,radius_1,x_1,y_1,z_1,vx_1,vy_1,vz_1,mass_2,radius_2,x_2,y_2,z_2,vx_2,vy_2,vz_2,mass_3,radius_3,x_3,y_3,z_3,vx_3,vy_3,vz_3,mass_4,radius_4,x_4,y_4,z_4,vx_4,vy_4,vz_4,mass_5,radius_5,x_5,y_5,z_5,vx_5,vy_5,vz_5,mass_6,radius_6,x_6,y_6,z_6,vx_6,vy_6,vz_6,mass_7,radius_7,x_7,y_7,z_7,vx_7,vy_7,vz_7,mass_8,radius_8,x_8,y_8,z_8,vx_8,vy_8,vz_8
0,1.660120825375342e-07,1.631393540950981e-08,0.3569473622097746,-0.1214010511696065,-0.0426739850929035,1.309855730190009,10.192030990349169,0.7124732308012319,2.447838287784771e-06,4.045378434654418e-08,0.4108403321316236,0.5936834413571895,-0.01558504842790653,-6.0980550924718955,4.171616768815964,0.40904514715360435,3.040432648020684e-06,4.437104331057835e-07,0.9365115146874416,0.3438335154055114,-8.401401225758607e-06,-2.2683109268437236,5.875303948582749,-0.00010223468176927706,3.2271560375549955e-07,2.270212793877687e-08,0.8438527431719617,1.221382284509123,0.004861989774724317,-4.011146916111095,3.3403479968148466,0.1685027347748003,0.0009547919099366768,4.778945025452157e-07,-0.44056202939512,-5.257176169647281,0.03168278185675803,2.7148641262314723,-0.1001217271248223,-0.06033507568474756,0.0002858856700231729,4.0286669668487467e-07,-8.029733697155843,4.577191815650443,0.2398663846495711,-1.11620487018031,-1.7750359797048911,0.07534787600078552,4.3662496132004074e-05,1.708513622580592e-07,19.57429144702408,-4.532379391979918,-0.2703559947476105,0.31553151432444637,1.3322014216453526,0.0008584051078215813,5.151383772628657e-05,1.6553711549585576e-07,23.31121118226523,-18.95313346983457,-0.1469627970485534,0.7179263497877042,0.8959902241283522,-0.034989956936755044
