,flag,epoch,sbx,sby,sbz,sbvx,sbvy,sbvz
0,1.0,2457310.0,0.4873550416063811,-3.1543518274740387,0.7416057506244507,2.9157204727188635,0.7746790103507225,0.3186692917506071
