,mass_1,radius_1,x_1,y_1,z_1,vx_1,vy_1,vz_1,mass_2,radius_2,x_2,y_2,z_2,vx_2,vy_2,vz_2,mass_3,radius_3,x_3,y_3,z_3,vx_3,vy_3,vz_3,mass_4,radius_4,x_4,y_4,z_4,vx_4,vy_4,vz_4,mass_5,radius_5,x_5,y_5,z_5,vx_5,vy_5,vz_5,mass_6,radius_6,x_6,y_6,z_6,vx_6,vy_6,vz_6,mass_7,radius_7,x_7,y_7,z_7,vx_7,vy_7,vz_7,mass_8,radius_8,x_8,y_8,z_8,vx_8,vy_8,vz_8
0,1.660120825375342e-07,1.631393540950981e-08,-0.3265111721614991,0.1387696301209785,0.0412962815607745,-6.137406263436781,-9.020679121727262,-0.17392912460292875,2.447838287784771e-06,4.045378434654418e-08,-0.2227370360744859,0.6830960774161839,0.02221489500240914,-7.048552622814432,-2.3316788454051616,0.37484316807028045,3.040432648020684e-06,4.437104331057835e-07,-0.3703328109742086,-0.9436151256487938,2.94329853877948e-05,5.747433203509467,-2.319122713580942,6.632889347994784e-05,3.2271560375549955e-07,2.270212793877687e-08,0.9075507570840514,1.165356200297836,0.002133452462240071,-3.8382941505871906,3.575400762154828,0.16914738024732573,0.0009547919099366768,4.778945025452157e-07,0.3052513541908539,5.104428296587619,-0.0280301398871241,-2.787174604160012,0.2956719259776708,0.061141879567700584,0.0002858856700231729,4.0286669668487467e-07,-7.630637037876901,-6.183089108054447,0.4113110732885562,1.1700884276989671,-1.587991895909549,-0.01899168128078741,4.3662496132004074e-05,1.708513622580592e-07,19.80189084000286,3.126200809576326,-0.2448748599620985,-0.23666315215849976,1.3519829715004181,0.008112076673818233,5.151383772628657e-05,1.6553711549585576e-07,26.77074750840395,-13.50438788210009,-0.3387394556069818,0.5065549255221427,1.0303775386811085,-0.03289507899911944
