,flag,epoch,sbx,sby,sbz,sbvx,sbvy,sbvz
0,1.0,2457523.5,23.462491080578587,14.142689058776739,-15.343284984288164,-0.5507888811214262,0.9225112001408079,0.21743595679535996
