,mass_1,radius_1,x_1,y_1,z_1,vx_1,vy_1,vz_1,mass_2,radius_2,x_2,y_2,z_2,vx_2,vy_2,vz_2,mass_3,radius_3,x_3,y_3,z_3,vx_3,vy_3,vz_3,mass_4,radius_4,x_4,y_4,z_4,vx_4,vy_4,vz_4,mass_5,radius_5,x_5,y_5,z_5,vx_5,vy_5,vz_5,mass_6,radius_6,x_6,y_6,z_6,vx_6,vy_6,vz_6,mass_7,radius_7,x_7,y_7,z_7,vx_7,vy_7,vz_7,mass_8,radius_8,x_8,y_8,z_8,vx_8,vy_8,vz_8
0,1.660120825375342e-07,1.631393540950981e-08,-0.2314077964735254,-0.398731341679565,-0.01134957545129805,6.815127364256364,-4.6656014867133075,-1.0064793250387918,2.447838287784771e-06,4.045378434654418e-08,-0.6965607256963362,-0.1827110481632097,0.03769336108301739,1.8258198034507676,-7.178948868483033,-0.2037622007847622,3.040432648020684e-06,4.437104331057835e-07,-0.4171786846291202,-0.9233070424536007,3.203801769658314e-05,5.624284653973699,-2.611024199596695,6.93378671366185e-05,3.2271560375549955e-07,2.270212793877687e-08,0.4261101397001376,1.46897141626919,0.02032141195491164,-4.714581879176105,1.858379519724804,0.15465580106501822,0.0009547919099366768,4.778945025452157e-07,-4.44858046691352,2.996553116530306,0.08709877950686726,-1.5741124492670246,-2.1579385220623637,0.04418401480282462,0.0002858856700231729,4.0286669668487467e-07,-4.750539490899255,-8.769204653242507,0.3415555508475505,1.6795105836696083,-0.9782016944751347,-0.049885545283874864,4.3662496132004074e-05,1.708513622580592e-07,19.14016725910447,5.777517233137313,-0.2264028079653882,-0.4265553234220658,1.3060850939388546,0.010399858077588257,5.151383772628657e-05,1.6553711549585576e-07,27.70177683167219,-11.41718742962847,-0.4032278132716246,0.42823438846327994,1.0646379761834854,-0.03183657992480993
