,flag,epoch,sbx,sby,sbz,sbvx,sbvy,sbvz
0,1.0,2456650.0,-0.03317478892760972,-2.3788341338410923,-0.18675025700175082,3.860759950315567,0.3334078719663152,-0.16051895943455446
1,1.0,2456650.0,-0.03317486462599617,-2.3788341346814543,-0.18675026316165655,3.8607599504967482,0.3334078358039401,-0.16051896342792152
