,flag,epoch,sbx,sby,sbz,sbvx,sbvy,sbvz
0,1.0,2457463.5,20.28148634741646,27.686664477739445,-0.46420175791883034,-0.9842909946174463,0.8741373354706355,0.12601630995832197
