,mass_1,radius_1,x_1,y_1,z_1,vx_1,vy_1,vz_1,mass_2,radius_2,x_2,y_2,z_2,vx_2,vy_2,vz_2,mass_3,radius_3,x_3,y_3,z_3,vx_3,vy_3,vz_3,mass_4,radius_4,x_4,y_4,z_4,vx_4,vy_4,vz_4,mass_5,radius_5,x_5,y_5,z_5,vx_5,vy_5,vz_5,mass_6,radius_6,x_6,y_6,z_6,vx_6,vy_6,vz_6,mass_7,radius_7,x_7,y_7,z_7,vx_7,vy_7,vz_7,mass_8,radius_8,x_8,y_8,z_8,vx_8,vy_8,vz_8
0,1.660120825375342e-07,1.631393540950981e-08,-0.3946682070663534,-0.0640852870306778,0.03099063475120936,-0.4888244264025206,-9.700262827509093,-0.7475395589055522,2.447838287784771e-06,4.045378434654418e-08,0.06528880074674936,0.7169505925304904,0.006026980358697272,-7.38250022263057,0.632147585790396,0.4347669403908686,3.040432648020684e-06,4.437104331057835e-07,-0.9960490704966882,-0.02494352647521655,7.781644708717837e-07,0.0551132056735888,-6.3057803125576575,-1.5908264953448583e-05,3.2271560375549955e-07,2.270212793877687e-08,-1.537961965334524,-0.5149809050348438,0.02701816345769289,1.8140940173510132,-4.4108764676794046,-0.13700029767418231,0.0009547919099366768,4.778945025452157e-07,4.871931139493288,0.8768346017085344,-0.1127411744534119,-0.5248442795006975,2.8445261901162784,-2.8004967513662714e-05,0.0002858856700231729,4.0286669668487467e-07,7.524275197241846,5.365224185461596,-0.3925509186081061,-1.2911816702586503,1.6581311122533642,0.02247273591002565,4.3662496132004074e-05,1.708513622580592e-07,13.64655387487902,-14.47498789887137,-0.2307112299131874,1.0342070275570385,0.9215881586263396,-0.009993453502970146,5.151383772628657e-05,1.6553711549585576e-07,16.06920652871282,-25.48735834143607,0.1545083119236452,0.9617951077330581,0.6210576771803753,-0.03490091937802712
