,flag,epoch,sbx,sby,sbz,sbvx,sbvy,sbvz
0,1,2457630.0,-3.1684255946440647,3.390479292929392,0.939679672385131,-1.8204661396884618,-1.7230373102640968,-0.6125259792083405
