,flag,epoch,sbx,sby,sbz,sbvx,sbvy,sbvz
0,1.0,2457408.5,30.66335559200508,7.448547564535868,-1.516138071183755,-0.31785654234007815,1.2834511820879335,-0.1895141703623839
