,flag,epoch,sbx,sby,sbz,sbvx,sbvy,sbvz
0,1.0,2456940.0,1.237949185199687,-2.538633883321831,-0.4603010627016535,3.3700866679054093,1.3613124758408313,0.08771466920521996
1,1.0,2456940.0,1.2379493254627219,-2.538633846393906,-0.46030099846362926,3.3700866177769626,1.3613125537121076,0.08771467448327414
