,flag,epoch,sbx,sby,sbz,sbvx,sbvy,sbvz
0,1.0,2458409.5,0.907817838348257,-2.4774099068073423,-7.084495868492358e-05,3.1711892506663384,0.9110371641196822,-1.919459910446651
