,flag,epoch,sbx,sby,sbz,sbvx,sbvy,sbvz
0,1,2455410.0,-2.05987463104048,-2.8067882571242877,0.38228691167205375,2.3280963461941457,-1.5884141380147199,-0.43713031220564663
