,flag,epoch,sbx,sby,sbz,sbvx,sbvy,sbvz
0,1.0,2457290.0,2.5978450238749655,0.9099581478155188,-0.008195333340603322,-1.0803590086832433,3.7021131371972875,0.1442222855589242
1,1.0,2457290.0,2.5978450442302297,0.9099580975051327,-0.008195355085819839,-1.0803589844067507,3.7021131350773953,0.14422226760123139
