,flag,epoch,sbx,sby,sbz,sbvx,sbvy,sbvz
0,1.0,2457920.0,1.49232581821755,1.9190246509482944,0.2404679295109383,-3.282978741067014,2.2140923535671475,-0.15211472181621905
1,1.0,2457920.0,1.4923257374248895,1.9190246612186577,0.24046790876495377,-3.282978850770644,2.2140923137435813,-0.1521147298463509
