,flag,epoch,sbx,sby,sbz,sbvx,sbvy,sbvz
0,1.0,2457447.5,34.52095172786872,12.954088105241409,-5.60389598710218,0.02811109047856167,0.8601634427546843,0.528210874642601
