,flag,epoch,sbx,sby,sbz,sbvx,sbvy,sbvz
0,1,2456847.5,-0.5283466204737132,2.4444303500893465,-0.14574388204685465,-4.181742023772822,-0.5562054289960815,0.06938804017926345
