,flag,epoch,sbx,sby,sbz,sbvx,sbvy,sbvz
0,1,2457460.0,2.89074401766327,0.7935555963177444,0.5446999945538779,-0.7079619636994777,3.5245776437464587,-0.4949721778409559
