,flag,epoch,sbx,sby,sbz,sbvx,sbvy,sbvz
0,1,2457430.0,-1.7584027793012456,1.9250569995245919,0.10602994980041977,-3.149276406076841,-2.237626920903574,-0.8967584009285917
