,flag,epoch,sbx,sby,sbz,sbvx,sbvy,sbvz
0,1.0,2457368.5,-31.495187053273632,-15.515270062469567,0.7551068207683966,0.5910636340758318,-0.9945478987680534,-0.24004582004947347
