,flag,epoch,sbx,sby,sbz,sbvx,sbvy,sbvz
0,1.0,2457750.0,-1.7002203250726056,1.8937383842411672,0.12298621946603183,-2.9877652498577887,-2.1733931869423184,-0.35467916200288246
1,1.0,2457750.0,-1.700220332901667,1.893738389928452,0.122986218861491,-2.9877652421607594,-2.1733931738514665,-0.35467917555285866
