,flag,epoch,sbx,sby,sbz,sbvx,sbvy,sbvz
0,1.0,2456692.5,-14.889508936226868,-31.24165036968435,4.351488995406223,0.8915117545599534,-0.6805139159625392,0.007439647533909313
