,flag,epoch,sbx,sby,sbz,sbvx,sbvy,sbvz
0,1,2455819.5,5.60139634110026,-46.4262196836245,1.8175874190123567,0.8979658061694873,0.015210521416688341,-0.03460775870490099
