,flag,epoch,sbx,sby,sbz,sbvx,sbvy,sbvz
0,1.0,2458217.5,-0.9727821749364701,-1.9574635137426648,-0.1956038684915582,4.022690345741643,-1.8574115956537396,0.2105358485450865
