,mass_1,radius_1,x_1,y_1,z_1,vx_1,vy_1,vz_1,mass_2,radius_2,x_2,y_2,z_2,vx_2,vy_2,vz_2,mass_3,radius_3,x_3,y_3,z_3,vx_3,vy_3,vz_3,mass_4,radius_4,x_4,y_4,z_4,vx_4,vy_4,vz_4,mass_5,radius_5,x_5,y_5,z_5,vx_5,vy_5,vz_5,mass_6,radius_6,x_6,y_6,z_6,vx_6,vy_6,vz_6,mass_7,radius_7,x_7,y_7,z_7,vx_7,vy_7,vz_7,mass_8,radius_8,x_8,y_8,z_8,vx_8,vy_8,vz_8
0,1.660120825375342e-07,1.631393540950981e-08,-0.04077466678356163,0.3067525019516517,0.02880294351428801,-12.247966974268323,-0.9796553616231118,1.043911577779056,2.447838287784771e-06,4.045378434654418e-08,0.01084630422631304,0.7195647956009609,0.009223362896988089,-7.4119713111292835,0.07246458968810682,0.4287683639503255,3.040432648020684e-06,4.437104331057835e-07,0.7477304019085456,0.651738681934203,-1.360251720664933e-05,-4.231516878516707,4.7134466996653375,-7.669240705360347e-05,3.2271560375549955e-07,2.270212793877687e-08,0.5982476628768997,1.38835208695222,0.01439256079598175,-4.50029658668491,2.457059505155919,0.16201099266069852,0.0009547919099366768,4.778945025452157e-07,-0.2842985192046652,-5.260590829936322,0.02820023406179177,2.7204754911317925,-0.01859560655218304,-0.060799344679718884,0.0002858856700231729,4.0286669668487467e-07,-8.093245267955345,4.474762928446524,0.2441785740175229,-1.0930654680271397,-1.7879748151662958,0.07465267361885639,4.3662496132004074e-05,1.708513622580592e-07,19.59227521378798,-4.455746691561636,-0.2703044742870438,0.31004716985390657,1.3335166403478649,0.0009335925342305297,5.151383772628657e-05,1.6553711549585576e-07,23.35243202031499,-18.90157128331501,-0.1489741945597083,0.7159706607142022,0.897634989018635,-0.03497808936634453
