,flag,epoch,sbx,sby,sbz,sbvx,sbvy,sbvz
0,1.0,2454408.5,33.130976191546296,-17.667803907511992,-1.2092992873566297,0.5088186360318244,0.843213310633444,-0.052554302019557936
