,flag,epoch,sbx,sby,sbz,sbvx,sbvy,sbvz
0,1,2456940.5,17.4702151069377,30.682160889703646,-0.8770464173273695,-1.011697381687934,0.6213104077571094,0.07391786312560125
