,flag,epoch,sbx,sby,sbz,sbvx,sbvy,sbvz
0,1,2457790.0,2.143762912825585,1.7183272562539198,-0.23686646721779864,-1.758278420452337,3.125416004584533,-0.7768048294853853
