,flag,epoch,sbx,sby,sbz,sbvx,sbvy,sbvz
0,1,2457540.0,1.9846923684923694,0.10585581559488444,-0.12245196623696068,0.06195623346861947,4.725905041120025,0.1459318943282199
