,flag,epoch,sbx,sby,sbz,sbvx,sbvy,sbvz
0,1.0,2455509.5,-12.18621057319284,-33.346912825908355,-1.4331816586902697,0.9612818676225554,-0.41970657391507415,0.19183212883104095
