,mass_1,radius_1,x_1,y_1,z_1,vx_1,vy_1,vz_1,mass_2,radius_2,x_2,y_2,z_2,vx_2,vy_2,vz_2,mass_3,radius_3,x_3,y_3,z_3,vx_3,vy_3,vz_3,mass_4,radius_4,x_4,y_4,z_4,vx_4,vy_4,vz_4,mass_5,radius_5,x_5,y_5,z_5,vx_5,vy_5,vz_5,mass_6,radius_6,x_6,y_6,z_6,vx_6,vy_6,vz_6,mass_7,radius_7,x_7,y_7,z_7,vx_7,vy_7,vz_7,mass_8,radius_8,x_8,y_8,z_8,vx_8,vy_8,vz_8
0,1.660120825375342e-07,1.631393540950981e-08,-0.1397252369626381,-0.4442370638147371,-0.02347164303506286,7.738804143831282,-2.5706374518107875,-0.9201702160999592,2.447838287784771e-06,4.045378434654418e-08,0.288332438122508,-0.6679321435380713,-0.02578337753651139,6.7330329871500325,2.9028276071239474,-0.3488559240218556,3.040432648020684e-06,4.437104331057835e-07,-0.9771083977340856,0.1778698534335842,-1.250774925785138e-06,-1.227952158537616,-6.205812218882356,0.00011634455145574154,3.2271560375549955e-07,2.270212793877687e-08,-1.011331289540442,1.29741154233922,0.05201973031504493,-3.8382317664797756,-2.707375221915115,0.03754504073530763,0.0009547919099366768,4.778945025452157e-07,0.6611033096840788,-5.180590575013954,0.006712254425608832,2.702366990477414,0.4796880607455528,-0.06246423766974046,0.0002858856700231729,4.0286669668487467e-07,-8.448614193612867,3.840317455392209,0.2693755619072161,-0.9502456306437785,-1.8593495666171111,0.07021614695214361,4.3662496132004074e-05,1.708513622580592e-07,19.6943152585421,-3.990740571543297,-0.2699013634315917,0.2768498365273685,1.341084488842566,0.0013860094911378664,5.151383772628657e-05,1.6553711549585576e-07,23.59932750235438,-18.58773198551101,-0.1611239035030066,0.7041363107067838,0.9075650042728061,-0.03490457009141747
