,flag,epoch,sbx,sby,sbz,sbvx,sbvy,sbvz
0,1.0,2457310.0,-0.7395651082911419,2.248293833474809,-0.17208701276021632,-4.23013307651451,-0.792315205289923,-0.7083488841408169
