,flag,sbx,sby,sbz,sbvx,sbvy,sbvz,epoch
0,1.0,-38.99533659436615,-3.305843738098633,-14.223346838553283,-0.0012235796304905916,0.9927410840235088,-0.22738199618848182,2458725.5
