,mass_1,radius_1,x_1,y_1,z_1,vx_1,vy_1,vz_1,mass_2,radius_2,x_2,y_2,z_2,vx_2,vy_2,vz_2,mass_3,radius_3,x_3,y_3,z_3,vx_3,vy_3,vz_3,mass_4,radius_4,x_4,y_4,z_4,vx_4,vy_4,vz_4,mass_5,radius_5,x_5,y_5,z_5,vx_5,vy_5,vz_5,mass_6,radius_6,x_6,y_6,z_6,vx_6,vy_6,vz_6,mass_7,radius_7,x_7,y_7,z_7,vx_7,vy_7,vz_7,mass_8,radius_8,x_8,y_8,z_8,vx_8,vy_8,vz_8
0,1.660120825375342e-07,1.631393540950981e-08,0.3337125345918359,-0.21325429879699,-0.0480478376910616,3.5148538077454323,9.13214191814521,0.423476096134863,2.447838287784771e-06,4.045378434654418e-08,-0.07442758938514166,0.7153484216208883,0.01408016566004927,-7.373032981738012,-0.8043949382108034,0.41456150651734436,3.040432648020684e-06,4.437104331057835e-07,-0.9290245492311282,0.3438994875715876,-2.933435762318218e-06,-2.2838853967688473,-5.916780913648887,5.868309232497081e-05,3.2271560375549955e-07,2.270212793877687e-08,0.2107615566868495,1.536038331522763,0.02700558340739365,-4.869392825497461,1.129236173464289,0.14328896327335364,0.0009547919099366768,4.778945025452157e-07,-5.194386398434194,1.530376590162524,0.1098825301227526,-0.8137700082657539,-2.516355202518415,0.028656822387527585,0.0002858856700231729,4.0286669668487467e-07,-1.864888337590398,8.840677774719449,-0.079636690515408,-2.1040074181859327,-0.4269767708919291,0.0911146224945928,4.3662496132004074e-05,1.708513622580592e-07,17.82559236639436,-9.156708021359941,-0.2649635834612926,0.6445792494268031,1.2084520201004212,-0.003815362039494242,5.151383772628657e-05,1.6553711549585576e-07,20.50200646004619,-22.00187246325863,-0.01936643330992293,0.829962072987672,0.7858941325127845,-0.03533996015610077
