,flag,epoch,sbx,sby,sbz,sbvx,sbvy,sbvz
0,1.0,2457650.0,-1.0704868864528687,1.9429133633402613,0.0739102277644083,-3.8842360197041557,-1.9197706419015905,-0.4254785686214816
1,1.0,2457650.0,-1.0704868522737574,1.9429133885305634,0.07391025374829885,-3.8842360374197815,-1.9197705811861867,-0.4254785770301948
