,mass_1,radius_1,x_1,y_1,z_1,vx_1,vy_1,vz_1,mass_2,radius_2,x_2,y_2,z_2,vx_2,vy_2,vz_2,mass_3,radius_3,x_3,y_3,z_3,vx_3,vy_3,vz_3,mass_4,radius_4,x_4,y_4,z_4,vx_4,vy_4,vz_4,mass_5,radius_5,x_5,y_5,z_5,vx_5,vy_5,vz_5,mass_6,radius_6,x_6,y_6,z_6,vx_6,vy_6,vz_6,mass_7,radius_7,x_7,y_7,z_7,vx_7,vy_7,vz_7,mass_8,radius_8,x_8,y_8,z_8,vx_8,vy_8,vz_8
0,1.660120825375342e-07,1.631393540950981e-08,0.08661168902154028,-0.4462180483784637,-0.04440445564004633,8.027125229176796,2.484770899784509,-0.5335499876087105,2.447838287784771e-06,4.045378434654418e-08,-0.5775828666458921,-0.4338658916752615,0.02739210676429822,4.384615436621246,-5.941733211538828,-0.3344122713631476,3.040432648020684e-06,4.437104331057835e-07,0.4369882707831313,0.884971421046954,-2.140221189284352e-05,-5.736538939866676,2.758571021321997,-4.657527985773712e-05,3.2271560375549955e-07,2.270212793877687e-08,-0.2722031793143503,1.569168286223908,0.03956358032255187,-4.842043444692631,-0.4400034167731625,0.10968107084114416,0.0009547919099366768,4.778945025452157e-07,4.387856584390342,-2.42104629948042,-0.08814001747626853,1.2983727813597203,2.5465679888114168,-0.03962864568197566,0.0002858856700231729,4.0286669668487467e-07,-9.445952388876297,0.4596143488074733,0.3679810513725782,-0.2073502283692406,-2.037730287594409,0.043755829865214306,4.3662496132004074e-05,1.708513622580592e-07,20.02628530262228,-1.667466074110774,-0.2655960029357729,0.1097376368704475,1.3665977160070337,0.0036379686692525966,5.151383772628657e-05,1.6553711549585576e-07,24.75401023839047,-16.99173268677916,-0.2205514197019056,0.6424763898311008,0.9540144258828144,-0.034412601120221306
