,flag,epoch,sbx,sby,sbz,sbvx,sbvy,sbvz
0,1,2456173.5,2.544297197671381,0.8006328639490973,-0.5178519688224617,-1.553042166590597,3.4084226426874102,0.5061359117896954
