,mass_1,radius_1,x_1,y_1,z_1,vx_1,vy_1,vz_1,mass_2,radius_2,x_2,y_2,z_2,vx_2,vy_2,vz_2,mass_3,radius_3,x_3,y_3,z_3,vx_3,vy_3,vz_3,mass_4,radius_4,x_4,y_4,z_4,vx_4,vy_4,vz_4,mass_5,radius_5,x_5,y_5,z_5,vx_5,vy_5,vz_5,mass_6,radius_6,x_6,y_6,z_6,vx_6,vy_6,vz_6,mass_7,radius_7,x_7,y_7,z_7,vx_7,vy_7,vz_7,mass_8,radius_8,x_8,y_8,z_8,vx_8,vy_8,vz_8
0,1.660120825375342e-07,1.631393540950981e-08,-0.3269414241210802,0.1381816200273714,0.04129517627275398,-6.1182712398840815,-9.02799111627365,-0.17596454318903998,2.447838287784771e-06,4.045378434654418e-08,-0.7173615440274184,-0.05095832733693117,0.04070932540530621,0.4784397104163729,-7.401833969381928,-0.12881497231374014,3.040432648020684e-06,4.437104331057835e-07,0.7114876285723881,0.6900619007400676,-3.708522185715338e-06,-4.477186023614273,4.487257002766093,-2.5979855689588007e-05,3.2271560375549955e-07,2.270212793877687e-08,1.37177725519197,-0.1942060049053163,-0.03778024747512701,0.9132824347469807,5.496758651280129,0.09269374188271436,0.0009547919099366768,4.778945025452157e-07,-0.5300965990035331,5.1231962343862,-0.009412996128885513,-2.7789217284225853,-0.15354145690955834,0.06283085429682932,0.0002858856700231729,4.0286669668487467e-07,3.033189370646265,8.542421233958526,-0.2692547633398614,-2.031092220820458,0.677368395659865,0.06899464058267585,4.3662496132004074e-05,1.708513622580592e-07,16.11043955217782,-11.82089494058363,-0.2527444805257738,0.8364791408207332,1.091243425659192,-0.006746703580260823,5.151383772628657e-05,1.6553711549585576e-07,18.50860737732092,-23.73378044644457,0.06227090155308844,0.8936180417095568,0.7116731964145707,-0.03524274506983494
