,mass_1,radius_1,x_1,y_1,z_1,vx_1,vy_1,vz_1,mass_2,radius_2,x_2,y_2,z_2,vx_2,vy_2,vz_2,mass_3,radius_3,x_3,y_3,z_3,vx_3,vy_3,vz_3,mass_4,radius_4,x_4,y_4,z_4,vx_4,vy_4,vz_4,mass_5,radius_5,x_5,y_5,z_5,vx_5,vy_5,vz_5,mass_6,radius_6,x_6,y_6,z_6,vx_6,vy_6,vz_6,mass_7,radius_7,x_7,y_7,z_7,vx_7,vy_7,vz_7,mass_8,radius_8,x_8,y_8,z_8,vx_8,vy_8,vz_8
0,1.660120825375342e-07,1.631393540950981e-08,0.3271833644673163,-0.2292366632191563,-0.04874867341097101,3.8739276708741976,8.891058677145136,0.37104611206240196,2.447838287784771e-06,4.045378434654418e-08,-0.7178631747174644,0.03467185445086006,0.04190249153521015,-0.3985553085469578,-7.411391540343347,-0.07857579285404462,3.040432648020684e-06,4.437104331057835e-07,0.9837316419919736,0.1821986127339102,-8.473639066220714e-06,-1.2464634142692974,6.155188203551059,-0.0001979180367513587,3.2271560375549955e-07,2.270212793877687e-08,0.5459973113093869,-1.303901714513675,-0.04072150788910998,4.908337955299878,2.4134122678619203,-0.06990601515309743,0.0009547919099366768,4.778945025452157e-07,-3.214247609956287,4.202803286573587,0.05446956466891157,-2.224400759743033,-1.5456399679099733,0.05619304950547593,0.0002858856700231729,4.0286669668487467e-07,-5.790860151210262,-8.067759086997953,0.3707969189239007,1.5427747257297566,-1.19502925134996,-0.040675432338820636,4.3662496132004074e-05,1.708513622580592e-07,19.39569628709455,4.929590606081269,-0.2328787584512694,-0.36590663942370105,1.3236730374262589,0.009683302033370828,5.151383772628657e-05,1.6553711549585576e-07,27.41747818598344,-12.10024270183603,-0.3825849128787891,0.45364663075454836,1.0540553584617105,-0.03219413181368363
