,flag,epoch,sbx,sby,sbz,sbvx,sbvy,sbvz
0,1.0,2456725.5,14.684080863542796,43.79405202823739,5.981327789590945,-0.8012585735729796,0.2838237180232752,0.3427073509865076
