,flag,epoch,sbx,sby,sbz,sbvx,sbvy,sbvz
0,1.0,2457140.0,0.909021855278535,38.15264507667075,8.43557976861573,-1.0016361355816956,-0.11832269082500814,0.05113965715249538
