,flag,epoch,sbx,sby,sbz,sbvx,sbvy,sbvz
0,1.0,2457520.0,23.755849163449035,26.14206304919499,1.1274872449408238,-0.8320440689023513,0.7396072552374473,0.24181115459195734
