,flag,epoch,sbx,sby,sbz,sbvx,sbvy,sbvz
0,1.0,2457066.5,36.75017607340519,28.558395725429705,-13.26700605800043,-0.9425774157938622,0.4451897110686567,-0.17658610231685398
