,flag,epoch,sbx,sby,sbz,sbvx,sbvy,sbvz
0,1.0,2456160.5,-12.758897495318909,2.7574475405998577,-6.820712186061213,0.66985090337777,-0.6947290898439045,-2.096108492125494
