,flag,epoch,sbx,sby,sbz,sbvx,sbvy,sbvz
0,1.0,2457800.0,1.979490082266022,1.3586596603695895,-0.2547700422010599,-2.421846658982313,3.1243967767893843,-0.18723432516833555
1,1.0,2457800.0,1.979490034749971,1.3586596824591837,-0.25477001796703386,-2.4218467382949935,3.1243967690695835,-0.18723433725675054
