,flag,epoch,sbx,sby,sbz,sbvx,sbvy,sbvz
0,1.0,2457300.0,0.9438993174070844,2.4122076592275294,-0.15651153905799395,-3.5021637660112828,1.7534903191655056,-0.49201497368981034
