,flag,epoch,sbx,sby,sbz,sbvx,sbvy,sbvz
0,1.0,2455510.0,-1.4179504128439144,-2.4490577230536688,0.12449565403835304,3.4688345533488913,-0.9757688629413364,0.23734074186173798
