,flag,epoch,sbx,sby,sbz,sbvx,sbvy,sbvz
0,1,2457620.0,1.5726119470460032,2.2497516987980566,-0.07998698975810256,-2.9082408613398307,2.302817382677863,0.6402705091567191
