,flag,epoch,sbx,sby,sbz,sbvx,sbvy,sbvz
0,1.0,2453980.0,-17.22524231058368,-41.253223943374515,-0.968410073140848,0.8376446947101672,-0.41679472462203443,-0.029681494765062693
