,flag,epoch,sbx,sby,sbz,sbvx,sbvy,sbvz
0,1,2457080.0,2.863901612392888,0.05197725933680535,0.21174733306626958,-0.7074755564082565,3.699469483315142,-0.0966574881857833
