,mass_1,radius_1,x_1,y_1,z_1,vx_1,vy_1,vz_1,mass_2,radius_2,x_2,y_2,z_2,vx_2,vy_2,vz_2,mass_3,radius_3,x_3,y_3,z_3,vx_3,vy_3,vz_3,mass_4,radius_4,x_4,y_4,z_4,vx_4,vy_4,vz_4,mass_5,radius_5,x_5,y_5,z_5,vx_5,vy_5,vz_5,mass_6,radius_6,x_6,y_6,z_6,vx_6,vy_6,vz_6,mass_7,radius_7,x_7,y_7,z_7,vx_7,vy_7,vz_7,mass_8,radius_8,x_8,y_8,z_8,vx_8,vy_8,vz_8
0,1.660120825375342e-07,1.631393540950981e-08,-0.305722941469952,-0.3314113997484754,0.0009783832636652515,5.46521323041958,-6.495507293649249,-1.0321882611532367,2.447838287784771e-06,4.045378434654418e-08,0.3716011845256793,0.618719283538172,-0.01297743809806845,-6.356567647364567,3.770843707951812,0.41847662768555793,3.040432648020684e-06,4.437104331057835e-07,-0.397115139848275,-0.9323924767158686,1.812857138590319e-05,5.678973894082505,-2.485803135613689,3.498614449072519e-05,3.2271560375549955e-07,2.270212793877687e-08,-1.588510247745527,0.4958617212414759,0.04940190650130469,-1.3319122772620413,-4.442667683799934,-0.06036756513530913,0.0009547919099366768,4.778945025452157e-07,1.240016718526634,-5.043297426015442,-0.006812258505337731,2.6447489992097295,0.7893097351627801,-0.0624587733382109,0.0002858856700231729,4.0286669668487467e-07,-8.644340107656966,3.433921971871767,0.2842468042264599,-0.859364078110554,-1.8977671804338487,0.06727244968712333,4.3662496132004074e-05,1.708513622580592e-07,19.75194600949894,-3.70020121928979,-0.2695706993853743,0.2560355292185227,1.3454241232858932,0.0016711662508599372,5.151383772628657e-05,1.6553711549585576e-07,23.75081476850681,-18.39076955820062,-0.1686676904518765,0.69662639712727,0.9136941441203432,-0.034851545549822505
