,flag,epoch,sbx,sby,sbz,sbvx,sbvy,sbvz
0,1.0,2454610.0,-36.4095721425493,26.36669771843166,1.6622370297549853,-0.5252319148662237,-0.7457758813329723,0.057106378836591906
