,mass_1,radius_1,x_1,y_1,z_1,vx_1,vy_1,vz_1,mass_2,radius_2,x_2,y_2,z_2,vx_2,vy_2,vz_2,mass_3,radius_3,x_3,y_3,z_3,vx_3,vy_3,vz_3,mass_4,radius_4,x_4,y_4,z_4,vx_4,vy_4,vz_4,mass_5,radius_5,x_5,y_5,z_5,vx_5,vy_5,vz_5,mass_6,radius_6,x_6,y_6,z_6,vx_6,vy_6,vz_6,mass_7,radius_7,x_7,y_7,z_7,vx_7,vy_7,vz_7,mass_8,radius_8,x_8,y_8,z_8,vx_8,vy_8,vz_8
0,1.660120825375342e-07,1.631393540950981e-08,-0.362023427183825,-0.2411708087019868,0.01351733385571837,3.5885656161881414,-8.097820036135584,-0.9908872311173365,2.447838287784771e-06,4.045378434654418e-08,0.4467550027171575,0.5674665124081517,-0.01801639501095063,-5.827440382209667,4.537837190721868,0.39843743776087853,3.040432648020684e-06,4.437104331057835e-07,-0.4658713157982551,-0.8991113348326468,1.764590338327429e-05,5.477004190196319,-2.9144095018797294,4.3332039154432515e-05,3.2271560375549955e-07,2.270212793877687e-08,-1.57107327611818,0.5502632360131167,0.05011343251548087,-1.498354930096962,-4.387565752757287,-0.05512522415142585,0.0009547919099366768,4.778945025452157e-07,1.207406239200452,-5.05291397822694,-0.006042605536162007,2.648999259827074,0.7717744683829095,-0.06248111007242034,0.0002858856700231729,4.0286669668487467e-07,-8.633720334705993,3.457290375543041,0.2834169293173149,-0.8645783503908379,-1.895701204240297,0.06744383821825958,4.3662496132004074e-05,1.708513622580592e-07,19.74878425026896,-3.716775822274814,-0.2695911889774613,0.2572233449046365,1.3451862491940092,0.0016549771495052087,5.151383772628657e-05,1.6553711549585576e-07,23.74222945500392,-18.40202443658028,-0.1682382892210812,0.6970561249140138,0.9133477337452304,-0.03485458645458513
