,flag,epoch,sbx,sby,sbz,sbvx,sbvy,sbvz
0,1,2452555.5,-19.0471379037445,-40.1292963173507,-0.5897709234795331,0.8578382481132716,-0.3827961578960445,-0.050931050113513426
