,flag,epoch,sbx,sby,sbz,sbvx,sbvy,sbvz
0,1,2457047.5,-28.080251458141234,-12.95355571347267,1.197578327226552,0.49383334407211277,-1.1447414944946177,0.03885552643008126
