,flag,epoch,sbx,sby,sbz,sbvx,sbvy,sbvz
0,1.0,2457700.0,-0.8613634665679168,2.1345294905244065,0.11179194804837714,-3.8164082473651906,-1.7080843040133393,0.495170460194272
1,1.0,2457700.0,-0.8613634890617566,2.1345295082104014,0.11179195898054825,-3.8164082077683896,-1.7080842845928186,0.49517044578829944
