,flag,epoch,sbx,sby,sbz,sbvx,sbvy,sbvz
0,1,2457274.5,-2.0166272454250525,-0.8786347264577512,-0.10966991007712303,1.3327001797086875,-4.034487661181623,0.1484243334473029
