,flag,epoch,sbx,sby,sbz,sbvx,sbvy,sbvz
0,1,2457267.5,-2.164850286808033,-1.2940919746641861,0.17803817180223383,2.2619952705210564,-2.8619673274522315,0.19882952244400065
