,flag,epoch,sbx,sby,sbz,sbvx,sbvy,sbvz
0,1.0,2457090.0,-2.6943873956101267,2.2154067884887807,-0.6199200756008694,-2.1353161409168826,-2.2922742712803985,-0.038282139866065996
