,flag,epoch,sbx,sby,sbz,sbvx,sbvy,sbvz
0,1,2454963.5,2.320249742366082,0.11811104648305415,-0.07551068160902683,-1.0029978268790685,4.024880639830401,-0.2902994544183581
