,mass_1,radius_1,x_1,y_1,z_1,vx_1,vy_1,vz_1,mass_2,radius_2,x_2,y_2,z_2,vx_2,vy_2,vz_2,mass_3,radius_3,x_3,y_3,z_3,vx_3,vy_3,vz_3,mass_4,radius_4,x_4,y_4,z_4,vx_4,vy_4,vz_4,mass_5,radius_5,x_5,y_5,z_5,vx_5,vy_5,vz_5,mass_6,radius_6,x_6,y_6,z_6,vx_6,vy_6,vz_6,mass_7,radius_7,x_7,y_7,z_7,vx_7,vy_7,vz_7,mass_8,radius_8,x_8,y_8,z_8,vx_8,vy_8,vz_8
0,1.660120825375342e-07,1.631393540950981e-08,0.2762772116459649,-0.3147216369886225,-0.05106611937542947,5.680862296834455,7.272324576539224,0.0727553856056307,2.447838287784771e-06,4.045378434654418e-08,0.01676520914518241,0.7194851124138529,0.008873192665929463,-7.410739301497676,0.13351999816292753,0.42956640768178855,3.040432648020684e-06,4.437104331057835e-07,-0.8980505227271488,0.4156607224822358,-3.644806743172171e-06,-2.7418879452857885,-5.726364335374779,5.67362320980404e-05,3.2271560375549955e-07,2.270212793877687e-08,0.2705679630229312,1.520890842797121,0.02521891438283382,-4.837815036220733,1.329743529085047,0.14671421196906592,0.0009547919099366768,4.778945025452157e-07,-5.18426247536449,1.561349813834226,0.1095273964500002,-0.8296762373711426,-2.5116152322666134,0.02899305429578512,0.0002858856700231729,4.0286669668487467e-07,-1.838958651463447,8.845902259587085,-0.080758928340478,-2.105242081646994,-0.42113060911130146,0.09106185832799939,4.3662496132004074e-05,1.708513622580592e-07,17.81764440230044,-9.171593189459655,-0.2649164800098258,0.645640221477113,1.2079068056297686,-0.0038310998140191474,5.151383772628657e-05,1.6553711549585576e-07,20.49177889666187,-22.01155256425707,-0.0189310330436215,0.8303123912645399,0.7855089260146876,-0.03534001704269994
