,mass_1,radius_1,x_1,y_1,z_1,vx_1,vy_1,vz_1,mass_2,radius_2,x_2,y_2,z_2,vx_2,vy_2,vz_2,mass_3,radius_3,x_3,y_3,z_3,vx_3,vy_3,vz_3,mass_4,radius_4,x_4,y_4,z_4,vx_4,vy_4,vz_4,mass_5,radius_5,x_5,y_5,z_5,vx_5,vy_5,vz_5,mass_6,radius_6,x_6,y_6,z_6,vx_6,vy_6,vz_6,mass_7,radius_7,x_7,y_7,z_7,vx_7,vy_7,vz_7,mass_8,radius_8,x_8,y_8,z_8,vx_8,vy_8,vz_8
0,1.660120825375342e-07,1.631393540950981e-08,-0.3018015443055052,0.1713194855506786,0.04168615996333033,-7.181131340139587,-8.504897400771629,-0.036171700258538206,2.447838287784771e-06,4.045378434654418e-08,-0.7145898477017874,-0.08289972349470147,0.04009936461422411,0.8053571411011247,-7.3712325206316,-0.14758982141079607,3.040432648020684e-06,4.437104331057835e-07,-0.04542482751537859,-1.015048175901708,4.35934152763313e-05,6.175462435720454,-0.30456244277313355,-1.058510753541419e-05,3.2271560375549955e-07,2.270212793877687e-08,0.2684797874138814,-1.408470133830193,-0.03609992304342962,5.213456539151703,1.3959555663406844,-0.09868611042494324,0.0009547919099366768,4.778945025452157e-07,-3.379601073196127,-4.211425409793476,0.09311185494521589,2.118309192559656,-1.5966663106768797,-0.040767886699102064,0.0002858856700231729,4.0286669668487467e-07,0.9367464534034248,-10.02071227750462,0.1368911051716456,1.9193163391055645,0.18200659312544787,-0.07954481630582114,4.3662496132004074e-05,1.708513622580592e-07,17.40561671384189,9.611984713388917,-0.1896837307255777,-0.7027829755621687,1.18900954989064,0.013496611346765693,5.151383772628657e-05,1.6553711549585576e-07,28.8250926126159,-8.085854067783446,-0.4978555377982423,0.30437547239982343,1.1094611638775655,-0.029893811945639663
