,flag,epoch,sbx,sby,sbz,sbvx,sbvy,sbvz
0,1.0,2457966.5,2.713472268912876,0.34653208580421124,0.2286092222780849,-1.0059938480505461,3.6150572422783362,0.39926303467862045
