,flag,epoch,sbx,sby,sbz,sbvx,sbvy,sbvz
0,1.0,2457683.5,26.706115044694958,11.159509280254508,-5.692661531227752,-0.14923938060116548,0.932280449535836,-0.6899475043109166
