,mass_1,radius_1,x_1,y_1,z_1,vx_1,vy_1,vz_1,mass_2,radius_2,x_2,y_2,z_2,vx_2,vy_2,vz_2,mass_3,radius_3,x_3,y_3,z_3,vx_3,vy_3,vz_3,mass_4,radius_4,x_4,y_4,z_4,vx_4,vy_4,vz_4,mass_5,radius_5,x_5,y_5,z_5,vx_5,vy_5,vz_5,mass_6,radius_6,x_6,y_6,z_6,vx_6,vy_6,vz_6,mass_7,radius_7,x_7,y_7,z_7,vx_7,vy_7,vz_7,mass_8,radius_8,x_8,y_8,z_8,vx_8,vy_8,vz_8
0,1.660120825375342e-07,1.631393540950981e-08,-0.1890948426524756,-0.4237221704963002,-0.01727529602246286,7.316534851178808,-3.6853645584761403,-0.9723714165461624,2.447838287784771e-06,4.045378434654418e-08,0.579920338909618,-0.4384931826125094,-0.03947753855185343,4.409686172211738,5.863827729155709,-0.1740632226405608,3.040432648020684e-06,4.437104331057835e-07,0.6972024688228828,0.7040568668966214,-2.991065064570205e-05,-4.567449025646807,4.398257817339019,-0.00014388799158144774,3.2271560375549955e-07,2.270212793877687e-08,1.31265513462719,-0.4297351470293244,-0.04122072534623548,1.7853929375907616,5.295018573292143,0.06714297804837861,0.0009547919099366768,4.778945025452157e-07,-5.416632007126709,-0.6252198839429355,0.1237999820836095,0.28324723651088235,-2.6103319053061638,0.004501098094362601,0.0002858856700231729,4.0286669668487467e-07,-2.149859920825802,-9.807626596852563,0.256046873914976,1.8796183151133934,-0.44465204720731477,-0.06710395220305138,4.3662496132004074e-05,1.708513622580592e-07,18.42381382027225,7.639002752250116,-0.210187257705811,-0.5600544374527091,1.2575236558720448,0.011930049005384465,5.151383772628657e-05,1.6553711549585576e-07,28.28128014646798,-9.85579170879218,-0.4488061846061569,0.37032191194697534,1.0870991247413466,-0.030970230128462648
