,mass_1,radius_1,x_1,y_1,z_1,vx_1,vy_1,vz_1,mass_2,radius_2,x_2,y_2,z_2,vx_2,vy_2,vz_2,mass_3,radius_3,x_3,y_3,z_3,vx_3,vy_3,vz_3,mass_4,radius_4,x_4,y_4,z_4,vx_4,vy_4,vz_4,mass_5,radius_5,x_5,y_5,z_5,vx_5,vy_5,vz_5,mass_6,radius_6,x_6,y_6,z_6,vx_6,vy_6,vz_6,mass_7,radius_7,x_7,y_7,z_7,vx_7,vy_7,vz_7,mass_8,radius_8,x_8,y_8,z_8,vx_8,vy_8,vz_8
0,1.660120825375342e-07,1.631393540950981e-08,-0.04466896664007841,-0.4623732889147031,-0.03367574830987315,8.167355128526626,0.0,0.0,2.447838287784771e-06,4.045378434654418e-08,0.5171532105199382,-0.5113655449486018,-0.03684580298354478,5.146226312658929,0.0,0.0,3.040432648020684e-06,4.437104331057835e-07,-0.1462065313548823,0.9724089295629699,-1.513178925957026e-05,-6.316414695322585,0.0,0.0,3.2271560375549955e-07,2.270212793877687e-08,-0.6734704140483961,-1.358688954572921,-0.01192276800137913,4.772398708408239,0.0,0.0,0.0009547919099366768,4.778945025452157e-07,-2.484585650858399,-4.755821331330467,0.07534105602779462,2.410799211881448,-1.147518661549212,-0.049184036987797296,0.0002858856700231729,4.0286669668487467e-07,-7.03069131643971,5.896255366426635,0.1771314044893031,-1.4168131901273242,-1.5669411837171325,0.08366967529739379,4.3662496132004074e-05,1.708513622580592e-07,19.29661341784198,-5.573236528742708,-0.2706270183011893,0.38974661235513053,1.3118752579969044,-0.00016856475763163035,5.151383772628657e-05,1.6553711549585576e-07,22.73576832807102,-19.64933049934243,-0.1193626122742648,0.7439866125008638,0.8728886784858313,-0.03513168387556947
