,flag,epoch,sbx,sby,sbz,sbvx,sbvy,sbvz
0,1.0,2458080.0,-0.7220504716771927,-2.295713807912424,-0.0007814161831628599,3.943722437339617,-0.7075331341079361,-0.5156639245230814
1,1.0,2458080.0,-0.7220504874680731,-2.295713799841931,-0.000781432363285095,3.9437224372247184,-0.7075331587617919,-0.5156639251525561
