,flag,epoch,sbx,sby,sbz,sbvx,sbvy,sbvz
0,1.0,2457680.0,0.696125793189315,-2.0805577628956065,0.0811408980823193,4.215287523101713,1.203413643928713,-0.48018278661120767
1,1.0,2457680.0,0.6961257759720025,-2.080557787325534,0.081140892461134,4.215287500271514,1.2034136097666097,-0.4801827526513261
