,flag,epoch,sbx,sby,sbz,sbvx,sbvy,sbvz
0,1,2457090.5,-2.1284361237472296,-2.4561557746404636,-0.11240844046263224,2.2884152965862716,-2.2143282231219175,0.09662224083062164
