,flag,epoch,sbx,sby,sbz,sbvx,sbvy,sbvz
0,1.0,2458471.5,-15.012116984818096,41.34849375297517,-0.6375606144171853,-0.8719411890930192,-0.35766824616997384,0.05425957421918627
