,flag,epoch,sbx,sby,sbz,sbvx,sbvy,sbvz
0,1.0,2457590.0,-2.208361295489236,0.5181838214885195,0.21903838305820772,-1.2303267082549765,-4.014682289913575,-0.26873600510850887
1,1.0,2457590.0,-2.2083612834122297,0.5181837867573774,0.21903840717152215,-1.23032666134143,-4.014682325885367,-0.2687359644424203
