,mass_1,radius_1,x_1,y_1,z_1,vx_1,vy_1,vz_1,mass_2,radius_2,x_2,y_2,z_2,vx_2,vy_2,vz_2,mass_3,radius_3,x_3,y_3,z_3,vx_3,vy_3,vz_3,mass_4,radius_4,x_4,y_4,z_4,vx_4,vy_4,vz_4,mass_5,radius_5,x_5,y_5,z_5,vx_5,vy_5,vz_5,mass_6,radius_6,x_6,y_6,z_6,vx_6,vy_6,vz_6,mass_7,radius_7,x_7,y_7,z_7,vx_7,vy_7,vz_7,mass_8,radius_8,x_8,y_8,z_8,vx_8,vy_8,vz_8
0,1.660120825375342e-07,1.631393540950981e-08,-0.00653713323051219,-0.4625606099716557,-0.03718665513598796,8.214191873750648,0.3826635858578628,-0.7226703212446279,2.447838287784771e-06,4.045378434654418e-08,-0.1950713822574557,-0.6992310853341495,0.001702582470019064,7.066213158590145,-2.016018419549897,-0.435418705778462,3.040432648020684e-06,4.437104331057835e-07,0.9995993274225168,0.0731809586955278,-9.22410244690376e-07,-0.5612969284611999,6.24360091294993,-1.3929504742739819e-05,3.2271560375549955e-07,2.270212793877687e-08,-1.267911922758518,1.068935523583532,0.05355522143547015,-3.1011071564578647,-3.472247891067221,0.003485440765992356,0.0009547919099366768,4.778945025452157e-07,2.461942686370667,4.373210821899105,-0.07327263565356222,-2.4391271542991126,1.4837330494928798,0.04844780337527152,0.0002858856700231729,4.0286669668487467e-07,5.165163550993663,7.521287668203315,-0.3362765219618809,-1.7894877440840424,1.1507764883315466,0.05113613763123401,4.3662496132004074e-05,1.708513622580592e-07,15.13338344454478,-12.99600373931453,-0.2444819502170952,0.9230197111318806,1.0245301352619551,-0.008137063730315433,5.151383772628657e-05,1.6553711549585576e-07,17.50014870355413,-24.50340848040149,0.1013378173789989,0.9229979930921913,0.6745773019738879,-0.035130436978891524
