,flag,epoch,sbx,sby,sbz,sbvx,sbvy,sbvz
0,1,2451814.5,25.196820303902207,-35.05619421380391,0.5027636352823278,0.8131903154542279,0.5213608275579016,-0.026759197536156732
