,flag,epoch,sbx,sby,sbz,sbvx,sbvy,sbvz
0,1,2457344.5,-2.9557506236465714,-0.4613062157972627,0.29830225001721566,-0.5524607981473332,-3.3938983479733764,0.12737898922114324
