,mass_1,radius_1,x_1,y_1,z_1,vx_1,vy_1,vz_1,mass_2,radius_2,x_2,y_2,z_2,vx_2,vy_2,vz_2,mass_3,radius_3,x_3,y_3,z_3,vx_3,vy_3,vz_3,mass_4,radius_4,x_4,y_4,z_4,vx_4,vy_4,vz_4,mass_5,radius_5,x_5,y_5,z_5,vx_5,vy_5,vz_5,mass_6,radius_6,x_6,y_6,z_6,vx_6,vy_6,vz_6,mass_7,radius_7,x_7,y_7,z_7,vx_7,vy_7,vz_7,mass_8,radius_8,x_8,y_8,z_8,vx_8,vy_8,vz_8
0,1.660120825375342e-07,1.631393540950981e-08,-0.3815771017096532,0.01868538509094139,0.03653958695335553,-2.6393538805514716,-9.821724412556314,-0.5602821586997944,2.447838287784771e-06,4.045378434654418e-08,0.08782595015784364,0.7146603855811725,0.004718652070531948,-7.357821495516305,0.8633493712952369,0.4364570112677764,3.040432648020684e-06,4.437104331057835e-07,-0.8963562537573809,-0.4516021088167995,1.358506228816353e-05,2.7251529985236687,-5.635602714551923,0.0001234508809151572,3.2271560375549955e-07,2.270212793877687e-08,-1.595655327598326,0.4711948785180672,0.0490550209150202,-1.2562963329221577,-4.465905147025567,-0.06272929618361042,0.0009547919099366768,4.778945025452157e-07,4.78426558477542,-1.381313649344465,-0.1013277428445724,0.7309619962772943,2.7815576155120683,-0.027905593974036656,0.0002858856700231729,4.0286669668487467e-07,-9.493477514601947,-0.3332446593553038,0.3836855377164941,-0.03739029139004729,-2.038681188003833,0.03700253465399092,4.3662496132004074e-05,1.708513622580592e-07,20.0614755710503,-1.13557241641686,-0.2640820057439176,0.07126850591208188,1.3694557082487802,0.00415070197632625,5.151383772628657e-05,1.6553711549585576e-07,25.00095221204358,-16.61892509738685,-0.2339032900980501,0.627847410371785,0.9637746178267895,-0.03427247043041549
