,flag,epoch,sbx,sby,sbz,sbvx,sbvy,sbvz
0,1.0,2457280.0,36.4039524736074,-24.228597238466214,-3.2168212575992112,0.6090537904540653,0.7518658587345873,-0.043485195975699144
