,flag,epoch,sbx,sby,sbz,sbvx,sbvy,sbvz
0,1.0,2457310.0,-1.3540315051042495,2.8444282132518954,0.17644325389221,-3.3835940342674875,-0.9770263972004228,-0.08897080214127115
1,1.0,2457310.0,-1.3540314946310068,2.844428240491257,0.17644327070661445,-3.383594030993081,-0.9770263565249737,-0.08897080303972574
