,flag,epoch,sbx,sby,sbz,sbvx,sbvy,sbvz
0,1.0,2457292.5,37.53078888444368,0.7033041727336844,-0.02080372109105788,0.05044208738680605,0.9243091050421082,-0.5867667025037983
