,flag,epoch,sbx,sby,sbz,sbvx,sbvy,sbvz
0,1.0,2457910.0,-2.258412024710278,0.31318221293539394,0.2605476896764525,-0.782765155021483,-4.144160651403214,-0.2519491815226682
1,1.0,2457910.0,-2.258412039885032,0.3131822209285293,0.2605476866709602,-0.7827651509389976,-4.144160619597998,-0.2519492021159803
