,flag,epoch,sbx,sby,sbz,sbvx,sbvy,sbvz
0,1.0,2457452.5,1.656521959416266,-1.650272648117982,0.054822538010638806,2.2062319207510876,3.5329511114623697,0.28909963998502236
