,mass_1,radius_1,x_1,y_1,z_1,vx_1,vy_1,vz_1,mass_2,radius_2,x_2,y_2,z_2,vx_2,vy_2,vz_2,mass_3,radius_3,x_3,y_3,z_3,vx_3,vy_3,vz_3,mass_4,radius_4,x_4,y_4,z_4,vx_4,vy_4,vz_4,mass_5,radius_5,x_5,y_5,z_5,vx_5,vy_5,vz_5,mass_6,radius_6,x_6,y_6,z_6,vx_6,vy_6,vz_6,mass_7,radius_7,x_7,y_7,z_7,vx_7,vy_7,vz_7,mass_8,radius_8,x_8,y_8,z_8,vx_8,vy_8,vz_8
0,1.660120825375342e-07,1.631393540950981e-08,-0.3333747334567425,-0.2940509236226672,0.006557357047997369,4.700887186791574,-7.243425111526687,-1.0231381052279729,2.447838287784771e-06,4.045378434654418e-08,0.6460504881042796,0.3263883878752309,-0.03280597270166046,-3.354614654934472,6.561836976359209,0.2835516875812827,3.040432648020684e-06,4.437104331057835e-07,-0.6927368036366535,-0.7337424475248991,3.031849114452265e-05,4.46679897624331,-4.337412843835887,0.00014010911197747677,3.2271560375549955e-07,2.270212793877687e-08,-0.9152840013985019,-1.240679426972738,-0.003535903410701972,4.30510991891889,-2.596270352701072,-0.16006578613735709,0.0009547919099366768,4.778945025452157e-07,-5.39037544045054,0.6990642546739698,0.1177131950868744,-0.38773754386123865,-2.605646071259328,0.019496900831850034,0.0002858856700231729,4.0286669668487467e-07,-3.086901232891116,-9.534520702032573,0.2886082447446484,1.8273086257960751,-0.6358925348410074,-0.06170602886825583,4.3662496132004074e-05,1.708513622580592e-07,18.69512460613099,6.999102880925542,-0.2160831095162336,-0.5140809120649562,1.2758324841736932,0.011411427652460403,5.151383772628657e-05,1.6553711549585576e-07,28.08908343142738,-10.40300809393564,-0.4330831153579889,0.3906126029762222,1.0794995788423092,-0.03128095683294365
