,flag,epoch,sbx,sby,sbz,sbvx,sbvy,sbvz
0,1,2457185.5,1.178888566088129,1.5725249480056709,-0.39299202717853376,-4.143197769429339,2.718235959189753,-0.2320983030181871
