,flag,epoch,sbx,sby,sbz,sbvx,sbvy,sbvz
0,1.0,2458725.5,-37.289186307943346,-18.310643577490012,-2.4117229848921307,0.07224065523930136,-0.1448233615326125,-0.017409253787265155
