,flag,epoch,sbx,sby,sbz,sbvx,sbvy,sbvz
0,1,2455095.5,-16.43446679056828,-43.86689397423662,-2.0679441434822206,0.8392742819198877,-0.26667799184877544,-0.13796070863986892
