,mass_1,radius_1,x_1,y_1,z_1,vx_1,vy_1,vz_1,mass_2,radius_2,x_2,y_2,z_2,vx_2,vy_2,vz_2,mass_3,radius_3,x_3,y_3,z_3,vx_3,vy_3,vz_3,mass_4,radius_4,x_4,y_4,z_4,vx_4,vy_4,vz_4,mass_5,radius_5,x_5,y_5,z_5,vx_5,vy_5,vz_5,mass_6,radius_6,x_6,y_6,z_6,vx_6,vy_6,vz_6,mass_7,radius_7,x_7,y_7,z_7,vx_7,vy_7,vz_7,mass_8,radius_8,x_8,y_8,z_8,vx_8,vy_8,vz_8
0,1.660120825375342e-07,1.631393540950981e-08,0.356082704532711,-0.1278265481091234,-0.04311482760536778,1.4718023760839525,10.135073611582884,0.6930654356177662,2.447838287784771e-06,4.045378434654418e-08,0.6770746365122424,-0.2632055425559681,-0.04268240136886494,2.636181809701176,6.853467243774903,-0.05823111625608978,3.040432648020684e-06,4.437104331057835e-07,0.8825215044911393,0.4606922376855785,-1.514659346338009e-05,-3.0101576181458523,5.547113577037699,-0.000167768932996786,3.2271560375549955e-07,2.270212793877687e-08,-0.9037871251102783,1.366774863120615,0.05082092272352205,-4.070193423997709,-2.3842145025646477,0.04995805247678564,0.0009547919099366768,4.778945025452157e-07,-0.7922298679260704,5.104503695858643,-0.003472105694190689,-2.7594241386003007,-0.2923051242394015,0.06296145182853356,0.0002858856700231729,4.0286669668487467e-07,-7.145252775601249,-6.78867955112881,0.4025074769159857,1.2906810571479546,-1.482641008793578,-0.02563144916048473,4.3662496132004074e-05,1.708513622580592e-07,19.70106201075356,3.657864220575418,-0.2415841722680716,-0.27482347378290656,1.3449428199078035,0.008581637181382567,5.151383772628657e-05,1.6553711549585576e-07,26.96741370443337,-13.096735552424,-0.3516697365608316,0.4910818128504515,1.037584631504928,-0.03269661546365271
