,mass_1,radius_1,x_1,y_1,z_1,vx_1,vy_1,vz_1,mass_2,radius_2,x_2,y_2,z_2,vx_2,vy_2,vz_2,mass_3,radius_3,x_3,y_3,z_3,vx_3,vy_3,vz_3,mass_4,radius_4,x_4,y_4,z_4,vx_4,vy_4,vz_4,mass_5,radius_5,x_5,y_5,z_5,vx_5,vy_5,vz_5,mass_6,radius_6,x_6,y_6,z_6,vx_6,vy_6,vz_6,mass_7,radius_7,x_7,y_7,z_7,vx_7,vy_7,vz_7,mass_8,radius_8,x_8,y_8,z_8,vx_8,vy_8,vz_8
0,1.660120825375342e-07,1.631393540950981e-08,-0.3951106945245809,-0.08699364223639958,0.0291388724734219,0.07525908124445183,-9.59353826475,-0.7908201546174095,2.447838287784771e-06,4.045378434654418e-08,-0.542054873459813,0.4700456485384498,0.03772767830082725,-4.867766645693034,-5.619544078963494,0.20381731876424125,3.040432648020684e-06,4.437104331057835e-07,0.9666613987683019,0.2529404874083599,-1.478624192105054e-05,-1.6929963991589578,6.0558686399936565,-0.0002454797107591595,3.2271560375549955e-07,2.270212793877687e-08,-1.52329068130609,0.6728921932676235,0.05148506631026625,-1.8735576426774914,-4.23877291868882,-0.04284526439350783,0.0009547919099366768,4.778945025452157e-07,-4.622340084364417,-2.872514461198513,0.1153591273917777,1.4227987207736317,-2.2130743863317064,-0.022646394858700916,0.0002858856700231729,4.0286669668487467e-07,-0.4024222249604341,-10.05286405282599,0.190748212489566,1.9260614256473827,-0.0896677986349955,-0.07510432806029342,4.3662496132004074e-05,1.708513622580592e-07,17.87326522896623,8.77403769998523,-0.1988420007175887,-0.6419586904933637,1.2204406805639443,0.012838193289404469,5.151383772628657e-05,1.6553711549585576e-07,28.60342482181079,-8.854184489412258,-0.4768986512678278,0.3330759356911558,1.1001520110636904,-0.030373621016541973
