,flag,epoch,sbx,sby,sbz,sbvx,sbvy,sbvz
0,1.0,2457530.0,1.709605974482899,-1.2772615152002285,0.18900797869783847,2.3111137416265914,3.810379557516537,0.12526121231578546
1,1.0,2457530.0,1.7096059893216795,-1.2772615137198786,0.18900797804203714,2.31111375205939,3.810379539090252,0.1252611964122488
