,flag,epoch,sbx,sby,sbz,sbvx,sbvy,sbvz
0,1.0,2457388.5,-41.234886887420465,-16.38116880368117,1.457088889314245,0.21992502845590048,-0.8402027474232224,0.1637954665191018
