,flag,epoch,sbx,sby,sbz,sbvx,sbvy,sbvz
0,1.0,2457535.5,20.186359596581017,25.288203592876076,-1.725244272899147,-1.000073411690893,0.6430709332427891,0.1423386476083462
