,flag,epoch,sbx,sby,sbz,sbvx,sbvy,sbvz
0,1,2455981.5,-36.776582497496506,-21.77360396451327,0.15488991350906356,0.5139666468402095,-0.8207577451861543,-0.03543594332603668
