,flag,epoch,sbx,sby,sbz,sbvx,sbvy,sbvz
0,1.0,2458140.0,1.9957575319004588,0.51250246502048,-0.23141376695647572,-1.089318460470168,4.497326456133234,-0.32270896870228355
1,1.0,2458140.0,1.9957575593603487,0.5125023536301285,-0.23141373345608873,-1.0893182931101497,4.497326496811164,-0.3227091126225729
