,flag,epoch,sbx,sby,sbz,sbvx,sbvy,sbvz
0,1,2457710.0,-1.121169453406963,-1.862941102817326,-0.1212070303812752,3.5571213012952043,-2.6621339331106375,-0.020456978507428242
