,flag,epoch,sbx,sby,sbz,sbvx,sbvy,sbvz
0,1.0,2455950.0,1.911011757192962,1.430062062269675,-0.18618496753468636,-2.6643290769108856,3.12486777854324,0.30446415217379913
1,1.0,2455950.0,1.9110116640105672,1.4300621124209099,-0.18618490189882317,-2.664329225843394,3.1248677507319154,0.3044642694644543
