,flag,epoch,sbx,sby,sbz,sbvx,sbvy,sbvz
0,1.0,2457530.5,0.22675599055762807,-2.8021514400619942,0.1543188920173909,3.3171831017519624,0.4964188597919127,-0.00962924119170174
