,flag,epoch,sbx,sby,sbz,sbvx,sbvy,sbvz
0,1.0,2457230.0,1.839681537965796,0.5109938338122463,0.06019462553479643,-1.839025932685206,4.5644379668564605,-1.0187994668643607
1,1.0,2457230.0,1.8396815492797698,0.5109938472833734,0.06019461749509364,-1.8390259374088391,4.564437937491882,-1.0187994492997623
