,mass_1,radius_1,x_1,y_1,z_1,vx_1,vy_1,vz_1,mass_2,radius_2,x_2,y_2,z_2,vx_2,vy_2,vz_2,mass_3,radius_3,x_3,y_3,z_3,vx_3,vy_3,vz_3,mass_4,radius_4,x_4,y_4,z_4,vx_4,vy_4,vz_4,mass_5,radius_5,x_5,y_5,z_5,vx_5,vy_5,vz_5,mass_6,radius_6,x_6,y_6,z_6,vx_6,vy_6,vz_6,mass_7,radius_7,x_7,y_7,z_7,vx_7,vy_7,vz_7,mass_8,radius_8,x_8,y_8,z_8,vx_8,vy_8,vz_8
0,1.660120825375342e-07,1.631393540950981e-08,0.09671711139965546,-0.4429445351352955,-0.04506518964166208,7.978808393858138,2.7180152740586685,-0.5099862281282436,2.447838287784771e-06,4.045378434654418e-08,-0.710208915985182,0.1074159580413142,0.04246007457782684,-1.1441554670832317,-7.337646555795561,-0.034511588841585054,3.040432648020684e-06,4.437104331057835e-07,0.2772087388879205,-0.9781361982979064,2.988453727764251e-05,5.943704414632516,1.6899719545411769,-5.798324223522681e-05,3.2271560375549955e-07,2.270212793877687e-08,0.4461058659362132,1.460899006102661,0.01965458409738573,-4.694666536438806,1.9267122091668694,0.15562492243520923,0.0009547919099366768,4.778945025452157e-07,0.007302442042262113,5.12740804344553,-0.02145829158358897,-2.7920704375196945,0.13485683235468715,0.06191847967278795,0.0002858856700231729,4.0286669668487467e-07,-7.503901488340398,-6.35117891438246,0.4091859381126601,1.2036574655427081,-1.560345002296633,-0.02081126075096651,4.3662496132004074e-05,1.708513622580592e-07,19.77606848449693,3.270463840734942,-0.2440018903261645,-0.24700632189556657,1.3501655254444174,0.008239273256702886,5.151383772628657e-05,1.6553711549585576e-07,26.82461273530218,-13.3942634206005,-0.3422490718134852,0.5023821774540347,1.0323391519834286,-0.03284261399040074
