,flag,epoch,sbx,sby,sbz,sbvx,sbvy,sbvz
0,1.0,2452540.0,-38.130249124312925,-21.184188208981006,1.792462138408165,0.43989232049442095,-0.8334330631321267,0.035478126473136314
