,mass_1,radius_1,x_1,y_1,z_1,vx_1,vy_1,vz_1,mass_2,radius_2,x_2,y_2,z_2,vx_2,vy_2,vz_2,mass_3,radius_3,x_3,y_3,z_3,vx_3,vy_3,vz_3,mass_4,radius_4,x_4,y_4,z_4,vx_4,vy_4,vz_4,mass_5,radius_5,x_5,y_5,z_5,vx_5,vy_5,vz_5,mass_6,radius_6,x_6,y_6,z_6,vx_6,vy_6,vz_6,mass_7,radius_7,x_7,y_7,z_7,vx_7,vy_7,vz_7,mass_8,radius_8,x_8,y_8,z_8,vx_8,vy_8,vz_8
0,1.660120825375342e-07,1.631393540950981e-08,-0.3718050506754387,0.04984411011420884,0.03818677765952816,-3.4997828915456037,-9.74332214552164,-0.47497385350296206,2.447838287784771e-06,4.045378434654418e-08,-0.7021081232084373,-0.1590579418301075,0.03834147576639116,1.584479483659635,-7.238407196400732,-0.1906286381550781,3.040432648020684e-06,4.437104331057835e-07,0.2277878332540329,0.9582711888504826,-2.950316692460516e-05,-6.215925696740989,1.429854121470643,-3.582266326748842e-05,3.2271560375549955e-07,2.270212793877687e-08,0.8311785585040385,-1.121938277967329,-0.0439141685906872,4.300719080713703,3.4800842057756403,-0.032680889478993884,0.0009547919099366768,4.778945025452157e-07,1.596796575591406,4.79709762567141,-0.05565497368700928,-2.650887139141525,1.002504427686551,0.05515556935364249,0.0002858856700231729,4.0286669668487467e-07,-8.14688923801885,-5.405653580909052,0.4183534905867914,1.0140932597983632,-1.7019883000609999,-0.01079007910081676,4.3662496132004074e-05,1.708513622580592e-07,19.90280308249873,2.485941506925179,-0.2485703531750735,-0.19063458035267583,1.3591103746337236,0.007536095083110302,5.151383772628657e-05,1.6553711549585576e-07,26.52713580391967,-13.98893472721739,-0.3231481532413275,0.525073701604017,1.0215009268099764,-0.03312903345756782
