,flag,epoch,sbx,sby,sbz,sbvx,sbvy,sbvz
0,1.0,2457760.0,1.0164187250558978,-2.212608931039701,-0.055562515198377405,3.4488558658724395,1.7921443244307422,-0.46745891657644056
1,1.0,2457760.0,1.0164187601527637,-2.212608914764897,-0.055562492724503504,3.44885584913527,1.7921443658841145,-0.46745884160876267
