,flag,epoch,sbx,sby,sbz,sbvx,sbvy,sbvz
0,1.0,2457180.0,-30.79168173059402,-29.098726886282172,1.544957590349818,0.6490495719067879,-0.7244296199430997,0.0036613170489985716
