,flag,epoch,sbx,sby,sbz,sbvx,sbvy,sbvz
0,1.0,2457770.0,-0.25529124413667403,-2.178627947304518,-0.09393876747200951,4.31351958480195,-0.697942245080035,0.38819807790076
1,1.0,2457770.0,-0.2552912419131298,-2.178627948244203,-0.09393876692908472,4.313519585797625,-0.6979422352528358,0.388198063332782
