,flag,epoch,sbx,sby,sbz,sbvx,sbvy,sbvz
0,1.0,2455464.5,-27.867025614953825,-9.001448950261445,-0.7593640991199252,0.25373490749956495,-1.2734878872026985,0.05839230731096898
