,flag,epoch,sbx,sby,sbz,sbvx,sbvy,sbvz
0,1,2457160.0,1.4315542589330637,2.7936083025745146,0.8648726860207313,-2.615601686001198,2.0587804802119143,0.6779679021626709
