,flag,epoch,sbx,sby,sbz,sbvx,sbvy,sbvz
0,1.0,2457830.0,-1.440761643445931,1.632178116119461,-0.0878791220887252,-3.384801883070991,-2.795298853603367,0.45765078421469524
1,1.0,2457830.0,-1.4407616267074013,1.6321780208868848,-0.08787912666206192,-3.3848019284998734,-2.7952990468096637,0.457650747012912
