,flag,epoch,sbx,sby,sbz,sbvx,sbvy,sbvz
0,1.0,2457123.5,17.723309977191448,30.244087863195126,-6.406810559479204,-0.997865794852225,0.6085232258713363,-0.141533600589689
