,mass_1,radius_1,x_1,y_1,z_1,vx_1,vy_1,vz_1,mass_2,radius_2,x_2,y_2,z_2,vx_2,vy_2,vz_2,mass_3,radius_3,x_3,y_3,z_3,vx_3,vy_3,vz_3,mass_4,radius_4,x_4,y_4,z_4,vx_4,vy_4,vz_4,mass_5,radius_5,x_5,y_5,z_5,vx_5,vy_5,vz_5,mass_6,radius_6,x_6,y_6,z_6,vx_6,vy_6,vz_6,mass_7,radius_7,x_7,y_7,z_7,vx_7,vy_7,vz_7,mass_8,radius_8,x_8,y_8,z_8,vx_8,vy_8,vz_8
0,1.660120825375342e-07,1.631393540950981e-08,0.2414733317169812,0.2074021144124559,-0.005208577191863004,-8.720069143642297,8.234806288038682,1.4729008641797448,2.447838287784771e-06,4.045378434654418e-08,0.1347651091095705,-0.7147148910654209,-0.01757240346574706,7.210046520522199,1.3434625896406545,-0.3976785456251697,3.040432648020684e-06,4.437104331057835e-07,-0.8093424066462074,-0.5981880222741562,2.146579722328879e-05,3.632921790242557,-5.076994535481838,0.00015480434803037536,3.2271560375549955e-07,2.270212793877687e-08,-1.427346688019831,-0.7328649663981947,0.01967943369900957,2.5261718784031504,-4.109833311604339,-0.14812061429060794,0.0009547919099366768,4.778945025452157e-07,-2.165487056693938,4.765797944747263,0.02866355086837173,-2.544789594825118,-1.010788179753154,0.06114156897577893,0.0002858856700231729,4.0286669668487467e-07,-6.443326746460879,-7.513812921362838,0.3871551104505179,1.4340653335104865,-1.332681336743497,-0.03395271484215855,4.3662496132004074e-05,1.708513622580592e-07,19.54686443036448,4.347407189320008,-0.2370115789771254,-0.3242036621006968,1.3341320839641417,0.009182355116303388,5.151383772628657e-05,1.6553711549585576e-07,27.2149762137103,-12.56035518601292,-0.3684305895981637,0.4709031833962857,1.0465833539914193,-0.03242958251363018
