,flag,epoch,sbx,sby,sbz,sbvx,sbvy,sbvz
0,1.0,2457800.0,0.07638506174270421,2.4981180859121777,0.32823534386106995,-3.771746744111797,0.5224769998581841,0.09658763402358465
1,1.0,2457800.0,0.07638504729820594,2.4981180887272725,0.32823533149970263,-3.771746745234793,0.5224769793528748,0.09658756684011549
