,flag,epoch,sbx,sby,sbz,sbvx,sbvy,sbvz
0,1.0,2457480.0,-2.256833783699049,-0.4281311024600552,0.2566110804115288,1.3460702745149762,-3.8856450052784104,0.21106138555823062
1,1.0,2457480.0,-2.256833789436987,-0.42813109443458913,0.2566110740062527,1.346070261145917,-3.8856450071453104,0.2110613992548123
