,flag,epoch,sbx,sby,sbz,sbvx,sbvy,sbvz
0,1.0,2457943.5,0.36059360120120854,2.062296574505911,-0.02975453802078913,-4.688996981850489,0.840071914793367,0.39071188938883983
