,flag,epoch,sbx,sby,sbz,sbvx,sbvy,sbvz
0,1,2456930.0,-0.7928281760417484,2.556102720001962,-0.07000531310888927,-3.840798281221459,-0.3544332979449613,-0.46042093407540285
