,mass_1,radius_1,x_1,y_1,z_1,vx_1,vy_1,vz_1,mass_2,radius_2,x_2,y_2,z_2,vx_2,vy_2,vz_2,mass_3,radius_3,x_3,y_3,z_3,vx_3,vy_3,vz_3,mass_4,radius_4,x_4,y_4,z_4,vx_4,vy_4,vz_4,mass_5,radius_5,x_5,y_5,z_5,vx_5,vy_5,vz_5,mass_6,radius_6,x_6,y_6,z_6,vx_6,vy_6,vz_6,mass_7,radius_7,x_7,y_7,z_7,vx_7,vy_7,vz_7,mass_8,radius_8,x_8,y_8,z_8,vx_8,vy_8,vz_8
0,1.660120825375342e-07,1.631393540950981e-08,0.04221483421445036,-0.4570532812634861,-0.04121590480517259,8.171612575848368,1.4733146621072244,-0.6294464942479859,2.447838287784771e-06,4.045378434654418e-08,-0.6006742405000389,-0.4006679654227165,0.0291793752054174,4.047241446048299,-6.180686763245875,-0.31821390704813535,3.040432648020684e-06,4.437104331057835e-07,0.4681245410020861,0.8693249157426787,-2.113409314685225e-05,-5.63483679996213,2.9556919908415176,-5.134280982122396e-05,3.2271560375549955e-07,2.270212793877687e-08,-0.2456509989799075,1.571347498596284,0.03895722988489089,-4.855912857240016,-0.3558767311848606,0.11178445569029592,0.0009547919099366768,4.778945025452157e-07,4.380726455486997,-2.434979134826024,-0.087922608676455,1.3059043719071022,2.5423963490875447,-0.039779847832685934,0.0002858856700231729,4.0286669668487467e-07,-9.444810420032763,0.4707720388564514,0.3677412008152309,-0.20975392679817795,-2.0376155220834127,0.04384957974364343,4.3662496132004074e-05,1.708513622580592e-07,20.02568293299987,-1.67494902265322,-0.2656159037132636,0.1102778574516374,1.3665492083695057,0.003630790982369819,5.151383772628657e-05,1.6553711549585576e-07,24.7504916708193,-16.99695620168052,-0.2203629814828898,0.6426804035276226,0.9538743874073905,-0.034414457365095456
