,flag,epoch,sbx,sby,sbz,sbvx,sbvy,sbvz
0,1,2454667.5,11.53193468109692,39.09317151058762,1.6630600810133798,-0.9555290807425697,0.15452243200852542,0.3313750675265668
