,flag,epoch,sbx,sby,sbz,sbvx,sbvy,sbvz
0,1.0,2458080.5,-15.497857856423153,2.98480950796644,3.604407787617877,0.013460819238577908,-1.3313119492131937,-1.0243345426549895
