,mass_1,radius_1,x_1,y_1,z_1,vx_1,vy_1,vz_1,mass_2,radius_2,x_2,y_2,z_2,vx_2,vy_2,vz_2,mass_3,radius_3,x_3,y_3,z_3,vx_3,vy_3,vz_3,mass_4,radius_4,x_4,y_4,z_4,vx_4,vy_4,vz_4,mass_5,radius_5,x_5,y_5,z_5,vx_5,vy_5,vz_5,mass_6,radius_6,x_6,y_6,z_6,vx_6,vy_6,vz_6,mass_7,radius_7,x_7,y_7,z_7,vx_7,vy_7,vz_7,mass_8,radius_8,x_8,y_8,z_8,vx_8,vy_8,vz_8
0,1.660120825375342e-07,1.631393540950981e-08,-0.2257207971425337,0.2404725207342334,0.04035768744482335,-9.575162772621775,-6.621011507066808,0.3374601702306692,2.447838287784771e-06,4.045378434654418e-08,-0.6116458041873288,-0.3833464482626804,0.03003987750589627,3.8717147141239665,-6.294428421138302,-0.3097234418360745,3.040432648020684e-06,4.437104331057835e-07,-0.4479773561110666,0.8758691255775429,-2.952991746691987e-05,-5.696941127204098,-2.885044129079783,0.00012995065046672263,3.2271560375549955e-07,2.270212793877687e-08,-1.648367879634553,-0.04722086310387662,0.03946563134195479,0.3368454562108582,-4.672553131452112,-0.10618188165815783,0.0009547919099366768,4.778945025452157e-07,-5.213860095780068,1.473063113411571,0.1105494707904347,-0.7829583793810404,-2.5246783174617122,0.02800264438920124,0.0002858856700231729,4.0286669668487467e-07,-3.631349420827124,-9.32615968633281,0.3066663255630158,1.78720479456264,-0.7474674946767254,-0.05817734747988659,4.3662496132004074e-05,1.708513622580592e-07,18.84578605039192,6.613320511424732,-0.2194719792360602,-0.4864351554966645,1.2860219592456834,0.01109381222955571,5.151383772628657e-05,1.6553711549585576e-07,27.96963352637647,-10.72741505926565,-0.4236348290181217,0.40261641408609056,1.0748413500351701,-0.031462722063609005
