,flag,epoch,sbx,sby,sbz,sbvx,sbvy,sbvz
0,1,2457580.0,0.08630240304980814,2.9554307360981515,0.4859637738674392,-3.6040466704692182,0.38100876441298853,0.3477962785480442
