,flag,epoch,sbx,sby,sbz,sbvx,sbvy,sbvz
0,1.0,2457680.0,2.1658673988849775,1.0653908624325938,-0.09495486205127651,-1.9663021158789216,3.4828340037851917,-0.4101536612923665
1,1.0,2457680.0,2.1658674452306204,1.0653908897286994,-0.09495486843310186,-1.9663020624997414,3.4828339335630214,-0.4101536206963084
