,flag,epoch,sbx,sby,sbz,sbvx,sbvy,sbvz
0,1.0,2458499.5,35.23480249875009,26.466600890060928,-23.64144321913876,-0.6740705465337571,0.5216157529070564,-0.06795621637195438
