,mass_1,radius_1,x_1,y_1,z_1,vx_1,vy_1,vz_1,mass_2,radius_2,x_2,y_2,z_2,vx_2,vy_2,vz_2,mass_3,radius_3,x_3,y_3,z_3,vx_3,vy_3,vz_3,mass_4,radius_4,x_4,y_4,z_4,vx_4,vy_4,vz_4,mass_5,radius_5,x_5,y_5,z_5,vx_5,vy_5,vz_5,mass_6,radius_6,x_6,y_6,z_6,vx_6,vy_6,vz_6,mass_7,radius_7,x_7,y_7,z_7,vx_7,vy_7,vz_7,mass_8,radius_8,x_8,y_8,z_8,vx_8,vy_8,vz_8
0,1.660120825375342e-07,1.631393540950981e-08,0.1681378738829626,-0.4100156219033674,-0.04892815589667126,7.449761531349672,4.416317528400692,-0.3225956245899643,2.447838287784771e-06,4.045378434654418e-08,0.2832648919405104,0.6632402359889427,-0.007252377701427684,-6.817879522369536,2.867581229363374,0.43275211320346757,3.040432648020684e-06,4.437104331057835e-07,-0.3349319041997268,-0.9571622548440961,3.698573290547278e-05,5.828829522703847,-2.098966839085983,5.1885687836866446e-05,3.2271560375549955e-07,2.270212793877687e-08,-0.5996810313776261,-1.385008439761403,-0.01430615001507997,4.882888099334679,-1.5920252560823411,-0.15320048372086503,0.0009547919099366768,4.778945025452157e-07,-5.413807032250506,0.520349386410245,0.1189796916168436,-0.2968950450799461,-2.6158990919230822,0.017507148757709333,0.0002858856700231729,4.0286669668487467e-07,-2.961546707256887,-9.57716852281279,0.2843582840768613,1.8354935988929493,-0.610261292160425,-0.06247584965100757,4.3662496132004074e-05,1.708513622580592e-07,18.65972324878274,7.086347010615575,-0.2152995834268074,-0.5203449569961501,1.273435753190678,0.011483134184672693,5.151383772628657e-05,1.6553711549585576e-07,28.11572555317362,-10.32908472278193,-0.4352227408219008,0.3878698766188297,1.080539949714058,-0.031238893287802934
