,flag,epoch,sbx,sby,sbz,sbvx,sbvy,sbvz
0,1.0,2457650.0,2.3433969987792733,-0.8074930807559846,-0.15455905758354999,1.5995197097173244,3.5875544810237607,-0.4192613230779277
1,1.0,2457650.0,2.3433970223223417,-0.8074930889798022,-0.15455904227370204,1.5995197036432418,3.5875544384632887,-0.41926136652078794
