,mass_1,radius_1,x_1,y_1,z_1,vx_1,vy_1,vz_1,mass_2,radius_2,x_2,y_2,z_2,vx_2,vy_2,vz_2,mass_3,radius_3,x_3,y_3,z_3,vx_3,vy_3,vz_3,mass_4,radius_4,x_4,y_4,z_4,vx_4,vy_4,vz_4,mass_5,radius_5,x_5,y_5,z_5,vx_5,vy_5,vz_5,mass_6,radius_6,x_6,y_6,z_6,vx_6,vy_6,vz_6,mass_7,radius_7,x_7,y_7,z_7,vx_7,vy_7,vz_7,mass_8,radius_8,x_8,y_8,z_8,vx_8,vy_8,vz_8
0,1.660120825375342e-07,1.631393540950981e-08,-0.3838945534326363,0.009608210529238555,0.03600850501677028,-2.394420433870695,-9.830966757354862,-0.5835552597260859,2.447838287784771e-06,4.045378434654418e-08,-0.6949793738609318,-0.188634396874669,0.03752478559414397,1.8866694421407977,-7.163203684909137,-0.2070385308613289,3.040432648020684e-06,4.437104331057835e-07,0.2021840214286718,0.9638087238584876,-2.964022370348402e-05,-6.252409898356527,1.2667534426995444,-3.09190529122426e-05,3.2271560375549955e-07,2.270212793877687e-08,0.8487383650895001,-1.107509845086195,-0.04404301026171386,4.250715473783007,3.5464420700051478,-0.03006283375177072,0.0009547919099366768,4.778945025452157e-07,1.585905870933618,4.801202317748659,-0.05542831898898536,-2.6528836590897735,0.9964800407870403,0.05522521848362381,0.0002858856700231729,4.0286669668487467e-07,-8.142721691086342,-5.412641355746525,0.4183090294756862,1.01550194978405,-1.7010578553676867,-0.010862478794166375,4.3662496132004074e-05,1.708513622580592e-07,19.90201936550415,2.491522954572988,-0.2485393938788276,-0.19103559225847716,1.359054618582233,0.007541082577647656,5.151383772628657e-05,1.6553711549585576e-07,26.52929183486924,-13.98473949056155,-0.3232842027979373,0.5249133704591685,1.0215793279803773,-0.033127099991318944
