,flag,epoch,sbx,sby,sbz,sbvx,sbvy,sbvz
0,1.0,2457840.0,-0.40178870843457093,-2.0985575799341554,-0.12379025917474898,4.442808575167878,-0.7145141036477897,0.4119062950978144
1,1.0,2457840.0,-0.4017886875804292,-2.098557579120629,-0.123790259879201,4.442808590575681,-0.7145140607673655,0.41190623135005133
