,flag,epoch,sbx,sby,sbz,sbvx,sbvy,sbvz
0,1,2456895.5,-3.4557197683480534,1.4055046841454675,0.47500451416865747,-1.4892408115846472,-2.7641209924545906,-0.1810826161487953
