,mass_1,radius_1,x_1,y_1,z_1,vx_1,vy_1,vz_1,mass_2,radius_2,x_2,y_2,z_2,vx_2,vy_2,vz_2,mass_3,radius_3,x_3,y_3,z_3,vx_3,vy_3,vz_3,mass_4,radius_4,x_4,y_4,z_4,vx_4,vy_4,vz_4,mass_5,radius_5,x_5,y_5,z_5,vx_5,vy_5,vz_5,mass_6,radius_6,x_6,y_6,z_6,vx_6,vy_6,vz_6,mass_7,radius_7,x_7,y_7,z_7,vx_7,vy_7,vz_7,mass_8,radius_8,x_8,y_8,z_8,vx_8,vy_8,vz_8
0,1.660120825375342e-07,1.631393540950981e-08,0.3580221820222576,-0.1123754554830147,-0.04202730246284265,1.0801051721634152,10.266639656815016,0.739830680282522,2.447838287784771e-06,4.045378434654418e-08,0.724092188106699,-0.04606115727518803,-0.04241661760505117,0.4356336923476174,7.339011522235849,0.07553357393837451,3.040432648020684e-06,4.437104331057835e-07,-0.8735844182691131,0.4634855062980252,-1.60258417903885e-05,-3.0472758033207126,-5.574475734479307,0.00024766039509826213,3.2271560375549955e-07,2.270212793877687e-08,-1.250493111474038,-0.9668467657731156,0.01042953228300005,3.317992579264813,-3.606583753794767,-0.15699952718521476,0.0009547919099366768,4.778945025452157e-07,-4.017033977004926,-3.643071108967205,0.1050144703581846,1.8199392879436165,-1.9135084705105074,-0.032776229210058516,0.0002858856700231729,4.0286669668487467e-07,0.3152362445394565,-10.05915289149438,0.1622937542840875,1.9269636889705126,0.05590872990826855,-0.07766307589085296,4.3662496132004074e-05,1.708513622580592e-07,17.62813301011775,9.225423697217165,-0.1939955557739907,-0.6746826188159397,1.2039741371372246,0.013194208890832533,5.151383772628657e-05,1.6553711549585576e-07,28.72459838142339,-8.443599569743592,-0.4881614586199245,0.31775365678481043,1.1052162891380064,-0.03011956741036718
