,flag,epoch,sbx,sby,sbz,sbvx,sbvy,sbvz
0,1.0,2458170.5,39.81981369631605,-0.968695067654771,0.588156183289271,-0.0322021474564586,1.039335032925127,0.1145367065786388
