,flag,epoch,sbx,sby,sbz,sbvx,sbvy,sbvz
0,1.0,2457050.0,-19.79347907052961,-22.918164611062657,-0.6350180261811493,1.0232273364101772,-0.6478481625138577,0.37517534942622494
