,flag,epoch,sbx,sby,sbz,sbvx,sbvy,sbvz
0,1.0,2456830.0,-1.3452619314494891,-3.0508211279347424,0.6185509043821101,2.929932267502281,-1.3959612994053476,0.017245915143919998
