,flag,epoch,sbx,sby,sbz,sbvx,sbvy,sbvz
0,1.0,2456569.5,-32.29795265562899,31.518062994865097,-2.723789990993665,-1.0017962237683307,-0.43620114857256187,0.08370373877667595
