,flag,epoch,sbx,sby,sbz,sbvx,sbvy,sbvz
0,1.0,2457069.5,-22.673020376958007,9.614694285730867,0.34189380006902503,-0.8827254132688425,-1.2240531799160814,-0.656088102301698
