,flag,epoch,sbx,sby,sbz,sbvx,sbvy,sbvz
0,1.0,2456930.0,-0.7390708168041906,2.192917943004447,0.035176425329133315,-4.188534845060056,-1.3699772270886335,-0.5343127171294814
1,1.0,2456930.0,-0.7390709252236791,2.1929179382184576,0.03517644660989068,-4.188534779358792,-1.3699773156130506,-0.5343125838064312
