,mass_1,radius_1,x_1,y_1,z_1,vx_1,vy_1,vz_1,mass_2,radius_2,x_2,y_2,z_2,vx_2,vy_2,vz_2,mass_3,radius_3,x_3,y_3,z_3,vx_3,vy_3,vz_3,mass_4,radius_4,x_4,y_4,z_4,vx_4,vy_4,vz_4,mass_5,radius_5,x_5,y_5,z_5,vx_5,vy_5,vz_5,mass_6,radius_6,x_6,y_6,z_6,vx_6,vy_6,vz_6,mass_7,radius_7,x_7,y_7,z_7,vx_7,vy_7,vz_7,mass_8,radius_8,x_8,y_8,z_8,vx_8,vy_8,vz_8
0,1.660120825375342e-07,1.631393540950981e-08,0.245271181146344,-0.3498736508093266,-0.05109228332496742,6.365687287545644,0.0,0.0,2.447838287784771e-06,4.045378434654418e-08,0.251142716944315,-0.6827797183717904,-0.02383613493213397,6.88366226602581,0.0,0.0,3.040432648020684e-06,4.437104331057835e-07,-0.7531044579598002,0.6372654680815029,-7.012810099524009e-06,-4.161394378157357,0.0,0.0,3.2271560375549955e-07,2.270212793877687e-08,-0.7130594658990594,-1.342962879665874,-0.01062183286115051,4.706871710291458,0.0,0.0,0.0009547919099366768,4.778945025452157e-07,-5.374309357091968,-0.9293376413094118,0.1241197963366417,0.43581385876962825,-2.5884418671672096,0.0009924316294535954,0.0002858856700231729,4.0286669668487467e-07,-3.79444607342168,8.229307629334242,0.00775387540454717,-1.9596781224180881,-0.8597973892867371,0.09291846346387907,4.3662496132004074e-05,1.708513622580592e-07,18.39638943165619,-7.994482167894,-0.2680019763993524,0.5618551259069712,1.2480308130020175,-0.0026072410073881475,5.151383772628657e-05,1.6553711549585576e-07,21.27419419816239,-21.24444872501121,-0.05278875013378501,0.8024995878612634,0.8154520432186729,-0.035318308419976005
