,mass_1,radius_1,x_1,y_1,z_1,vx_1,vy_1,vz_1,mass_2,radius_2,x_2,y_2,z_2,vx_2,vy_2,vz_2,mass_3,radius_3,x_3,y_3,z_3,vx_3,vy_3,vz_3,mass_4,radius_4,x_4,y_4,z_4,vx_4,vy_4,vz_4,mass_5,radius_5,x_5,y_5,z_5,vx_5,vy_5,vz_5,mass_6,radius_6,x_6,y_6,z_6,vx_6,vy_6,vz_6,mass_7,radius_7,x_7,y_7,z_7,vx_7,vy_7,vz_7,mass_8,radius_8,x_8,y_8,z_8,vx_8,vy_8,vz_8
0,1.660120825375342e-07,1.631393540950981e-08,-0.3868765639443735,-0.003647396793396827,0.03519471950197634,-2.040779678840084,-9.833910310126146,-0.6163230999706237,2.447838287784771e-06,4.045378434654418e-08,0.254582012223781,-0.6814757121091134,-0.02403517974840483,6.870885883483042,2.56035849690596,-0.3613865439767467,3.040432648020684e-06,4.437104331057835e-07,0.9043083892219714,0.4180915520507612,-2.013006181558276e-05,-2.739437780307694,5.6804604357993576,-0.00020071133028610018,3.2271560375549955e-07,2.270212793877687e-08,1.182396513053756,-0.7144958717837591,-0.04399123471019171,2.837864081348519,4.81235740401853,0.03119865689488722,0.0009547919099366768,4.778945025452157e-07,-5.430449459973256,-0.4784912779024099,0.1234998984588169,0.2090860030549367,-2.6178837694022694,0.006191697527826914,0.0002858856700231729,4.0286669668487467e-07,-2.255219652359234,-9.782067502963649,0.2597973088133511,1.8747459949700636,-0.46611728720126894,-0.06653809507144917,4.3662496132004074e-05,1.708513622580592e-07,18.45510456377334,7.568363845456918,-0.2108552285889651,-0.5549641867759861,1.2596297234514473,0.011872577772141962,5.151383772628657e-05,1.6553711549585576e-07,28.26043168856343,-9.916782787249934,-0.4470669486712661,0.3725938919107672,1.086264692168197,-0.031005850732599236
