,mass_1,radius_1,x_1,y_1,z_1,vx_1,vy_1,vz_1,mass_2,radius_2,x_2,y_2,z_2,vx_2,vy_2,vz_2,mass_3,radius_3,x_3,y_3,z_3,vx_3,vy_3,vz_3,mass_4,radius_4,x_4,y_4,z_4,vx_4,vy_4,vz_4,mass_5,radius_5,x_5,y_5,z_5,vx_5,vy_5,vz_5,mass_6,radius_6,x_6,y_6,z_6,vx_6,vy_6,vz_6,mass_7,radius_7,x_7,y_7,z_7,vx_7,vy_7,vz_7,mass_8,radius_8,x_8,y_8,z_8,vx_8,vy_8,vz_8
0,1.660120825375342e-07,1.631393540950981e-08,-0.3696532819330718,-0.2226329926341791,0.01572541740829949,3.188959263436274,-8.351278477616217,-0.9749421054673255,2.447838287784771e-06,4.045378434654418e-08,0.02921326672051577,-0.7264129173455762,-0.01163963139791321,7.332327292309444,0.2697549313809002,-0.4194730932116631,3.040432648020684e-06,4.437104331057835e-07,0.9785843222785723,-0.2386314779799299,6.341274601444816e-06,1.3865977304443664,6.081552529364577,-0.00018943557777250478,3.2271560375549955e-07,2.270212793877687e-08,-0.3911380011129854,1.553581917493233,0.04215045046122348,-4.7629501431252095,-0.8138943402006091,0.0998706816600367,0.0009547919099366768,4.778945025452157e-07,-0.4736215214234252,5.128394837948836,-0.01070077162076632,-2.7803624559855367,-0.12284933788166887,0.06272573101182186,0.0002858856700231729,4.0286669668487467e-07,-7.291708821339412,-6.616365586862611,0.4053450282061785,1.2564725959481624,-1.5142742550028692,-0.023718246075689006,4.3662496132004074e-05,1.708513622580592e-07,19.73202408784852,3.503084641286431,-0.242563057439156,-0.26369605985177674,1.3470981070037236,0.008444127708279757,5.151383772628657e-05,1.6553711549585576e-07,26.91068318391066,-13.21592774038493,-0.3479065026772482,0.4956196160418826,1.035501284919067,-0.03275642916412247
