,flag,epoch,sbx,sby,sbz,sbvx,sbvy,sbvz
0,1.0,2457250.0,2.231659334874564,1.2402627646723474,0.13345076925810612,-1.3971472984213893,3.773742077396102,-1.5324079615107302
1,1.0,2457250.0,2.2316593753433165,1.2402627683439653,0.1334507526545733,-1.3971471464714924,3.773742075515526,-1.5324079541604707
