,flag,epoch,sbx,sby,sbz,sbvx,sbvy,sbvz
0,1.0,2452265.5,-0.2078202408803077,3.2734579830564283,0.12265695475219132,-4.3885858120879595,-0.5125184559759697,0.9430783029731179
