,flag,epoch,sbx,sby,sbz,sbvx,sbvy,sbvz
0,1.0,2457830.0,1.0831183011487984,-1.8048370202882846,-0.09816694487610216,3.8723404923167686,2.401932381744652,0.45210448814450027
1,1.0,2457830.0,1.0831183228221088,-1.8048369853770314,-0.09816691513097806,3.872340474044503,2.401932476090563,0.45210448450548235
