,mass_1,radius_1,x_1,y_1,z_1,vx_1,vy_1,vz_1,mass_2,radius_2,x_2,y_2,z_2,vx_2,vy_2,vz_2,mass_3,radius_3,x_3,y_3,z_3,vx_3,vy_3,vz_3,mass_4,radius_4,x_4,y_4,z_4,vx_4,vy_4,vz_4,mass_5,radius_5,x_5,y_5,z_5,vx_5,vy_5,vz_5,mass_6,radius_6,x_6,y_6,z_6,vx_6,vy_6,vz_6,mass_7,radius_7,x_7,y_7,z_7,vx_7,vy_7,vz_7,mass_8,radius_8,x_8,y_8,z_8,vx_8,vy_8,vz_8
0,1.660120825375342e-07,1.631393540950981e-08,0.3484891875371418,0.02384587714015678,-0.03002354891697442,-2.6861134988817366,10.711975848036749,1.121712683332109,2.447838287784771e-06,4.045378434654418e-08,0.5974743138297751,0.4077516374790991,-0.02888771084732931,-4.186985714653826,6.07044396507605,0.32484178498840566,3.040432648020684e-06,4.437104331057835e-07,0.9955989779230979,0.1100100745143615,-8.688053890812742e-06,-0.792456393301427,6.222449603152944,-0.0002188432617771459,3.2271560375549955e-07,2.270212793877687e-08,-1.133496358693241,1.201692588946819,0.05299966497097436,-3.525004541583345,-3.0718072896608386,0.022148909267457193,0.0009547919099366768,4.778945025452157e-07,-4.920108942829585,2.213906188349271,0.1008999766497682,-1.1649117648629705,-2.385597398341313,0.03597381933929518,0.0002858856700231729,4.0286669668487467e-07,-4.16272618610627,-9.08454086717005,0.3236273139325727,1.7405626393008085,-0.856686048469248,-0.054423552163668405,4.3662496132004074e-05,1.708513622580592e-07,18.98809831364817,6.224538347546984,-0.2227651388499169,-0.45858972036387996,1.2957628030163113,0.010774179911252194,5.151383772628657e-05,1.6553711549585576e-07,27.84658070803401,-11.05041811350222,-0.414133065700772,0.41458593198985744,1.070185789343689,-0.0316377580428489
