,flag,epoch,sbx,sby,sbz,sbvx,sbvy,sbvz
0,1.0,2457860.0,-0.14362228003019636,2.1715990568135792,0.2538332251245634,-4.374065932385114,-0.28340498123153895,0.07946750822476928
1,1.0,2457860.0,-0.14362228742332006,2.171599063729246,0.2538332388003652,-4.374065927620407,-0.28340496822325234,0.07946745596135686
