,mass_1,radius_1,x_1,y_1,z_1,vx_1,vy_1,vz_1,mass_2,radius_2,x_2,y_2,z_2,vx_2,vy_2,vz_2,mass_3,radius_3,x_3,y_3,z_3,vx_3,vy_3,vz_3,mass_4,radius_4,x_4,y_4,z_4,vx_4,vy_4,vz_4,mass_5,radius_5,x_5,y_5,z_5,vx_5,vy_5,vz_5,mass_6,radius_6,x_6,y_6,z_6,vx_6,vy_6,vz_6,mass_7,radius_7,x_7,y_7,z_7,vx_7,vy_7,vz_7,mass_8,radius_8,x_8,y_8,z_8,vx_8,vy_8,vz_8
0,1.660120825375342e-07,1.631393540950981e-08,0.3059941664640038,-0.2709649913498022,-0.05021341596840499,4.780320327798454,8.175870999882386,0.22950253783081256,2.447838287784771e-06,4.045378434654418e-08,0.1280609678024786,0.7088284191038287,0.002328927521694861,-7.294702186939222,1.2766062088241434,0.4384538310187781,3.040432648020684e-06,4.437104331057835e-07,-0.204616343663953,-0.9943282403951221,3.778527765720364e-05,6.052505481031022,-1.2900587888577535,2.1018052776358998e-05,3.2271560375549955e-07,2.270212793877687e-08,-0.491168946432525,-1.416006614202401,-0.01761889612327795,5.0215073977309235,-1.2359458152192613,-0.14914022961835352,0.0009547919099366768,4.778945025452157e-07,-5.419991067778709,0.4630243444820488,0.1193561372477615,-0.2677817638781049,-2.6185422605704116,0.016866758806784097,0.0002858856700231729,4.0286669668487467e-07,-2.921316289205434,-9.590444937886037,0.2829872149447935,1.8380406178058335,-0.6020398024702899,-0.06271969942927771,4.3662496132004074e-05,1.708513622580592e-07,18.64830430602618,7.114230362155061,-0.2150478202814501,-0.5223470535146649,1.27266226546777,0.011505978745560256,5.151383772628657e-05,1.6553711549585576e-07,28.1242113772933,-10.30541423634926,-0.4359068128755575,0.38699192081146816,1.0808712182733844,-0.031225437549746504
