,flag,epoch,sbx,sby,sbz,sbvx,sbvy,sbvz
0,1,2454280.5,12.135135438247321,38.32652702006429,0.665278909769869,-0.9807913438985154,0.3046599784290595,0.01951564094921621
