,flag,epoch,sbx,sby,sbz,sbvx,sbvy,sbvz
0,1.0,2457750.0,-0.25684664477692104,-2.433952393067234,-0.06018590539047351,3.8190896905682963,-0.3641145471347989,-0.49654236298166343
1,1.0,2457750.0,-0.25684657983511505,-2.4339523739999818,-0.060185979213858834,3.819089727952282,-0.36411447044631384,-0.49654244406595743
