,mass_1,radius_1,x_1,y_1,z_1,vx_1,vy_1,vz_1,mass_2,radius_2,x_2,y_2,z_2,vx_2,vy_2,vz_2,mass_3,radius_3,x_3,y_3,z_3,vx_3,vy_3,vz_3,mass_4,radius_4,x_4,y_4,z_4,vx_4,vy_4,vz_4,mass_5,radius_5,x_5,y_5,z_5,vx_5,vy_5,vz_5,mass_6,radius_6,x_6,y_6,z_6,vx_6,vy_6,vz_6,mass_7,radius_7,x_7,y_7,z_7,vx_7,vy_7,vz_7,mass_8,radius_8,x_8,y_8,z_8,vx_8,vy_8,vz_8
0,1.660120825375342e-07,1.631393540950981e-08,0.3518868876347017,0.008997452815296465,-0.03155909494852415,-2.2469231959579083,10.733139628930894,1.08304714985384,2.447838287784771e-06,4.045378434654418e-08,0.6163659354145158,-0.3852288160686076,-0.04084488486977469,3.870912440430625,6.234921212040026,-0.13814739678110444,3.040432648020684e-06,4.437104331057835e-07,0.1969568070315118,0.9648563156128506,-9.096277675310143e-06,-6.259256436727055,1.233214579799206,-1.1540931744523214e-05,3.2271560375549955e-07,2.270212793877687e-08,1.125274560089654,0.9124782098600801,-0.008526634186092551,-3.0235672380050937,4.406658785977621,0.166610079336848,0.0009547919099366768,4.778945025452157e-07,-4.985454539076229,2.071277445826636,0.1029616704119296,-1.092550362039211,-2.4176648294841563,0.034484863111741405,0.0002858856700231729,4.0286669668487467e-07,-1.401831381688685,8.922776898740622,-0.0994826939313941,-2.1233632805589515,-0.3225130335785709,0.09006479953854465,4.3662496132004074e-05,1.708513622580592e-07,17.68234770794732,-9.420322502854477,-0.2640972190258933,0.6634143014073922,1.1986294280919343,-0.004095849338275272,5.151383772628657e-05,1.6553711549585576e-07,20.31953865988247,-22.17325438117471,-0.01162588501577994,0.8362013169287318,0.7790283177113502,-0.035340853540640586
