,mass_1,radius_1,x_1,y_1,z_1,vx_1,vy_1,vz_1,mass_2,radius_2,x_2,y_2,z_2,vx_2,vy_2,vz_2,mass_3,radius_3,x_3,y_3,z_3,vx_3,vy_3,vz_3,mass_4,radius_4,x_4,y_4,z_4,vx_4,vy_4,vz_4,mass_5,radius_5,x_5,y_5,z_5,vx_5,vy_5,vz_5,mass_6,radius_6,x_6,y_6,z_6,vx_6,vy_6,vz_6,mass_7,radius_7,x_7,y_7,z_7,vx_7,vy_7,vz_7,mass_8,radius_8,x_8,y_8,z_8,vx_8,vy_8,vz_8
0,1.660120825375342e-07,1.631393540950981e-08,0.1265607928356638,0.2811871725708538,0.0113558216748046,-11.425208056049284,4.617744569502703,1.4258021698724785,2.447838287784771e-06,4.045378434654418e-08,0.316178648573148,0.6484014244536477,-0.009381616570195806,-6.664006266479053,3.2045880334862997,0.42847035139873985,3.040432648020684e-06,4.437104331057835e-07,0.1293070521852978,-1.008373018076951,8.677173164222658e-06,6.1305342411834,0.775768833975523,-3.5703950822339296e-06,3.2271560375549955e-07,2.270212793877687e-08,0.6433511877411869,-1.25146077850844,-0.04202397877272212,4.739841730358193,2.7760314864431006,-0.0582937719097176,0.0009547919099366768,4.778945025452157e-07,-4.370300361578221,3.097938163823043,0.0849339879793748,-1.629560756655893,-2.1207018833940112,0.04527102193421782,0.0002858856700231729,4.0286669668487467e-07,-0.4395596439139945,9.019193929451271,-0.1394324494487285,-2.145950801342881,-0.10519911392743525,0.08718087820524968,4.3662496132004074e-05,1.708513622580592e-07,17.37491314395535,-9.955441040238908,-0.2621234080147479,0.7017121741058231,1.177519821714098,-0.004667575627415614,5.151383772628657e-05,1.6553711549585576e-07,19.9400714101147,-22.52089357185818,0.004289546069834556,0.8488640221000991,0.7647420444076877,-0.035332378106582824
