,flag,epoch,sbx,sby,sbz,sbvx,sbvy,sbvz
0,1,2457243.5,-0.5718418332937052,2.241230948242632,-0.01589954700553038,-4.112907776639059,-0.054678078236931923,-0.7637251967741696
