,flag,epoch,sbx,sby,sbz,sbvx,sbvy,sbvz
0,1,2457080.0,2.687227278716268,-0.36909797351351736,-0.04429188996015483,0.6728570007578475,3.8062061030390293,0.024047407680780383
