,flag,epoch,sbx,sby,sbz,sbvx,sbvy,sbvz
0,1.0,2457420.0,-1.648591070627679,2.122385945004545,-0.24607062847785252,-2.8343393225303197,-2.1903049317791043,-0.13115926183922524
1,1.0,2457420.0,-1.6485910534752861,2.122385936534111,-0.24607062835514887,-2.834339353983209,-2.1903049623092663,-0.1311592465862926
