,flag,epoch,sbx,sby,sbz,sbvx,sbvy,sbvz
0,1.0,2453124.5,-21.626520625319486,-25.361364992460732,-3.015622468911899,0.8930910400786344,-0.8583937267681592,-0.2919832209084659
