,flag,epoch,sbx,sby,sbz,sbvx,sbvy,sbvz
0,1.0,2455520.0,35.471985563878285,20.189916392458628,1.4685481388602817,-0.456801124950627,0.8919546084072859,0.1324454981668824
