,flag,epoch,sbx,sby,sbz,sbvx,sbvy,sbvz
0,1.0,2457670.0,-0.22780273897432618,-2.3825535622595937,-0.09790246863605462,3.978873457955114,0.14464882294623785,-0.48236320706499075
1,1.0,2457670.0,-0.22780271334507451,-2.382553565324204,-0.09790245973904768,3.9788734500402323,0.14464885912181413,-0.4823632254493087
