,mass_1,radius_1,x_1,y_1,z_1,vx_1,vy_1,vz_1,mass_2,radius_2,x_2,y_2,z_2,vx_2,vy_2,vz_2,mass_3,radius_3,x_3,y_3,z_3,vx_3,vy_3,vz_3,mass_4,radius_4,x_4,y_4,z_4,vx_4,vy_4,vz_4,mass_5,radius_5,x_5,y_5,z_5,vx_5,vy_5,vz_5,mass_6,radius_6,x_6,y_6,z_6,vx_6,vy_6,vz_6,mass_7,radius_7,x_7,y_7,z_7,vx_7,vy_7,vz_7,mass_8,radius_8,x_8,y_8,z_8,vx_8,vy_8,vz_8
0,1.660120825375342e-07,1.631393540950981e-08,-0.0127328581190144,-0.4628061938392426,-0.03664643884741094,8.211122690042782,0.24416850684017774,-0.7334118885021904,2.447838287784771e-06,4.045378434654418e-08,-0.4964958476168678,-0.5261590664325659,0.02144175232188192,5.321036627324426,-5.10469955960183,-0.37703629429979196,3.040432648020684e-06,4.437104331057835e-07,-0.995426417777952,-0.0534676925729962,4.354292185355986e-06,0.23489379658192516,-6.298447257226534,0.0002026044446802844,3.2271560375549955e-07,2.270212793877687e-08,-1.601833712473907,-0.3258593720440409,0.0324903981177409,1.209898618047418,-4.571788051566987,-0.12549112550381208,0.0009547919099366768,4.778945025452157e-07,-1.926104301682343,4.854152480010057,0.02294006936867815,-2.5974589871179665,-0.8870083413141024,0.06180552117899397,0.0002858856700231729,4.0286669668487467e-07,-6.575673614594293,-7.388445067687807,0.3902472499251441,1.4093505011233745,-1.3608137167514311,-0.032480180046530464,4.3662496132004074e-05,1.708513622580592e-07,19.57662979332492,4.223121114323305,-0.2378613054031979,-0.31531520245242967,1.3361824439147594,0.009074353506270854,5.151383772628657e-05,1.6553711549585576e-07,27.17097147666218,-12.65770243962465,-0.3654095112610281,0.47454744931371917,1.0449500943746475,-0.032478959841958685
