,mass_1,radius_1,x_1,y_1,z_1,vx_1,vy_1,vz_1,mass_2,radius_2,x_2,y_2,z_2,vx_2,vy_2,vz_2,mass_3,radius_3,x_3,y_3,z_3,vx_3,vy_3,vz_3,mass_4,radius_4,x_4,y_4,z_4,vx_4,vy_4,vz_4,mass_5,radius_5,x_5,y_5,z_5,vx_5,vy_5,vz_5,mass_6,radius_6,x_6,y_6,z_6,vx_6,vy_6,vz_6,mass_7,radius_7,x_7,y_7,z_7,vx_7,vy_7,vz_7,mass_8,radius_8,x_8,y_8,z_8,vx_8,vy_8,vz_8
0,1.660120825375342e-07,1.631393540950981e-08,0.3457390374395914,-0.1769494453113379,-0.04617831109152899,2.6713435748013517,9.615275583927449,0.5405707240581106,2.447838287784771e-06,4.045378434654418e-08,-0.1423342296639241,0.704625035772913,0.01787144904093689,-7.266555014867725,-1.503326523798027,0.3987411598757324,3.040432648020684e-06,4.437104331057835e-07,-0.9843468110111012,-0.1691437348695732,8.643140833252695e-06,0.9619005433743922,-6.216817929355706,0.00020427826799678648,3.2271560375549955e-07,2.270212793877687e-08,1.072648496869774,0.9845785822784994,-0.005697253236422001,-3.2609441767548164,4.201624530782649,0.16807696102587147,0.0009547919099366768,4.778945025452157e-07,-4.186887234867256,3.326381042642562,0.0798732916429821,-1.7490262683549058,-2.0298788417982587,0.047567225680618365,0.0002858856700231729,4.0286669668487467e-07,-5.012537615083593,-8.610919353338172,0.349238748643861,1.6487227810986296,-1.0325577860909714,-0.04771576221104634,4.3662496132004074e-05,1.708513622580592e-07,19.20616207166012,5.571547484008218,-0.2280265852341643,-0.411852693612653,1.3106112254205362,0.010228652274500817,5.151383772628657e-05,1.6553711549585576e-07,27.63387482115496,-11.5845886787072,-0.3982090495789679,0.43441984328418753,1.0620915622634668,-0.03192367539174168
