,flag,epoch,sbx,sby,sbz,sbvx,sbvy,sbvz
0,1.0,2457920.0,-2.4664547512710704,0.5950664268801721,-0.20640747978823576,-0.509134205729491,-3.6806146578676424,0.24060474624465575
1,1.0,2457920.0,-2.4664547611470287,0.5950664369571408,-0.20640748897469352,-0.5091342159797837,-3.680614638324903,0.24060475305252563
