,flag,epoch,sbx,sby,sbz,sbvx,sbvy,sbvz
0,1.0,2453931.5,-39.16968196344447,24.258756689060707,2.2399052516757516,-0.44854940921545033,-0.7750033439243315,-0.004412916892322583
