,flag,epoch,sbx,sby,sbz,sbvx,sbvy,sbvz
0,1.0,2456739.5,15.221139596541212,5.411291596715142,-0.5685754257505191,-0.3487028354155183,1.8604502165769121,-0.7725420438246796
