,mass_1,radius_1,x_1,y_1,z_1,vx_1,vy_1,vz_1,mass_2,radius_2,x_2,y_2,z_2,vx_2,vy_2,vz_2,mass_3,radius_3,x_3,y_3,z_3,vx_3,vy_3,vz_3,mass_4,radius_4,x_4,y_4,z_4,vx_4,vy_4,vz_4,mass_5,radius_5,x_5,y_5,z_5,vx_5,vy_5,vz_5,mass_6,radius_6,x_6,y_6,z_6,vx_6,vy_6,vz_6,mass_7,radius_7,x_7,y_7,z_7,vx_7,vy_7,vz_7,mass_8,radius_8,x_8,y_8,z_8,vx_8,vy_8,vz_8
0,1.660120825375342e-07,1.631393540950981e-08,-0.3651106837361804,0.06721145241670053,0.03899255762631359,-3.992534917894121,-9.664806079955119,-0.4233311666129354,2.447838287784771e-06,4.045378434654418e-08,-0.6421289066748676,-0.3286422411759703,0.03255659706595521,3.3148136239936212,-6.610518352788655,-0.28187642228817394,3.040432648020684e-06,4.437104331057835e-07,1.002781778402579,0.02495420216487873,-3.138737977846555e-06,-0.2587459396799822,6.25833085483126,-0.00017684522670795137,3.2271560375549955e-07,2.270212793877687e-08,-0.01817910860397915,1.570964345492042,0.03336303918284788,-4.916931030683042,0.375043446724342,0.12858939925761187,0.0009547919099366768,4.778945025452157e-07,4.204408184470326,2.627713248858043,-0.1049980583808404,-1.4955775884766294,2.470639591726673,0.023207661436767623,0.0002858856700231729,4.0286669668487467e-07,-9.106299864577519,-3.208342673519658,0.4183330265051385,0.5659908364584052,-1.924454473162911,0.010955935760024921,4.3662496132004074e-05,1.708513622580592e-07,20.06116551800057,0.8390474214797216,-0.2567525050326628,-0.07172315938401992,1.3702516061582368,0.0060209035043864104,5.151383772628657e-05,1.6553711549585576e-07,25.8653589904143,-15.20644286466517,-0.2828518210850023,0.5723357683001958,0.99706125001969,-0.03368863505587764
