,flag,epoch,sbx,sby,sbz,sbvx,sbvy,sbvz
0,1.0,2457410.0,2.0542767366551677,-0.10885701503821743,-0.046504119780561286,0.04658979128518396,4.5797539089624255,0.5666040723980971
1,1.0,2457410.0,2.054276746196299,-0.10885704500622206,-0.04650410293670442,0.046589811647035455,4.579753886509506,0.5666041018022119
