,flag,epoch,sbx,sby,sbz,sbvx,sbvy,sbvz
0,1.0,2457886.5,2.4977325062114475,-1.0682975299486537,-0.28953765320323455,1.2112505736258912,3.16785277562767,-0.31011322966148486
