,flag,epoch,sbx,sby,sbz,sbvx,sbvy,sbvz
0,1,2456980.0,-2.6019300669901906,1.3849857758194355,-0.2330529519623169,-1.7427592546394404,-3.2081121547960394,0.5747300234583136
