,flag,epoch,sbx,sby,sbz,sbvx,sbvy,sbvz
0,1.0,2457970.0,-1.8819007850281775,-1.5219356352729203,0.21310333796483255,2.878898283712511,-2.734173971111166,0.24890524680348317
1,1.0,2457970.0,-1.88190079851027,-1.5219356598946938,0.21310333728081887,2.878898259654098,-2.734173940192513,0.24890527881595806
