,flag,epoch,sbx,sby,sbz,sbvx,sbvy,sbvz
0,1.0,2452710.0,-14.293020727873474,-39.71683162933441,0.40085001415510846,0.915621523619665,-0.31540325827511206,-0.03066343059270731
