,mass_1,radius_1,x_1,y_1,z_1,vx_1,vy_1,vz_1,mass_2,radius_2,x_2,y_2,z_2,vx_2,vy_2,vz_2,mass_3,radius_3,x_3,y_3,z_3,vx_3,vy_3,vz_3,mass_4,radius_4,x_4,y_4,z_4,vx_4,vy_4,vz_4,mass_5,radius_5,x_5,y_5,z_5,vx_5,vy_5,vz_5,mass_6,radius_6,x_6,y_6,z_6,vx_6,vy_6,vz_6,mass_7,radius_7,x_7,y_7,z_7,vx_7,vy_7,vz_7,mass_8,radius_8,x_8,y_8,z_8,vx_8,vy_8,vz_8
0,1.660120825375342e-07,1.631393540950981e-08,0.3261942973761924,-0.2314908896872852,-0.04884249491230191,3.9241216599930135,8.85565314782675,0.36353187620505134,2.447838287784771e-06,4.045378434654418e-08,-0.2853947157386593,0.6590961509814657,0.02550199765860479,-6.804289185241433,-2.976821672361213,0.35189390563265727,3.040432648020684e-06,4.437104331057835e-07,-0.376625381816752,0.9085677041425501,-2.777040708184135e-05,-5.907194601132787,-2.4298386322267125,8.366531056519242e-05,3.2271560375549955e-07,2.270212793877687e-08,-1.569348180833888,0.5556451651003618,0.05016308005002085,-1.514513339534799,-4.381478186820767,-0.05462838587800411,0.0009547919099366768,4.778945025452157e-07,-1.419293771578758,4.999023848135575,0.01099772406835032,-2.687160577153345,-0.6228645686314846,0.06271695955774613,0.0002858856700231729,4.0286669668487467e-07,-6.840768352717659,-7.12219898790081,0.3961778975165941,1.3567269561895337,-1.4173323791807273,-0.029400396888191155,4.3662496132004074e-05,1.708513622580592e-07,19.63530552270446,3.966646317698127,-0.2395792366936723,-0.2969901869182369,1.3402928829475131,0.008853108665090429,5.151383772628657e-05,1.6553711549585576e-07,27.07930887341204,-12.8576463881853,-0.3591755132391456,0.4820234945227861,1.0416169728907585,-0.0325771024467405
