,mass_1,radius_1,x_1,y_1,z_1,vx_1,vy_1,vz_1,mass_2,radius_2,x_2,y_2,z_2,vx_2,vy_2,vz_2,mass_3,radius_3,x_3,y_3,z_3,vx_3,vy_3,vz_3,mass_4,radius_4,x_4,y_4,z_4,vx_4,vy_4,vz_4,mass_5,radius_5,x_5,y_5,z_5,vx_5,vy_5,vz_5,mass_6,radius_6,x_6,y_6,z_6,vx_6,vy_6,vz_6,mass_7,radius_7,x_7,y_7,z_7,vx_7,vy_7,vz_7,mass_8,radius_8,x_8,y_8,z_8,vx_8,vy_8,vz_8
0,1.660120825375342e-07,1.631393540950981e-08,-0.005466983321140095,-0.4625150139762546,-0.03728578851064076,8.214362374411404,0.40596007114292243,-0.7206044055833849,2.447838287784771e-06,4.045378434654418e-08,0.7221648031484352,0.06490715013795237,-0.04078990111974409,-0.6906619611460483,7.324270471435963,0.14011870549278557,3.040432648020684e-06,4.437104331057835e-07,0.2865121380113522,0.9428555276439132,-1.843373557646103e-05,-6.114955963613512,1.8034144182214948,-1.8903595305309498e-05,3.2271560375549955e-07,2.270212793877687e-08,-0.4228017073936943,-1.431017657580303,-0.01959848924083604,5.094877684803971,-1.0092276954930648,-0.14627081257281221,0.0009547919099366768,4.778945025452157e-07,2.556804520113772,-4.440039465016143,-0.03878318486453004,2.356388266162357,1.507625383692083,-0.058989442105297364,0.0002858856700231729,4.0286669668487467e-07,-9.035245460326289,2.421035919273868,0.3174555779346112,-0.6347460834463895,-1.9716187615273195,0.059621521708980094,4.3662496132004074e-05,1.708513622580592e-07,19.87261139921286,-2.994156955732059,-0.2685179441103787,0.20535033402979566,1.3546177650114912,0.0023568834966085583,5.151383772628657e-05,1.6553711549585576e-07,24.1102942409487,-17.90915533507446,-0.1868581645710708,0.6781331282663539,0.9282308425588898,-0.034715418808211496
