,flag,epoch,sbx,sby,sbz,sbvx,sbvy,sbvz
0,1,2457390.0,-2.439946084337161,1.3189579771864075,-0.11718842394075744,-2.174298406218309,-2.798370547939598,-0.180518817347114
