,mass_1,radius_1,x_1,y_1,z_1,vx_1,vy_1,vz_1,mass_2,radius_2,x_2,y_2,z_2,vx_2,vy_2,vz_2,mass_3,radius_3,x_3,y_3,z_3,vx_3,vy_3,vz_3,mass_4,radius_4,x_4,y_4,z_4,vx_4,vy_4,vz_4,mass_5,radius_5,x_5,y_5,z_5,vx_5,vy_5,vz_5,mass_6,radius_6,x_6,y_6,z_6,vx_6,vy_6,vz_6,mass_7,radius_7,x_7,y_7,z_7,vx_7,vy_7,vz_7,mass_8,radius_8,x_8,y_8,z_8,vx_8,vy_8,vz_8
0,1.660120825375342e-07,1.631393540950981e-08,0.04036235487592148,0.3043186351171411,0.02115882449086951,-12.247804900195328,0.0,0.0,2.447838287784771e-06,4.045378434654418e-08,-0.6139753619737133,0.3712952067584422,0.04051700537408807,-3.853141977589619,0.0,0.0,3.040432648020684e-06,4.437104331057835e-07,0.5068579771193491,-0.8805081621640015,1.533747314826639e-05,5.3436922355693675,0.0,0.0,3.2271560375549955e-07,2.270212793877687e-08,-1.628430326808915,-0.2054727503244179,0.0356884760254681,0.8304327642035189,0.0,0.0,0.0009547919099366768,4.778945025452157e-07,1.637398491391777,-4.907012965853818,-0.01627031994038822,2.582677853980063,1.0039325725658717,-0.06196117771557148,0.0002858856700231729,4.0286669668487467e-07,-8.770017167669078,3.143683440407673,0.2943064337932769,-0.7947159016439325,-1.9220209475966141,0.06512302897187806,4.3662496132004074e-05,1.708513622580592e-07,19.78973685024749,-3.495544662366329,-0.2693016247280121,0.24136849076747083,1.3482723115808453,0.0018700933638389394,5.151383772628657e-05,1.6553711549585576e-07,23.85626416117203,-18.25160953182177,-0.1739605490800504,0.6913109989934361,0.9179465722796357,-0.03481403143131189
