,flag,epoch,sbx,sby,sbz,sbvx,sbvy,sbvz
0,1,2456823.5,2.276684214792259,-1.0015263564375618,-0.3233038910960596,1.6232423688298185,3.8712673607105694,-1.0976572643993645
