,mass_1,radius_1,x_1,y_1,z_1,vx_1,vy_1,vz_1,mass_2,radius_2,x_2,y_2,z_2,vx_2,vy_2,vz_2,mass_3,radius_3,x_3,y_3,z_3,vx_3,vy_3,vz_3,mass_4,radius_4,x_4,y_4,z_4,vx_4,vy_4,vz_4,mass_5,radius_5,x_5,y_5,z_5,vx_5,vy_5,vz_5,mass_6,radius_6,x_6,y_6,z_6,vx_6,vy_6,vz_6,mass_7,radius_7,x_7,y_7,z_7,vx_7,vy_7,vz_7,mass_8,radius_8,x_8,y_8,z_8,vx_8,vy_8,vz_8
0,1.660120825375342e-07,1.631393540950981e-08,0.3529175914551145,-0.1464294618550761,-0.04434810521185575,1.9343203108084241,9.956480439192164,0.635936996038489,2.447838287784771e-06,4.045378434654418e-08,-0.3277178432583869,0.6389172187261075,0.02765929534926536,-6.598210919794676,-3.4129332480702166,0.33409010851886795,3.040432648020684e-06,4.437104331057835e-07,0.1997165027306573,-0.9969103960670366,1.813827279360016e-05,6.059113423018996,1.2108619790719444,-3.4812009100720596e-05,3.2271560375549955e-07,2.270212793877687e-08,-1.652072020128836,0.04350562663658974,0.0414855484208362,0.056052624480861554,-4.672938790445821,-0.09928086614140597,0.0009547919099366768,4.778945025452157e-07,1.498867959945998,-4.958610546329876,-0.01295618660814493,2.606521864382089,0.928913170418321,-0.062182922576822314,0.0002858856700231729,4.0286669668487467e-07,-8.726980296015773,3.246077140865208,0.290809241893875,-0.8174992026206479,-1.9137581087722562,0.06588574849481087,4.3662496132004074e-05,1.708513622580592e-07,19.77671298075122,-3.567500210219931,-0.2693996096162505,0.24652537994066537,1.3472896798202876,0.0018004530620249423,5.151383772628657e-05,1.6553711549585576e-07,23.81930644065752,-18.30057720379964,-0.1721015475016658,0.6931818113893731,0.9164567217446481,-0.03482711726450335
