,flag,epoch,sbx,sby,sbz,sbvx,sbvy,sbvz
0,1,2457122.5,1.6828002312978445,-2.2850979204095414,-0.22027600644504125,2.935639056096132,2.2162459893346784,-0.0018135965317710764
