,mass_1,radius_1,x_1,y_1,z_1,vx_1,vy_1,vz_1,mass_2,radius_2,x_2,y_2,z_2,vx_2,vy_2,vz_2,mass_3,radius_3,x_3,y_3,z_3,vx_3,vy_3,vz_3,mass_4,radius_4,x_4,y_4,z_4,vx_4,vy_4,vz_4,mass_5,radius_5,x_5,y_5,z_5,vx_5,vy_5,vz_5,mass_6,radius_6,x_6,y_6,z_6,vx_6,vy_6,vz_6,mass_7,radius_7,x_7,y_7,z_7,vx_7,vy_7,vz_7,mass_8,radius_8,x_8,y_8,z_8,vx_8,vy_8,vz_8
0,1.660120825375342e-07,1.631393540950981e-08,0.3163456264936044,0.1083723026146217,-0.0201682465722748,-5.324014327317422,10.179029900003076,1.3201723823325984,2.447838287784771e-06,4.045378434654418e-08,-0.3330192045503115,0.6361343247531114,0.02793695635112312,-6.570128365802755,-3.4673455333918595,0.3316320624615922,3.040432648020684e-06,4.437104331057835e-07,-0.943601060969761,-0.3360147051677134,1.408419345109328e-05,2.005740649716037,-5.943443275371515,0.00019220992160609606,3.2271560375549955e-07,2.270212793877687e-08,0.9784145556187022,1.094754512938957,-0.001075754567020429,-3.6159281878100575,3.841881812822735,0.1692521937670076,0.0009547919099366768,4.778945025452157e-07,-4.234366202360234,3.270485848304308,0.08116783915233515,-1.719264404818057,-2.0531929002056017,0.04699808223294022,0.0002858856700231729,4.0286669668487467e-07,-4.967322980822482,-8.639060781680195,0.3479271438724846,1.6541977322668222,-1.0231691552024176,-0.04809671599128319,4.3662496132004074e-05,1.708513622580592e-07,19.19485106318938,5.607419405332617,-0.2277461270421336,-0.41441611151839114,1.3098318668298286,0.010258793103407004,5.151383772628657e-05,1.6553711549585576e-07,27.64575382937336,-11.5555041488021,-0.3990828618961371,0.4333417843933491,1.0625332184673235,-0.03190832831418013
