,flag,epoch,sbx,sby,sbz,sbvx,sbvy,sbvz
0,1.0,2457328.5,-40.21405897838725,-17.367321522799827,0.4359350488715388,0.3850041521834604,-0.8637863339000356,-0.002940997946114025
