,flag,epoch,sbx,sby,sbz,sbvx,sbvy,sbvz
0,1.0,2457230.0,0.07852901632261244,2.572731788358754,0.247655318638893,-3.707247378462444,0.595048447832104,0.2755289799815463
1,1.0,2457230.0,0.07852898846901724,2.572731786760286,0.24765532055716097,-3.7072473771834877,0.59504842968939,0.27552897827162437
