,flag,epoch,sbx,sby,sbz,sbvx,sbvy,sbvz
0,1.0,2453870.0,25.230512039117137,24.32005261231937,-0.029719884260092533,-0.617345453392774,0.924703928754942,0.11015019276110231
