,mass_1,radius_1,x_1,y_1,z_1,vx_1,vy_1,vz_1,mass_2,radius_2,x_2,y_2,z_2,vx_2,vy_2,vz_2,mass_3,radius_3,x_3,y_3,z_3,vx_3,vy_3,vz_3,mass_4,radius_4,x_4,y_4,z_4,vx_4,vy_4,vz_4,mass_5,radius_5,x_5,y_5,z_5,vx_5,vy_5,vz_5,mass_6,radius_6,x_6,y_6,z_6,vx_6,vy_6,vz_6,mass_7,radius_7,x_7,y_7,z_7,vx_7,vy_7,vz_7,mass_8,radius_8,x_8,y_8,z_8,vx_8,vy_8,vz_8
0,1.660120825375342e-07,1.631393540950981e-08,0.3313000135714665,0.07617058215024225,-0.02418025540817663,-4.2908802617528075,10.474529583117292,1.2495175446688016,2.447838287784771e-06,4.045378434654418e-08,0.3791255733336394,-0.6209208179862697,-0.03037835144138344,6.255464591332806,3.8246277610581676,-0.3087074130474878,3.040432648020684e-06,4.437104331057835e-07,-0.6478685275056014,-0.7746910185701412,1.279560195374878e-05,4.718265491977555,-4.054925987328669,5.30245603918861e-05,3.2271560375549955e-07,2.270212793877687e-08,-1.189017168336937,1.150752579177456,0.05332081367558487,-3.3617914083767917,-3.237020799602833,0.014758576764257764,0.0009547919099366768,4.778945025452157e-07,-3.872175141806085,-3.791033624957534,0.1023862234775267,1.8955445231716341,-1.8414270173582314,-0.034772439163526264,0.0002858856700231729,4.0286669668487467e-07,-6.054291803086099,6.832862386604859,0.1219689994316938,-1.633044751499208,-1.3575031671829962,0.08861412086130833,4.3662496132004074e-05,1.708513622580592e-07,19.02846965105526,-6.405872598892981,-0.2702546594372044,0.4489929577232349,1.292595207833068,-0.0009969190148746607,5.151383772628657e-05,1.6553711549585576e-07,22.25358844963502,-20.20125185404395,-0.09687512991434435,0.7644126461232539,0.8537240275375493,-0.0352170602199995
