,flag,epoch,sbx,sby,sbz,sbvx,sbvy,sbvz
0,1.0,2457360.0,-3.0769956649576367,-0.48180351114463504,-0.31133821289030567,0.8979475182677398,-3.1445319053531837,-0.7926905094780627
1,1.0,2457360.0,-3.0769957364824503,-0.48180343443067675,-0.3113382286857737,0.8979474321107916,-3.1445318601233065,-0.7926904761280485
