,flag,epoch,sbx,sby,sbz,sbvx,sbvy,sbvz
0,1.0,2457282.5,-31.248596347328427,-24.478550492584166,2.047599304186654,0.8157108282835036,-0.7960956208664024,-0.082982671100426
