,mass_1,radius_1,x_1,y_1,z_1,vx_1,vy_1,vz_1,mass_2,radius_2,x_2,y_2,z_2,vx_2,vy_2,vz_2,mass_3,radius_3,x_3,y_3,z_3,vx_3,vy_3,vz_3,mass_4,radius_4,x_4,y_4,z_4,vx_4,vy_4,vz_4,mass_5,radius_5,x_5,y_5,z_5,vx_5,vy_5,vz_5,mass_6,radius_6,x_6,y_6,z_6,vx_6,vy_6,vz_6,mass_7,radius_7,x_7,y_7,z_7,vx_7,vy_7,vz_7,mass_8,radius_8,x_8,y_8,z_8,vx_8,vy_8,vz_8
0,1.660120825375342e-07,1.631393540950981e-08,0.3592166551739584,-0.09842833490658935,-0.0410064933819617,0.7208721480923305,10.372837576931026,0.7812836236865794,2.447838287784771e-06,4.045378434654418e-08,0.2716185745006539,-0.6749107185787696,-0.02491222161035719,6.803466894362294,2.7333603924336614,-0.3552688856367336,3.040432648020684e-06,4.437104331057835e-07,-0.7218900384807279,-0.704186982018153,1.186384153886027e-05,4.285762700879025,-4.521854621450361,6.032373233727195e-05,3.2271560375549955e-07,2.270212793877687e-08,-1.132416486166138,1.202553793054222,0.0530157836901031,-3.5281347963860306,-3.068393287705498,0.022378171001079195,0.0009547919099366768,4.778945025452157e-07,-3.903183464969691,-3.760657696851172,0.1029540011645269,1.8796992269715505,-1.8568201313751438,-0.03435414988520509,0.0002858856700231729,4.0286669668487467e-07,-6.027423154084389,6.855114451144853,0.1205124736175517,-1.6382099027928316,-1.3516822303819094,0.08871769733309239,4.3662496132004074e-05,1.708513622580592e-07,19.02108159583337,-6.427101835801782,-0.2702381068924656,0.450502530809619,1.292064037893309,-0.0010183521464210462,5.151383772628657e-05,1.6553711549585576e-07,22.24102712014811,-20.21527195918487,-0.09629659853390336,0.7649290237325248,0.8532236572491936,-0.03521913198645025
