,mass_1,radius_1,x_1,y_1,z_1,vx_1,vy_1,vz_1,mass_2,radius_2,x_2,y_2,z_2,vx_2,vy_2,vz_2,mass_3,radius_3,x_3,y_3,z_3,vx_3,vy_3,vz_3,mass_4,radius_4,x_4,y_4,z_4,vx_4,vy_4,vz_4,mass_5,radius_5,x_5,y_5,z_5,vx_5,vy_5,vz_5,mass_6,radius_6,x_6,y_6,z_6,vx_6,vy_6,vz_6,mass_7,radius_7,x_7,y_7,z_7,vx_7,vy_7,vz_7,mass_8,radius_8,x_8,y_8,z_8,vx_8,vy_8,vz_8
0,1.660120825375342e-07,1.631393540950981e-08,0.2685021496365358,-0.3243934710566551,-0.05113982685475775,5.872226691870751,7.047065135370422,0.03707397598554102,2.447838287784771e-06,4.045378434654418e-08,-0.6486207193713888,0.307032295629775,0.04163904639554228,-3.1930285862128187,-6.712417392182689,0.09222785453886531,3.040432648020684e-06,4.437104331057835e-07,0.1552336063292349,0.9721622621402137,-3.576099465226644e-05,-6.307627063182349,0.967312833366162,-5.936317229876799e-06,3.2271560375549955e-07,2.270212793877687e-08,-1.613346050918526,0.402681670954299,0.04803384307327836,-1.0467181279496092,-4.522620945434436,-0.06908158469004934,0.0009547919099366768,4.778945025452157e-07,-5.131668824095926,1.716619902844215,0.1076990028977497,-0.9080752341548802,-2.486095801052922,0.030642739239382356,0.0002858856700231729,4.0286669668487467e-07,-3.804362203492478,-9.251782393838354,0.3122632400461539,1.7728482848550198,-0.7829869797706007,-0.05698933031590463,4.3662496132004074e-05,1.708513622580592e-07,18.89262976856185,6.488171580953842,-0.2205452740444872,-0.47748444213278507,1.2892177021502902,0.01099158969874219,5.151383772628657e-05,1.6553711549585576e-07,27.93031460562145,-10.83180999293838,-0.4205741109210171,0.4064686235070936,1.0733415156391732,-0.031519229517312404
