,flag,epoch,sbx,sby,sbz,sbvx,sbvy,sbvz
0,1.0,2457592.5,-51.16528367773768,13.369909716040922,-17.120133071014013,-0.35489593635250216,-0.5799087640712598,0.3372816775268976
