,flag,epoch,sbx,sby,sbz,sbvx,sbvy,sbvz
0,1.0,2457970.0,-2.30324796643026,1.2049186270618293,-0.23694730657547974,-1.5294398310931676,-3.2667714983700264,-0.15691097466658477
1,1.0,2457970.0,-2.303247956851978,1.2049186039366253,-0.23694730706498046,-1.5294398107242124,-3.2667715348771726,-0.1569109618656624
