,flag,epoch,sbx,sby,sbz,sbvx,sbvy,sbvz
0,1,2457340.0,-0.07072537393778267,2.6729132498671255,-0.0733550704873983,-4.116593732996697,0.342411464319446,0.17734787731935495
