,flag,epoch,sbx,sby,sbz,sbvx,sbvy,sbvz
0,1.0,2456910.0,-1.8279761043136094,-1.7511230387085372,0.0031799486121775744,2.371492027084551,-2.776861099185575,-0.2792804703278095
1,1.0,2456910.0,-1.8279760736594477,-1.7511231520476673,0.0031799514111769123,2.371492085895023,-2.7768609212189466,-0.2792804566401559
