,flag,epoch,sbx,sby,sbz,sbvx,sbvy,sbvz
0,1.0,2457314.5,-42.80736355926445,-19.873738197196776,1.2715425790607984,0.36593581990433593,-0.8034105109989002,-0.0323123511536919
