,flag,epoch,sbx,sby,sbz,sbvx,sbvy,sbvz
0,1,2457490.0,-1.8306405838593043,-2.23323860348926,-0.2351721276691727,2.838522844055147,-2.3621078793564223,-0.20114167870047747
