,flag,epoch,sbx,sby,sbz,sbvx,sbvy,sbvz
0,1.0,2456420.0,43.112170318493305,-10.908721856375747,0.7824585641164863,0.15555981519545978,0.9282521446201516,-0.04053106437922675
