,flag,epoch,sbx,sby,sbz,sbvx,sbvy,sbvz
0,1.0,2457690.0,-0.7092886757542101,2.160361822717162,-0.08196837197061808,-4.08812391109416,-0.721824127039733,0.46696583921810514
1,1.0,2457690.0,-0.709288665729488,2.1603618211070206,-0.08196836405008973,-4.08812392168745,-0.7218241255721205,0.4669658230408189
