,flag,epoch,sbx,sby,sbz,sbvx,sbvy,sbvz
0,1.0,2458010.0,-2.646503096105552,-0.09019532178137168,-0.21046484112142683,0.3920179690174157,-3.538304177797884,-0.2622696073410659
1,1.0,2458010.0,-2.646503080243207,-0.09019533920430345,-0.21046485270431736,0.39201798316144276,-3.538304201671461,-0.2622696045347859
