,mass_1,radius_1,x_1,y_1,z_1,vx_1,vy_1,vz_1,mass_2,radius_2,x_2,y_2,z_2,vx_2,vy_2,vz_2,mass_3,radius_3,x_3,y_3,z_3,vx_3,vy_3,vz_3,mass_4,radius_4,x_4,y_4,z_4,vx_4,vy_4,vz_4,mass_5,radius_5,x_5,y_5,z_5,vx_5,vy_5,vz_5,mass_6,radius_6,x_6,y_6,z_6,vx_6,vy_6,vz_6,mass_7,radius_7,x_7,y_7,z_7,vx_7,vy_7,vz_7,mass_8,radius_8,x_8,y_8,z_8,vx_8,vy_8,vz_8
0,1.660120825375342e-07,1.631393540950981e-08,0.3130286702400425,-0.2583580179112505,-0.04983400058258991,4.511984368669837,8.406139087831747,0.2726796195017378,2.447838287784771e-06,4.045378434654418e-08,0.3337843453586105,-0.6464547606617851,-0.02810914353470355,6.514509149963534,3.3639623586683602,-0.32998719404824656,3.040432648020684e-06,4.437104331057835e-07,-0.8019741285123433,0.5759524939895647,-6.284469815171464e-06,-3.767823833469883,-5.127453540525376,6.091272742875891e-05,3.2271560375549955e-07,2.270212793877687e-08,-0.6544759144175263,-1.365937178894468,-0.01254241704418786,4.802017038963044,-1.770046318874984,-0.15505734247742312,0.0009547919099366768,4.778945025452157e-07,-5.368840751154909,-0.9612107246500909,0.1241297315538213,0.4519201834870696,-2.585606114938437,0.0006203884431822715,0.0002858856700231729,4.0286669668487467e-07,-3.818574549444706,8.218681510416161,0.008898627686202325,-1.9571753075848297,-0.8651746042294884,0.09291286890203528,4.3662496132004074e-05,1.708513622580592e-07,18.40330493652041,-7.979103035080255,-0.2680340002668633,0.5607617138354036,1.24851492791836,-0.002591296564556141,5.151383772628657e-05,1.6553711549585576e-07,21.28407900743542,-21.23439972675421,-0.05322387883146401,0.8021343675330869,0.8158353159182609,-0.03531757884887323
