,flag,epoch,sbx,sby,sbz,sbvx,sbvy,sbvz
0,1,2455057.5,-41.317215683300255,-11.813229889533908,12.320180017163402,0.3070403022608549,-0.8442169773504409,0.06347571975468895
