,flag,epoch,sbx,sby,sbz,sbvx,sbvy,sbvz
0,1.0,2457484.5,55.95055551933662,0.48389879163914884,-4.793857461151425,-0.31033168332933153,0.7160414167059347,-0.27297184879780456
