,flag,epoch,sbx,sby,sbz,sbvx,sbvy,sbvz
0,1,2455115.5,-29.23836531068605,27.143372683380257,-2.6596326927010487,-0.4987560286537812,-0.9206307946308192,-0.2795147434376739
