,flag,epoch,sbx,sby,sbz,sbvx,sbvy,sbvz
0,1.0,2457490.5,-18.347225379334667,-29.148224609446522,2.6607085099070056,1.0639522035922793,-0.3910397442674502,-0.052671025441378784
