,flag,epoch,sbx,sby,sbz,sbvx,sbvy,sbvz
0,1,2456770.5,27.98513187560586,10.918523796551321,-5.097834479629916,-0.4087185047225288,1.0563762951191753,-0.008317553580994497
