,flag,epoch,sbx,sby,sbz,sbvx,sbvy,sbvz
0,1.0,2457630.5,-2.3178484089622913,-1.4997898505834995,-0.10938246962545194,1.8103616870061339,-3.1284452815793546,0.20566996858317788
