,flag,epoch,sbx,sby,sbz,sbvx,sbvy,sbvz
0,1.0,2454570.0,8.217221672096446,40.25283226111004,0.12718154908945323,-0.989012752470272,0.25683357901375636,0.028147561288911452
