,mass_1,radius_1,x_1,y_1,z_1,vx_1,vy_1,vz_1,mass_2,radius_2,x_2,y_2,z_2,vx_2,vy_2,vz_2,mass_3,radius_3,x_3,y_3,z_3,vx_3,vy_3,vz_3,mass_4,radius_4,x_4,y_4,z_4,vx_4,vy_4,vz_4,mass_5,radius_5,x_5,y_5,z_5,vx_5,vy_5,vz_5,mass_6,radius_6,x_6,y_6,z_6,vx_6,vy_6,vz_6,mass_7,radius_7,x_7,y_7,z_7,vx_7,vy_7,vz_7,mass_8,radius_8,x_8,y_8,z_8,vx_8,vy_8,vz_8
0,1.660120825375342e-07,1.631393540950981e-08,-0.3338224785274696,0.1276408936582011,0.04106052510122908,-5.7907164595357425,-9.160295885542514,-0.21702992086079806,2.447838287784771e-06,4.045378434654418e-08,-0.02164812926684132,0.7191527600649289,0.01109349145863004,-7.409438226798502,-0.2617103549449287,0.4240377912252926,3.040432648020684e-06,4.437104331057835e-07,-0.6072392541374299,0.7753028207153476,-1.297996510336872e-05,-5.049679830693107,-3.8983411162101778,8.668685166470011e-05,3.2271560375549955e-07,2.270212793877687e-08,0.3521978027722992,-1.383228512655909,-0.0376301091280408,5.146531333849676,1.7004567854681756,-0.09076099575857717,0.0009547919099366768,4.778945025452157e-07,2.896571459547016,-4.203087624625651,-0.04737004265027774,2.237217199965676,1.6964257078094798,-0.057106319904210535,0.0002858856700231729,4.0286669668487467e-07,-9.124332713301639,2.128332949779712,0.3261020782921171,-0.5703484576385818,-1.9876496760002695,0.05733747039017939,4.3662496132004074e-05,1.708513622580592e-07,19.90190446078751,-2.793718677051371,-0.2681550202272045,0.19092223671113512,1.3568348676613287,0.00255202076989515,5.151383772628657e-05,1.6553711549585576e-07,24.21015829358484,-17.77162623116997,-0.1919874327204944,0.6728079966299307,0.9322196476474481,-0.034672601603289166
