,flag,epoch,sbx,sby,sbz,sbvx,sbvy,sbvz
0,1.0,2454860.0,-41.19337720311352,-0.4692740620367779,1.3754280664705152,-0.026742971279076783,-1.023678554993203,0.15515552310579442
