,flag,epoch,sbx,sby,sbz,sbvx,sbvy,sbvz
0,1.0,2452533.5,2.882884052803236,-0.48831508365694387,0.013713162233183196,-0.9786097196804624,2.8437171518923385,-4.233295801415002
