,mass_1,radius_1,x_1,y_1,z_1,vx_1,vy_1,vz_1,mass_2,radius_2,x_2,y_2,z_2,vx_2,vy_2,vz_2,mass_3,radius_3,x_3,y_3,z_3,vx_3,vy_3,vz_3,mass_4,radius_4,x_4,y_4,z_4,vx_4,vy_4,vz_4,mass_5,radius_5,x_5,y_5,z_5,vx_5,vy_5,vz_5,mass_6,radius_6,x_6,y_6,z_6,vx_6,vy_6,vz_6,mass_7,radius_7,x_7,y_7,z_7,vx_7,vy_7,vz_7,mass_8,radius_8,x_8,y_8,z_8,vx_8,vy_8,vz_8
0,1.660120825375342e-07,1.631393540950981e-08,-0.1146898053399909,-0.4515720729275071,-0.02637718379906738,7.897211779405913,-2.0133923202607824,-0.889017571871792,2.447838287784771e-06,4.045378434654418e-08,-0.2319721337666925,-0.6876729541198563,0.003953512246578941,6.949739840795098,-2.3927134220653334,-0.4338636520559077,3.040432648020684e-06,4.437104331057835e-07,-0.707947991400884,-0.7186286522690304,3.306897374949086e-05,4.374348944405221,-4.433533052070443,0.0001626626448752437,3.2271560375549955e-07,2.270212793877687e-08,0.1285639987487364,1.552484255283468,0.02937791529138794,-4.90015098450529,0.856474648780973,0.13820667778680992,0.0009547919099366768,4.778945025452157e-07,-5.120394871308765,-1.87726290211821,0.1223705050056201,0.9164154816465703,-2.4600337236980767,-0.010290844473650444,0.0002858856700231729,4.0286669668487467e-07,-1.217356450019414,-9.979687100507764,0.2219144069672768,1.9123860835986963,-0.2550854000669614,-0.07169345258604044,4.3662496132004074e-05,1.708513622580592e-07,18.13769395963732,8.252308423175613,-0.2042023739253445,-0.604203851448168,1.23819977537469,0.012421853471935982,5.151383772628657e-05,1.6553711549585576e-07,28.45838452375975,-9.319800717213477,-0.4639490830145506,0.3504552395911332,1.0941767452872189,-0.03065622674214323
