,flag,epoch,sbx,sby,sbz,sbvx,sbvy,sbvz
0,1.0,2457860.0,-0.7313333401736328,2.473087858448467,-0.20248034312756327,-3.586758409762967,-0.7952988370301789,0.28098719751434736
1,1.0,2457860.0,-0.7313333092883963,2.473087888526806,-0.20248031724952667,-3.586758379976973,-0.7952988032594044,0.28098726204125823
