,flag,epoch,sbx,sby,sbz,sbvx,sbvy,sbvz
0,1.0,2458194.5,-1.1316080209672164,-1.978930690019951,-0.12388126517537729,3.3847427716452523,-2.390621365528859,-0.36688945089854225
