,flag,epoch,sbx,sby,sbz,sbvx,sbvy,sbvz
0,1.0,2456700.5,-35.77167317830447,-24.276528217670823,-0.5299852358014485,0.44240565547692773,-0.7749099478494818,-0.3685541712027104
