,flag,epoch,sbx,sby,sbz,sbvx,sbvy,sbvz
0,1.0,2457230.0,-28.432072700361967,26.57885846491074,-1.404356844116095,-0.7412873499197945,-0.7961586700078245,0.029540280277163895
