,mass_1,radius_1,x_1,y_1,z_1,vx_1,vy_1,vz_1,mass_2,radius_2,x_2,y_2,z_2,vx_2,vy_2,vz_2,mass_3,radius_3,x_3,y_3,z_3,vx_3,vy_3,vz_3,mass_4,radius_4,x_4,y_4,z_4,vx_4,vy_4,vz_4,mass_5,radius_5,x_5,y_5,z_5,vx_5,vy_5,vz_5,mass_6,radius_6,x_6,y_6,z_6,vx_6,vy_6,vz_6,mass_7,radius_7,x_7,y_7,z_7,vx_7,vy_7,vz_7,mass_8,radius_8,x_8,y_8,z_8,vx_8,vy_8,vz_8
0,1.660120825375342e-07,1.631393540950981e-08,-0.2240927180534768,0.2415887063048399,0.04029945951587863,-9.616296548799566,-6.577061752478332,0.34483560471676494,2.447838287784771e-06,4.045378434654418e-08,0.2432573437644369,-0.6856129476503677,-0.02343514949725377,6.912560900909861,2.4454399688255144,-0.36539296612950484,3.040432648020684e-06,4.437104331057835e-07,0.5458961770397648,-0.856538649648366,2.678146321287826e-05,5.196969788590839,3.353780008156451,-0.00012932280483406083,3.2271560375549955e-07,2.270212793877687e-08,-0.3655987484369109,1.557810108508989,0.04161470217868503,-4.781902056735071,-0.7337872005811754,0.10199098728739608,0.0009547919099366768,4.778945025452157e-07,-4.689660112414694,2.635278571536642,0.09399350658511962,-1.3843183224736468,-2.2748694315973403,0.04042274002858875,0.0002858856700231729,4.0286669668487467e-07,-4.474473362823589,-8.923911373377138,0.3332502157028003,1.7095185363301209,-0.9210377154456733,-0.052071488641482123,4.3662496132004074e-05,1.708513622580592e-07,19.06944321863265,5.989892964633545,-0.2246942040856569,-0.44174721858346094,1.3012913786150808,0.010577186411001407,5.151383772628657e-05,1.6553711549585576e-07,27.77101358383711,-11.24353894074898,-0.4084065388548089,0.42179473909146586,1.0672943642562844,-0.031743845286004324
