,flag,epoch,sbx,sby,sbz,sbvx,sbvy,sbvz
0,1.0,2457192.5,48.53624396336128,12.366770067363232,-2.9821837163483584,-0.22755793027324225,0.7576805046955025,0.2209678341010301
