,flag,epoch,sbx,sby,sbz,sbvx,sbvy,sbvz
0,1.0,2457473.5,38.02100249072805,0.8340182825376985,2.240829589839449,0.06120144846865882,1.0583056741982781,0.1073750898628469
