,flag,epoch,sbx,sby,sbz,sbvx,sbvy,sbvz
0,1.0,2457348.5,37.96259465668082,7.710704466508966,-7.268129725343937,-0.055841018745580374,1.0207845480303483,-0.2904550891212738
