,flag,epoch,sbx,sby,sbz,sbvx,sbvy,sbvz
0,1.0,2457980.0,1.6881782976688497,1.5775935333667248,0.22602886006224382,-2.444890380655649,3.374853137076873,-0.10681372459230833
1,1.0,2457980.0,1.688178146763933,1.5775937194992633,0.22602889441779775,-2.4448905753818426,3.374852949863419,-0.10681379951404223
