,flag,epoch,sbx,sby,sbz,sbvx,sbvy,sbvz
0,1.0,2457685.5,37.40110362442797,13.26523660423305,-19.797692233684018,-0.48499092736011756,0.7792833512198715,-0.14895955925120516
