,mass_1,radius_1,x_1,y_1,z_1,vx_1,vy_1,vz_1,mass_2,radius_2,x_2,y_2,z_2,vx_2,vy_2,vz_2,mass_3,radius_3,x_3,y_3,z_3,vx_3,vy_3,vz_3,mass_4,radius_4,x_4,y_4,z_4,vx_4,vy_4,vz_4,mass_5,radius_5,x_5,y_5,z_5,vx_5,vy_5,vz_5,mass_6,radius_6,x_6,y_6,z_6,vx_6,vy_6,vz_6,mass_7,radius_7,x_7,y_7,z_7,vx_7,vy_7,vz_7,mass_8,radius_8,x_8,y_8,z_8,vx_8,vy_8,vz_8
0,1.660120825375342e-07,1.631393540950981e-08,-0.3589070919673784,0.08140221604023547,0.03957931356443412,-4.403049342703508,-9.580895445004808,-0.3788890984829785,2.447838287784771e-06,4.045378434654418e-08,-0.6739657408281104,0.2469487909854841,0.04227842145541873,-2.5763007640674225,-6.9706298852698145,0.053135156849426456,3.040432648020684e-06,4.437104331057835e-07,-0.7137465268737269,-0.7126831227900059,2.594566337421418e-05,4.337833098676409,-4.470348309722809,0.0001355728372105693,3.2271560375549955e-07,2.270212793877687e-08,0.6935475454302701,1.331794954740643,0.01088299677160237,-4.338823643583997,2.7958395974957435,0.16507668925474417,0.0009547919099366768,4.778945025452157e-07,-4.353960548371814,3.122228737538353,0.08445963693114476,-1.6405641098636303,-2.1117662451129426,0.04547961338062942,0.0002858856700231729,4.0286669668487467e-07,-4.849070087181266,-8.71102201834044,0.344468347973868,1.6681974351349902,-0.9986336389824717,-0.049080477878204916,4.3662496132004074e-05,1.708513622580592e-07,19.16511438478647,5.700585967157965,-0.227013105112415,-0.4210662565321083,1.3077870406418313,0.010336089659087765,5.151383772628657e-05,1.6553711549585576e-07,27.67650128730645,-11.47982785270382,-0.401352829599876,0.43054549659683056,1.0636807584263193,-0.03186916897324163
