,flag,epoch,sbx,sby,sbz,sbvx,sbvy,sbvz
0,1.0,2457401.5,1.7102489484068184,0.9645595909410692,0.023305383338529752,-1.9113246790372458,4.459208026211032,0.09555729995896409
