,flag,epoch,sbx,sby,sbz,sbvx,sbvy,sbvz
0,1.0,2457358.5,-38.56556158149013,-18.490427950501747,1.957697603775512,0.37701754912415536,-0.9057805953140439,0.02408876566344502
