,flag,epoch,sbx,sby,sbz,sbvx,sbvy,sbvz
0,1.0,2457239.5,26.909425176670823,-29.302921113688377,7.943408283715045,0.7186095057186602,0.6558946951428479,0.7134080045246307
