,flag,epoch,sbx,sby,sbz,sbvx,sbvy,sbvz
0,1,2457560.0,-1.1962358855181732,-1.8972441537143607,0.04858532470955818,3.8809015647219134,-1.447787647558044,0.1265947411465076
