,flag,epoch,sbx,sby,sbz,sbvx,sbvy,sbvz
0,1,2456630.5,-2.2259532602665786,2.5321525361069828,-0.0658956608457584,-2.7798197312716737,-1.7543378345935787,0.3551861932818445
