,flag,epoch,sbx,sby,sbz,sbvx,sbvy,sbvz
0,1.0,2456860.0,-1.3866526408087312,2.937393316926949,0.2381812021315194,-2.8071123389193837,-1.6847174844373694,-0.18905793382372696
1,1.0,2456860.0,-1.3866525812527182,2.9373933340263796,0.23818117646800063,-2.8071123749145444,-1.6847174310746853,-0.18905791562918478
