,flag,sbx,sby,sbz,sbvx,sbvy,sbvz,epoch
0,1.0,26.748871918032876,-22.657263792858103,23.213241257454392,0.4791846308189633,-0.26600279231754337,-0.8118014861018281,2458725.5
