,flag,epoch,sbx,sby,sbz,sbvx,sbvy,sbvz
0,1.0,2458725.5,38.96417792608493,15.77052575916313,-0.8897623094047742,-0.058526713928419606,0.14447155112879512,-0.0023073312629659165
