,flag,epoch,sbx,sby,sbz,sbvx,sbvy,sbvz
0,1.0,2457860.0,1.3294581363528644,2.0490593899323617,-0.20933751233295195,-3.0264599529549208,2.456431457659851,-0.31270659217705155
1,1.0,2457860.0,1.329458135550758,2.04905938851714,-0.209337517385518,-3.026459954223073,2.456431456058312,-0.31270660185131915
