,flag,epoch,sbx,sby,sbz,sbvx,sbvy,sbvz
0,1.0,2457500.0,-0.7360910426893277,-2.0074798399306193,0.08649575284559559,4.304881508956871,-1.1705065975732332,0.39177825172106423
1,1.0,2457500.0,-0.736091048933891,-2.007479828557608,0.08649575790886652,4.304881518431497,-1.1705066058395974,0.3917782017272569
