,flag,epoch,sbx,sby,sbz,sbvx,sbvy,sbvz
0,1.0,2457684.5,38.25092263672136,14.564243930038115,-15.855810075527032,-0.5873264293268462,1.0023870317518269,0.3697464136801616
