,flag,epoch,sbx,sby,sbz,sbvx,sbvy,sbvz
0,1.0,2457824.5,3.2641346731633734,-1.6489617205455371,-0.5878138664315411,1.3111056401131391,2.654561737310218,0.3482004607448446
