,mass_1,radius_1,x_1,y_1,z_1,vx_1,vy_1,vz_1,mass_2,radius_2,x_2,y_2,z_2,vx_2,vy_2,vz_2,mass_3,radius_3,x_3,y_3,z_3,vx_3,vy_3,vz_3,mass_4,radius_4,x_4,y_4,z_4,vx_4,vy_4,vz_4,mass_5,radius_5,x_5,y_5,z_5,vx_5,vy_5,vz_5,mass_6,radius_6,x_6,y_6,z_6,vx_6,vy_6,vz_6,mass_7,radius_7,x_7,y_7,z_7,vx_7,vy_7,vz_7,mass_8,radius_8,x_8,y_8,z_8,vx_8,vy_8,vz_8
0,1.660120825375342e-07,1.631393540950981e-08,-0.2833446825070588,-0.3557325692093055,-0.003066842373706976,5.9557636234758755,-5.923589275425482,-1.0304646979271184,2.447838287784771e-06,4.045378434654418e-08,-0.4058008283621503,-0.6000007541602892,0.01519957582456531,6.068173995752105,-4.172684568592698,-0.40738206059082627,3.040432648020684e-06,4.437104331057835e-07,0.9427412419897508,0.3272948322956459,-1.161023060027096e-05,-2.1633341847360175,5.912732970239131,-0.00016413663830593534,3.2271560375549955e-07,2.270212793877687e-08,-0.2592929246135162,1.570259622231337,0.03926859610256554,-4.848953429741238,-0.3985518568378437,0.11071021165011928,0.0009547919099366768,4.778945025452157e-07,4.129060584839785,2.748420440465199,-0.1038132295784827,-1.5620654196216706,2.427749158742087,0.0248732168638514,0.0002858856700231729,4.0286669668487467e-07,-9.077925334805585,-3.303011072904181,0.4188507457562217,0.5855262001322405,-1.917472387094948,0.010054970331656561,4.3662496132004074e-05,1.708513622580592e-07,20.05751058810343,0.9065692971386182,-0.2564542444977062,-0.07660649045814763,1.3700087102926675,0.006083567925762352,5.151383772628657e-05,1.6553711549585576e-07,25.89351712095741,-15.15728020704055,-0.2845115169668406,0.570414192674396,0.9981229251386862,-0.033667260349337966
