,flag,epoch,sbx,sby,sbz,sbvx,sbvy,sbvz
0,1.0,2459583.5,-32.457066012049985,-11.937348168105853,0.7247419322796811,0.3039763391840399,-1.0273157647001536,0.10327436005955618
