,flag,epoch,sbx,sby,sbz,sbvx,sbvy,sbvz
0,1,2457170.0,-1.7189752490786607,-2.8657035612100614,1.645629682020472,2.363155107678299,-1.1812306049185866,-0.261125769899671
