,flag,epoch,sbx,sby,sbz,sbvx,sbvy,sbvz
0,1.0,2457491.5,39.73141413782675,8.006252339838923,-0.6814639806807786,-0.1745008669469347,1.006888066881342,0.04986188632699417
