,flag,epoch,sbx,sby,sbz,sbvx,sbvy,sbvz
0,1.0,2453557.5,-23.545980275258835,-33.39233094201283,0.5650742387450816,0.876958734921953,-0.5278331750603895,-0.04337969226027586
