,mass_1,radius_1,x_1,y_1,z_1,vx_1,vy_1,vz_1,mass_2,radius_2,x_2,y_2,z_2,vx_2,vy_2,vz_2,mass_3,radius_3,x_3,y_3,z_3,vx_3,vy_3,vz_3,mass_4,radius_4,x_4,y_4,z_4,vx_4,vy_4,vz_4,mass_5,radius_5,x_5,y_5,z_5,vx_5,vy_5,vz_5,mass_6,radius_6,x_6,y_6,z_6,vx_6,vy_6,vz_6,mass_7,radius_7,x_7,y_7,z_7,vx_7,vy_7,vz_7,mass_8,radius_8,x_8,y_8,z_8,vx_8,vy_8,vz_8
0,1.660120825375342e-07,1.631393540950981e-08,0.2165179147524018,0.2289523463559613,-0.001158133351378546,-9.499696078406254,7.491617065108332,1.4837065198162345,2.447838287784771e-06,4.045378434654418e-08,0.1544508398862546,-0.7107625883258638,-0.01865429769074065,7.169460913485613,1.543500365279257,-0.39259481784630246,3.040432648020684e-06,4.437104331057835e-07,-0.7992790489722461,-0.6120006030243443,2.188650991827272e-05,3.718172122650819,-5.0128600618481345,0.0001525189014037346,3.2271560375549955e-07,2.270212793877687e-08,-1.420379339095842,-0.7440906803182625,0.01927320118654052,2.5634579719520634,-4.090495564139811,-0.14863062563768079,0.0009547919099366768,4.778945025452157e-07,-2.172452072723614,4.763025639431793,0.0288309177226788,-2.5431537974102723,-1.014380382395015,0.06111989756525113,0.0002858856700231729,4.0286669668487467e-07,-6.439399506229127,-7.517460462882281,0.387062094007651,1.4347835749620548,-1.3318476863390247,-0.0339957947589003,4.3662496132004074e-05,1.708513622580592e-07,19.54597645111928,4.351059760160457,-0.2369864347132181,-0.32446517536927466,1.3340709047385648,0.009185529349964168,5.151383772628657e-05,1.6553711549585576e-07,27.21626532916664,-12.55748973146364,-0.3685193749550548,0.4707956561626053,1.046631190423418,-0.032428120902729604
