,mass_1,radius_1,x_1,y_1,z_1,vx_1,vy_1,vz_1,mass_2,radius_2,x_2,y_2,z_2,vx_2,vy_2,vz_2,mass_3,radius_3,x_3,y_3,z_3,vx_3,vy_3,vz_3,mass_4,radius_4,x_4,y_4,z_4,vx_4,vy_4,vz_4,mass_5,radius_5,x_5,y_5,z_5,vx_5,vy_5,vz_5,mass_6,radius_6,x_6,y_6,z_6,vx_6,vy_6,vz_6,mass_7,radius_7,x_7,y_7,z_7,vx_7,vy_7,vz_7,mass_8,radius_8,x_8,y_8,z_8,vx_8,vy_8,vz_8
0,1.660120825375342e-07,1.631393540950981e-08,-0.2493822519543195,0.2227567712516728,0.0410850874794728,-8.935103766447781,-7.244695480504376,0.2281788644018249,2.447838287784771e-06,4.045378434654418e-08,-0.5049728128145962,-0.5178726855740827,0.02206342481107472,5.237342086747462,-5.192151538320116,-0.37330865424598153,3.040432648020684e-06,4.437104331057835e-07,0.9707939324940997,0.2377832616896813,-2.200050573924607e-06,-1.59724262922075,6.079957905773869,-5.666228414401681e-05,3.2271560375549955e-07,2.270212793877687e-08,1.391044644132901,0.002535245752104113,-0.03412103324126108,0.18745236377979538,5.548444385962847,0.11164509712251226,0.0009547919099366768,4.778945025452157e-07,-4.773220144911519,2.48953535210264,0.09647618883625253,-1.3098700268475783,-2.316105070777966,0.038926017797603456,0.0002858856700231729,4.0286669668487467e-07,-1.025785730523382,8.97224339927052,-0.1152997841040474,-2.134986486312975,-0.23763879797313964,0.08904864626733142,4.3662496132004074e-05,1.708513622580592e-07,17.56385954049576,-9.63127258637249,-0.263353928057358,0.6785098545255757,1.1904716368532477,-0.004321472103350506,5.151383772628657e-05,1.6553711549585576e-07,20.17142995765757,-22.31032999582617,-0.005384993347840763,0.8412017727934058,0.7734270651692065,-0.035339810148281775
