,mass_1,radius_1,x_1,y_1,z_1,vx_1,vy_1,vz_1,mass_2,radius_2,x_2,y_2,z_2,vx_2,vy_2,vz_2,mass_3,radius_3,x_3,y_3,z_3,vx_3,vy_3,vz_3,mass_4,radius_4,x_4,y_4,z_4,vx_4,vy_4,vz_4,mass_5,radius_5,x_5,y_5,z_5,vx_5,vy_5,vz_5,mass_6,radius_6,x_6,y_6,z_6,vx_6,vy_6,vz_6,mass_7,radius_7,x_7,y_7,z_7,vx_7,vy_7,vz_7,mass_8,radius_8,x_8,y_8,z_8,vx_8,vy_8,vz_8
0,1.660120825375342e-07,1.631393540950981e-08,-0.3369013131028126,-0.2885224339592347,0.007335988404964328,4.5861785517491205,-7.342923013961619,-1.0207489556177538,2.447838287784771e-06,4.045378434654418e-08,-0.6797786649615631,-0.2390231232053193,0.03595415910976627,2.400816090481918,-7.002759274671048,-0.2345225363786344,3.040432648020684e-06,4.437104331057835e-07,-0.9633408690942344,0.2377566809834652,-5.118697942381663e-06,-1.6079008755179471,-6.124437657466569,0.00020144586597767338,3.2271560375549955e-07,2.270212793877687e-08,-1.642433844370516,-0.1105984995052489,0.03799733849505214,0.5342911495179841,-4.662850542495778,-0.11081547471096423,0.0009547919099366768,4.778945025452157e-07,-1.804641881558819,4.893972610093417,0.0200568048390605,-2.6216057496125145,-0.8239616315498138,0.062084053781931985,0.0002858856700231729,4.0286669668487467e-07,-6.640977679913993,-7.324784090047676,0.391741732457166,1.3967803193026926,-1.374717349716449,-0.03173795783827016,4.3662496132004074e-05,1.708513622580592e-07,19.59120226468601,4.160907024755318,-0.2382824063140709,-0.31087235823515724,1.3371922118997266,0.009020632454871991,5.151383772628657e-05,1.6553711549585576e-07,27.1488421549751,-12.70631905042677,-0.3638972651396591,0.4763619359130096,1.0441347574706965,-0.03250308159267264
