,flag,epoch,sbx,sby,sbz,sbvx,sbvy,sbvz
0,1.0,2458725.5,40.99286968948245,-1.165439885736627,-0.7245166759217949,0.004385451448266059,0.15877336385357557,-0.007271842670157149
