,flag,epoch,sbx,sby,sbz,sbvx,sbvy,sbvz
0,1.0,2455828.5,-51.64566102110265,7.404168514604363,14.337643561438734,-0.5865723231888247,-0.7849230145046567,0.08539758084010689
