,flag,epoch,sbx,sby,sbz,sbvx,sbvy,sbvz
0,1,2456960.0,-1.9420870907234395,-1.5592562371342642,0.022702234666940907,2.0025160187978015,-3.2131778076981647,0.37945506728810635
