,flag,epoch,sbx,sby,sbz,sbvx,sbvy,sbvz
0,1.0,2457789.5,0.32739104539250896,2.597686295478376,-0.21799312990122355,-3.797937125459819,0.028936194316574775,-0.20587020122748578
