,flag,epoch,sbx,sby,sbz,sbvx,sbvy,sbvz
0,1,2456981.5,-2.3858164544991207,1.3958554960674228,1.105522620993017,-2.0187852277607248,-2.9789941354007774,0.94024593112467
