,flag,epoch,sbx,sby,sbz,sbvx,sbvy,sbvz
0,1,2451688.5,33.043226044294386,-40.864341254305046,0.23462007055656248,0.6162345198813435,0.4659305133927113,0.007566536023570282
