,flag,epoch,sbx,sby,sbz,sbvx,sbvy,sbvz
0,1.0,2454980.0,7.201510137448555,41.38951908385016,-0.4911256223007321,-0.9662781191041562,0.13982741455437767,-0.13203019939112465
