,flag,epoch,sbx,sby,sbz,sbvx,sbvy,sbvz
0,1.0,2457542.5,36.14321381780997,7.701171352804991,-3.8936237268521383,-0.1597369105139293,1.2297441560794862,-0.12036983438930364
