,mass_1,radius_1,x_1,y_1,z_1,vx_1,vy_1,vz_1,mass_2,radius_2,x_2,y_2,z_2,vx_2,vy_2,vz_2,mass_3,radius_3,x_3,y_3,z_3,vx_3,vy_3,vz_3,mass_4,radius_4,x_4,y_4,z_4,vx_4,vy_4,vz_4,mass_5,radius_5,x_5,y_5,z_5,vx_5,vy_5,vz_5,mass_6,radius_6,x_6,y_6,z_6,vx_6,vy_6,vz_6,mass_7,radius_7,x_7,y_7,z_7,vx_7,vy_7,vz_7,mass_8,radius_8,x_8,y_8,z_8,vx_8,vy_8,vz_8
0,1.660120825375342e-07,1.631393540950981e-08,0.1739265559233657,0.2579533059699789,0.005113283161678596,-10.565851426353468,0.0,0.0,2.447838287784771e-06,4.045378434654418e-08,-0.4040204218055856,-0.6012656255609501,0.01509085816213591,6.080267216423653,0.0,0.0,3.040432648020684e-06,4.437104331057835e-07,0.6644518788681457,0.7342427637170231,-1.224430072078267e-05,-4.761676858168909,0.0,0.0,3.2271560375549955e-07,2.270212793877687e-08,-1.237905753287932,-0.9802254494861163,0.00987184668620542,3.364925923666108,0.0,0.0,0.0009547919099366768,4.778945025452157e-07,-2.808407683042403,-4.587497421601708,0.08188866132471573,2.318469078521424,-1.3105129540813147,-0.04644128098165101,0.0002858856700231729,4.0286669668487467e-07,-6.833395749424923,6.107907105314731,0.1655944447257873,-1.4654778661681858,-1.5250159934239238,0.08487308634700433,4.3662496132004074e-05,1.708513622580592e-07,19.2423856584194,-5.752554888153963,-0.2705917368488185,0.4025106790606693,1.3079484779153683,-0.0003463530928477543,5.151383772628657e-05,1.6553711549585576e-07,22.63361862232971,-19.76854326282405,-0.11455189895695,0.7484124273543249,0.8688085131398289,-0.0351521309941806
