,mass_1,radius_1,x_1,y_1,z_1,vx_1,vy_1,vz_1,mass_2,radius_2,x_2,y_2,z_2,vx_2,vy_2,vz_2,mass_3,radius_3,x_3,y_3,z_3,vx_3,vy_3,vz_3,mass_4,radius_4,x_4,y_4,z_4,vx_4,vy_4,vz_4,mass_5,radius_5,x_5,y_5,z_5,vx_5,vy_5,vz_5,mass_6,radius_6,x_6,y_6,z_6,vx_6,vy_6,vz_6,mass_7,radius_7,x_7,y_7,z_7,vx_7,vy_7,vz_7,mass_8,radius_8,x_8,y_8,z_8,vx_8,vy_8,vz_8
0,1.660120825375342e-07,1.631393540950981e-08,0.1287606552998179,0.2802890660245084,0.01108288179206892,-11.392234062127327,4.6903274412522835,1.428639744393683,2.447838287784771e-06,4.045378434654418e-08,-0.3787039628535691,-0.6177946074571105,0.01340350009170149,6.247027893189561,-3.894377381282086,-0.4138467807313384,3.040432648020684e-06,4.437104331057835e-07,0.6446711161986288,0.7512082113510549,-1.248720641578258e-05,-4.871023193646046,4.068802182282045,-5.8137394200212074e-05,3.2271560375549955e-07,2.270212793877687e-08,-1.223982361914002,-0.9948037770053954,0.009224372591206322,3.415697973325928,-3.5293973743724245,-0.15785469674207114,0.0009547919099366768,4.778945025452157e-07,-2.79888024404752,-4.592869581083891,0.08169776216260419,2.321392164416838,-1.3057276123638437,-0.04652658148031662,0.0002858856700231729,4.0286669668487467e-07,-6.839411177640072,6.101641573601698,0.165942927629868,-1.4640354865481577,-1.5262977102989204,0.08483807570931716,4.3662496132004074e-05,1.708513622580592e-07,19.24403789482672,-5.747183191539053,-0.2705931483453264,0.4021284481559843,1.3080677535678407,-0.00034104631543412317,5.151383772628657e-05,1.6553711549585576e-07,22.63669191306084,-19.76497500924314,-0.1146962597149398,0.7482801575234882,0.8689309753654691,-0.03515155861101989
