,mass_1,radius_1,x_1,y_1,z_1,vx_1,vy_1,vz_1,mass_2,radius_2,x_2,y_2,z_2,vx_2,vy_2,vz_2,mass_3,radius_3,x_3,y_3,z_3,vx_3,vy_3,vz_3,mass_4,radius_4,x_4,y_4,z_4,vx_4,vy_4,vz_4,mass_5,radius_5,x_5,y_5,z_5,vx_5,vy_5,vz_5,mass_6,radius_6,x_6,y_6,z_6,vx_6,vy_6,vz_6,mass_7,radius_7,x_7,y_7,z_7,vx_7,vy_7,vz_7,mass_8,radius_8,x_8,y_8,z_8,vx_8,vy_8,vz_8
0,1.660120825375342e-07,1.631393540950981e-08,-0.3839729810203253,0.009195233859410835,0.03597373047997812,-2.383470221778162,-9.83180658609789,-0.5847755750429943,2.447838287784771e-06,4.045378434654418e-08,-0.6962638176250494,0.1752884393750846,0.04258409726107337,-1.8407175772390345,-7.197725652829554,0.007444913214292718,3.040432648020684e-06,4.437104331057835e-07,0.5110568807759506,0.8454096455451436,-4.10837705133501e-05,-5.480085431162262,3.227169542934252,-0.00013620847960545344,3.2271560375549955e-07,2.270212793877687e-08,1.063474392107515,0.9962356813558144,-0.005211214334929214,-3.299774120159907,4.16586861306967,0.1682493593290231,0.0009547919099366768,4.778945025452157e-07,2.791168188945922,-4.279849254726278,-0.04467199266858728,2.277828022797979,1.637350854642329,-0.0577632041782403,0.0002858856700231729,4.0286669668487467e-07,5.31037411085526,-8.465391537799768,-0.06417295347175468,1.6154116923815804,1.0792858580041482,-0.08303696904443938,4.3662496132004074e-05,1.708513622580592e-07,15.45213239081346,12.34333710345392,-0.1543328687104324,-0.9050766218701707,1.0570502437158162,0.015597916969103318,5.151383772628657e-05,1.6553711549585576e-07,29.43833623748759,-5.359493182369717,-0.5681465164941791,0.20015777976679414,1.1368357672207092,-0.028003230209715443
