,flag,epoch,sbx,sby,sbz,sbvx,sbvy,sbvz
0,1,2457290.0,0.21231575040249218,3.544904888306747,0.03798240230855375,-3.0769431186653993,0.5184835845588985,0.009381048776740038
