,mass_1,radius_1,x_1,y_1,z_1,vx_1,vy_1,vz_1,mass_2,radius_2,x_2,y_2,z_2,vx_2,vy_2,vz_2,mass_3,radius_3,x_3,y_3,z_3,vx_3,vy_3,vz_3,mass_4,radius_4,x_4,y_4,z_4,vx_4,vy_4,vz_4,mass_5,radius_5,x_5,y_5,z_5,vx_5,vy_5,vz_5,mass_6,radius_6,x_6,y_6,z_6,vx_6,vy_6,vz_6,mass_7,radius_7,x_7,y_7,z_7,vx_7,vy_7,vz_7,mass_8,radius_8,x_8,y_8,z_8,vx_8,vy_8,vz_8
0,1.660120825375342e-07,1.631393540950981e-08,0.359589568891779,-0.09274104093218227,-0.04056827156841253,0.5724243208783507,10.41179351956934,0.7982310627019641,2.447838287784771e-06,4.045378434654418e-08,0.6395110393975924,0.3388700187381407,-0.03225786422017279,-3.4822557108647962,6.495833917367149,0.2900058594574952,3.040432648020684e-06,4.437104331057835e-07,1.001929053701755,0.04166017992466915,-6.274234094132005e-06,-0.3633638149571599,6.255038723937782,-0.0002217955277797264,3.2271560375549955e-07,2.270212793877687e-08,-1.094304440638835,1.234696479879796,0.05272932504359804,-3.631860721209234,-2.9549263756220836,0.02722081663981362,0.0009547919099366768,4.778945025452157e-07,-4.907277396649903,2.239998298610979,0.100504493618631,-1.1784446180259622,-2.379461808903396,0.03625110890998584,0.0002858856700231729,4.0286669668487467e-07,-4.181777860649778,-9.075137455669097,0.3242225598371288,1.7387480068539751,-0.8606114725383989,-0.054283186864511515,4.3662496132004074e-05,1.708513622580592e-07,18.99311493089035,6.21034604780981,-0.222883066005395,-0.45756995765285596,1.2961057422755025,0.010762263266697653,5.151383772628657e-05,1.6553711549585576e-07,27.8420380110134,-11.06213720808399,-0.4137865523005611,0.41502410791669553,1.0700137645564427,-0.03164425336118218
