,flag,epoch,sbx,sby,sbz,sbvx,sbvy,sbvz
0,1.0,2457690.0,-2.3578272436851613,-0.6674858721369381,-0.24596382234154246,0.8119694370426099,-3.7746770856617315,-0.1054639640911538
1,1.0,2457690.0,-2.3578272571278895,-0.6674858558645476,-0.24596382640178838,0.8119693982853784,-3.7746770798644245,-0.10546399990961434
