,flag,epoch,sbx,sby,sbz,sbvx,sbvy,sbvz
0,1,2457480.0,-0.8296314881515073,2.8950505607778765,-0.1709326951762546,-3.3154397416001107,-1.5478931242078924,-0.01555835198167476
