,flag,sbx,sby,sbz,sbvx,sbvy,sbvz
0,1.0,42.19121562929632,4.5753129674008655,-4.597858329888314,-0.08599094639991996,-0.17291708494110292,-0.9611458260937361
