,flag,epoch,sbx,sby,sbz,sbvx,sbvy,sbvz
0,1.0,2457780.0,-0.7316864571538824,-2.3517208298653722,0.2932844041313688,3.79797805371655,-0.749538143071642,-0.026087474058549436
1,1.0,2457780.0,-0.731686455424441,-2.3517208142563444,0.2932843974485025,3.797978075859708,-0.7495381355680091,-0.026087477356633245
