,flag,epoch,sbx,sby,sbz,sbvx,sbvy,sbvz
0,1,2457100.0,-3.5534205451795557,-0.8521690408478564,-0.96563773125228,0.7315356927991247,-2.7645834857505505,-0.2237025608087545
