,flag,epoch,sbx,sby,sbz,sbvx,sbvy,sbvz
0,1.0,2457690.0,2.203067387762951,-0.4786899989949144,-0.041350735956573556,1.321855411050797,4.056747610622741,-0.500412337323163
1,1.0,2457690.0,2.2030673782248935,-0.4786900062608126,-0.04135072993041593,1.3218554314621311,4.056747623970383,-0.5004123250680462
