,mass_1,radius_1,x_1,y_1,z_1,vx_1,vy_1,vz_1,mass_2,radius_2,x_2,y_2,z_2,vx_2,vy_2,vz_2,mass_3,radius_3,x_3,y_3,z_3,vx_3,vy_3,vz_3,mass_4,radius_4,x_4,y_4,z_4,vx_4,vy_4,vz_4,mass_5,radius_5,x_5,y_5,z_5,vx_5,vy_5,vz_5,mass_6,radius_6,x_6,y_6,z_6,vx_6,vy_6,vz_6,mass_7,radius_7,x_7,y_7,z_7,vx_7,vy_7,vz_7,mass_8,radius_8,x_8,y_8,z_8,vx_8,vy_8,vz_8
0,1.660120825375342e-07,1.631393540950981e-08,-0.1223362336069004,-0.449538053029196,-0.02549974246279426,7.8525350193345975,-2.1827821805042587,-0.8989456189948324,2.447838287784771e-06,4.045378434654418e-08,-0.705746066338138,0.1332230090164237,0.04255611322493184,-1.4090773017789013,-7.292223856262284,-0.018459701517153607,3.040432648020684e-06,4.437104331057835e-07,0.9949255652538077,0.1152560362088726,-3.006779667883249e-06,-0.8254677769441914,6.218581876309334,-9.506446119876162e-05,3.2271560375549955e-07,2.270212793877687e-08,-1.535305987326018,-0.521902842277316,0.0267804940484137,1.836161524281128,-4.402656156430103,-0.13735324207369712,0.0009547919099366768,4.778945025452157e-07,-3.067098928028847,-4.43117723734981,0.08702857933745684,2.23395896384515,-1.4402247778539603,-0.04401120543601504,0.0002858856700231729,4.0286669668487467e-07,-6.664636850206351,6.27914406167848,0.1558971478646552,-1.5049432437660526,-1.4889815751309672,0.0858138862506854,4.3662496132004074e-05,1.708513622580592e-07,19.19605206028804,-5.900975845733515,-0.2705440339063913,0.41306506912509605,1.3046058653690555,-0.0004931680926672027,5.151383772628657e-05,1.6553711549585576e-07,22.54837608271291,-19.86706511074016,-0.1105569900047785,0.7520559970811779,0.8654124137118141,-0.035167616763822615
