,flag,epoch,sbx,sby,sbz,sbvx,sbvy,sbvz
0,1.0,2457541.5,21.72773723570814,26.075079530071747,-1.9002405884925313,-0.8739467281310485,0.6862578447676105,-0.05518050529457078
