,flag,epoch,sbx,sby,sbz,sbvx,sbvy,sbvz
0,1.0,2457834.5,-1.1037112094807282,-3.2733237178243324,0.0720750278462712,3.143503005642589,-0.15996515026161048,-0.1636208802194571
