,flag,epoch,sbx,sby,sbz,sbvx,sbvy,sbvz
0,1.0,2458725.5,-34.37259990984842,21.183022139592516,1.871922419662409,-0.08511812466648491,-0.13794623289069965,-0.0019301755257902264
