,mass_1,radius_1,x_1,y_1,z_1,vx_1,vy_1,vz_1,mass_2,radius_2,x_2,y_2,z_2,vx_2,vy_2,vz_2,mass_3,radius_3,x_3,y_3,z_3,vx_3,vy_3,vz_3,mass_4,radius_4,x_4,y_4,z_4,vx_4,vy_4,vz_4,mass_5,radius_5,x_5,y_5,z_5,vx_5,vy_5,vz_5,mass_6,radius_6,x_6,y_6,z_6,vx_6,vy_6,vz_6,mass_7,radius_7,x_7,y_7,z_7,vx_7,vy_7,vz_7,mass_8,radius_8,x_8,y_8,z_8,vx_8,vy_8,vz_8
0,1.660120825375342e-07,1.631393540950981e-08,-0.3950983286482004,-0.07770173786590137,0.0299092702877794,-0.15209253305045906,-9.64031759498116,-0.7736409162325503,2.447838287784771e-06,4.045378434654418e-08,0.399010576282942,0.6015597626712671,-0.01479764214432675,-6.18002408026244,4.051335310825448,0.4121279435344752,3.040432648020684e-06,4.437104331057835e-07,-0.9477493966900843,0.2910366757345142,-3.496116108146606e-06,-1.946945962433371,-6.0306447379730646,9.7526524315828e-05,3.2271560375549955e-07,2.270212793877687e-08,0.2238578711632877,-1.419601706553692,-0.03524036491395501,5.241863350782624,1.2348977100302334,-0.1028818431084835,0.0009547919099366768,4.778945025452157e-07,-2.05637586435878,-4.936636977788501,0.06650953483331219,2.5122864865065244,-0.9308703218869743,-0.05235333225779914,0.0002858856700231729,4.0286669668487467e-07,-7.271518798176674,5.619375740467829,0.1915372950921328,-1.3533413677004997,-1.6178225636092534,0.08203427639926443,4.3662496132004074e-05,1.708513622580592e-07,19.36295725410938,-5.344742132354355,-0.2706365033177183,0.37346278351358786,1.3166707284149946,5.895244939222614e-05,5.151383772628657e-05,1.6553711549585576e-07,22.86461980464381,-19.49712861153344,-0.1254678287470969,0.7383098744188586,0.8780192885862083,-0.035102572857378944
