,flag,epoch,sbx,sby,sbz,sbvx,sbvy,sbvz
0,1.0,2457690.0,2.203067387762951,-0.4786899989949144,-0.041350735956573556,1.321855411050797,4.056747610622741,-0.500412337323163
1,1.0,2457690.0,2.203067402397269,-0.4786900253399334,-0.04135073272117602,1.3218554200345263,4.056747569160249,-0.5004122910251958
