,mass_1,radius_1,x_1,y_1,z_1,vx_1,vy_1,vz_1,mass_2,radius_2,x_2,y_2,z_2,vx_2,vy_2,vz_2,mass_3,radius_3,x_3,y_3,z_3,vx_3,vy_3,vz_3,mass_4,radius_4,x_4,y_4,z_4,vx_4,vy_4,vz_4,mass_5,radius_5,x_5,y_5,z_5,vx_5,vy_5,vz_5,mass_6,radius_6,x_6,y_6,z_6,vx_6,vy_6,vz_6,mass_7,radius_7,x_7,y_7,z_7,vx_7,vy_7,vz_7,mass_8,radius_8,x_8,y_8,z_8,vx_8,vy_8,vz_8
0,1.660120825375342e-07,1.631393540950981e-08,0.2882473154653453,-0.2986064493808527,-0.0508447074242827,5.354797940344634,7.625639923407748,0.13177496405594294,2.447838287784771e-06,4.045378434654418e-08,-0.2414392856194505,-0.6843319333663771,0.004554704510160364,6.91650082489106,-2.4892145610487595,-0.4332652637505698,3.040432648020684e-06,4.437104331057835e-07,-0.9527623772650319,-0.3074821013883925,1.244258559750462e-05,1.827849582849593,-6.00376843770706,0.0001891388752351988,3.2271560375549955e-07,2.270212793877687e-08,-1.539997999862438,-0.510633587903713,0.02710099227285282,1.7998587505335029,-4.414568582548509,-0.136678065817654,0.0009547919099366768,4.778945025452157e-07,-2.032317466025344,4.816593649545686,0.02547272200063666,-2.5749332420432074,-0.9420061509798644,0.061530049502040336,0.0002858856700231729,4.0286669668487467e-07,-6.517569020162682,-7.444077145569739,0.3888999709928472,1.4203247854894436,-1.3484544141885393,-0.033131783299351014,4.3662496132004074e-05,1.708513622580592e-07,19.56360000599165,4.277976713483359,-0.2374876657444089,-0.3192356070810922,1.3352839205255502,0.009121926892881676,5.151383772628657e-05,1.6553711549585576e-07,27.19042714168292,-12.61477387345663,-0.3667429067097359,0.47294272870335785,1.045671208312654,-0.0324573446466606
