,flag,epoch,sbx,sby,sbz,sbvx,sbvy,sbvz
0,1.0,2457830.0,1.306973371575692,1.6732310806752846,-0.17551394496217743,-3.26167443269168,3.072072746191054,-0.42100501825856734
1,1.0,2457830.0,1.3069733425888992,1.6732310841344404,-0.17551395079232385,-3.261674475906279,3.072072743444468,-0.4210050225940728
