,flag,epoch,sbx,sby,sbz,sbvx,sbvy,sbvz
0,1,2457259.5,0.356404522347443,2.991992062666152,-0.06236844335113934,-3.111315258983652,1.2527050512031543,0.03680864088663367
