,flag,epoch,sbx,sby,sbz,sbvx,sbvy,sbvz
0,1.0,2458783.5,3.8691376698695485,3.1120501346662897,-0.033147978326247274,-1.7963531542280653,2.7280188022937515,-1.1306706388686096
