,mass_1,radius_1,x_1,y_1,z_1,vx_1,vy_1,vz_1,mass_2,radius_2,x_2,y_2,z_2,vx_2,vy_2,vz_2,mass_3,radius_3,x_3,y_3,z_3,vx_3,vy_3,vz_3,mass_4,radius_4,x_4,y_4,z_4,vx_4,vy_4,vz_4,mass_5,radius_5,x_5,y_5,z_5,vx_5,vy_5,vz_5,mass_6,radius_6,x_6,y_6,z_6,vx_6,vy_6,vz_6,mass_7,radius_7,x_7,y_7,z_7,vx_7,vy_7,vz_7,mass_8,radius_8,x_8,y_8,z_8,vx_8,vy_8,vz_8
0,1.660120825375342e-07,1.631393540950981e-08,0.2218817807382343,-0.3715744022924113,-0.05071766672770987,6.770016262140101,5.775523850575925,-0.14923245827373974,2.447838287784771e-06,4.045378434654418e-08,0.6625552186695036,0.2918000653816866,-0.03423671990006302,-3.00178816916758,6.728867870039539,0.2654524168291644,3.040432648020684e-06,4.437104331057835e-07,0.1574423795359524,-1.004367046890445,3.212968877574428e-05,6.106048948056615,0.9496153891304591,-4.592656929129978e-05,3.2271560375549955e-07,2.270212793877687e-08,-0.7815574448453299,-1.312280415499153,-0.008312323612054156,4.584544770233582,-2.1768981304619612,-0.15814119399302404,0.0009547919099366768,4.778945025452157e-07,-2.608307898574901,4.565500773334606,0.03940427523028871,-2.428508532655924,-1.2381139942328567,0.05948461133790433,0.0002858856700231729,4.0286669668487467e-07,-6.184025549929737,-7.746112870964437,0.3808653205454725,1.4797334833229372,-1.2777713942536142,-0.036725045499963756,4.3662496132004074e-05,1.708513622580592e-07,19.48765741409041,4.584469961825322,-0.235359177007004,-0.34119036263339575,1.3300526450568115,0.009388249479575717,5.151383772628657e-05,1.6553711549585576e-07,27.29815545336472,-12.37382944801867,-0.3741932842833998,0.46389476967192766,1.0496699258429576,-0.032333620993108145
