,flag,epoch,sbx,sby,sbz,sbvx,sbvy,sbvz
0,1.0,2456510.0,0.7502523843202398,-2.6007096818076034,-0.18288549096483628,3.455902921421425,0.9590492557273517,0.8848582200952464
