,mass_1,radius_1,x_1,y_1,z_1,vx_1,vy_1,vz_1,mass_2,radius_2,x_2,y_2,z_2,vx_2,vy_2,vz_2,mass_3,radius_3,x_3,y_3,z_3,vx_3,vy_3,vz_3,mass_4,radius_4,x_4,y_4,z_4,vx_4,vy_4,vz_4,mass_5,radius_5,x_5,y_5,z_5,vx_5,vy_5,vz_5,mass_6,radius_6,x_6,y_6,z_6,vx_6,vy_6,vz_6,mass_7,radius_7,x_7,y_7,z_7,vx_7,vy_7,vz_7,mass_8,radius_8,x_8,y_8,z_8,vx_8,vy_8,vz_8
0,1.660120825375342e-07,1.631393540950981e-08,-0.1242094721327482,0.2903655350419008,0.03512120528595002,-11.512709145395364,-3.6564046898829785,0.7575908126413444,2.447838287784771e-06,4.045378434654418e-08,-0.2496751638662959,0.6736068647827866,0.02363870285383448,-6.951869772828598,-2.6087146860247326,0.3654745525857017,3.040432648020684e-06,4.437104331057835e-07,-0.9696572447928397,0.2123029114579945,-4.219528689464793e-06,-1.4462209447447336,-6.16216360794057,0.00018264618017533896,3.2271560375549955e-07,2.270212793877687e-08,-1.608658284445377,0.4218931455284198,0.04833920924029819,-1.1050128551320544,-4.507780715387743,-0.0673177730377102,0.0009547919099366768,4.778945025452157e-07,3.398532118013067,3.645628272144703,-0.09119154729197873,-2.051274898636738,2.012419949692784,0.037546059648496326,0.0002858856700231729,4.0286669668487467e-07,-8.81068521835094,-4.062263376529805,0.4214207828075417,0.7414054767210133,-1.8535246889109083,0.002724392120845748,4.3662496132004074e-05,1.708513622580592e-07,20.01865052982611,1.45744585732766,-0.2539021542270993,-0.1164680198008815,1.3672799827472732,0.006597427464221896,5.151383772628657e-05,1.6553711549585576e-07,26.11991295655258,-14.75386292178505,-0.2980245679221443,0.5546401140444859,1.006525023629559,-0.03348355846556443
