,mass_1,radius_1,x_1,y_1,z_1,vx_1,vy_1,vz_1,mass_2,radius_2,x_2,y_2,z_2,vx_2,vy_2,vz_2,mass_3,radius_3,x_3,y_3,z_3,vx_3,vy_3,vz_3,mass_4,radius_4,x_4,y_4,z_4,vx_4,vy_4,vz_4,mass_5,radius_5,x_5,y_5,z_5,vx_5,vy_5,vz_5,mass_6,radius_6,x_6,y_6,z_6,vx_6,vy_6,vz_6,mass_7,radius_7,x_7,y_7,z_7,vx_7,vy_7,vz_7,mass_8,radius_8,x_8,y_8,z_8,vx_8,vy_8,vz_8
0,1.660120825375342e-07,1.631393540950981e-08,-0.09626357173487061,-0.4557654261631253,-0.02840915741371966,7.992276731708488,-1.6046700429627865,-0.8643590841720624,2.447838287784771e-06,4.045378434654418e-08,-0.02715537616845879,-0.7262766673986945,-0.008390750317452334,7.3331803616069005,-0.30379427067535725,-0.4273361658401935,3.040432648020684e-06,4.437104331057835e-07,-0.8778176027448198,0.4556151181810961,-1.239094731855908e-05,-2.9972074677219664,-5.600998466381719,0.00021663339657533858,3.2271560375549955e-07,2.270212793877687e-08,-1.549512431046385,-0.4869142662617841,0.02782545855555293,1.7228066001183577,-4.43946446265605,-0.1353141274754339,0.0009547919099366768,4.778945025452157e-07,-5.282921357997335,1.229551350617093,0.1131058973070443,-0.6582491446278586,-2.5567743406743797,0.025345341281739712,0.0002858856700231729,4.0286669668487467e-07,-3.459439183463946,-9.396097640223532,0.3010362858536735,1.8006943678932092,-0.7121969041503666,-0.059325538746511794,4.3662496132004074e-05,1.708513622580592e-07,18.79875173085107,6.736400935117008,-0.218404102583542,-0.49523741032344964,1.2828365540117985,0.01119452604835989,5.151383772628657e-05,1.6553711549585576e-07,28.0080322641484,-10.62434732249216,-0.4266470466258145,0.39881699871128656,1.0763314047283827,-0.031406187678973234
