,flag,epoch,sbx,sby,sbz,sbvx,sbvy,sbvz
0,1.0,2457230.0,1.8807235236966615,-2.211729470492842,0.2090303509567974,2.4953038547395416,2.173105232246347,1.2499234571592008
