,flag,epoch,sbx,sby,sbz,sbvx,sbvy,sbvz
0,1.0,2452410.0,-26.501984016654298,-15.084808157658866,0.6860220353921997,0.38239831028433996,-1.0833724325413305,-0.5160627516200851
