,flag,epoch,sbx,sby,sbz,sbvx,sbvy,sbvz
0,1.0,2457360.0,-0.6516586077577993,2.276472723264228,0.17079869430755368,-3.7995254157032665,-1.7693022682446498,0.7547923891629937
1,1.0,2457360.0,-0.6516585933149528,2.2764727100086164,0.1707986932870563,-3.7995253955418673,-1.7693023590494852,0.7547924051087537
