,flag,epoch,sbx,sby,sbz,sbvx,sbvy,sbvz
0,1.0,2457494.5,41.34246112010383,6.138809139338127,-0.081294877875698,-0.1129063268732122,0.9876593443456465,0.033374580446081464
