,mass_1,radius_1,x_1,y_1,z_1,vx_1,vy_1,vz_1,mass_2,radius_2,x_2,y_2,z_2,vx_2,vy_2,vz_2,mass_3,radius_3,x_3,y_3,z_3,vx_3,vy_3,vz_3,mass_4,radius_4,x_4,y_4,z_4,vx_4,vy_4,vz_4,mass_5,radius_5,x_5,y_5,z_5,vx_5,vy_5,vz_5,mass_6,radius_6,x_6,y_6,z_6,vx_6,vy_6,vz_6,mass_7,radius_7,x_7,y_7,z_7,vx_7,vy_7,vz_7,mass_8,radius_8,x_8,y_8,z_8,vx_8,vy_8,vz_8
0,1.660120825375342e-07,1.631393540950981e-08,0.3375886562106711,-0.2028221860440398,-0.04754458582679772,3.2758373750461454,9.279507573706239,0.4576758496192015,2.447838287784771e-06,4.045378434654418e-08,-0.122385496269854,0.7084600296705605,0.01677278964949943,-7.30502652539626,-1.2979607002273235,0.403776060890957,3.040432648020684e-06,4.437104331057835e-07,-0.9868340047701478,-0.1520987319909033,8.082639915658794e-06,0.8549341533612829,-6.234250867835231,0.00020515745984496357,3.2271560375549955e-07,2.270212793877687e-08,1.081524876298889,0.9730281117383378,-0.006157142218799991,-3.223183602422618,4.235940822334496,0.1678691679118992,0.0009547919099366768,4.778945025452157e-07,-4.182094608811428,3.331935324905995,0.07974298237333026,-1.7519865807764152,-2.027523631583992,0.04762368189104327,0.0002858856700231729,4.0286669668487467e-07,-5.017050818833828,-8.608091080896862,0.3493693350201842,1.6481724732555258,-1.0334951875212817,-0.047677583112657636,4.3662496132004074e-05,1.708513622580592e-07,19.2072893118126,5.56795911966901,-0.2280545856221225,-0.41159623422935593,1.3106889172902436,0.010225630958372561,5.151383772628657e-05,1.6553711549585576e-07,27.63268529683607,-11.58749646641992,-0.3981216452136859,0.43452767235805106,1.062047361122887,-0.031925213501408645
