,mass_1,radius_1,x_1,y_1,z_1,vx_1,vy_1,vz_1,mass_2,radius_2,x_2,y_2,z_2,vx_2,vy_2,vz_2,mass_3,radius_3,x_3,y_3,z_3,vx_3,vy_3,vz_3,mass_4,radius_4,x_4,y_4,z_4,vx_4,vy_4,vz_4,mass_5,radius_5,x_5,y_5,z_5,vx_5,vy_5,vz_5,mass_6,radius_6,x_6,y_6,z_6,vx_6,vy_6,vz_6,mass_7,radius_7,x_7,y_7,z_7,vx_7,vy_7,vz_7,mass_8,radius_8,x_8,y_8,z_8,vx_8,vy_8,vz_8
0,1.660120825375342e-07,1.631393540950981e-08,0.01450386656923337,0.307037473694833,0.02375660300103937,-12.32608858614194,0.8602413856645895,1.2011812473352228,2.447838287784771e-06,4.045378434654418e-08,0.214660067632764,0.688049473006379,-0.002958172658421088,-7.07711152118723,2.165184860948895,0.4380917261089673,3.040432648020684e-06,4.437104331057835e-07,0.6251424471749905,-0.7997181253905463,2.436019950410584e-05,4.848735779546402,3.8464682568899273,-0.00013635409101481324,3.2271560375549955e-07,2.270212793877687e-08,-0.3730450550542503,-1.439940178693228,-0.02101413973572626,5.141400969730519,-0.8425521574274807,-0.1438494122412445,0.0009547919099366768,4.778945025452157e-07,-2.808569620382523,4.45782857083614,0.04433271073272635,-2.3672307451670243,-1.3402161291364936,0.05853761223710732,0.0002858856700231729,4.0286669668487467e-07,-6.059593311185288,-7.85171869504947,0.3777450441393829,1.5004455687843292,-1.2515261679936296,-0.03800623073535433,4.3662496132004074e-05,1.708513622580592e-07,19.45883400873029,4.695452217027503,-0.2345711948559124,-0.3491509367522226,1.3280527510596185,0.009484271885522871,5.151383772628657e-05,1.6553711549585576e-07,27.33675491130596,-12.28611791776007,-0.3768913812880656,0.460594409224326,1.0510884818038746,-0.0322882065899942
