,mass_1,radius_1,x_1,y_1,z_1,vx_1,vy_1,vz_1,mass_2,radius_2,x_2,y_2,z_2,vx_2,vy_2,vz_2,mass_3,radius_3,x_3,y_3,z_3,vx_3,vy_3,vz_3,mass_4,radius_4,x_4,y_4,z_4,vx_4,vy_4,vz_4,mass_5,radius_5,x_5,y_5,z_5,vx_5,vy_5,vz_5,mass_6,radius_6,x_6,y_6,z_6,vx_6,vy_6,vz_6,mass_7,radius_7,x_7,y_7,z_7,vx_7,vy_7,vz_7,mass_8,radius_8,x_8,y_8,z_8,vx_8,vy_8,vz_8
0,1.660120825375342e-07,1.631393540950981e-08,0.008146883304299439,0.3074366790850392,0.02436690668744367,-12.333515329070643,0.64799888697362,1.184971092910689,2.447838287784771e-06,4.045378434654418e-08,0.5733764957270896,0.4406796901527556,-0.02707230559165706,-4.524322099293419,5.825876552827356,0.3407708194079309,3.040432648020684e-06,4.437104331057835e-07,-0.5805347022209049,-0.8277345268266679,2.176732301538075e-06,5.042410010553531,-3.631873822643265,3.022999918184643e-06,3.2271560375549955e-07,2.270212793877687e-08,0.350557663178349,1.496550319349009,0.02273178208592588,-4.78230671326608,1.5999422204501101,0.15106535217590164,0.0009547919099366768,4.778945025452157e-07,3.301434271699335,3.737809086343167,-0.08943169645897431,-2.103016206248727,1.9564580574220372,0.038972395049326,0.0002858856700231729,4.0286669668487467e-07,5.805101273095957,7.071455565390504,-0.3538954584803817,-1.6842633645073601,1.290755335236407,0.044508884034500276,4.3662496132004074e-05,1.708513622580592e-07,14.78836133606102,-13.36893338847351,-0.2414019054222299,0.95079740803932,1.0008211712774648,-0.008591381761736074,5.151383772628657e-05,1.6553711549585576e-07,17.1584990158756,-24.74948876299845,0.1142653246823597,0.9325685481899834,0.6619272742942487,-0.035081465118633234
