,flag,epoch,sbx,sby,sbz,sbvx,sbvy,sbvz
0,1,2457700.5,-16.273224080418288,-28.993833293841124,12.019578204067505,1.0481189354372724,-0.37002628861757325,-0.025711842487583653
