,flag,epoch,sbx,sby,sbz,sbvx,sbvy,sbvz
0,1,2454804.5,-14.823390383757355,-33.09468663022659,20.828128157682382,0.9924594968109858,-0.2462716100097693,0.3425340930524322
