,flag,epoch,sbx,sby,sbz,sbvx,sbvy,sbvz
0,1,2457185.5,-0.22306690973434595,-2.023439428122249,0.5593404821404386,4.541987572908624,0.2501719066515772,-0.5268710415549396
