,mass_1,radius_1,x_1,y_1,z_1,vx_1,vy_1,vz_1,mass_2,radius_2,x_2,y_2,z_2,vx_2,vy_2,vz_2,mass_3,radius_3,x_3,y_3,z_3,vx_3,vy_3,vz_3,mass_4,radius_4,x_4,y_4,z_4,vx_4,vy_4,vz_4,mass_5,radius_5,x_5,y_5,z_5,vx_5,vy_5,vz_5,mass_6,radius_6,x_6,y_6,z_6,vx_6,vy_6,vz_6,mass_7,radius_7,x_7,y_7,z_7,vx_7,vy_7,vz_7,mass_8,radius_8,x_8,y_8,z_8,vx_8,vy_8,vz_8
0,1.660120825375342e-07,1.631393540950981e-08,0.3327761829727972,0.07258450489109286,-0.02459452797746585,-4.178030082175576,10.498937954121262,1.2411876186152933,2.447838287784771e-06,4.045378434654418e-08,-0.1388655811271114,-0.7128773607020322,-0.001769595499566635,7.201621020677749,-1.4424262704036794,-0.43537058987287536,3.040432648020684e-06,4.437104331057835e-07,-0.4591239685318116,0.8701136639558823,-3.958004067065409e-05,-5.660098520155493,-2.9562337681480484,0.00015470295098443394,3.2271560375549955e-07,2.270212793877687e-08,0.4063027884178417,1.476456237362494,0.02097358126674037,-4.734566291312707,1.7902285396468725,0.1536598839738702,0.0009547919099366768,4.778945025452157e-07,3.141970925904936,-4.00414094535876,-0.05366579688143142,2.13742959035685,1.8333598240976472,-0.05543622707199547,0.0002858856700231729,4.0286669668487467e-07,5.564181388902316,-8.28977657634353,-0.07732445386438017,1.5809607024270036,1.1323983690477684,-0.08258926272772693,4.3662496132004074e-05,1.708513622580592e-07,15.30740889023437,12.51040804991246,-0.1518460310545317,-0.9176800371331435,1.0471592101751142,0.015723690243092968,5.151383772628657e-05,1.6553711549585576e-07,29.46956325306883,-5.178855013954801,-0.5725826275352158,0.19313345527841735,1.1382681030904762,-0.027868018585456896
