,flag,epoch,sbx,sby,sbz,sbvx,sbvy,sbvz
0,1.0,2455065.5,37.00312454306052,15.480252797688784,5.639104038743892,-0.03393433449999262,1.0394449977983309,0.21637515494461865
