,mass_1,radius_1,x_1,y_1,z_1,vx_1,vy_1,vz_1,mass_2,radius_2,x_2,y_2,z_2,vx_2,vy_2,vz_2,mass_3,radius_3,x_3,y_3,z_3,vx_3,vy_3,vz_3,mass_4,radius_4,x_4,y_4,z_4,vx_4,vy_4,vz_4,mass_5,radius_5,x_5,y_5,z_5,vx_5,vy_5,vz_5,mass_6,radius_6,x_6,y_6,z_6,vx_6,vy_6,vz_6,mass_7,radius_7,x_7,y_7,z_7,vx_7,vy_7,vz_7,mass_8,radius_8,x_8,y_8,z_8,vx_8,vy_8,vz_8
0,1.660120825375342e-07,1.631393540950981e-08,0.3546581465836927,-0.005529689290599153,-0.03298979698809086,-1.8246669817810455,10.734703754451825,1.0445366126201052,2.447838287784771e-06,4.045378434654418e-08,0.608703219935462,0.390974848506902,-0.02976570053454768,-4.015213204219557,6.1841934148231985,0.31648878285950977,3.040432648020684e-06,4.437104331057835e-07,0.9976219682683326,0.09295858039702175,-8.087725508243276e-06,-0.6853170536454873,6.23335978004605,-0.0002196851706018894,3.2271560375549955e-07,2.270212793877687e-08,-1.123808376390314,1.21006325466524,0.05293728791755233,-3.5520320365953637,-3.042926145621023,0.023417475088858594,0.0009547919099366768,4.778945025452157e-07,-4.916914952821951,2.220435508907761,0.1008013906657957,-1.16829764083001,-2.384070492692007,0.03604323192324107,0.0002858856700231729,4.0286669668487467e-07,-4.167490967085855,-9.082194044764453,0.3237762694980289,1.7401097779654178,-0.8576676875946966,-0.05438848567500246,4.3662496132004074e-05,1.708513622580592e-07,18.98935351492059,6.220990624805145,-0.2227946328718615,-0.45833480599328713,1.2958486475302755,0.010771202851715487,5.151383772628657e-05,1.6553711549585576e-07,27.84544548365436,-11.05334806371713,-0.414046444018726,0.41469547741009094,1.070142836531976,-0.031639380840014455
