,flag,epoch,sbx,sby,sbz,sbvx,sbvy,sbvz
0,1.0,2454287.5,-43.35016223508569,-16.339338513665894,1.4204835208264237,0.0989182331306198,-0.8093710600314444,0.45308108431915334
