,flag,epoch,sbx,sby,sbz,sbvx,sbvy,sbvz
0,1.0,2457760.0,-2.497594018760024,0.7017334967720471,0.1637995171036979,-1.1866263426459709,-3.4356784467183425,0.4396258726036071
1,1.0,2457760.0,-2.4975940169085704,0.7017335354021583,0.16379949729581633,-1.1866263850245522,-3.435678418439628,0.43962592369812264
