,flag,epoch,sbx,sby,sbz,sbvx,sbvy,sbvz
0,1,2457398.5,-27.071377720318853,-27.91751795415795,-6.564210355317589,0.6203387830245288,-0.75334668096084,0.3369747262843036
