,flag,epoch,sbx,sby,sbz,sbvx,sbvy,sbvz
0,1,2457136.5,-2.2707588334959143,-1.5900296598531443,0.3887964977527463,1.597120551772716,-3.3596043863509517,-0.09692638471222047
