,flag,epoch,sbx,sby,sbz,sbvx,sbvy,sbvz
0,1,2456620.0,2.9214971439578528,0.9458490032292632,-0.25117340195473925,-0.7926481943795118,3.3302473285756653,-0.857074482684264
