,flag,epoch,sbx,sby,sbz,sbvx,sbvy,sbvz
0,1,2457610.0,1.3424678590579777,-2.102051961157732,0.0368517034847969,3.510904048343129,2.1647922666502977,0.10385116586514
