,flag,epoch,sbx,sby,sbz,sbvx,sbvy,sbvz
0,1.0,2457240.0,2.4448448696162557,0.15527522220288592,-0.10996136456533034,0.4762616220775442,3.846499363810079,0.6798728127207145
1,1.0,2457240.0,2.444844852635414,0.15527522682651973,-0.10996139287925785,0.47626168754366816,3.8464993702625123,0.6798729017102877
