,flag,epoch,sbx,sby,sbz,sbvx,sbvy,sbvz
0,1,2457008.5,-2.4184252646730866,0.3007444747273915,-0.1541939960070297,-0.8441054306612342,-4.040988108823845,-0.26290761918252475
