,flag,epoch,sbx,sby,sbz,sbvx,sbvy,sbvz
0,1.0,2457507.5,18.804710899661767,23.654751768995798,-1.5102250778616422,-0.9943055874813311,0.7799150730735892,0.060599504668830455
