,flag,epoch,sbx,sby,sbz,sbvx,sbvy,sbvz
0,1.0,2456978.5,24.206236077716348,25.39456955490185,-5.376151011599634,-0.8469837728852312,0.7566965330190825,0.04393277244258544
