,mass_1,radius_1,x_1,y_1,z_1,vx_1,vy_1,vz_1,mass_2,radius_2,x_2,y_2,z_2,vx_2,vy_2,vz_2,mass_3,radius_3,x_3,y_3,z_3,vx_3,vy_3,vz_3,mass_4,radius_4,x_4,y_4,z_4,vx_4,vy_4,vz_4,mass_5,radius_5,x_5,y_5,z_5,vx_5,vy_5,vz_5,mass_6,radius_6,x_6,y_6,z_6,vx_6,vy_6,vz_6,mass_7,radius_7,x_7,y_7,z_7,vx_7,vy_7,vz_7,mass_8,radius_8,x_8,y_8,z_8,vx_8,vy_8,vz_8
0,1.660120825375342e-07,1.631393540950981e-08,-0.3543221372996527,0.09104756985564134,0.03994960081262409,-4.686015075173778,-9.5122434487289,-0.34724479612074244,2.447838287784771e-06,4.045378434654418e-08,-0.02303039579015868,-0.726452168924039,-0.008624547982094307,7.334539944706285,-0.26191343485843815,-0.4268931096629656,3.040432648020684e-06,4.437104331057835e-07,-0.1206689737404949,-1.008488959739801,3.040031335389927e-05,6.137184740756991,-0.7701823957887932,1.563804539456002e-05,3.2271560375549955e-07,2.270212793877687e-08,-1.391335545729839,-0.7884271304148968,0.0176437354135512,2.7116906839704282,-4.010491550809112,-0.15061178894227442,0.0009547919099366768,4.778945025452157e-07,2.811469407810049,4.141918986360479,-0.0801155160323558,-2.315848504145084,1.6806799316800756,0.04484313682914216,0.0002858856700231729,4.0286669668487467e-07,-8.59824967063606,-4.553078264475203,0.4214997217000419,0.8415555188898896,-1.8041587786603497,-0.002128979338415525,4.3662496132004074e-05,1.708513622580592e-07,19.9838583097392,1.823982589926055,-0.2520870175409227,-0.14287338961752163,1.364851968039083,0.006932730468407001,5.151383772628657e-05,1.6553711549585576e-07,26.26732730726541,-14.48306978366554,-0.3069922427414504,0.5441861095434755,1.011989197756285,-0.03336128758565566
