,flag,epoch,sbx,sby,sbz,sbvx,sbvy,sbvz
0,1.0,2457143.5,-11.34152159117038,-29.929421649673927,6.682994822663782,1.2516403170930337,-0.6271969945998821,-0.16483969836611542
