,flag,epoch,sbx,sby,sbz,sbvx,sbvy,sbvz
0,1,2456658.5,34.53226061938742,-3.464077865036984,-5.6981224455668436,-0.05646757141637235,0.9522861729034204,-0.5662697062692017
