,flag,epoch,sbx,sby,sbz,sbvx,sbvy,sbvz
0,1.0,2456690.0,-2.0786261768137066,-2.911157366112539,0.48988472605130107,2.1287869600384313,-1.786094025717961,-0.08989077379830943
