,flag,epoch,sbx,sby,sbz,sbvx,sbvy,sbvz
0,1.0,2457820.0,1.8622789419694776,-0.7447739802555594,0.1869960459921592,1.8265790406534823,4.377728985363779,0.1024028025729851
1,1.0,2457820.0,1.8622789299020426,-0.7447740642368548,0.1869960456556849,1.8265791388290944,4.377728908367588,0.1024028035239332
