,flag,epoch,sbx,sby,sbz,sbvx,sbvy,sbvz
0,1.0,2457840.0,1.7980901645144134,-1.155205485856306,-0.1714799152127856,1.9770250126421791,3.922651044819986,-0.36085026085167315
1,1.0,2457840.0,1.7980901353733194,-1.1552056202399585,-0.1714799023539507,1.9770251447008111,3.9226508838239065,-0.36085030489492065
