,flag,epoch,sbx,sby,sbz,sbvx,sbvy,sbvz
0,1.0,2452853.5,-17.982730419033302,-40.78280758579062,0.5994779081419709,0.7411933864393447,-0.6758988439931117,-0.018023868227871002
