,flag,epoch,sbx,sby,sbz,sbvx,sbvy,sbvz
0,1,2457534.5,-1.9891002069165946,2.4353745464165266,-0.6216914615653981,-2.9304653940736705,-1.7447586464904745,-0.49171329639913314
