,flag,epoch,sbx,sby,sbz,sbvx,sbvy,sbvz
0,1,2457220.0,-0.8336276012338003,-1.7716987855864197,0.02625250722862317,4.3316433397080205,-1.9263340566954812,-0.4644937119242134
