,flag,epoch,sbx,sby,sbz,sbvx,sbvy,sbvz
0,1.0,2457170.0,6.527356801507645,38.433123775976284,-12.795509128774437,-0.9818411340506651,0.055762387515986375,-0.09957491809635284
