,mass_1,radius_1,x_1,y_1,z_1,vx_1,vy_1,vz_1,mass_2,radius_2,x_2,y_2,z_2,vx_2,vy_2,vz_2,mass_3,radius_3,x_3,y_3,z_3,vx_3,vy_3,vz_3,mass_4,radius_4,x_4,y_4,z_4,vx_4,vy_4,vz_4,mass_5,radius_5,x_5,y_5,z_5,vx_5,vy_5,vz_5,mass_6,radius_6,x_6,y_6,z_6,vx_6,vy_6,vz_6,mass_7,radius_7,x_7,y_7,z_7,vx_7,vy_7,vz_7,mass_8,radius_8,x_8,y_8,z_8,vx_8,vy_8,vz_8
0,1.660120825375342e-07,1.631393540950981e-08,0.3185615514059502,0.1040611830066152,-0.02072528084643218,-5.183757057879195,10.226065327782825,1.3111464193127078,2.447838287784771e-06,4.045378434654418e-08,-0.4884563330183773,0.5256696711299205,0.0353925143374277,-5.438314393530315,-5.067964282110387,0.24439960720531714,3.040432648020684e-06,4.437104331057835e-07,-0.5608614349340084,0.8090757468877198,-2.434929329149208e-05,-5.2666423186705424,-3.603587379371482,0.0001238075487796208,3.2271560375549955e-07,2.270212793877687e-08,-1.611791706233441,0.4093542132252205,0.04813970798757145,-1.0669902733482126,-4.517205659342446,-0.068457494551259,0.0009547919099366768,4.778945025452157e-07,-1.507358255072022,4.977802005829807,0.01305646316122757,-2.673634724450297,-0.6689627274399802,0.06260563967861468,0.0002858856700231729,4.0286669668487467e-07,-6.796043198145788,-7.168607550464865,0.3952032276532454,1.3659059850123438,-1.407779667727201,-0.029932364624780185,4.3662496132004074e-05,1.708513622580592e-07,19.62549637731964,4.010669208216584,-0.2392877451068806,-0.3001409321378898,1.3395994697189424,0.008891411457684352,5.151383772628657e-05,1.6553711549585576e-07,27.09512424423376,-12.8234155328755,-0.3602455291702377,0.48073747606077777,1.04218616372785,-0.03256013184035971
