,flag,epoch,sbx,sby,sbz,sbvx,sbvy,sbvz
0,1.0,2457572.5,26.407250925375656,33.37864110366772,-2.025153043803156,-0.769019338862413,0.5914303830728399,-0.01750154764382645
