,mass_1,radius_1,x_1,y_1,z_1,vx_1,vy_1,vz_1,mass_2,radius_2,x_2,y_2,z_2,vx_2,vy_2,vz_2,mass_3,radius_3,x_3,y_3,z_3,vx_3,vy_3,vz_3,mass_4,radius_4,x_4,y_4,z_4,vx_4,vy_4,vz_4,mass_5,radius_5,x_5,y_5,z_5,vx_5,vy_5,vz_5,mass_6,radius_6,x_6,y_6,z_6,vx_6,vy_6,vz_6,mass_7,radius_7,x_7,y_7,z_7,vx_7,vy_7,vz_7,mass_8,radius_8,x_8,y_8,z_8,vx_8,vy_8,vz_8
0,1.660120825375342e-07,1.631393540950981e-08,-0.1643600413011488,0.275047419174353,0.03755315550295529,-10.890908144133864,-4.876679264524749,0.6007553442782404,2.447838287784771e-06,4.045378434654418e-08,0.1059532954886121,0.7123082276158698,0.003647723619919112,-7.33242009685283,1.0499181041576944,0.43754031184724584,3.040432648020684e-06,4.437104331057835e-07,0.6953762241884703,-0.7384578373152408,2.220445184141844e-05,4.472790166489993,4.284359431099953,-0.00014977799990179813,3.2271560375549955e-07,2.270212793877687e-08,-0.2951507509854515,-1.450655226989531,-0.02315056309242353,5.202162588711317,-0.5796501762398031,-0.13983213720548238,0.0009547919099366768,4.778945025452157e-07,-2.844129464581744,4.437511071927056,0.04521281339806642,-2.355740979543648,-1.3583000505416147,0.058355451305830267,0.0002858856700231729,4.0286669668487467e-07,-6.036971547797033,-7.870528545224798,0.3771710082439619,1.50413357658705,-1.2467622657933408,-0.03823611225636394,4.3662496132004074e-05,1.708513622580592e-07,19.45356564347623,4.71544751196239,-0.2344282504790301,-0.35058354835145156,1.3276857376729907,0.009501328925554808,5.151383772628657e-05,1.6553711549585576e-07,27.34368615306452,-12.27028853208038,-0.3773775226176214,0.46000065049715266,1.0513417073127829,-0.03228020893658271
