,mass_1,radius_1,x_1,y_1,z_1,vx_1,vy_1,vz_1,mass_2,radius_2,x_2,y_2,z_2,vx_2,vy_2,vz_2,mass_3,radius_3,x_3,y_3,z_3,vx_3,vy_3,vz_3,mass_4,radius_4,x_4,y_4,z_4,vx_4,vy_4,vz_4,mass_5,radius_5,x_5,y_5,z_5,vx_5,vy_5,vz_5,mass_6,radius_6,x_6,y_6,z_6,vx_6,vy_6,vz_6,mass_7,radius_7,x_7,y_7,z_7,vx_7,vy_7,vz_7,mass_8,radius_8,x_8,y_8,z_8,vx_8,vy_8,vz_8
0,1.660120825375342e-07,1.631393540950981e-08,0.1298253813242124,0.2798608432446467,0.01096145085848923,-11.376110945735999,4.724364473431516,1.4295644566298693,2.447838287784771e-06,4.045378434654418e-08,-0.1468876176280794,-0.7112392390633469,-0.001287717264259016,7.185102311200515,-1.5238308247839274,-0.43551695418183345,3.040432648020684e-06,4.437104331057835e-07,-0.9307505815676689,-0.3717013947085709,2.364951124851998e-05,2.22836309702553,-5.859731245543149,0.00028101327433695933,3.2271560375549955e-07,2.270212793877687e-08,0.5333316808900056,-1.310379720268356,-0.04054517254346753,4.9265849514439966,2.3661652634923014,-0.07125895705957105,0.0009547919099366768,4.778945025452157e-07,4.865537386657427,-1.027968894294284,-0.1045882530235966,0.5376395631661153,2.8291288643064263,-0.023779771502590023,0.0002858856700231729,4.0286669668487467e-07,7.319434304690283,-6.660893595876498,-0.1754778854354365,1.2588741874666534,1.5056078295084183,-0.07626267097127676,4.3662496132004074e-05,1.708513622580592e-07,14.1205689113849,13.74828505802529,-0.1319357266350823,-1.0122494886437603,0.9651673886454646,0.016651801582720248,5.151383772628657e-05,1.6553711549585576e-07,29.67311505338434,-3.773578004718936,-0.6061710187507272,0.13786112087800034,1.1474258068854974,-0.026766181903694664
