,flag,epoch,sbx,sby,sbz,sbvx,sbvy,sbvz
0,1.0,2457060.0,1.805474870612025,1.7046469442460974,-0.16770207563048842,-2.5618087176064925,2.716569078486505,-0.11600130049927464
1,1.0,2457060.0,1.8054748355808308,1.7046469390001138,-0.167702077162185,-2.5618087485205137,2.716569117390775,-0.11600130238970471
