,flag,epoch,sbx,sby,sbz,sbvx,sbvy,sbvz
0,1.0,2457700.0,2.2581398727434276,0.5157978679855714,-0.13679307883953992,-0.4777795802442733,4.164685370450532,-0.43183883567411796
1,1.0,2457700.0,2.2581398940935107,0.515797867337759,-0.13679308625118758,-0.4777795431785453,4.164685343234334,-0.4318388407429682
