,flag,epoch,sbx,sby,sbz,sbvx,sbvy,sbvz
0,1,2457124.5,-3.055365940001291,0.14571192851110837,0.4869483204546275,-0.558920325508133,-3.1953013633459526,0.5205198034910583
