,mass_1,radius_1,x_1,y_1,z_1,vx_1,vy_1,vz_1,mass_2,radius_2,x_2,y_2,z_2,vx_2,vy_2,vz_2,mass_3,radius_3,x_3,y_3,z_3,vx_3,vy_3,vz_3,mass_4,radius_4,x_4,y_4,z_4,vx_4,vy_4,vz_4,mass_5,radius_5,x_5,y_5,z_5,vx_5,vy_5,vz_5,mass_6,radius_6,x_6,y_6,z_6,vx_6,vy_6,vz_6,mass_7,radius_7,x_7,y_7,z_7,vx_7,vy_7,vz_7,mass_8,radius_8,x_8,y_8,z_8,vx_8,vy_8,vz_8
0,1.660120825375342e-07,1.631393540950981e-08,0.2907211726387547,-0.295074494272891,-0.05077992090843682,5.282232991541405,7.69949549126846,0.14469582961197647,2.447838287784771e-06,4.045378434654418e-08,-0.6449424461837892,-0.3229878825649946,0.03278039386295183,3.2569598154046666,-6.639700892402262,-0.2790949602180503,3.040432648020684e-06,4.437104331057835e-07,-0.3154989931669141,-0.9638704472724551,5.220852574147084e-05,5.869997103782075,-1.9788156771549643,7.245683194660578e-05,3.2271560375549955e-07,2.270212793877687e-08,-1.538375452850986,0.6371671127280236,0.05108954544249712,-1.764372457146889,-4.286047906247941,-0.046547686997840836,0.0009547919099366768,4.778945025452157e-07,4.445630595394011,2.188243899351387,-0.1085526719066208,-1.2503475447406671,2.605032092503636,0.017153026937370343,0.0002858856700231729,4.0286669668487467e-07,8.547263059155451,-4.779129981453995,-0.2570533939297097,0.8805068167477959,1.7771373433723803,-0.06594720033830338,4.3662496132004074e-05,1.708513622580592e-07,12.91749691491703,14.80259918339666,-0.1124767357833993,-1.094165568640711,0.8803632596001723,0.017417118914687956,5.151383772628657e-05,1.6553711549585576e-07,29.8008155010518,-2.460315528695618,-0.6361113941245016,0.08586979643012159,1.152541976763253,-0.025675969886987424
