,flag,epoch,sbx,sby,sbz,sbvx,sbvy,sbvz
0,1.0,2455180.0,-34.00793111723957,-26.33440184462143,2.084148711362751,0.5488686119087581,-0.7953451888341898,-0.03377789031307204
