,mass_1,radius_1,x_1,y_1,z_1,vx_1,vy_1,vz_1,mass_2,radius_2,x_2,y_2,z_2,vx_2,vy_2,vz_2,mass_3,radius_3,x_3,y_3,z_3,vx_3,vy_3,vz_3,mass_4,radius_4,x_4,y_4,z_4,vx_4,vy_4,vz_4,mass_5,radius_5,x_5,y_5,z_5,vx_5,vy_5,vz_5,mass_6,radius_6,x_6,y_6,z_6,vx_6,vy_6,vz_6,mass_7,radius_7,x_7,y_7,z_7,vx_7,vy_7,vz_7,mass_8,radius_8,x_8,y_8,z_8,vx_8,vy_8,vz_8
0,1.660120825375342e-07,1.631393540950981e-08,-0.2722709197199111,0.2026387447042081,0.04153699647753459,-8.232488769141813,-7.818860058421035,0.1164195049364593,2.447838287784771e-06,4.045378434654418e-08,-0.6321171490241544,0.3396009654745248,0.04113328613157619,-3.5278172004878923,-6.543298497139448,0.11390339511915791,3.040432648020684e-06,4.437104331057835e-07,-0.7704822979880372,-0.6489904064445672,2.399758752270777e-05,3.9460304763932355,-4.829778724223673,0.00014888243470535144,3.2271560375549955e-07,2.270212793877687e-08,0.7521602000820297,1.292074964113835,0.008612107339815099,-4.222663183113832,3.00664599170469,0.1666428578940982,0.0009547919099366768,4.778945025452157e-07,-4.331397791690134,3.151061854301055,0.083835025141565,-1.6558434233697388,-2.100733628591784,0.04577584534841867,0.0002858856700231729,4.0286669668487467e-07,-4.871888233661466,-8.697319064240526,0.3451389342348005,1.6655316075414925,-1.0033667622573033,-0.048892103368616005,4.3662496132004074e-05,1.708513622580592e-07,19.17086972618415,5.682680638028978,-0.2271544971776246,-0.41978904740307904,1.3081814801625034,0.010321292581723639,5.151383772628657e-05,1.6553711549585576e-07,27.67060376516981,-11.49438733223451,-0.4009165130902764,0.43108248936419424,1.063459293751344,-0.031876668651371225
