,mass_1,radius_1,x_1,y_1,z_1,vx_1,vy_1,vz_1,mass_2,radius_2,x_2,y_2,z_2,vx_2,vy_2,vz_2,mass_3,radius_3,x_3,y_3,z_3,vx_3,vy_3,vz_3,mass_4,radius_4,x_4,y_4,z_4,vx_4,vy_4,vz_4,mass_5,radius_5,x_5,y_5,z_5,vx_5,vy_5,vz_5,mass_6,radius_6,x_6,y_6,z_6,vx_6,vy_6,vz_6,mass_7,radius_7,x_7,y_7,z_7,vx_7,vy_7,vz_7,mass_8,radius_8,x_8,y_8,z_8,vx_8,vy_8,vz_8
0,1.660120825375342e-07,1.631393540950981e-08,0.1340795616883821,0.2780485214224202,0.01041624976750055,-11.309870829824789,4.865383391850356,1.435233323084819,2.447838287784771e-06,4.045378434654418e-08,0.0979614772502136,0.7134290991401719,0.004122057401684085,-7.344011709132582,0.9673662012905362,0.43710050938927464,3.040432648020684e-06,4.437104331057835e-07,-0.6056265704260165,-0.809056825674758,2.549078426335517e-05,4.928485888806501,-3.789085543855764,0.00011257369419847765,3.2271560375549955e-07,2.270212793877687e-08,1.064225285505393,0.9955016736698602,-0.005271947333826139,-3.296918209171379,4.168010054288134,0.168273218103732,0.0009547919099366768,4.778945025452157e-07,0.4272472087912317,5.090028537446775,-0.03070030134476692,-2.782431381191818,0.36177271469864913,0.06076164112275627,0.0002858856700231729,4.0286669668487467e-07,-7.681588174967609,-6.113281687636312,0.4121265823822482,1.1561324004505609,-1.599133647975096,-0.018241072601995714,4.3662496132004074e-05,1.708513622580592e-07,19.81216492019418,3.066960334383454,-0.245229068951095,-0.2324112963512201,1.3527133652768728,0.008059701074744791,5.151383772628657e-05,1.6553711549585576e-07,26.74852001852785,-13.54950661527775,-0.3372979980646675,0.5082699143633348,1.0295746757198956,-0.03291651631426856
