,flag,epoch,sbx,sby,sbz,sbvx,sbvy,sbvz
0,1.0,2457936.5,2.4319809834618056,1.2119513035502476,-0.14895991036905207,-1.7864899384740192,3.3700607772846682,0.17502820766944846
