,flag,epoch,sbx,sby,sbz,sbvx,sbvy,sbvz
0,1.0,2457887.5,3.3918888480161566,2.5967496531783447,-0.12713369015163622,-1.507935673562158,2.3919494667453325,-0.7286483633502823
