,flag,epoch,sbx,sby,sbz,sbvx,sbvy,sbvz
0,1.0,2457222.5,-19.10153670031222,-26.213111885981355,3.464342591704221,1.0667106503623431,-0.5313286137224802,-0.07823465440318407
