,mass_1,radius_1,x_1,y_1,z_1,vx_1,vy_1,vz_1,mass_2,radius_2,x_2,y_2,z_2,vx_2,vy_2,vz_2,mass_3,radius_3,x_3,y_3,z_3,vx_3,vy_3,vz_3,mass_4,radius_4,x_4,y_4,z_4,vx_4,vy_4,vz_4,mass_5,radius_5,x_5,y_5,z_5,vx_5,vy_5,vz_5,mass_6,radius_6,x_6,y_6,z_6,vx_6,vy_6,vz_6,mass_7,radius_7,x_7,y_7,z_7,vx_7,vy_7,vz_7,mass_8,radius_8,x_8,y_8,z_8,vx_8,vy_8,vz_8
0,1.660120825375342e-07,1.631393540950981e-08,-0.2232789534358217,0.2421460909324398,0.04027032576361862,-9.636671499714138,-6.55496923607965,0.34851848545376957,2.447838287784771e-06,4.045378434654418e-08,-0.6118027244091028,0.3748698526881675,0.040444361393739,-3.8900770578722064,-6.3352267448639115,0.1376609639822085,3.040432648020684e-06,4.437104331057835e-07,-0.7916391895510617,-0.6221732276899564,2.31684563975179e-05,3.7807356753782324,-4.964284464634684,0.00015393003585865688,3.2271560375549955e-07,2.270212793877687e-08,0.7751474482559705,1.275383229987704,0.007698146732963231,-4.17313768461966,3.0899019022035374,0.16717183517247583,0.0009547919099366768,4.778945025452157e-07,-4.322314201122369,3.162552685593647,0.08358404721005573,-1.6619362174714516,-2.0962895484597923,0.04589379173552765,0.0002858856700231729,4.0286669668487467e-07,-4.881005259313932,-8.69181974882639,0.3454064462108078,1.6644616715567095,-1.005258000538758,-0.04881663475348048,4.3662496132004074e-05,1.708513622580592e-07,19.17316696665849,5.675516994932386,-0.2272109972946809,-0.41927801936356285,1.3083391512193687,0.010315375113184573,5.151383772628657e-05,1.6553711549585576e-07,27.66824269797296,-11.50021027582445,-0.4007419577683802,0.4312973091919239,1.0633708680606564,-0.031879662265435
