,flag,epoch,sbx,sby,sbz,sbvx,sbvy,sbvz
0,1,2457320.0,-1.4959130620131846,2.821019877619507,0.26586451410352213,-2.767127050270843,-2.0283118936344953,0.5964163740194195
