,flag,epoch,sbx,sby,sbz,sbvx,sbvy,sbvz
0,1.0,2456150.0,-2.799327170204186,0.6486100784473112,0.08496207408576684,-1.2077099782049316,-3.63934773368572,-0.05210430675792305
1,1.0,2456150.0,-2.799327026441188,0.6486099382310043,0.08496194883757355,-1.2077099536991025,-3.6393479749562063,-0.052104162329103865
