,flag,epoch,sbx,sby,sbz,sbvx,sbvy,sbvz
0,1.0,2457426.5,-11.645895774554022,34.670286744321594,-4.417170664135065,-1.0901423828349066,-0.34290817770206206,0.017200471862381248
