,flag,epoch,sbx,sby,sbz,sbvx,sbvy,sbvz
0,1.0,2457675.5,24.830185325716066,-33.77719085216283,5.027935022912424,0.721083644889009,0.5131993408273519,-0.29178048857393857
