,flag,epoch,sbx,sby,sbz,sbvx,sbvy,sbvz
0,1.0,2457650.0,-1.6930149586047645,1.927651020859325,0.30724728957999625,-2.929344858636819,-2.2205451662091136,-0.07622261378168137
1,1.0,2457650.0,-1.6930149799040501,1.9276510136933132,0.3072472744275986,-2.9293448454622326,-2.2205451616798944,-0.07622261703152937
