,flag,epoch,sbx,sby,sbz,sbvx,sbvy,sbvz
0,1.0,2454874.5,-0.4896198505220891,0.9495158804765735,-1.6594178535349597,-1.8159581588474887,-4.931711193212031,-3.273905184550073
