,flag,epoch,sbx,sby,sbz,sbvx,sbvy,sbvz
0,1,2457500.0,2.2819677771173037,-0.9509415330937022,-0.7175832512843612,1.836401493049297,3.849365798667986,0.07005450809250256
