,flag,epoch,sbx,sby,sbz,sbvx,sbvy,sbvz
0,1.0,2457670.0,2.0450213254812444,0.052304669422949646,-0.2494692098909715,-0.06132294786187254,4.6729676438280645,-0.11795726353683604
1,1.0,2457670.0,2.045021338581452,0.052304646327496124,-0.2494692145253649,-0.06132292294118866,4.67296761764713,-0.11795733059185469
