,flag,epoch,sbx,sby,sbz,sbvx,sbvy,sbvz
0,1,2457190.0,1.5828637138064638,-1.8988373050413805,-0.03321219723213773,2.5133864895263236,3.0445630480070167,-0.11559665052728214
