,mass_1,radius_1,x_1,y_1,z_1,vx_1,vy_1,vz_1,mass_2,radius_2,x_2,y_2,z_2,vx_2,vy_2,vz_2,mass_3,radius_3,x_3,y_3,z_3,vx_3,vy_3,vz_3,mass_4,radius_4,x_4,y_4,z_4,vx_4,vy_4,vz_4,mass_5,radius_5,x_5,y_5,z_5,vx_5,vy_5,vz_5,mass_6,radius_6,x_6,y_6,z_6,vx_6,vy_6,vz_6,mass_7,radius_7,x_7,y_7,z_7,vx_7,vy_7,vz_7,mass_8,radius_8,x_8,y_8,z_8,vx_8,vy_8,vz_8
0,1.660120825375342e-07,1.631393540950981e-08,0.143610930467077,-0.4233725148767339,-0.04776869418231376,7.672160123461355,3.8220595161156536,-0.3916008670850381,2.447838287784771e-06,4.045378434654418e-08,0.365132141916437,-0.6292543006910724,-0.02969569487340177,6.340069760118928,3.6827143505470223,-0.3154060715776971,3.040432648020684e-06,4.437104331057835e-07,0.03779396355987209,0.9831533206959876,-3.236914281609414e-05,-6.3814523657909525,0.2176523135967754,9.114271572622998e-06,3.2271560375549955e-07,2.270212793877687e-08,1.305225940455293,-0.4512044585790315,-0.04149005000505138,1.8659421987724836,5.267882886023166,0.06457918606326131,0.0009547919099366768,4.778945025452157e-07,-3.663322752813265,3.852834571070411,0.06597149594342538,-2.0322685462560717,-1.7707147569322172,0.05282767602485135,0.0002858856700231729,4.0286669668487467e-07,-5.460528073995611,-8.312429429099025,0.3618929087791437,1.5905884010374356,-1.1258572920167562,-0.043781635559293645,4.3662496132004074e-05,1.708513622580592e-07,19.31645654210049,5.208069502032201,-0.2308124983703245,-0.38583216264237563,1.318219332287493,0.009919616533657057,5.151383772628657e-05,1.6553711549585576e-07,27.51223891629772,-11.87766069193335,-0.3893599111029024,0.4453434182070787,1.057580241232156,-0.032079406553614555
