,flag,epoch,sbx,sby,sbz,sbvx,sbvy,sbvz
0,1.0,2456980.0,-34.31339701225122,10.8030956014732,1.630840514294918,-0.253969062430549,-1.087695009131437,-0.13371021921404966
