,flag,epoch,sbx,sby,sbz,sbvx,sbvy,sbvz
0,1.0,2457520.0,-1.7096750964024943,2.1404322413457573,0.10748711779865965,-2.701468972766884,-2.2629098393738145,-0.34253492913977585
1,1.0,2457520.0,-1.7096751027817187,2.1404322328804244,0.10748711056102606,-2.701468959512884,-2.262909854790871,-0.34253492107011185
