,flag,epoch,sbx,sby,sbz,sbvx,sbvy,sbvz
0,1.0,2457915.5,2.0848291314764897,0.5461404128726771,0.18356610834463583,-1.4111850021977321,4.137699058021313,0.049708198365137145
