,mass_1,radius_1,x_1,y_1,z_1,vx_1,vy_1,vz_1,mass_2,radius_2,x_2,y_2,z_2,vx_2,vy_2,vz_2,mass_3,radius_3,x_3,y_3,z_3,vx_3,vy_3,vz_3,mass_4,radius_4,x_4,y_4,z_4,vx_4,vy_4,vz_4,mass_5,radius_5,x_5,y_5,z_5,vx_5,vy_5,vz_5,mass_6,radius_6,x_6,y_6,z_6,vx_6,vy_6,vz_6,mass_7,radius_7,x_7,y_7,z_7,vx_7,vy_7,vz_7,mass_8,radius_8,x_8,y_8,z_8,vx_8,vy_8,vz_8
0,1.660120825375342e-07,1.631393540950981e-08,-0.3053784836786601,-0.3318150078773353,0.0009084969028275788,5.473379422893556,-6.4867104367464075,-1.0322062083122323,2.447838287784771e-06,4.045378434654418e-08,0.3174227688541069,-0.6546346414743924,-0.02728932806524919,6.597711554499016,3.1979609127775177,-0.33695925612398386,3.040432648020684e-06,4.437104331057835e-07,0.174339779126003,-1.001619074489451,2.979759394961467e-05,6.088610050756103,1.0539880457438442,-4.0659480768520174e-05,3.2271560375549955e-07,2.270212793877687e-08,-1.246333476287391,-0.9710371483788063,0.0102572728071246,3.333502495586465,-3.5953169345247225,-0.1571802641349656,0.0009547919099366768,4.778945025452157e-07,2.699509885173958,4.22093953908185,-0.0779383085540387,-2.357363887690309,1.6176927028021324,0.04603381983833905,0.0002858856700231729,4.0286669668487467e-07,-8.557508411406738,-4.639296036066008,0.4213770646809042,0.8590819290400417,-1.7947902707008219,-0.0029907472532190622,4.3662496132004074e-05,1.708513622580592e-07,19.97689990922726,1.889364545947265,-0.2517534173055396,-0.14759083247349258,1.3643750837965003,0.006992758164529483,5.151383772628657e-05,1.6553711549585576e-07,26.2933555877298,-14.43455966172063,-0.3085901227582317,0.5423074797595474,1.0129612967154589,-0.033338697341415736
