,flag,epoch,sbx,sby,sbz,sbvx,sbvy,sbvz
0,1.0,2456970.0,0.4688043899745735,2.235805649679924,-0.17208545493465593,-3.765708675891959,1.8849619308975016,-1.1604240484253396
