,mass_1,radius_1,x_1,y_1,z_1,vx_1,vy_1,vz_1,mass_2,radius_2,x_2,y_2,z_2,vx_2,vy_2,vz_2,mass_3,radius_3,x_3,y_3,z_3,vx_3,vy_3,vz_3,mass_4,radius_4,x_4,y_4,z_4,vx_4,vy_4,vz_4,mass_5,radius_5,x_5,y_5,z_5,vx_5,vy_5,vz_5,mass_6,radius_6,x_6,y_6,z_6,vx_6,vy_6,vz_6,mass_7,radius_7,x_7,y_7,z_7,vx_7,vy_7,vz_7,mass_8,radius_8,x_8,y_8,z_8,vx_8,vy_8,vz_8
0,1.660120825375342e-07,1.631393540950981e-08,-0.1179945255565913,-0.4507109505244181,-0.02600247587510808,7.878325742285996,-2.086759876522533,-0.8932970662088308,2.447838287784771e-06,4.045378434654418e-08,-0.04721948553774407,-0.7251651565289954,-0.007217684563789436,7.32270936494633,-0.5081257386262793,-0.42953346787943597,3.040432648020684e-06,4.437104331057835e-07,-0.8694778350544801,0.4708793386749791,-1.298204237233629e-05,-3.094848218563724,-5.549224587516701,0.00021515070840568315,3.2271560375549955e-07,2.270212793877687e-08,-1.554175713076602,-0.4747430145981879,0.02819496437593128,1.6837116701619539,-4.451580570465194,-0.13460850900138155,0.0009547919099366768,4.778945025452157e-07,-5.281114270254803,1.236550275358285,0.1130364006726478,-0.6618283058491652,-2.5559393782381803,0.025421943704225246,0.0002858856700231729,4.0286669668487467e-07,-3.46436870141154,-9.394146367301657,0.3011986658871594,1.8003183997095955,-0.7132079344417072,-0.05929307240776712,4.3662496132004074e-05,1.708513622580592e-07,18.80010727277303,6.732888594716566,-0.2184347475626265,-0.494985963570618,1.282928102256673,0.01119163131019387,5.151383772628657e-05,1.6553711549585576e-07,28.00694021371618,-10.62729409886449,-0.4265610589182072,0.39892583885509914,1.0762887352128423,-0.03140783247056732
