,flag,epoch,sbx,sby,sbz,sbvx,sbvy,sbvz
0,1,2457068.5,-3.225194225523161,-0.62512991568231,0.2839723722297415,0.43447353087505836,-3.225866817202084,-0.5337356000137765
