,flag,epoch,sbx,sby,sbz,sbvx,sbvy,sbvz
0,1.0,2455967.5,-43.472339490554965,-2.574410014360762,-0.042409547349712376,0.12218178325593966,-0.9559104312905939,0.007665948050981001
