,flag,epoch,sbx,sby,sbz,sbvx,sbvy,sbvz
0,1.0,2457789.5,20.284415959350152,-31.054617954806417,4.854430973608851,0.9844647182618258,0.3093217515458415,-0.6025690312968704
