,mass_1,radius_1,x_1,y_1,z_1,vx_1,vy_1,vz_1,mass_2,radius_2,x_2,y_2,z_2,vx_2,vy_2,vz_2,mass_3,radius_3,x_3,y_3,z_3,vx_3,vy_3,vz_3,mass_4,radius_4,x_4,y_4,z_4,vx_4,vy_4,vz_4,mass_5,radius_5,x_5,y_5,z_5,vx_5,vy_5,vz_5,mass_6,radius_6,x_6,y_6,z_6,vx_6,vy_6,vz_6,mass_7,radius_7,x_7,y_7,z_7,vx_7,vy_7,vz_7,mass_8,radius_8,x_8,y_8,z_8,vx_8,vy_8,vz_8
0,1.660120825375342e-07,1.631393540950981e-08,-0.3280483072884827,0.1364967994667071,0.04125088933257523,-6.0660558604884365,-9.050693470953993,-0.18295030385860006,2.447838287784771e-06,4.045378434654418e-08,-0.7111605486742287,0.1014053364033728,0.04243067361799856,-1.0826232617963647,-7.346315542054675,-0.038199584751698594,3.040432648020684e-06,4.437104331057835e-07,-0.8475636042611281,0.5082687170874237,-1.411268465265455e-05,-3.334002335274573,-5.412753767712421,0.0001819629387807848,3.2271560375549955e-07,2.270212793877687e-08,-1.651607454466747,0.1067922180768966,0.0427774955979563,-0.13888172510751925,-4.663762211051577,-0.09431046110257411,0.0009547919099366768,4.778945025452157e-07,-1.682090272867166,4.930841192432847,0.01716141714769309,-2.6442575275947333,-0.7601837487490989,0.06232639441336636,0.0002858856700231729,4.0286669668487467e-07,-6.7056934566879,-7.260478609475927,0.3932015781889922,1.3840719077400518,-1.3885078195553628,-0.030991821179058666,4.3662496132004074e-05,1.708513622580592e-07,19.60556791969524,4.09864611413781,-0.2387010114052939,-0.30642779328371417,1.338194716815969,0.008967110398099729,5.151383772628657e-05,1.6553711549585576e-07,27.12662844596101,-12.7548977949421,-0.362383905295238,0.47817401724303343,1.04332330382558,-0.032526813523087
