,flag,epoch,sbx,sby,sbz,sbvx,sbvy,sbvz
0,1,2457310.5,1.7091575078708237,-0.740473506915884,0.0070024758593377895,2.0012079080558363,4.5525029567247115,-0.21002256458912263
