,flag,epoch,sbx,sby,sbz,sbvx,sbvy,sbvz
0,1.0,2458392.5,2.1045466281528458,0.5232534205257279,-0.05030376098370417,-1.2153627049418345,4.38568670937759,-0.9450609673405411
