,flag,epoch,sbx,sby,sbz,sbvx,sbvy,sbvz
0,1.0,2457316.5,41.51701268626267,-6.7200528118203415,3.146250590913034,0.045239627928079985,0.9167395498189934,-0.3389281220348918
