,mass_1,radius_1,x_1,y_1,z_1,vx_1,vy_1,vz_1,mass_2,radius_2,x_2,y_2,z_2,vx_2,vy_2,vz_2,mass_3,radius_3,x_3,y_3,z_3,vx_3,vy_3,vz_3,mass_4,radius_4,x_4,y_4,z_4,vx_4,vy_4,vz_4,mass_5,radius_5,x_5,y_5,z_5,vx_5,vy_5,vz_5,mass_6,radius_6,x_6,y_6,z_6,vx_6,vy_6,vz_6,mass_7,radius_7,x_7,y_7,z_7,vx_7,vy_7,vz_7,mass_8,radius_8,x_8,y_8,z_8,vx_8,vy_8,vz_8
0,1.660120825375342e-07,1.631393540950981e-08,-0.2731257163174673,-0.3655032083427591,-0.004808756387609468,6.151688706371519,-5.6699119674544365,-1.0276659212233088,2.447838287784771e-06,4.045378434654418e-08,-0.7162846841389936,0.05707774636545494,0.04211660897112996,-0.6278472522814756,-7.396997947043572,-0.06519262855297225,3.040432648020684e-06,4.437104331057835e-07,0.7132998988713107,-0.7208748747452229,2.345833126485396e-05,4.364385620418509,4.396474184933534,-0.00018447465447343937,3.2271560375549955e-07,2.270212793877687e-08,0.3530162010164422,-1.38307309476278,-0.03764694859176061,5.145195893801825,1.7037270818146988,-0.09057142398582672,0.0009547919099366768,4.778945025452157e-07,-5.445883942292609,0.03901311105221754,0.1216963722538777,-0.05275533730252106,-2.628485907415544,0.012095360159478924,0.0002858856700231729,4.0286669668487467e-07,-2.622955683374884,-9.682781080028983,0.2727127038565287,1.8557546997198264,-0.5411201711505724,-0.06448186565913523,4.3662496132004074e-05,1.708513622580592e-07,18.56273811517764,7.319341477845351,-0.2131757980552434,-0.5370628653825766,1.2668704290696788,0.011671444139533051,5.151383772628657e-05,1.6553711549585576e-07,28.18620090364689,-10.13062152387102,-0.4409428423274113,0.3805260408280676,1.0832999389959683,-0.0311277579335998
