,flag,epoch,sbx,sby,sbz,sbvx,sbvy,sbvz
0,1.0,2456890.0,12.027662113654628,37.27585060578032,-9.037665304843674,-0.96818688226559,0.3896633443001671,-0.07113668300490922
