,flag,epoch,sbx,sby,sbz,sbvx,sbvy,sbvz
0,1.0,2457490.0,1.9977514219578352,0.803072538439492,0.15585187017843105,-1.217008008770958,4.256029385386104,0.4794589332194173
1,1.0,2457490.0,1.9977514417714832,0.8030724761901541,0.15585184980922814,-1.217007974522591,4.256029395404617,0.47945895036773273
