,flag,epoch,sbx,sby,sbz,sbvx,sbvy,sbvz
0,1,2457770.0,1.6202405124393013,2.4386750999033286,0.3794625673935118,-2.5239320727063213,2.2829457968728457,-0.6729720232078705
