,flag,epoch,sbx,sby,sbz,sbvx,sbvy,sbvz
0,1.0,2457528.5,39.21250467802977,0.9749819421591894,-4.076704264303409,0.03247523017546956,1.0627314413718913,0.041833582637069336
