,flag,epoch,sbx,sby,sbz,sbvx,sbvy,sbvz
0,1.0,2456680.5,1.573098686225972,-3.3094829308671536,-0.7567852418057612,4.0844843453936575,1.1169608202571826,-0.912527223639061
