,flag,epoch,sbx,sby,sbz,sbvx,sbvy,sbvz
0,1.0,2458088.5,18.623891574381858,-13.403954270700265,8.121037427420244,0.15932720746988152,1.1846298205621852,-0.3239483927876523
