,flag,epoch,sbx,sby,sbz,sbvx,sbvy,sbvz
0,1.0,2457850.0,-2.194033089981157,1.6872921895366713,-0.09958708705813428,-2.272565762141073,-2.6519159896436575,0.3905229281795035
1,1.0,2457850.0,-2.1940330566032693,1.6872922524977527,-0.09958708444326796,-2.2725658015904644,-2.651915931977069,0.3905229185666118
