,flag,epoch,sbx,sby,sbz,sbvx,sbvy,sbvz
0,1.0,2454720.0,-40.394419865184055,9.753533390535912,2.5079621916405683,-0.17403687200061455,-0.9840119974700692,0.023274940777916187
