,flag,epoch,sbx,sby,sbz,sbvx,sbvy,sbvz
0,1.0,2457681.5,-31.922276718727616,-37.13209871211227,-0.9149343573367701,0.7485594977918152,-0.4325834888679667,-0.1669039095204974
