,flag,epoch,sbx,sby,sbz,sbvx,sbvy,sbvz
0,1.0,2457751.5,-36.41289070541267,12.093298893860819,-10.856293627736461,-0.11696268271748805,-1.0775021011543782,0.1572133817768001
