,mass_1,radius_1,x_1,y_1,z_1,vx_1,vy_1,vz_1,mass_2,radius_2,x_2,y_2,z_2,vx_2,vy_2,vz_2,mass_3,radius_3,x_3,y_3,z_3,vx_3,vy_3,vz_3,mass_4,radius_4,x_4,y_4,z_4,vx_4,vy_4,vz_4,mass_5,radius_5,x_5,y_5,z_5,vx_5,vy_5,vz_5,mass_6,radius_6,x_6,y_6,z_6,vx_6,vy_6,vz_6,mass_7,radius_7,x_7,y_7,z_7,vx_7,vy_7,vz_7,mass_8,radius_8,x_8,y_8,z_8,vx_8,vy_8,vz_8
0,1.660120825375342e-07,1.631393540950981e-08,-0.2729660533215829,0.2019746352216106,0.04154648049621269,-8.209769146106467,-7.8357550793723725,0.11294645687063457,2.447838287784771e-06,4.045378434654418e-08,0.2807159277133709,-0.6711774632450443,-0.02539895490349476,6.7656972625250456,2.825747562358249,-0.35170438489244893,3.040432648020684e-06,4.437104331057835e-07,0.5740395194493004,-0.8376939888111189,2.605735330917167e-05,5.081406620928995,3.5286015852873436,-0.00013514198570154217,3.2271560375549955e-07,2.270212793877687e-08,-0.3917290833907678,1.553567798915136,0.04216715023378653,-4.76198658783582,-0.8156262512254518,0.09978724720889084,0.0009547919099366768,4.778945025452157e-07,-4.697222380547631,2.622812061690625,0.0942144916201234,-1.3777986779626905,-2.2785202265491438,0.04029199985907847,0.0002858856700231729,4.0286669668487467e-07,-4.465109877662806,-8.928949400813975,0.3329648894147658,1.710494059022236,-0.9191016457250296,-0.05214392586193636,4.3662496132004074e-05,1.708513622580592e-07,19.06702294505068,5.997017998854531,-0.2246362703194318,-0.44225770454087826,1.301127344755384,0.010583122256840556,5.151383772628657e-05,1.6553711549585576e-07,27.7733226107927,-11.23769451244351,-0.4085803500960535,0.42157734711401285,1.067383073587385,-0.03174070955328653
