,mass_1,radius_1,x_1,y_1,z_1,vx_1,vy_1,vz_1,mass_2,radius_2,x_2,y_2,z_2,vx_2,vy_2,vz_2,mass_3,radius_3,x_3,y_3,z_3,vx_3,vy_3,vz_3,mass_4,radius_4,x_4,y_4,z_4,vx_4,vy_4,vz_4,mass_5,radius_5,x_5,y_5,z_5,vx_5,vy_5,vz_5,mass_6,radius_6,x_6,y_6,z_6,vx_6,vy_6,vz_6,mass_7,radius_7,x_7,y_7,z_7,vx_7,vy_7,vz_7,mass_8,radius_8,x_8,y_8,z_8,vx_8,vy_8,vz_8
0,1.660120825375342e-07,1.631393540950981e-08,0.06709414527023796,0.2995268723368975,0.01832001691001652,-12.087833113773911,2.6295101950111723,1.323800312088456,2.447838287784771e-06,4.045378434654418e-08,-0.3101076843730904,-0.6555425207071336,0.008902914579681138,6.627145661800138,-3.191844811537728,-0.4262124822632811,3.040432648020684e-06,4.437104331057835e-07,0.1640444097908632,0.9707767988221568,-4.15229216010714e-05,-6.298305922600623,1.0236525815621607,-1.749830280539819e-05,3.2271560375549955e-07,2.270212793877687e-08,-1.638333382014282,-0.1433826846350082,0.03720308344115096,0.6364243972077988,-4.655076572935773,-0.11316652640116272,0.0009547919099366768,4.778945025452157e-07,-4.349300574679798,-3.257538345937565,0.1108483704434678,1.6204665811236654,-2.078037150776012,-0.027630942546211675,0.0002858856700231729,4.0286669668487467e-07,-0.05683039026276331,-10.06266018487239,0.1771631289330872,1.9278057649026008,-0.019571600247133634,-0.07638942889442914,4.3662496132004074e-05,1.708513622580592e-07,17.75672612158355,8.992198083415909,-0.1965243920690125,-0.6577528935985674,1.2126037256583375,0.013009403815049737,5.151383772628657e-05,1.6553711549585576e-07,28.66249605484618,-8.656675210167462,-0.4823347992223508,0.32571954109997825,1.1026028316171586,-0.03025332604417912
