,flag,epoch,sbx,sby,sbz,sbvx,sbvy,sbvz
0,1.0,2457993.5,-1.6828309707066598,2.4144183986406977,0.17416717614651134,-2.999368511499485,-1.586504130247342,0.03727418878835039
