,mass_1,radius_1,x_1,y_1,z_1,vx_1,vy_1,vz_1,mass_2,radius_2,x_2,y_2,z_2,vx_2,vy_2,vz_2,mass_3,radius_3,x_3,y_3,z_3,vx_3,vy_3,vz_3,mass_4,radius_4,x_4,y_4,z_4,vx_4,vy_4,vz_4,mass_5,radius_5,x_5,y_5,z_5,vx_5,vy_5,vz_5,mass_6,radius_6,x_6,y_6,z_6,vx_6,vy_6,vz_6,mass_7,radius_7,x_7,y_7,z_7,vx_7,vy_7,vz_7,mass_8,radius_8,x_8,y_8,z_8,vx_8,vy_8,vz_8
0,1.660120825375342e-07,1.631393540950981e-08,0.3468659012970312,0.03011740631650904,-0.02936060146072036,-2.873711804037649,10.697250340706978,1.1377330759816213,2.447838287784771e-06,4.045378434654418e-08,0.3857366164278723,-0.6168470428394216,-0.03072068537906444,6.214001501405852,3.8914612631186767,-0.30520870644993564,3.040432648020684e-06,4.437104331057835e-07,-0.2418369488592615,-0.9856208759577333,4.197840457424528e-05,6.0006803592396585,-1.52093037700593,3.60286359290765e-05,3.2271560375549955e-07,2.270212793877687e-08,-0.3002300610912001,1.566262879168266,0.04019004192477095,-4.826172408540727,-0.5276315489067006,0.10738621303145161,0.0009547919099366768,4.778945025452157e-07,-5.035347013713469,-2.090967298230795,0.1213548762742797,1.0247757500087433,-2.4176716384738355,-0.012890609960984034,0.0002858856700231729,4.0286669668487467e-07,-1.049632924251332,-10.00054285885371,0.215600394116488,1.9163276568172698,-0.22100284310385268,-0.07243979647794722,4.3662496132004074e-05,1.708513622580592e-07,18.08441651610644,8.360633068364892,-0.2031102710380167,-0.6120213518976578,1.2346410526926885,0.012508920176518838,5.151383772628657e-05,1.6553711549585576e-07,28.48893239410859,-9.223882825319913,-0.4666323850604215,0.34689036606439266,1.0954473213261515,-0.030598284647328527
