,flag,epoch,sbx,sby,sbz,sbvx,sbvy,sbvz
0,1.0,2457643.5,-4.7329213477699446,29.013224813061363,-0.7490087102859581,-1.2826804714852977,-0.17786634300658744,0.05940452082135353
