,flag,epoch,sbx,sby,sbz,sbvx,sbvy,sbvz
0,1.0,2457539.5,33.18868931453309,10.841485126061503,-24.544142687021015,-0.37266309982667817,1.1725304117869342,-0.3444507270558352
