,flag,epoch,sbx,sby,sbz,sbvx,sbvy,sbvz
0,1.0,2456300.0,1.7641442201597468,2.159504904060319,-0.4093869968906669,-3.019369902142957,2.3075570595509842,-0.01181708532204821
1,1.0,2456300.0,1.7641443105030248,2.159504850395635,-0.4093870314293252,-3.0193698348445843,2.3075571009205826,-0.011817240031582672
