,mass_1,radius_1,x_1,y_1,z_1,vx_1,vy_1,vz_1,mass_2,radius_2,x_2,y_2,z_2,vx_2,vy_2,vz_2,mass_3,radius_3,x_3,y_3,z_3,vx_3,vy_3,vz_3,mass_4,radius_4,x_4,y_4,z_4,vx_4,vy_4,vz_4,mass_5,radius_5,x_5,y_5,z_5,vx_5,vy_5,vz_5,mass_6,radius_6,x_6,y_6,z_6,vx_6,vy_6,vz_6,mass_7,radius_7,x_7,y_7,z_7,vx_7,vy_7,vz_7,mass_8,radius_8,x_8,y_8,z_8,vx_8,vy_8,vz_8
0,1.660120825375342e-07,1.631393540950981e-08,-0.1610018377189969,-0.4364238239046689,-0.0208892542300335,7.5758207266142135,-3.0483603060277904,-0.9441221482235596,2.447838287784771e-06,4.045378434654418e-08,-0.3735697735261896,0.6130449178466851,0.02996239707895083,-6.333571468985737,-3.8852294973714816,0.31222006033448374,3.040432648020684e-06,4.437104331057835e-07,0.491667272202938,0.8565378530103476,-3.314360552286453e-05,-5.552199881795741,3.104814221594117,-8.615985131405054e-05,3.2271560375549955e-07,2.270212793877687e-08,-1.533167327612753,0.6499655100125552,0.05124780079188705,-1.803393909682365,-4.269523541390056,-0.045205731187957496,0.0009547919099366768,4.778945025452157e-07,-5.078692679720403,1.855461416503967,0.105937052230929,-0.9795877050693732,-2.4610686360579637,0.03213933523522886,0.0002858856700231729,4.0286669668487467e-07,-3.903624803162684,-9.207263766960146,0.3154423152761627,1.7642527675015853,-0.8033816942685139,-0.05629303832479879,4.3662496132004074e-05,1.708513622580592e-07,18.91928365981612,6.415761761216202,-0.2211605204401228,-0.4723023849493936,1.2910419042269468,0.010932161642401962,5.151383772628657e-05,1.6553711549585576e-07,27.90743869277132,-10.89202799333198,-0.4188041485964998,0.40869550688699596,1.0724756356523641,-0.0315518453889604
