,flag,epoch,sbx,sby,sbz,sbvx,sbvy,sbvz
0,1,2457350.0,-0.8596567223206533,2.984462720740653,0.0028718448690079916,-3.3009004835844293,-1.4113384091795729,0.15754854834193294
