,flag,epoch,sbx,sby,sbz,sbvx,sbvy,sbvz
0,1.0,2457880.0,-2.524278374022429,0.3525807153659559,-0.11404261480305673,-0.1626591578652054,-3.7295970504675586,0.39289297740571866
1,1.0,2457880.0,-2.5242783591985587,0.35258071403537916,-0.11404260871625888,-0.162659150171482,-3.729597069941968,0.3928930058349643
