,mass_1,radius_1,x_1,y_1,z_1,vx_1,vy_1,vz_1,mass_2,radius_2,x_2,y_2,z_2,vx_2,vy_2,vz_2,mass_3,radius_3,x_3,y_3,z_3,vx_3,vy_3,vz_3,mass_4,radius_4,x_4,y_4,z_4,vx_4,vy_4,vz_4,mass_5,radius_5,x_5,y_5,z_5,vx_5,vy_5,vz_5,mass_6,radius_6,x_6,y_6,z_6,vx_6,vy_6,vz_6,mass_7,radius_7,x_7,y_7,z_7,vx_7,vy_7,vz_7,mass_8,radius_8,x_8,y_8,z_8,vx_8,vy_8,vz_8
0,1.660120825375342e-07,1.631393540950981e-08,-0.3632067850000079,0.07170103665614341,0.03917930748632813,-4.121884881658035,-9.640565391199885,-0.40962234993231406,2.447838287784771e-06,4.045378434654418e-08,0.4580568289554028,0.5584384626120139,-0.01877244351390226,-5.7350952524421395,4.653334640919179,0.39478434930764633,3.040432648020684e-06,4.437104331057835e-07,-0.9922059857868412,-0.1046968366628113,8.506517907296864e-06,0.5572947134728626,-6.272730088957808,0.00026378263225669557,3.2271560375549955e-07,2.270212793877687e-08,-0.8910905055595505,-1.254911314284893,-0.004426527644323743,4.3597097701702205,-2.5215631631357414,-0.15982530924067978,0.0009547919099366768,4.778945025452157e-07,-3.843368202368181,-3.817218345519797,0.1018517922149569,1.9107073188017827,-1.8273790854350198,-0.03516434740621456,0.0002858856700231729,4.0286669668487467e-07,0.4945505809425199,-10.0522556178451,0.1550374303030659,1.9255521909934572,0.09227575098060753,-0.07823712860954642,4.3662496132004074e-05,1.708513622580592e-07,17.56494988926136,9.337300399507834,-0.1927632107717887,-0.6828185302047105,1.1997194062783145,0.01328268355540633,5.151383772628657e-05,1.6553711549585576e-07,28.75399746463449,-8.340660963930254,-0.4909621476699766,0.3138962066194038,1.1064464011018955,-0.03005431060493918
