,flag,epoch,sbx,sby,sbz,sbvx,sbvy,sbvz
0,1.0,2457520.0,-0.5095449883784708,2.28805803020702,0.2189016341257147,-4.15601991786636,-0.3493644057876381,0.4119802497143485
1,1.0,2457520.0,-0.509544999062074,2.2880580273293916,0.2189016296404205,-4.156019925079216,-0.3493643946452794,0.41198023839322473
