,flag,epoch,sbx,sby,sbz,sbvx,sbvy,sbvz
0,1,2457245.5,-2.7317407670049128,1.6683228070966347,-0.2651445957549603,-2.1639370424216824,-2.6835361001236513,-0.5055184945918476
