,flag,epoch,sbx,sby,sbz,sbvx,sbvy,sbvz
0,1,2457800.0,0.467686806047449,3.289156522080888,-0.15763427512853892,-3.2582599803441825,0.8772355798837769,0.9115901779470996
