,flag,epoch,sbx,sby,sbz,sbvx,sbvy,sbvz
0,1,2457420.0,0.6024629784540176,-1.8758823506277245,0.4207471031797051,4.488996866090893,1.9189491392809028,-0.3392014667290503
