,flag,epoch,sbx,sby,sbz,sbvx,sbvy,sbvz
0,1.0,2456010.0,-0.9300839658071711,2.243387816883358,-0.6311542866581923,-3.627889176547448,-1.4707254001409331,0.44522910219084283
1,1.0,2456010.0,-0.9300839841925905,2.2433878382489363,-0.6311543199009326,-3.6278891402912623,-1.470725348151911,0.4452290891248395
