,mass_1,radius_1,x_1,y_1,z_1,vx_1,vy_1,vz_1,mass_2,radius_2,x_2,y_2,z_2,vx_2,vy_2,vz_2,mass_3,radius_3,x_3,y_3,z_3,vx_3,vy_3,vz_3,mass_4,radius_4,x_4,y_4,z_4,vx_4,vy_4,vz_4,mass_5,radius_5,x_5,y_5,z_5,vx_5,vy_5,vz_5,mass_6,radius_6,x_6,y_6,z_6,vx_6,vy_6,vz_6,mass_7,radius_7,x_7,y_7,z_7,vx_7,vy_7,vz_7,mass_8,radius_8,x_8,y_8,z_8,vx_8,vy_8,vz_8
0,1.660120825375342e-07,1.631393540950981e-08,-0.09425311195217011,-0.4561628107953452,-0.02862704716831256,8.001552620824173,-1.5601582602757762,-0.8615613359651125,2.447838287784771e-06,4.045378434654418e-08,0.6296122927222663,-0.3630359124665315,-0.04131042405702676,3.6464504667188673,6.369601790162061,-0.12308455023214322,3.040432648020684e-06,4.437104331057835e-07,0.6388393262247365,0.7560194918649619,-3.158951685295563e-05,-4.902142551097333,4.032474440766572,-0.00012849774910413998,3.2271560375549955e-07,2.270212793877687e-08,1.333153863102741,-0.3640357775172418,-0.04034703765406821,1.54166885598622,5.368142747812852,0.07465685409144189,0.0009547919099366768,4.778945025452157e-07,-5.413042218091377,-0.6573682723721428,0.1238531491462067,0.2994930404377137,-2.6084071606193535,0.004129671642171329,0.0002858856700231729,4.0286669668487467e-07,-2.126696001669772,-9.813075797961032,0.2552193729270747,1.8806559920780974,-0.4399346156945934,-0.06722697060978941,4.3662496132004074e-05,1.708513622580592e-07,18.41690688437741,7.654492990782577,-0.2100401976731797,-0.5611714584426447,1.2570582012608833,0.011942697344887414,5.151383772628657e-05,1.6553711549585576e-07,28.28583955680965,-9.84239716831739,-0.4491876994103474,0.36982232504816526,1.087281204486275,-0.030962336170400357
