,flag,sbx,sby,sbz,sbvx,sbvy,sbvz,epoch
0,1.0,-26.23143005657423,26.148589721066728,-15.927789749514773,0.7480878270269982,0.7187651544759313,-0.05202971621773651,2458725.5
