,flag,epoch,sbx,sby,sbz,sbvx,sbvy,sbvz
0,1.0,2458725.5,-15.107059727928547,37.358212939147116,1.2929910628118386,-0.1530998410879615,-0.06211287918811161,0.0058296793671534656
