,mass_1,radius_1,x_1,y_1,z_1,vx_1,vy_1,vz_1,mass_2,radius_2,x_2,y_2,z_2,vx_2,vy_2,vz_2,mass_3,radius_3,x_3,y_3,z_3,vx_3,vy_3,vz_3,mass_4,radius_4,x_4,y_4,z_4,vx_4,vy_4,vz_4,mass_5,radius_5,x_5,y_5,z_5,vx_5,vy_5,vz_5,mass_6,radius_6,x_6,y_6,z_6,vx_6,vy_6,vz_6,mass_7,radius_7,x_7,y_7,z_7,vx_7,vy_7,vz_7,mass_8,radius_8,x_8,y_8,z_8,vx_8,vy_8,vz_8
0,1.660120825375342e-07,1.631393540950981e-08,-0.1295655566338983,-0.4474479777358613,-0.02467709217998634,7.807116949262115,-2.344539575992222,-0.9077735287547658,2.447838287784771e-06,4.045378434654418e-08,-0.5554943022731814,-0.4622875567327346,0.02571287246378234,4.6736938471546186,-5.7130920241600744,-0.348097853188725,3.040432648020684e-06,4.437104331057835e-07,0.9907844212702922,0.1435308181246462,-8.968422040292985e-06,-1.003422593335006,6.195210866126209,-0.00028189886638118683,3.2271560375549955e-07,2.270212793877687e-08,-1.644008792783737,0.2201709464856668,0.04495062106337851,-0.48791309877891426,-4.629000876607792,-0.08502756026278252,0.0009547919099366768,4.778945025452157e-07,-0.1520335806754971,-5.258065115365837,0.02524138197265772,2.7245742611589354,0.050438907245628155,-0.061171193518614206,0.0002858856700231729,4.0286669668487467e-07,3.350217542162949,-9.46747508352365,0.03123807383716483,1.8113692483467219,0.6739386453429005,-0.08378819976336123,4.3662496132004074e-05,1.708513622580592e-07,16.43042147501976,11.10085567845997,-0.1715648636011722,-0.8121603312783312,1.123423796458561,0.01464895224631548,5.151383772628657e-05,1.6553711549585576e-07,29.18188973359823,-6.647860910409945,-0.5357149284513891,0.2499114679908932,1.125148579533853,-0.02893499271161003
