,mass_1,radius_1,x_1,y_1,z_1,vx_1,vy_1,vz_1,mass_2,radius_2,x_2,y_2,z_2,vx_2,vy_2,vz_2,mass_3,radius_3,x_3,y_3,z_3,vx_3,vy_3,vz_3,mass_4,radius_4,x_4,y_4,z_4,vx_4,vy_4,vz_4,mass_5,radius_5,x_5,y_5,z_5,vx_5,vy_5,vz_5,mass_6,radius_6,x_6,y_6,z_6,vx_6,vy_6,vz_6,mass_7,radius_7,x_7,y_7,z_7,vx_7,vy_7,vz_7,mass_8,radius_8,x_8,y_8,z_8,vx_8,vy_8,vz_8
0,1.660120825375342e-07,1.631393540950981e-08,-0.3356463351400066,-0.2905260822546302,0.007060235079787026,4.627832335149299,-7.306968102499816,-1.0216458033860003,2.447838287784771e-06,4.045378434654418e-08,-0.6997295844737782,0.1612842307827154,0.04259290932284222,-1.6966989822418228,-7.232118990038093,-0.0011560816360933507,3.040432648020684e-06,4.437104331057835e-07,-0.460088906458778,0.8696364828993283,-2.224372395934849e-05,-5.65664149690096,-2.962437920175059,9.529181517215361e-05,3.2271560375549955e-07,2.270212793877687e-08,0.7948147016985063,-1.150476248873302,-0.04362437286745558,4.398259418394847,3.3434788979170738,-0.037939991801507617,0.0009547919099366768,4.778945025452157e-07,4.885350529316521,0.7855833445549535,-0.112586904064611,-0.47186055965058316,2.8548117199034104,-0.001295392326040609,0.0002858856700231729,4.0286669668487467e-07,-9.398380410713598,-1.865466125246491,0.4065853369934278,0.2866317004959703,-2.000897361242322,0.023426961837337494,4.3662496132004074e-05,1.708513622580592e-07,20.08699694740723,-0.09769573764923055,-0.2605653214065361,-0.003908125708674394,1.3717977711857705,0.005139306252169618,5.151383772628657e-05,1.6553711549585576e-07,25.46531739873571,-15.88239490447387,-0.2597392437119023,0.5988565440979116,0.9818376745993641,-0.03397898944225333
