,flag,epoch,sbx,sby,sbz,sbvx,sbvy,sbvz
0,1,2456892.5,1.0632896154919576,-2.2072399779704033,0.16269427540636255,3.7475333534923103,1.583140433822542,0.1861627879780199
