,flag,epoch,sbx,sby,sbz,sbvx,sbvy,sbvz
0,1,2454650.5,29.41622053676248,-30.53530870632776,-0.48515248686836837,0.722823874633228,0.6511911032516591,-0.032382952180478305
