,mass_1,radius_1,x_1,y_1,z_1,vx_1,vy_1,vz_1,mass_2,radius_2,x_2,y_2,z_2,vx_2,vy_2,vz_2,mass_3,radius_3,x_3,y_3,z_3,vx_3,vy_3,vz_3,mass_4,radius_4,x_4,y_4,z_4,vx_4,vy_4,vz_4,mass_5,radius_5,x_5,y_5,z_5,vx_5,vy_5,vz_5,mass_6,radius_6,x_6,y_6,z_6,vx_6,vy_6,vz_6,mass_7,radius_7,x_7,y_7,z_7,vx_7,vy_7,vz_7,mass_8,radius_8,x_8,y_8,z_8,vx_8,vy_8,vz_8
0,1.660120825375342e-07,1.631393540950981e-08,-0.3912674009643242,-0.02888765118949366,0.03353532210192271,-1.3809492335135596,-9.806510733737177,-0.6746080320854069,2.447838287784771e-06,4.045378434654418e-08,0.7153959775800978,0.1166346044481827,-0.03968357387902561,-1.216495058047857,7.2579415214880605,0.16971281933610727,3.040432648020684e-06,4.437104331057835e-07,-0.8144105852370683,-0.5910943535011204,2.560412308942904e-05,3.588660762242926,-5.10914456221245,0.00017208660825071304,3.2271560375549955e-07,2.270212793877687e-08,-1.04030262332108,-1.156612894502826,0.00129406920074205,3.9919950377207507,-2.980307617067924,-0.16042897404114953,0.0009547919099366768,4.778945025452157e-07,-5.378097401540061,0.777455955582885,0.1171129145589638,-0.42762638427683713,-2.6001780557892693,0.02036657168261445,0.0002858856700231729,4.0286669668487467e-07,-3.141877414875634,-9.51520051496489,0.2904614540422107,1.8235985156621697,-0.6471403991511938,-0.06136352381986016,4.3662496132004074e-05,1.708513622580592e-07,18.7105653070684,6.960663707207885,-0.2164263037466571,-0.5113217615348665,1.2768771129782204,0.011379788151845524,5.151383772628657e-05,1.6553711549585576e-07,28.07730144295383,-10.43551176176201,-0.43214076879105,0.39181837346433274,1.079039215296817,-0.03129940827737427
