,flag,epoch,sbx,sby,sbz,sbvx,sbvy,sbvz
0,1,2456921.5,31.64254841529894,19.367233149379118,-10.936755354530241,-0.47514570205659684,0.883697050475791,0.2166735167594045
