,flag,epoch,sbx,sby,sbz,sbvx,sbvy,sbvz
0,1.0,2457770.0,2.0566917024542346,-0.7331084659987512,-0.2742136422557193,1.0632110150452656,4.317135051746427,-0.007853863199786064
1,1.0,2457770.0,2.0566917180725817,-0.7331084780396898,-0.27421363580953395,1.063211029514746,4.31713501290786,-0.007853854652291315
