,flag,epoch,sbx,sby,sbz,sbvx,sbvy,sbvz
0,1.0,2457602.5,42.684622033141764,3.2471191940292723,-3.571056486470536,-0.06958298696021673,0.9654969925292224,0.008129059696140547
