,flag,epoch,sbx,sby,sbz,sbvx,sbvy,sbvz
0,1.0,2457530.5,1.4327635448529232,-2.475126390077793,-0.339145214015126,2.8283970826015183,1.825149870461292,-0.034621744514854315
