,flag,epoch,sbx,sby,sbz,sbvx,sbvy,sbvz
0,1.0,2456990.0,2.286818053793356,-1.2102444501435285,-0.10703394337177834,2.1274882473036367,3.654838664961899,-0.007302079351342875
1,1.0,2456990.0,2.286817930119642,-1.210244484953291,-0.10703396323748086,2.1274883936350886,3.6548387232252884,-0.00730196293894454
