,flag,epoch,sbx,sby,sbz,sbvx,sbvy,sbvz
0,1.0,2456667.5,-10.476725577017739,-1.6026012106139702,-2.4987962931107877,-0.6536263412207672,-2.138867638149562,0.3723316719612136
