,flag,epoch,sbx,sby,sbz,sbvx,sbvy,sbvz
0,1.0,2457370.0,2.4987227498808755,0.8297522939399441,-0.12559197627588065,-1.0874443852269886,3.5289254565555352,-0.37949226730504915
1,1.0,2457370.0,2.4987227411607,0.8297522615228491,-0.1255919860984819,-1.0874443508923988,3.528925495640022,-0.37949229783924704
