,flag,epoch,sbx,sby,sbz,sbvx,sbvy,sbvz
0,1,2457405.5,-2.078742342463735,3.0733361588744903,0.10361073892259222,-2.6148540714526494,-1.4190167764349007,0.01595371375706961
