,flag,epoch,sbx,sby,sbz,sbvx,sbvy,sbvz
0,1.0,2457280.0,2.742207751356851,0.3202015062775079,0.3636005978220148,-0.7004054916998064,3.7067278973009863,-0.24606844280047985
1,1.0,2457280.0,2.742207743900822,0.3202015683111489,0.3636005898724394,-0.7004054468492499,3.7067279070872683,-0.24606845873922034
