,flag,epoch,sbx,sby,sbz,sbvx,sbvy,sbvz
0,1.0,2456093.5,-39.524030757612536,10.969291014883382,-3.9023828295718577,-0.16171368387267937,-1.0416552769283527,0.4196718378407209
