,flag,epoch,sbx,sby,sbz,sbvx,sbvy,sbvz
0,1,2457150.0,2.4932528986176625,-2.405969501364946,-0.08571935528206726,2.31863418912621,2.2232567307344584,0.023918070169678545
