,flag,epoch,sbx,sby,sbz,sbvx,sbvy,sbvz
0,1.0,2456750.0,-2.413776363275281,-1.685515550199189,0.023738349192015798,2.650010586962866,-2.665673417051596,-0.4831441521749343
