,flag,epoch,sbx,sby,sbz,sbvx,sbvy,sbvz
0,1.0,2457931.5,-2.733394996061668,0.8014673253358042,0.25637476881613785,-1.4977880028096497,-3.184172999197058,2.7265096930412363e-05
