,mass_1,radius_1,x_1,y_1,z_1,vx_1,vy_1,vz_1,mass_2,radius_2,x_2,y_2,z_2,vx_2,vy_2,vz_2,mass_3,radius_3,x_3,y_3,z_3,vx_3,vy_3,vz_3,mass_4,radius_4,x_4,y_4,z_4,vx_4,vy_4,vz_4,mass_5,radius_5,x_5,y_5,z_5,vx_5,vy_5,vz_5,mass_6,radius_6,x_6,y_6,z_6,vx_6,vy_6,vz_6,mass_7,radius_7,x_7,y_7,z_7,vx_7,vy_7,vz_7,mass_8,radius_8,x_8,y_8,z_8,vx_8,vy_8,vz_8
0,1.660120825375342e-07,1.631393540950981e-08,0.0126046062609664,0.3071721311454362,0.02393699692557463,-12.328602004075698,0.797115924905889,1.1965966723406067,2.447838287784771e-06,4.045378434654418e-08,0.2435267551325751,-0.6854911943187489,-0.02343127708946126,6.91177566254568,2.4482404710907812,-0.36546092602796443,3.040432648020684e-06,4.437104331057835e-07,-0.9629818002627449,-0.2715410208910009,1.952702928237129e-06,1.6030079447640566,-6.07166540163714,5.1593206571933636e-05,3.2271560375549955e-07,2.270212793877687e-08,-0.5478640847411853,-1.400577254900153,-0.01588097939670317,4.953702285803631,-1.422946994918486,-0.15151909024723575,0.0009547919099366768,4.778945025452157e-07,-3.964018741570573,3.566055083501967,0.07389885597133325,-1.8792747137804908,-1.9210252730251882,0.05002877633957542,0.0002858856700231729,4.0286669668487467e-07,0.057308458252766,9.030547417707623,-0.1593915778809059,-2.1484364151207407,0.00706099652551361,0.08532410586441702,4.3662496132004074e-05,1.708513622580592e-07,17.2103172744431,-10.22655920478978,-0.2610093087470463,0.7211788924206063,1.166230349315324,-0.0049633993037346705,5.151383772628657e-05,1.6553711549585576e-07,19.7429404104737,-22.69696134568608,0.01246315216362052,0.8553095021743964,0.757343804834781,-0.03532753703206159
