,flag,epoch,sbx,sby,sbz,sbvx,sbvy,sbvz
0,1.0,2452740.0,36.50114522822115,-28.848059259318894,-0.662075010289406,0.5706569660795292,0.6889546292814029,0.0012431178851308386
