,mass_1,radius_1,x_1,y_1,z_1,vx_1,vy_1,vz_1,mass_2,radius_2,x_2,y_2,z_2,vx_2,vy_2,vz_2,mass_3,radius_3,x_3,y_3,z_3,vx_3,vy_3,vz_3,mass_4,radius_4,x_4,y_4,z_4,vx_4,vy_4,vz_4,mass_5,radius_5,x_5,y_5,z_5,vx_5,vy_5,vz_5,mass_6,radius_6,x_6,y_6,z_6,vx_6,vy_6,vz_6,mass_7,radius_7,x_7,y_7,z_7,vx_7,vy_7,vz_7,mass_8,radius_8,x_8,y_8,z_8,vx_8,vy_8,vz_8
0,1.660120825375342e-07,1.631393540950981e-08,0.3363072516188545,-0.2063302593969543,-0.04771945506221967,3.356662114413346,9.231051356708337,0.44611700176425445,2.447838287784771e-06,4.045378434654418e-08,0.1955977545996999,-0.7006447725758093,-0.02087671274148684,7.065663702268127,1.9614003212883033,-0.3809653191433182,3.040432648020684e-06,4.437104331057835e-07,-0.7671217740624837,-0.6530781296599312,1.117805455901311e-05,3.971344062200272,-4.808445547349531,6.48751474239791e-05,3.2271560375549955e-07,2.270212793877687e-08,-1.093190630997075,1.235519726387553,0.05274291795612548,-3.6349278069872457,-2.9514085045690077,0.027452807524329426,0.0009547919099366768,4.778945025452157e-07,-3.923710657083403,-3.740267069410109,0.103328694907003,1.8690705837748842,-1.867008319160772,-0.03407414173109812,0.0002858856700231729,4.0286669668487467e-07,-6.009463654925901,6.869895964098057,0.1195405153788653,-1.641642137095041,-1.3477900206951974,0.08878608883448522,4.3662496132004074e-05,1.708513622580592e-07,19.01614245417857,-6.441249805720807,-0.2702268763119823,0.451508103297101,1.2917088328845843,-0.0010326303677943402,5.151383772628657e-05,1.6553711549585576e-07,22.23264819220971,-20.22461412727725,-0.09591089213824286,0.7652725980932782,0.8528897579410288,-0.03522049529774918
