,flag,epoch,sbx,sby,sbz,sbvx,sbvy,sbvz
0,1,2457439.5,-2.516797999133107,1.0838437184908196,-0.9746807803975186,-1.9072343356747106,-2.508867074427856,0.4575416425271149
