,flag,epoch,sbx,sby,sbz,sbvx,sbvy,sbvz
0,1.0,2457382.5,-32.22658109653756,29.179559684511847,-0.3971190489494617,-0.6379160413098296,-0.7162678089460949,-0.03642013635391462
