,flag,epoch,sbx,sby,sbz,sbvx,sbvy,sbvz
0,1.0,2456875.5,40.78919051781036,22.161808843997797,2.0854511755890646,-0.48750541042523104,0.7286965902590193,0.03064174308241296
