,flag,epoch,sbx,sby,sbz,sbvx,sbvy,sbvz
0,1,2457410.0,1.5832086606283138,-2.0606601893397922,-0.5385609140974312,2.7615262342866216,2.771391829900637,-0.4479856459096605
