,flag,epoch,sbx,sby,sbz,sbvx,sbvy,sbvz
0,1.0,2457790.0,-1.635653584801273,1.7064989584965202,0.17016943128694847,-2.68761855370579,-2.992186895252502,0.3724549198407071
1,1.0,2457790.0,-1.6356535693412098,1.7064989356667162,0.17016943440492135,-2.6876185457569495,-2.9921869560906296,0.3724549051780061
