,mass_1,radius_1,x_1,y_1,z_1,vx_1,vy_1,vz_1,mass_2,radius_2,x_2,y_2,z_2,vx_2,vy_2,vz_2,mass_3,radius_3,x_3,y_3,z_3,vx_3,vy_3,vz_3,mass_4,radius_4,x_4,y_4,z_4,vx_4,vy_4,vz_4,mass_5,radius_5,x_5,y_5,z_5,vx_5,vy_5,vz_5,mass_6,radius_6,x_6,y_6,z_6,vx_6,vy_6,vz_6,mass_7,radius_7,x_7,y_7,z_7,vx_7,vy_7,vz_7,mass_8,radius_8,x_8,y_8,z_8,vx_8,vy_8,vz_8
0,1.660120825375342e-07,1.631393540950981e-08,-0.2344383301375564,0.2342492872327702,0.04064828532038962,-9.348788275768143,-6.855108005950224,0.2974873198939627,2.447838287784771e-06,4.045378434654418e-08,0.5725664655228615,-0.4481608173981826,-0.039188504472646,4.506865982823741,5.788638036889873,-0.18066757280445847,3.040432648020684e-06,4.437104331057835e-07,0.9878748479197711,-0.1931232625592766,4.3816200218754e-06,1.1033608329433209,6.143602919494898,-0.00026869668201886116,3.2271560375549955e-07,2.270212793877687e-08,1.233799738073585,-0.6202081689867842,-0.04327070614961392,2.4899323692383457,5.003629329132816,0.0437491397433038,0.0009547919099366768,4.778945025452157e-07,-2.864735398244601,-4.553467370297092,0.08301184736303761,2.3017921343481467,-1.3390535822954541,-0.045942747683066484,0.0002858856700231729,4.0286669668487467e-07,1.382276585560675,-9.967813086328858,0.1182417795808207,1.9089231072869115,0.27254510850543867,-0.08070073943772733,4.3662496132004074e-05,1.708513622580592e-07,17.23972709717373,9.88740396000299,-0.186517877312059,-0.7228910419889272,1.1779202991151771,0.013711544541139006,5.151383772628657e-05,1.6553711549585576e-07,28.89479780434796,-7.82730685247478,-0.5047931227870731,0.2946482338523683,1.1125102671906268,-0.029727203860766924
