,flag,epoch,sbx,sby,sbz,sbvx,sbvy,sbvz
0,1.0,2457382.5,-34.01759542046443,-17.31227520055174,0.6328149199953954,0.6900950554256892,-0.747078375962969,-0.17970529398138282
