,flag,epoch,sbx,sby,sbz,sbvx,sbvy,sbvz
0,1.0,2457762.5,35.001530376040634,11.683940355873045,-6.733759733005347,-0.2952386474564681,1.0260607432014144,0.30685907100554677
