,flag,epoch,sbx,sby,sbz,sbvx,sbvy,sbvz
0,1.0,2457336.5,-37.21596927943224,-17.96973350573779,0.5096835189769965,0.43730022873632635,-0.8992705777948855,-0.029302634307915642
