,flag,epoch,sbx,sby,sbz,sbvx,sbvy,sbvz
0,1,2456929.5,1.2298758290644902,-2.683648688815392,0.01476335861603741,3.206328533524025,1.6444877794347077,0.059507380945790556
