,flag,epoch,sbx,sby,sbz,sbvx,sbvy,sbvz
0,1.0,2457926.5,1.7969111319944084,-2.080644335287701,0.05646848481784888,2.758056358475122,2.0924738935851095,0.12353779185231427
