,flag,epoch,sbx,sby,sbz,sbvx,sbvy,sbvz
0,1,2457170.0,1.4118578618368502,2.7476547747040265,-0.48253182305735637,-3.078437621531836,1.7312437167243342,-0.08392082361999723
