,flag,epoch,sbx,sby,sbz,sbvx,sbvy,sbvz
0,1.0,2457520.5,35.88600493252525,7.733073098227322,1.779446280069605,-0.2785569666102045,1.0346618692821135,-0.34641287557536876
