,flag,epoch,sbx,sby,sbz,sbvx,sbvy,sbvz
0,1.0,2457590.0,-2.178522967344194,0.13738971793187638,0.27161081292646166,-0.47944545007026457,-4.314373901327593,0.10683827441795654
1,1.0,2457590.0,-2.178523012983365,0.13738983291845153,0.2716108528503255,-0.47944558381923535,-4.314373782903301,0.10683838021312927
