,flag,epoch,sbx,sby,sbz,sbvx,sbvy,sbvz
0,1,2456115.5,2.138359649007914,1.981853130536829,-0.3126828681573269,-2.813309589805674,2.5094981252331077,0.02837635945399736
