,flag,epoch,sbx,sby,sbz,sbvx,sbvy,sbvz
0,1.0,2458725.5,27.246170864340197,26.674516013123867,10.590757457279507,-0.11997195640843968,0.1066285369905511,0.0400832336625091
