,mass_1,radius_1,x_1,y_1,z_1,vx_1,vy_1,vz_1,mass_2,radius_2,x_2,y_2,z_2,vx_2,vy_2,vz_2,mass_3,radius_3,x_3,y_3,z_3,vx_3,vy_3,vz_3,mass_4,radius_4,x_4,y_4,z_4,vx_4,vy_4,vz_4,mass_5,radius_5,x_5,y_5,z_5,vx_5,vy_5,vz_5,mass_6,radius_6,x_6,y_6,z_6,vx_6,vy_6,vz_6,mass_7,radius_7,x_7,y_7,z_7,vx_7,vy_7,vz_7,mass_8,radius_8,x_8,y_8,z_8,vx_8,vy_8,vz_8
0,1.660120825375342e-07,1.631393540950981e-08,-0.3296631101489148,-0.2996688096027176,0.005760586699557843,4.816641533561914,0.0,0.0,2.447838287784771e-06,4.045378434654418e-08,-0.3719403678481145,0.6140335630790245,0.02987985662895392,-6.344055612123208,0.0,0.0,3.040432648020684e-06,4.437104331057835e-07,0.9283331146484546,-0.3970048400633112,1.054336697569516e-05,2.3688216609943558,0.0,0.0,3.2271560375549955e-07,2.270212793877687e-08,0.05873179455904986,-1.448822169216956,-0.03179816891518199,5.3006411535384705,0.0,0.0,0.0009547919099366768,4.778945025452157e-07,-3.000390833812825,4.343728942444951,0.04909892804701355,-2.3029706224421234,-1.4375914434901682,0.057503217376517625,0.0002858856700231729,4.0286669668487467e-07,-5.93553153683148,-7.953443319564057,0.3745720083250004,1.5203864766466952,-1.2254184465607134,-0.03925509917025038,4.3662496132004074e-05,1.708513622580592e-07,19.42983567576929,4.804449959274124,-0.2337883864553078,-0.35695463219767315,1.3260363487705313,0.009577034264414691,5.151383772628657e-05,1.6553711549585576e-07,27.37445320664802,-12.19972950124453,-0.3795416006083144,0.4573606020790227,1.0524692839107044,-0.03224461095775235
