,flag,epoch,sbx,sby,sbz,sbvx,sbvy,sbvz
0,1.0,2458342.5,-6.6121848578122275,28.385705569005804,2.1106503034987694,-1.2571193057782883,-0.3311238111099899,-0.007140224105183784
