,flag,epoch,sbx,sby,sbz,sbvx,sbvy,sbvz
0,1.0,2458094.5,-13.289088629671319,12.478381842722648,-0.49479687408395967,-1.0748573037533595,-1.4253605665118931,0.11281499123257514
