,flag,epoch,sbx,sby,sbz,sbvx,sbvy,sbvz
0,1,2452925.5,27.837081824758307,-34.47692574162613,-0.27478895526208325,0.7408547231211133,0.570069734535835,-0.07872829942897296
