,flag,epoch,sbx,sby,sbz,sbvx,sbvy,sbvz
0,1,2457108.5,1.2455519483856357,-2.716764380778452,0.2904483358971541,3.3281593718622777,1.4269767051327127,0.29494450818555523
