,mass_1,radius_1,x_1,y_1,z_1,vx_1,vy_1,vz_1,mass_2,radius_2,x_2,y_2,z_2,vx_2,vy_2,vz_2,mass_3,radius_3,x_3,y_3,z_3,vx_3,vy_3,vz_3,mass_4,radius_4,x_4,y_4,z_4,vx_4,vy_4,vz_4,mass_5,radius_5,x_5,y_5,z_5,vx_5,vy_5,vz_5,mass_6,radius_6,x_6,y_6,z_6,vx_6,vy_6,vz_6,mass_7,radius_7,x_7,y_7,z_7,vx_7,vy_7,vz_7,mass_8,radius_8,x_8,y_8,z_8,vx_8,vy_8,vz_8
0,1.660120825375342e-07,1.631393540950981e-08,-0.1380852362331079,-0.4447695188554545,-0.02367462134928713,7.750272030639005,-2.5344811541939922,-0.9181222286616068,2.447838287784771e-06,4.045378434654418e-08,-0.7143728652138127,-0.08487481802293192,0.04005991109765885,0.825983211385648,-7.368821385769735,-0.14870168857844554,3.040432648020684e-06,4.437104331057835e-07,0.7917913763579114,-0.6318015134872865,1.976452205613854e-05,3.8169397789001778,4.888459242945864,-0.000200556378001328,3.2271560375549955e-07,2.270212793877687e-08,0.4506582014884161,-1.346988622000992,-0.03928711851228266,5.039925164643759,2.0612480756251066,-0.08049572881561774,0.0009547919099366768,4.778945025452157e-07,-5.446650496048733,-0.01136268152516148,0.1219227110998408,-0.027240996733595327,-2.6285484485501285,0.011524577818574426,0.0002858856700231729,4.0286669668487467e-07,-2.587371257971329,-9.693082042299082,0.2714749500168781,1.857729685551909,-0.5338576391273016,-0.06468642177800212,4.3662496132004074e-05,1.708513622580592e-07,18.55242864114911,7.343614340540674,-0.2129519282847617,-0.5388043228307458,1.266175907430582,0.011690967827205639,5.151383772628657e-05,1.6553711549585576e-07,28.19348631530978,-10.10985735674745,-0.4415392928481201,0.3797586000222215,1.083589253110459,-0.03111610586397076
