,mass_1,radius_1,x_1,y_1,z_1,vx_1,vy_1,vz_1,mass_2,radius_2,x_2,y_2,z_2,vx_2,vy_2,vz_2,mass_3,radius_3,x_3,y_3,z_3,vx_3,vy_3,vz_3,mass_4,radius_4,x_4,y_4,z_4,vx_4,vy_4,vz_4,mass_5,radius_5,x_5,y_5,z_5,vx_5,vy_5,vz_5,mass_6,radius_6,x_6,y_6,z_6,vx_6,vy_6,vz_6,mass_7,radius_7,x_7,y_7,z_7,vx_7,vy_7,vz_7,mass_8,radius_8,x_8,y_8,z_8,vx_8,vy_8,vz_8
0,1.660120825375342e-07,1.631393540950981e-08,0.3300463968478344,0.07924359576236055,-0.02380549670692372,-4.387842033171314,10.45113546367881,1.2565136873891571,2.447838287784771e-06,4.045378434654418e-08,0.6581784892513568,-0.3077502524582146,-0.04220072388196471,3.0868573453431623,6.66112469698917,-0.08684458250536782,3.040432648020684e-06,4.437104331057835e-07,-0.3398136417627257,0.9228590072875706,-2.939156619468686e-05,-5.999066512152503,-2.195065294265014,8.861637683986566e-05,3.2271560375549955e-07,2.270212793877687e-08,1.381433582953156,-0.1245970136077035,-0.03651710297656586,0.6556711516861718,5.527571577359077,0.0997268805062976,0.0009547919099366768,4.778945025452157e-07,-3.783967924445194,3.744361756166176,0.0691215471013356,-1.9734213837766041,-1.8307515198212034,0.05176079187912089,0.0002858856700231729,4.0286669668487467e-07,-5.364326788541619,-8.379638627054245,0.3592295804585847,1.6036897795469143,-1.1057713625090246,-0.04465169196113424,4.3662496132004074e-05,1.708513622580592e-07,19.29304554680893,5.287421105134604,-0.2302129623078497,-0.39151887863463825,1.3166097405842747,0.009987715314759053,5.151383772628657e-05,1.6553711549585576e-07,27.53899139782556,-11.81392967367553,-0.3912911157548997,0.4429596577730112,1.0585774837201993,-0.03204530118022439
