,mass_1,radius_1,x_1,y_1,z_1,vx_1,vy_1,vz_1,mass_2,radius_2,x_2,y_2,z_2,vx_2,vy_2,vz_2,mass_3,radius_3,x_3,y_3,z_3,vx_3,vy_3,vz_3,mass_4,radius_4,x_4,y_4,z_4,vx_4,vy_4,vz_4,mass_5,radius_5,x_5,y_5,z_5,vx_5,vy_5,vz_5,mass_6,radius_6,x_6,y_6,z_6,vx_6,vy_6,vz_6,mass_7,radius_7,x_7,y_7,z_7,vx_7,vy_7,vz_7,mass_8,radius_8,x_8,y_8,z_8,vx_8,vy_8,vz_8
0,1.660120825375342e-07,1.631393540950981e-08,-0.2736413436795114,-0.3650261675087894,-0.004722184493548783,6.14218953147493,-5.682673315242775,-1.0278359784117204,2.447838287784771e-06,4.045378434654418e-08,0.605369584402371,0.3960699232670634,-0.02950302504349482,-4.067281721098506,6.150385095478476,0.3190357107262198,3.040432648020684e-06,4.437104331057835e-07,-0.6422627195116453,-0.7795185305535544,3.178303325847488e-05,4.747365909057149,-4.019385849907343,0.00012725274190055432,3.2271560375549955e-07,2.270212793877687e-08,-0.8675540829395427,-1.268302033648697,-0.005286176247461278,4.410799307533449,-2.447514777724534,-0.1595423328332839,0.0009547919099366768,4.778945025452157e-07,-5.394542217340918,0.6705186096076918,0.117924977344255,-0.37321894351378737,-2.607489475252926,0.019179754712356646,0.0002858856700231729,4.0286669668487467e-07,-3.066882334477421,-9.541462198236534,0.287931798053457,1.8286412313695424,-0.6317978063743145,-0.061829997091030466,4.3662496132004074e-05,1.708513622580592e-07,18.68948920679358,7.013072949347899,-0.2159580754005751,-0.5150838536825106,1.275451126357185,0.01142292663067568,5.151383772628657e-05,1.6553711549585576e-07,28.09335878551868,-10.3911851440787,-0.4334256489061726,0.39017392237712717,1.079666602451176,-0.03127423153895557
