,flag,epoch,sbx,sby,sbz,sbvx,sbvy,sbvz
0,1.0,2456760.0,1.4909021851223543,-1.4376008811518761,-0.2162367629304707,3.0092892378755547,3.6919109484164196,-0.5794649190923338
