,flag,epoch,sbx,sby,sbz,sbvx,sbvy,sbvz
0,1.0,2453650.0,-18.119046312152346,-28.613554071600948,-0.7192882062290168,1.0157431952134164,-0.6916443527558986,0.02416006799800096
