,flag,epoch,sbx,sby,sbz,sbvx,sbvy,sbvz
0,1,2450730.0,-2.535990386821788,-1.241055649901528,0.6862064926045494,1.6228373753334606,-2.8597111055318045,0.28679081189162503
