,mass_1,radius_1,x_1,y_1,z_1,vx_1,vy_1,vz_1,mass_2,radius_2,x_2,y_2,z_2,vx_2,vy_2,vz_2,mass_3,radius_3,x_3,y_3,z_3,vx_3,vy_3,vz_3,mass_4,radius_4,x_4,y_4,z_4,vx_4,vy_4,vz_4,mass_5,radius_5,x_5,y_5,z_5,vx_5,vy_5,vz_5,mass_6,radius_6,x_6,y_6,z_6,vx_6,vy_6,vz_6,mass_7,radius_7,x_7,y_7,z_7,vx_7,vy_7,vz_7,mass_8,radius_8,x_8,y_8,z_8,vx_8,vy_8,vz_8
0,1.660120825375342e-07,1.631393540950981e-08,0.3590451089441501,-0.1005516806495386,-0.04117066074962304,0.7762575843255827,10.358009038928586,0.7748541489012392,2.447838287784771e-06,4.045378434654418e-08,0.5696044989029397,0.4454975822477585,-0.02679549837288091,-4.573845580299234,5.787418879047539,0.34306796982617654,3.040432648020684e-06,4.437104331057835e-07,0.3880711946830368,0.906865221975253,6.504601446084952e-06,-5.8795125003197555,2.4486902013586174,8.69823987317337e-06,3.2271560375549955e-07,2.270212793877687e-08,0.9150112336387659,-1.048625881900103,-0.04446065009404638,4.045490567591504,3.798446823378501,-0.01988116424623388,0.0009547919099366768,4.778945025452157e-07,4.211310309229255,-2.749126783748552,-0.0829338508936326,1.471240696070703,2.4393463966355142,-0.04304491505846506,0.0002858856700231729,4.0286669668487467e-07,8.874658618348457,2.997346290602643,-0.4050302892173153,-0.7596741904057834,1.929248430233994,-0.0033665403777255235,4.3662496132004074e-05,1.708513622580592e-07,12.23334371250815,-15.61806454001043,-0.2166081543975739,1.1217425491906547,0.8218413558664802,-0.01151960454295834,5.151383772628657e-05,1.6553711549585576e-07,14.78840488580525,-26.26902534865725,0.2000538826597339,0.9930339701790738,0.5717939554801966,-0.03461268766348317
