,flag,epoch,sbx,sby,sbz,sbvx,sbvy,sbvz
0,1.0,2457810.0,-0.8701544498456386,-2.50789461584368,0.25168304475113545,3.5123477503176184,-0.9513265057898425,0.15459590252910949
1,1.0,2457810.0,-0.8701544698069794,-2.507894624087575,0.25168305508849864,3.5123477257743123,-0.9513265254138797,0.1545959119276225
