,flag,epoch,sbx,sby,sbz,sbvx,sbvy,sbvz
0,1.0,2457518.5,36.52840495494809,117.52220297504762,-7.161705425872107,-0.32362023311930127,0.1575587114080791,-0.16296870579921796
