,flag,epoch,sbx,sby,sbz,sbvx,sbvy,sbvz
0,1.0,2459081.5,2.790458951557404,-5.80710773447677,0.5859986559209807,1.3940154967791243,1.8144620401446157,-0.13372974568060922
