,flag,epoch,sbx,sby,sbz,sbvx,sbvy,sbvz
0,1.0,2457472.5,27.533708710960923,33.515073785237476,-1.5851970183014608,-0.6508006646200171,0.6878119763749361,0.21521921952369744
