,flag,epoch,sbx,sby,sbz,sbvx,sbvy,sbvz
0,1.0,2457702.5,1.380699513296007,1.9680089966968954,0.033924478514842496,-2.668829637485292,2.8272774625593144,-0.2925483466080939
