,mass_1,radius_1,x_1,y_1,z_1,vx_1,vy_1,vz_1,mass_2,radius_2,x_2,y_2,z_2,vx_2,vy_2,vz_2,mass_3,radius_3,x_3,y_3,z_3,vx_3,vy_3,vz_3,mass_4,radius_4,x_4,y_4,z_4,vx_4,vy_4,vz_4,mass_5,radius_5,x_5,y_5,z_5,vx_5,vy_5,vz_5,mass_6,radius_6,x_6,y_6,z_6,vx_6,vy_6,vz_6,mass_7,radius_7,x_7,y_7,z_7,vx_7,vy_7,vz_7,mass_8,radius_8,x_8,y_8,z_8,vx_8,vy_8,vz_8
0,1.660120825375342e-07,1.631393540950981e-08,0.2269886896487938,-0.3671399776540001,-0.05082399515225331,6.688530087306181,5.909700586961235,-0.13072729381480028,2.447838287784771e-06,4.045378434654418e-08,-0.5974705875266246,-0.4054862511927778,0.02891785392355741,4.096869893793002,-6.147511720833541,-0.32070691587121425,3.040432648020684e-06,4.437104331057835e-07,0.9345523636027249,-0.3815010779971541,9.729525002998784e-06,2.2725394965608023,5.794463014737992,-0.00022769722424941825,3.2271560375549955e-07,2.270212793877687e-08,0.6772760487247701,-1.231284078774632,-0.04242413877240288,4.671420539427873,2.9025544550627544,-0.05382165479354087,0.0009547919099366768,4.778945025452157e-07,-5.446476938558133,-0.1336904705057899,0.1224267877034745,0.03468960767467014,-2.627716505368132,0.010135164964589933,0.0002858856700231729,4.0286669668487467e-07,-2.500796505230508,-9.71751865379309,0.2684527334861201,1.862411119782188,-0.5161912670941181,-0.06517900347090591,4.3662496132004074e-05,1.708513622580592e-07,18.52725242251314,7.402507178918829,-0.2124066854049039,-0.5430324194273524,1.2644823003261563,0.011738462616284546,5.151383772628657e-05,1.6553711549585576e-07,28.21111816910008,-10.05940699667068,-0.4429868816266531,0.3778917005826972,1.084292467527322,-0.031087576562144923
