,flag,epoch,sbx,sby,sbz,sbvx,sbvy,sbvz
0,1.0,2457010.0,-2.1438173700076715,2.4932162565588243,0.07206664847405812,-2.5395083468375383,-2.202642006292415,0.3415509756692996
1,1.0,2457010.0,-2.1438172905061754,2.493216320111375,0.07206663288230492,-2.5395083690540936,-2.202641991723352,0.34155099501470915
