,flag,epoch,sbx,sby,sbz,sbvx,sbvy,sbvz
0,1.0,2457370.0,2.4500181405196755,-1.7635534258021954,0.6721102479735315,1.8430071707325844,3.0384901715301647,-0.6154869171856885
