,flag,epoch,sbx,sby,sbz,sbvx,sbvy,sbvz
0,1,2457510.0,-2.116757592791119,0.11222286677255344,-0.014515658220997013,-0.6849387415012195,-4.463724085595161,-0.4022406371158265
