,flag,epoch,sbx,sby,sbz,sbvx,sbvy,sbvz
0,1.0,2457670.5,40.00881260005853,14.469751713564174,-3.976237515434419,-0.25420267674121155,0.879278462186798,-0.03858511352269082
