,flag,epoch,sbx,sby,sbz,sbvx,sbvy,sbvz
0,1.0,2458168.5,15.539676644707146,-7.165539746857639,3.6753498666054196,0.5566002092931341,1.6605624366734404,-0.11134028164823588
