,flag,epoch,sbx,sby,sbz,sbvx,sbvy,sbvz
0,1.0,2457570.0,-0.8719137699218936,-2.118831880958354,0.0766252181334552,4.0550544585809165,-1.0485785953876958,0.38074303994908
1,1.0,2457570.0,-0.8719138398276012,-2.1188319357289287,0.07662521515991738,4.05505431661289,-1.048578625973995,0.3807430414943488
