,flag,epoch,sbx,sby,sbz,sbvx,sbvy,sbvz
0,1,2457390.0,-2.6866138539260986,-1.8887544674502768,-0.44213953323832517,1.9754364880672457,-2.743391355235989,0.04886919869237965
