,mass_1,radius_1,x_1,y_1,z_1,vx_1,vy_1,vz_1,mass_2,radius_2,x_2,y_2,z_2,vx_2,vy_2,vz_2,mass_3,radius_3,x_3,y_3,z_3,vx_3,vy_3,vz_3,mass_4,radius_4,x_4,y_4,z_4,vx_4,vy_4,vz_4,mass_5,radius_5,x_5,y_5,z_5,vx_5,vy_5,vz_5,mass_6,radius_6,x_6,y_6,z_6,vx_6,vy_6,vz_6,mass_7,radius_7,x_7,y_7,z_7,vx_7,vy_7,vz_7,mass_8,radius_8,x_8,y_8,z_8,vx_8,vy_8,vz_8
0,1.660120825375342e-07,1.631393540950981e-08,0.2029642624301481,-0.3867192841187944,-0.05021947066910321,7.043952185756635,5.2867254804637485,-0.21430425824216157,2.447838287784771e-06,4.045378434654418e-08,0.6705151829652198,0.273266443241806,-0.0349500930429208,-2.8126061353050855,6.809059255696721,0.2556337973591545,3.040432648020684e-06,4.437104331057835e-07,0.1407035436383766,-1.00682540365297,3.225092760498469e-05,6.12138386584133,0.8461709131092066,-4.263633081597842e-05,3.2271560375549955e-07,2.270212793877687e-08,-0.7940766466817075,-1.306266035829061,-0.007879017713371394,4.560679106460931,-2.216558999529373,-0.15838647309707543,0.0009547919099366768,4.778945025452157e-07,-2.601656350173728,4.568885892815579,0.03924137519050801,-2.430446815913152,-1.2347152540624058,0.05951384849450747,0.0002858856700231729,4.0286669668487467e-07,-6.188075899380587,-7.742613352341686,0.3809658104630888,1.4790467085171597,-1.2786269056882547,-0.036682837064555135,4.3662496132004074e-05,1.708513622580592e-07,19.4885911848058,4.580828387787845,-0.23538487629604,-0.34092914351881454,1.3301171790823503,0.009385081077449642,5.151383772628657e-05,1.6553711549585576e-07,27.29688523060456,-12.37670322339666,-0.3741047576022868,0.464002955533387,1.0496229839407707,-0.03233511953162957
