,flag,epoch,sbx,sby,sbz,sbvx,sbvy,sbvz
0,1,2457240.0,1.1637360170063906,2.305205036429885,-0.1158530205664569,-3.6956128975455935,1.5460620296389105,-0.20982385602841766
