,flag,epoch,sbx,sby,sbz,sbvx,sbvy,sbvz
0,1.0,2456088.5,-44.6610916387682,1.6901573933111633,-4.2857669208474505,0.15614642654010877,-0.6266113740914381,-0.6626244183887982
