,mass_1,radius_1,x_1,y_1,z_1,vx_1,vy_1,vz_1,mass_2,radius_2,x_2,y_2,z_2,vx_2,vy_2,vz_2,mass_3,radius_3,x_3,y_3,z_3,vx_3,vy_3,vz_3,mass_4,radius_4,x_4,y_4,z_4,vx_4,vy_4,vz_4,mass_5,radius_5,x_5,y_5,z_5,vx_5,vy_5,vz_5,mass_6,radius_6,x_6,y_6,z_6,vx_6,vy_6,vz_6,mass_7,radius_7,x_7,y_7,z_7,vx_7,vy_7,vz_7,mass_8,radius_8,x_8,y_8,z_8,vx_8,vy_8,vz_8
0,1.660120825375342e-07,1.631393540950981e-08,0.3043497959948923,-0.2736734781495594,-0.05029133792799838,4.838267596785912,8.12535328133116,0.21967590368452003,2.447838287784771e-06,4.045378434654418e-08,0.1890504585030442,0.6954007296316043,-0.001407686154283089,-7.153495202777365,1.9022707424509504,0.4388990419849681,3.040432648020684e-06,4.437104331057835e-07,0.8323882437194081,0.5432720040653458,-2.110650884037917e-06,-3.53699829444927,5.23882106350621,1.0248691062455206e-06,3.2271560375549955e-07,2.270212793877687e-08,1.020863364714936,-0.9389803852454959,-0.0447659212483251,3.6541545696929396,4.198893931398877,-0.0018615151729583913,0.0009547919099366768,4.778945025452157e-07,4.283011988645509,2.495139205991615,-0.1062580868412714,-1.4244026250935664,2.513528813945767,0.021479094730678217,0.0002858856700231729,4.0286669668487467e-07,6.686329911748584,6.305769912456208,-0.3756069223955327,-1.5067428296202856,1.4810495719560923,0.03412796919273964,4.3662496132004074e-05,1.708513622580592e-07,14.25255182693381,-13.91093199504256,-0.2364742335655659,0.9914705172994259,0.963830131387754,-0.009269275956122383,5.151383772628657e-05,1.6553711549585576e-07,16.64010327157896,-25.10934574992095,0.1335981914403624,0.9467246384205704,0.6426266422742085,-0.035001857592149674
