,flag,epoch,sbx,sby,sbz,sbvx,sbvy,sbvz
0,1.0,2457680.0,-2.079557174724557,1.506021630396978,0.10096749082552132,-2.564045110380995,-2.7551339495446805,-0.3633412674271814
1,1.0,2457680.0,-2.0795571784466134,1.5060216263156305,0.10096748138106454,-2.564045116535313,-2.755133953351713,-0.36334128192936416
