,flag,epoch,sbx,sby,sbz,sbvx,sbvy,sbvz
0,1,2457550.5,-2.5008041516451334,0.4350847001788128,0.04705031694496237,-0.826041708744643,-4.122950284660697,-0.6334105130918047
