,flag,epoch,sbx,sby,sbz,sbvx,sbvy,sbvz
0,1.0,2457640.0,-2.826494316332288,0.4399545225102558,-0.4792764739332301,0.735797278145459,-3.4728013394610655,0.4087634796345309
1,1.0,2457640.0,-2.826494322545413,0.4399545209010426,-0.4792764729755591,0.7357972833246607,-3.472801337729086,0.4087634778487115
