,mass_1,radius_1,x_1,y_1,z_1,vx_1,vy_1,vz_1,mass_2,radius_2,x_2,y_2,z_2,vx_2,vy_2,vz_2,mass_3,radius_3,x_3,y_3,z_3,vx_3,vy_3,vz_3,mass_4,radius_4,x_4,y_4,z_4,vx_4,vy_4,vz_4,mass_5,radius_5,x_5,y_5,z_5,vx_5,vy_5,vz_5,mass_6,radius_6,x_6,y_6,z_6,vx_6,vy_6,vz_6,mass_7,radius_7,x_7,y_7,z_7,vx_7,vy_7,vz_7,mass_8,radius_8,x_8,y_8,z_8,vx_8,vy_8,vz_8
0,1.660120825375342e-07,1.631393540950981e-08,-0.3449348958530472,0.1089254030403824,0.04054694628716291,-5.219437045779312,-9.359802251599579,-0.2859013438309839,2.447838287784771e-06,4.045378434654418e-08,-0.3975326879951254,-0.6056433761501987,0.01464065166741522,6.124540889236646,-4.087445386293206,-0.40946300890823073,3.040432648020684e-06,4.437104331057835e-07,0.6716371739084819,0.7278986343867411,-2.555619689878031e-05,-4.720412972530642,4.237640807721086,-0.0001274516507462561,3.2271560375549955e-07,2.270212793877687e-08,0.9916182158065736,-0.9711929657456593,-0.04468793679992122,3.7709601385622227,4.08966723320692,-0.006866755487423805,0.0009547919099366768,4.778945025452157e-07,-3.435090138924931,4.040563525235517,0.06008495789486708,-2.1348599146474565,-1.6566403706696842,0.05464947988267909,0.0002858856700231729,4.0286669668487467e-07,-5.63338786916294,-8.187147761306758,0.366600129403001,1.566125646189023,-1.16201962192397,-0.0421796071098252,4.3662496132004074e-05,1.708513622580592e-07,19.35814422428778,5.063548583011276,-0.2318920848880479,-0.3754885511101429,1.3210818163155555,0.009796583887087028,5.151383772628657e-05,1.6553711549585576e-07,27.46323091895401,-11.9933804722528,-0.3858434362146368,0.4496613833725395,1.0557502806293553,-0.032139781725965814
