,mass_1,radius_1,x_1,y_1,z_1,vx_1,vy_1,vz_1,mass_2,radius_2,x_2,y_2,z_2,vx_2,vy_2,vz_2,mass_3,radius_3,x_3,y_3,z_3,vx_3,vy_3,vz_3,mass_4,radius_4,x_4,y_4,z_4,vx_4,vy_4,vz_4,mass_5,radius_5,x_5,y_5,z_5,vx_5,vy_5,vz_5,mass_6,radius_6,x_6,y_6,z_6,vx_6,vy_6,vz_6,mass_7,radius_7,x_7,y_7,z_7,vx_7,vy_7,vz_7,mass_8,radius_8,x_8,y_8,z_8,vx_8,vy_8,vz_8
0,1.660120825375342e-07,1.631393540950981e-08,-0.2547066067002913,0.2183413768856023,0.04120838665192838,-8.779233381056276,-7.381820330394197,0.20223439831034873,2.447838287784771e-06,4.045378434654418e-08,-0.6829967421363591,-0.2293738560611878,0.03626649015331825,2.3023839925089393,-7.036833878342869,-0.22937412726923598,3.040432648020684e-06,4.437104331057835e-07,-0.9734141450844238,-0.2281768335226819,1.424058906489794e-05,1.3319112658471577,-6.1415980701690325,0.00024150785862020149,3.2271560375549955e-07,2.270212793877687e-08,0.5591858862639403,1.408791350667265,0.01579846105975894,-4.5569275467194315,2.3209505025658674,0.1604730467794483,0.0009547919099366768,4.778945025452157e-07,-5.198078135446698,-1.653209407559758,0.1231784079465232,0.8029321547967744,-2.4988678766754355,-0.00759021012746781,0.0002858856700231729,4.0286669668487467e-07,-1.389931687220464,-9.955055335721289,0.2283561687137785,1.9076973374471469,-0.2901567601978372,-0.07089962136542684,4.3662496132004074e-05,1.708513622580592e-07,18.19191919587839,8.140273911423826,-0.2053206539018042,-0.5961455440069976,1.2418324763499253,0.012332987205926656,5.151383772628657e-05,1.6553711549585576e-07,28.42655623105657,-9.41859935515767,-0.4611766858349875,0.3541034347516256,1.0928679515313724,-0.03071423840772864
