,flag,epoch,sbx,sby,sbz,sbvx,sbvy,sbvz
0,1.0,2457846.5,-0.688973219999585,-1.8636804131825235,-0.012122349116608429,4.623777428345692,-1.3925289464085318,0.134930176424838
