,flag,sbx,sby,sbz,sbvx,sbvy,sbvz,epoch
0,1.0,-29.56117742294612,18.1561539175224,23.755879540277505,0.5398452688992245,0.8139033204129228,0.04971854708498233,2458725.5
