,mass_1,radius_1,x_1,y_1,z_1,vx_1,vy_1,vz_1,mass_2,radius_2,x_2,y_2,z_2,vx_2,vy_2,vz_2,mass_3,radius_3,x_3,y_3,z_3,vx_3,vy_3,vz_3,mass_4,radius_4,x_4,y_4,z_4,vx_4,vy_4,vz_4,mass_5,radius_5,x_5,y_5,z_5,vx_5,vy_5,vz_5,mass_6,radius_6,x_6,y_6,z_6,vx_6,vy_6,vz_6,mass_7,radius_7,x_7,y_7,z_7,vx_7,vy_7,vz_7,mass_8,radius_8,x_8,y_8,z_8,vx_8,vy_8,vz_8
0,1.660120825375342e-07,1.631393540950981e-08,0.1468357881847949,-0.4217460592975127,-0.0479321515776281,7.6456101933628915,3.8994113003387,-0.38280745797507326,2.447838287784771e-06,4.045378434654418e-08,0.1915382589971989,-0.7017278850861799,-0.02067417368991625,7.077393184216802,1.9200770927211113,-0.38208458013617197,3.040432648020684e-06,4.437104331057835e-07,-0.9513750457271511,0.2795837005404904,-5.666699969428745e-06,-1.8741278448340153,-6.0525579529502975,0.00022856038475738656,3.2271560375549955e-07,2.270212793877687e-08,-1.491195178340128,-0.6183823184124098,0.0236391958031745,2.148576600604853,-4.284599932990949,-0.14251858258371616,0.0009547919099366768,4.778945025452157e-07,-5.302151982970481,1.152415645959881,0.1138564918437575,-0.6188223149683734,-2.5656403357715547,0.024500194990218573,0.0002858856700231729,4.0286669668487467e-07,-3.405146936648944,-9.417378824283492,0.2992442526153978,1.804793096794638,-0.701063536386033,-0.05968135968658895,4.3662496132004074e-05,1.708513622580592e-07,18.78379533388849,6.775020110077047,-0.2180664841885942,-0.49800331896432676,1.2818269374660187,0.011226420090313875,5.151383772628657e-05,1.6553711549585576e-07,28.02002513824374,-10.59192507316293,-0.4275926131445257,0.39761846751984153,1.0768006395083525,-0.031387995116754004
