,flag,epoch,sbx,sby,sbz,sbvx,sbvy,sbvz
0,1.0,2457298.5,-23.398732318222333,-35.352688827329786,5.819464418208466,0.879083997329043,-0.4277090951901778,0.10562293143188452
