,flag,epoch,sbx,sby,sbz,sbvx,sbvy,sbvz
0,1.0,2457490.0,-1.9086395403044614,-0.6527879585800809,0.24236161397610034,2.2098654355191814,-4.0681999194322325,-0.692045343153014
