,flag,epoch,sbx,sby,sbz,sbvx,sbvy,sbvz
0,1.0,2457740.0,-0.036236766451281266,-2.2448596213820893,0.12157578226559243,4.252877603931643,-0.2983953469415521,0.41714806681008765
1,1.0,2457740.0,-0.03623675732721554,-2.2448596248060455,0.12157578088471346,4.252877602540318,-0.29839534008269186,0.41714806393610787
