,flag,epoch,sbx,sby,sbz,sbvx,sbvy,sbvz
0,1.0,2457860.0,-1.4482800175259931,-2.001522763679787,0.09773240002822722,3.0446607140108233,-2.4737509110714693,0.3885839470731539
1,1.0,2457860.0,-1.4482799838391893,-2.001522794294771,0.09773240458167454,3.0446607395622305,-2.4737508689201135,0.38858394261670565
