,flag,epoch,sbx,sby,sbz,sbvx,sbvy,sbvz
0,1.0,2457357.5,-45.711397701957864,-21.25599329088098,1.821710856276881,0.4062578200164541,-0.7345162942518112,-0.005473980138178879
