,flag,epoch,sbx,sby,sbz,sbvx,sbvy,sbvz
0,1,2457495.5,-39.2869706633849,-4.819383560470076,-2.999020066455529,0.18696703793152955,-0.7466182622666646,-0.6231840217963749
