,flag,epoch,sbx,sby,sbz,sbvx,sbvy,sbvz
0,1.0,2457848.5,32.19308287302024,15.83642276059621,-13.51280111502105,-0.5354175876038286,0.914660645615998,0.08764144681291929
