,mass_1,radius_1,x_1,y_1,z_1,vx_1,vy_1,vz_1,mass_2,radius_2,x_2,y_2,z_2,vx_2,vy_2,vz_2,mass_3,radius_3,x_3,y_3,z_3,vx_3,vy_3,vz_3,mass_4,radius_4,x_4,y_4,z_4,vx_4,vy_4,vz_4,mass_5,radius_5,x_5,y_5,z_5,vx_5,vy_5,vz_5,mass_6,radius_6,x_6,y_6,z_6,vx_6,vy_6,vz_6,mass_7,radius_7,x_7,y_7,z_7,vx_7,vy_7,vz_7,mass_8,radius_8,x_8,y_8,z_8,vx_8,vy_8,vz_8
0,1.660120825375342e-07,1.631393540950981e-08,-0.2944235140673166,0.1798128478701604,0.04170425792265128,-7.46133966099971,-8.33973972904771,0.0031014412719884304,2.447838287784771e-06,4.045378434654418e-08,0.2991293809069764,-0.6631845866418192,-0.02635200532519306,6.684472867909592,3.012670211672794,-0.34445465282738763,3.040432648020684e-06,4.437104331057835e-07,0.5878698876549703,-0.8279152969671053,2.568341676149532e-05,5.021436239161766,3.6145691235201247,-0.00013801451110765893,3.2271560375549955e-07,2.270212793877687e-08,-0.4047524707370739,1.551278968983354,0.04243883518300774,-4.7515442893465965,-0.8563409812807052,0.09867777584694729,0.0009547919099366768,4.778945025452157e-07,-4.700990121368039,2.616571322849516,0.09432471549629336,-1.3745356345088717,-2.280338730813811,0.04022653071095113,0.0002858856700231729,4.0286669668487467e-07,-4.460426133434396,-8.931464438373135,0.3328220775792827,1.710981009511814,-0.9181332514387733,-0.05218011687409174,4.3662496132004074e-05,1.708513622580592e-07,19.06581176004328,6.000580179033107,-0.224607291245305,-0.4425129430853013,1.3010452690685412,0.010586091563508529,5.151383772628657e-05,1.6553711549585576e-07,27.77447667784042,-11.23477211613969,-0.4086672492734443,0.42146862851758016,1.0674274260068861,-0.031739139242483255
