,mass_1,radius_1,x_1,y_1,z_1,vx_1,vy_1,vz_1,mass_2,radius_2,x_2,y_2,z_2,vx_2,vy_2,vz_2,mass_3,radius_3,x_3,y_3,z_3,vx_3,vy_3,vz_3,mass_4,radius_4,x_4,y_4,z_4,vx_4,vy_4,vz_4,mass_5,radius_5,x_5,y_5,z_5,vx_5,vy_5,vz_5,mass_6,radius_6,x_6,y_6,z_6,vx_6,vy_6,vz_6,mass_7,radius_7,x_7,y_7,z_7,vx_7,vy_7,vz_7,mass_8,radius_8,x_8,y_8,z_8,vx_8,vy_8,vz_8
0,1.660120825375342e-07,1.631393540950981e-08,-0.3907892181405031,-0.02558870238077984,0.03376219249000866,-1.466266916995428,-9.81241954942262,-0.6672434804205045,2.447838287784771e-06,4.045378434654418e-08,-0.697834279254378,0.1692021234140525,0.04259024213199167,-1.778226362213183,-7.21274259361639,0.0037605796194565486,3.040432648020684e-06,4.437104331057835e-07,-0.6646332080982704,-0.7599601518136612,2.736898546525998e-05,4.627905579437243,-4.160450287546711,0.0001242683422199851,3.2271560375549955e-07,2.270212793877687e-08,0.6455591828121438,1.361478374793796,0.01268281596173356,-4.423887341892145,2.624763891973432,0.16357978922324776,0.0009547919099366768,4.778945025452157e-07,-4.371859870446849,3.099053977740065,0.08495639835397736,-1.6282924949177011,-2.120512410983494,0.04524123631222525,0.0002858856700231729,4.0286669668487467e-07,-4.830789350429272,-8.721937700283286,0.3439300241374756,1.6703207164132214,-0.9948420238512323,-0.04923086641606314,4.3662496132004074e-05,1.708513622580592e-07,19.16049752485076,5.714906341001561,-0.2268998455694068,-0.4220877571610606,1.3074711828488563,0.01034793583535731,5.151383772628657e-05,1.6553711549585576e-07,27.68121401210703,-11.46817808398465,-0.4017018087671083,0.4301158557069517,1.0638583051109387,-0.03186314812377045
