,mass_1,radius_1,x_1,y_1,z_1,vx_1,vy_1,vz_1,mass_2,radius_2,x_2,y_2,z_2,vx_2,vy_2,vz_2,mass_3,radius_3,x_3,y_3,z_3,vx_3,vy_3,vz_3,mass_4,radius_4,x_4,y_4,z_4,vx_4,vy_4,vz_4,mass_5,radius_5,x_5,y_5,z_5,vx_5,vy_5,vz_5,mass_6,radius_6,x_6,y_6,z_6,vx_6,vy_6,vz_6,mass_7,radius_7,x_7,y_7,z_7,vx_7,vy_7,vz_7,mass_8,radius_8,x_8,y_8,z_8,vx_8,vy_8,vz_8
0,1.660120825375342e-07,1.631393540950981e-08,-0.3558085244690371,-0.254468588331115,0.01184928497908812,3.8720992514951655,-7.902393892728948,-1.00095558408756,2.447838287784771e-06,4.045378434654418e-08,0.04142954029613811,0.7186272686309086,0.007463054447805702,-7.400416429347468,0.3869100344118752,0.4323554857396764,3.040432648020684e-06,4.437104331057835e-07,-0.5497519064389711,0.8165604570020153,-2.81566385908552e-05,-5.3149758585006905,-3.5328757472364964,0.0001585934373089875,3.2271560375549955e-07,2.270212793877687e-08,1.242151451318946,0.710213818924494,-0.01560207870842651,-2.3418013440241774,4.874265447927573,0.15961603885552617,0.0009547919099366768,4.778945025452157e-07,-5.326990125097014,-1.17465791282925,0.1240757457323314,0.5608807899747478,-2.563859299924523,-0.0019036078198247668,0.0002858856700231729,4.0286669668487467e-07,-1.74924776410937,-9.893338368743944,0.2415876929989452,1.8959290445980745,-0.3631657629657515,-0.06916579496853592,4.3662496132004074e-05,1.708513622580592e-07,18.30294213199094,7.904966015381258,-0.2076328847708159,-0.5792291229799637,1.2493362779302728,0.012145744234540186,5.151383772628657e-05,1.6553711549585576e-07,28.35894283185445,-9.624799492039308,-0.4553630816332542,0.3617192262886768,1.0901670165442385,-0.0308342907838935
