,flag,epoch,sbx,sby,sbz,sbvx,sbvy,sbvz
0,1.0,2457777.5,18.92253175918995,-32.43052390037203,-19.929822166500823,0.7809842164943995,0.703628370820619,0.03842446874156607
