,flag,epoch,sbx,sby,sbz,sbvx,sbvy,sbvz
0,1,2457320.0,0.2572564705078671,-2.921003635620873,-0.529641084243675,3.587081438846872,0.740187453433679,-0.05483480132447433
