,mass_1,radius_1,x_1,y_1,z_1,vx_1,vy_1,vz_1,mass_2,radius_2,x_2,y_2,z_2,vx_2,vy_2,vz_2,mass_3,radius_3,x_3,y_3,z_3,vx_3,vy_3,vz_3,mass_4,radius_4,x_4,y_4,z_4,vx_4,vy_4,vz_4,mass_5,radius_5,x_5,y_5,z_5,vx_5,vy_5,vz_5,mass_6,radius_6,x_6,y_6,z_6,vx_6,vy_6,vz_6,mass_7,radius_7,x_7,y_7,z_7,vx_7,vy_7,vz_7,mass_8,radius_8,x_8,y_8,z_8,vx_8,vy_8,vz_8
0,1.660120825375342e-07,1.631393540950981e-08,0.3031252300757199,0.131608818111545,-0.01705817661157718,-6.091589883326225,9.881566357714618,1.3662915242090286,2.447838287784771e-06,4.045378434654418e-08,-0.5031487806749734,0.5115864795430862,0.0360474347184257,-5.293805482290128,-5.219122512805176,0.23398796001041997,3.040432648020684e-06,4.437104331057835e-07,-0.575193006966706,0.7990847217301917,-2.400608282799269e-05,-5.2023040681740005,-3.694662854749235,0.0001268994382998513,3.2271560375549955e-07,2.270212793877687e-08,-1.614661135274933,0.3969737563746893,0.04795073645556367,-1.0291138683649244,-4.526670265124504,-0.06958554608452248,0.0009547919099366768,4.778945025452157e-07,-1.514676678090463,4.975965245995379,0.01322785422557111,-2.6724723912254458,-0.6727899608559185,0.06259551091349974,0.0002858856700231729,4.0286669668487467e-07,-6.79230250816457,-7.172460748084016,0.3951212167137719,1.3666679715253782,-1.4069811300984874,-0.029976624965009573,4.3662496132004074e-05,1.708513622580592e-07,19.62467427703138,4.01433675216503,-0.239263397392996,-0.30040332348995613,1.3395413763033541,0.008894593159053329,5.151383772628657e-05,1.6553711549585576e-07,27.09644028511175,-12.82056211781179,-0.3603346720246247,0.4806303879193586,1.0422335384344397,-0.032558723556476106
