,flag,epoch,sbx,sby,sbz,sbvx,sbvy,sbvz
0,1,2456752.5,-24.535202759583537,-21.68441903544495,5.706531637429051,0.5993570469691539,-1.0102311893700935,0.018694119284416798
