,mass_1,radius_1,x_1,y_1,z_1,vx_1,vy_1,vz_1,mass_2,radius_2,x_2,y_2,z_2,vx_2,vy_2,vz_2,mass_3,radius_3,x_3,y_3,z_3,vx_3,vy_3,vz_3,mass_4,radius_4,x_4,y_4,z_4,vx_4,vy_4,vz_4,mass_5,radius_5,x_5,y_5,z_5,vx_5,vy_5,vz_5,mass_6,radius_6,x_6,y_6,z_6,vx_6,vy_6,vz_6,mass_7,radius_7,x_7,y_7,z_7,vx_7,vy_7,vz_7,mass_8,radius_8,x_8,y_8,z_8,vx_8,vy_8,vz_8
0,1.660120825375342e-07,1.631393540950981e-08,0.06373439012536028,0.3002415674047437,0.01868466024552797,-12.112446450632792,2.5165741992633834,1.3169100893357657,2.447838287784771e-06,4.045378434654418e-08,-0.6073773865123094,-0.3902859256532797,0.0297022073495397,3.9417321779733947,-6.249449799344591,-0.31312601536934964,3.040432648020684e-06,4.437104331057835e-07,0.8405014039047828,0.5311299100219457,-1.952443477607877e-05,-3.4589621843896246,5.288491895382454,-0.00016452206724632134,3.2271560375549955e-07,2.270212793877687e-08,0.8251554389917468,-1.126475734967676,-0.04385578024020905,4.317484336162456,3.4589545419951078,-0.033496259638486486,0.0009547919099366768,4.778945025452157e-07,-3.346654736786927,4.107689724494473,0.05782734955245117,-2.1718008708081777,-1.6122621221661384,0.055292272153064384,0.0002858856700231729,4.0286669668487467e-07,-5.697512816991453,-8.1391501269728,0.3683198888769763,1.5567406658717637,-1.1754531168557716,-0.041572103391047645,4.3662496132004074e-05,1.708513622580592e-07,19.37348501804595,5.009272968283597,-0.2322934695880541,-0.37160738888792927,1.3221395012511914,0.009750856543421357,5.151383772628657e-05,1.6553711549585576e-07,27.4447311749808,-12.03672367565459,-0.3845230759852138,0.45127626257216946,1.055064037167439,-0.03216173030602085
