,flag,epoch,sbx,sby,sbz,sbvx,sbvy,sbvz
0,1,2457674.5,-0.8743778312869432,2.346726530486428,0.6413609448030245,-3.788224794822306,-0.861932934310931,-0.1629817347588795
