,flag,epoch,sbx,sby,sbz,sbvx,sbvy,sbvz
0,1.0,2457640.0,-0.8151071898044235,-2.285609948793626,0.2732024642938097,3.696269543733914,-1.6067202000729923,0.0048146159428848374
1,1.0,2457640.0,-0.8151071745915206,-2.285609939488417,0.27320246675449106,3.6962695652370523,-1.6067201917066307,0.004814603326459319
