,flag,epoch,sbx,sby,sbz,sbvx,sbvy,sbvz
0,1.0,2457750.0,2.0181311909780253,-0.0332414971536808,-0.2437679974313861,0.004601817502479778,4.680276168094924,0.27229769792904396
1,1.0,2457750.0,2.018131200510148,-0.033241519525464225,-0.24376800909557764,0.004601848436113796,4.68027615397604,0.2722976824908089
