,flag,epoch,sbx,sby,sbz,sbvx,sbvy,sbvz
0,1.0,2457935.5,34.08251184511024,-17.4364418265926,7.526184669100016,0.9464922639934592,0.8111031466929325,-0.1821379984762336
