,flag,epoch,sbx,sby,sbz,sbvx,sbvy,sbvz
0,1.0,2459086.5,3.5776854567227456,-0.2800848305854613,0.2794991451472013,1.7121799656026877,3.545015120955822,-0.06266724493338618
