,flag,sbx,sby,sbz,sbvx,sbvy,sbvz
0,1.0,10.953648454217838,6.0439990210018975,-38.9070512896962,0.48865146741641563,0.838657993602965,0.2678528476859601
