,flag,epoch,sbx,sby,sbz,sbvx,sbvy,sbvz
0,1.0,2457401.5,2.226070863815312,1.2976190839930668,0.14673555260031074,-1.5712085729914584,3.7547460840730063,0.0462617012294244
