,flag,epoch,sbx,sby,sbz,sbvx,sbvy,sbvz
0,1.0,2458064.5,-1.0269934226955566,1.882137461193086,0.3449014976458925,-4.462346193677346,-0.9072849505484031,-0.3734345264279939
