,flag,epoch,sbx,sby,sbz,sbvx,sbvy,sbvz
0,1.0,2457880.0,2.492182574081422,-0.4463537358594749,-0.2701240102430004,0.9051763591205536,3.714419885016773,0.2138601571696407
1,1.0,2457880.0,2.4921825616678825,-0.44635377374265106,-0.27012398147206385,0.9051763984176148,3.714419885559114,0.21386019161036993
