,flag,epoch,sbx,sby,sbz,sbvx,sbvy,sbvz
0,1,2457190.0,1.0921271154282877,-2.4380778402483925,-0.04377013185418682,3.0195423966100954,2.2118249302743935,0.8243222829767485
