,flag,epoch,sbx,sby,sbz,sbvx,sbvy,sbvz
0,1.0,2457810.0,-0.6139345218167632,-2.104551801332332,0.1394612404128443,4.169459070090553,-1.289863482724161,0.3710458970911606
1,1.0,2457810.0,-0.6139345157291762,-2.104551797373492,0.13946123919373,4.169459084810004,-1.289863473931265,0.3710458990492194
