,flag,epoch,sbx,sby,sbz,sbvx,sbvy,sbvz
0,1,2457300.0,1.4019764648103599,1.580974485047664,-0.3702626204986611,-3.3566859440940773,3.1530101986678796,-1.1657970724823825
