,flag,epoch,sbx,sby,sbz,sbvx,sbvy,sbvz
0,1.0,2457404.5,-5.792202228584053,12.41337052031231,-1.5674428013884025,-2.015823813271663,-0.3722299156338811,1.1007709196671762
