,flag,epoch,sbx,sby,sbz,sbvx,sbvy,sbvz
0,1.0,2452260.0,23.253276659685515,-31.26190653173415,-0.8942971157784596,0.7240670735519521,0.5368240170934648,-0.4838377511724005
