,flag,epoch,sbx,sby,sbz,sbvx,sbvy,sbvz
0,1.0,2457760.0,2.338750071785882,0.8733651006389691,0.22299868859639213,-1.2279163153205823,3.6342840032326613,0.25601041488379306
1,1.0,2457760.0,2.3387500615405603,0.8733651114989714,0.22299868697328618,-1.2279163332806662,3.6342840074403835,0.256010408542015
