,flag,epoch,sbx,sby,sbz,sbvx,sbvy,sbvz
0,1.0,2457284.5,30.53158124682469,-12.952079507102969,-30.111013823384926,0.5299029166773093,0.7697281441250535,0.05716792843677826
