,flag,epoch,sbx,sby,sbz,sbvx,sbvy,sbvz
0,1.0,2456518.5,8.675533481441368,8.59990245598604,-6.983946206675091,-0.8642408062773123,0.9704454186258032,-0.9281926973069775
