,flag,epoch,sbx,sby,sbz,sbvx,sbvy,sbvz
0,1,2457020.0,-2.1541339079569717,-1.0954052768960756,0.3391633109860529,1.5722017136218043,-3.5913275633629653,0.3240867809475025
