,mass_1,radius_1,x_1,y_1,z_1,vx_1,vy_1,vz_1,mass_2,radius_2,x_2,y_2,z_2,vx_2,vy_2,vz_2,mass_3,radius_3,x_3,y_3,z_3,vx_3,vy_3,vz_3,mass_4,radius_4,x_4,y_4,z_4,vx_4,vy_4,vz_4,mass_5,radius_5,x_5,y_5,z_5,vx_5,vy_5,vz_5,mass_6,radius_6,x_6,y_6,z_6,vx_6,vy_6,vz_6,mass_7,radius_7,x_7,y_7,z_7,vx_7,vy_7,vz_7,mass_8,radius_8,x_8,y_8,z_8,vx_8,vy_8,vz_8
0,1.660120825375342e-07,1.631393540950981e-08,-0.2225732114040155,-0.404593893277334,-0.01263877675672914,6.932275551256859,-4.458351765498645,-1.0002931072673802,2.447838287784771e-06,4.045378434654418e-08,0.4339946291775544,0.5771283148704266,-0.0171353764789095,-5.927610835843284,4.4082845956723755,0.4024958869305838,3.040432648020684e-06,4.437104331057835e-07,-0.9301206561051356,0.341040588952742,-8.482491171815484e-06,-2.265528957420949,-5.923522945540211,0.00020317405154513424,3.2271560375549955e-07,2.270212793877687e-08,1.289464714014268,0.6014080906848399,-0.0190476236381297,-1.964261573632487,5.068964694067925,0.15442342814942037,0.0009547919099366768,4.778945025452157e-07,-4.039617437900028,3.490154182456139,0.07589776314266872,-1.8365431159985128,-1.9573553932942076,0.04922412192857343,0.0002858856700231729,4.0286669668487467e-07,-5.147272372689528,-8.524957938779007,0.3531106879416694,1.6319925368212325,-1.0605619257911811,-0.046563631070552454,4.3662496132004074e-05,1.708513622580592e-07,19.23967357275606,5.463804520849488,-0.2288629880144411,-0.4041487416470281,1.3129234098877975,0.010137626284026199,5.151383772628657e-05,1.6553711549585576e-07,27.59806060169565,-11.67176961688861,-0.3955850843555367,0.4376574622936056,1.060763455524534,-0.031969902696775535
