,mass_1,radius_1,x_1,y_1,z_1,vx_1,vy_1,vz_1,mass_2,radius_2,x_2,y_2,z_2,vx_2,vy_2,vz_2,mass_3,radius_3,x_3,y_3,z_3,vx_3,vy_3,vz_3,mass_4,radius_4,x_4,y_4,z_4,vx_4,vy_4,vz_4,mass_5,radius_5,x_5,y_5,z_5,vx_5,vy_5,vz_5,mass_6,radius_6,x_6,y_6,z_6,vx_6,vy_6,vz_6,mass_7,radius_7,x_7,y_7,z_7,vx_7,vy_7,vz_7,mass_8,radius_8,x_8,y_8,z_8,vx_8,vy_8,vz_8
0,1.660120825375342e-07,1.631393540950981e-08,0.317325300149773,-0.2501716080879843,-0.04955440223834748,4.334585788307672,8.548538301216766,0.30082567200039717,2.447838287784771e-06,4.045378434654418e-08,0.6875202372644221,0.2279281471892312,-0.03654929843493605,-2.3498386154253113,6.979581194740245,0.23128913876569504,3.040432648020684e-06,4.437104331057835e-07,1.002608861045893,-0.06113111539785344,-2.608325729054335e-06,0.28013273082728096,6.248814747710932,-0.00022409453962705746,3.2271560375549955e-07,2.270212793877687e-08,-1.033368994597416,1.281753281121169,0.05221978602609863,-3.785720762277014,-2.772916000910032,0.034811153812269735,0.0009547919099366768,4.778945025452157e-07,-4.887752586750125,2.27900945587554,0.09990558840743581,-1.198690162798795,-2.37011864020393,0.03666523943425087,0.0002858856700231729,4.0286669668487467e-07,-4.210317994304328,-9.060951776109277,0.3251125427599567,1.7360100580914326,-0.8664938473808778,-0.05407213102665482,4.3662496132004074e-05,1.708513622580592e-07,19.00061891363468,6.189050571935913,-0.2230597118035682,-0.4560398591866634,1.2966180319969274,0.01074435811538937,5.151383772628657e-05,1.6553711549585576e-07,27.83521496864507,-11.0797123102383,-0.4132666487421456,0.4156812719687689,1.0697547346811416,-0.0316540051475477
