,mass_1,radius_1,x_1,y_1,z_1,vx_1,vy_1,vz_1,mass_2,radius_2,x_2,y_2,z_2,vx_2,vy_2,vz_2,mass_3,radius_3,x_3,y_3,z_3,vx_3,vy_3,vz_3,mass_4,radius_4,x_4,y_4,z_4,vx_4,vy_4,vz_4,mass_5,radius_5,x_5,y_5,z_5,vx_5,vy_5,vz_5,mass_6,radius_6,x_6,y_6,z_6,vx_6,vy_6,vz_6,mass_7,radius_7,x_7,y_7,z_7,vx_7,vy_7,vz_7,mass_8,radius_8,x_8,y_8,z_8,vx_8,vy_8,vz_8
0,1.660120825375342e-07,1.631393540950981e-08,0.05733842177267186,-0.4540101220373347,-0.04235718580627285,8.134152142012478,1.8151992885687531,-0.5979544329045958,2.447838287784771e-06,4.045378434654418e-08,0.1991244646412866,0.6926084153110129,-0.001998494246997328,-7.124859573662097,2.005914597782568,0.43866152065817243,3.040432648020684e-06,4.437104331057835e-07,-0.9863286050483993,0.1232993645560032,-1.085008811197412e-06,-0.8817658740061678,-6.259067783001429,0.00021070953767085785,3.2271560375549955e-07,2.270212793877687e-08,1.208679582398696,0.7761442587334549,-0.01340348468660064,-2.5659162787488423,4.737425564699534,0.1622442597063358,0.0009547919099366768,4.778945025452157e-07,-4.104316336302278,3.419918058830151,0.07763718450479884,-1.7989512502402518,-1.9892547327505081,0.04851555102801416,0.0002858856700231729,4.0286669668487467e-07,-5.089056129172032,-8.562490235988315,0.3514444693033688,1.6392982948571182,-1.0484568133185048,-0.04706460286698783,4.3662496132004074e-05,1.708513622580592e-07,19.22522961645231,5.510516447754657,-0.2285014649524955,-0.40748980059123,1.3119262762204509,0.010177165838931131,5.151383772628657e-05,1.6553711549585576e-07,27.61361274712513,-11.63400460338066,-0.3967226021858938,0.43625369569908934,1.0613395891071655,-0.03194985269132227
