,mass_1,radius_1,x_1,y_1,z_1,vx_1,vy_1,vz_1,mass_2,radius_2,x_2,y_2,z_2,vx_2,vy_2,vz_2,mass_3,radius_3,x_3,y_3,z_3,vx_3,vy_3,vz_3,mass_4,radius_4,x_4,y_4,z_4,vx_4,vy_4,vz_4,mass_5,radius_5,x_5,y_5,z_5,vx_5,vy_5,vz_5,mass_6,radius_6,x_6,y_6,z_6,vx_6,vy_6,vz_6,mass_7,radius_7,x_7,y_7,z_7,vx_7,vy_7,vz_7,mass_8,radius_8,x_8,y_8,z_8,vx_8,vy_8,vz_8
0,1.660120825375342e-07,1.631393540950981e-08,0.02012982879570819,-0.4603661392264802,-0.03946458392798442,8.20519307087742,0.9766385350818908,-0.672939002691552,2.447838287784771e-06,4.045378434654418e-08,-0.7181669567186744,-0.03636039456003651,0.04094402164764675,0.3289706358201272,-7.410849414667143,-0.12063973941292519,3.040432648020684e-06,4.437104331057835e-07,0.7426115419565601,0.6574012173544843,-3.07538500280733e-05,-4.267508004835388,4.681764789333379,-0.00017832584939359724,3.2271560375549955e-07,2.270212793877687e-08,-1.625283927995195,0.3463372023944529,0.04714504226150081,-0.8740706878264725,-4.562248855345977,-0.07415265459264125,0.0009547919099366768,4.778945025452157e-07,-4.514091556138833,-3.034149484493867,0.1136081493193329,1.5056229859940764,-2.1595457384094,-0.024722551239389375,0.0002858856700231729,4.0286669668487467e-07,-0.2600039964489675,-10.05842502278516,0.1851762349315509,1.9270747494620548,-0.060783898757524935,-0.07564587875530475,4.3662496132004074e-05,1.708513622580592e-07,17.82556934848523,8.864136526291936,-0.1978903708054916,-0.6484773186465765,1.217229080386138,0.012908690323655962,5.151383772628657e-05,1.6553711549585576e-07,28.62793455648,-8.772821738970867,-0.479142118079915,0.3300481447418518,1.101162690895863,-0.030324517662677988
