,flag,epoch,sbx,sby,sbz,sbvx,sbvy,sbvz
0,1.0,2457918.5,2.9288518709212523,-2.1098439599616396,-0.06680254504387162,1.4873564418207055,2.6062824042781036,-0.08851505179213104
