,flag,epoch,sbx,sby,sbz,sbvx,sbvy,sbvz
0,1,2457520.0,0.36432228041106685,-3.6210123300835995,-0.2716331286129953,2.9911861788002874,0.41559387420418537,-0.4665635395019137
