,flag,epoch,sbx,sby,sbz,sbvx,sbvy,sbvz
0,1.0,2457663.5,29.629012752438705,19.35910683234171,-18.273250703861716,-0.6922596727650394,0.8420824265387564,0.43036686939551894
