,flag,epoch,sbx,sby,sbz,sbvx,sbvy,sbvz
0,1,2457437.5,44.668252456970045,-2.6772092353026498,1.7218836674052636,0.1486241803808218,0.7988092399826512,0.4343587379322267
