,flag,epoch,sbx,sby,sbz,sbvx,sbvy,sbvz
0,1,2457690.0,-3.6332787283361974,0.22611934545888412,0.11409186011203098,0.14018358158119804,-2.8757928043671384,-0.9376633869258427
