,flag,epoch,sbx,sby,sbz,sbvx,sbvy,sbvz
0,1.0,2457655.5,30.524656249304652,23.23917083123279,-10.665038631798446,-0.7001152860394714,0.909586256855156,0.034862061242997205
