,flag,epoch,sbx,sby,sbz,sbvx,sbvy,sbvz
0,1.0,2456210.0,29.44682128869865,19.17012578748052,10.097036887194188,-0.6886073759467561,0.8549325506924003,0.2154387434319626
