,flag,epoch,sbx,sby,sbz,sbvx,sbvy,sbvz
0,1.0,2454120.0,2.222733720915835,0.041261254319999274,-0.0909771120357496,0.16981839232453158,4.531857951794129,-0.4276235895715908
