,flag,epoch,sbx,sby,sbz,sbvx,sbvy,sbvz
0,1.0,2454140.0,14.905658821480957,43.07417139581397,-1.325396655178209,-0.839193855757477,0.336680045447755,0.061447884984448184
