,flag,epoch,sbx,sby,sbz,sbvx,sbvy,sbvz
0,1.0,2457157.5,42.86549043457574,7.878214248310892,-0.55393937022088,-0.17450983786592705,0.9452114662300323,0.015275651896893559
