,flag,epoch,sbx,sby,sbz,sbvx,sbvy,sbvz
0,1,2457412.5,0.6306228658436127,3.0834517437247007,-0.7834775530301651,-3.405503483725954,0.2327571100429143,-0.1839829802082567
