,flag,epoch,sbx,sby,sbz,sbvx,sbvy,sbvz
0,1.0,2455679.5,41.45670698531157,24.830787440957096,-15.999363983529493,-0.3013964484256685,0.8489117523972585,0.021621726790114024
