,flag,epoch,sbx,sby,sbz,sbvx,sbvy,sbvz
0,1,2457400.0,1.2757822592598602,-1.1531816275508513,0.15927840856221168,3.3016201002597394,4.142604485748539,-0.1657593666005781
