,flag,epoch,sbx,sby,sbz,sbvx,sbvy,sbvz
0,1.0,2457090.0,46.660788706276875,-0.6637089939618761,-1.3379771153638158,0.053697849219872126,0.8874230821119234,0.025239094217962155
