,mass_1,radius_1,x_1,y_1,z_1,vx_1,vy_1,vz_1,mass_2,radius_2,x_2,y_2,z_2,vx_2,vy_2,vz_2,mass_3,radius_3,x_3,y_3,z_3,vx_3,vy_3,vz_3,mass_4,radius_4,x_4,y_4,z_4,vx_4,vy_4,vz_4,mass_5,radius_5,x_5,y_5,z_5,vx_5,vy_5,vz_5,mass_6,radius_6,x_6,y_6,z_6,vx_6,vy_6,vz_6,mass_7,radius_7,x_7,y_7,z_7,vx_7,vy_7,vz_7,mass_8,radius_8,x_8,y_8,z_8,vx_8,vy_8,vz_8
0,1.660120825375342e-07,1.631393540950981e-08,0.005927322722050728,0.3075411747768839,0.02458414377713983,-12.335463359574208,0.5728729802090521,1.1786266231430405,2.447838287784771e-06,4.045378434654418e-08,0.6532341861043895,0.3119586189421445,-0.03342573019564337,-3.207419895268008,6.634049536562978,0.27601251071016214,3.040432648020684e-06,4.437104331057835e-07,0.9077591511299664,-0.4435863487862894,1.181773750661468e-05,2.656608743894301,5.622368340488403,-0.00017342425513311278,3.2271560375549955e-07,2.270212793877687e-08,-0.5996809080421877,-1.384764411779288,-0.01428883757629799,4.883474956200236,-1.5932049398818735,-0.15328657557506567,0.0009547919099366768,4.778945025452157e-07,2.325198252062657,4.455065323361657,-0.07053436347396512,-2.4789958708789173,1.4077804787252537,0.04962829743780987,0.0002858856700231729,4.0286669668487467e-07,-8.420286916998197,-4.914527965268307,0.4206999688458439,0.9148845120743422,-1.763473650524572,-0.005760676742071673,4.3662496132004074e-05,1.708513622580592e-07,19.95289006609329,2.100291310650397,-0.2506566526748765,-0.16283870225887345,1.3627013946858662,0.007187369537813862,5.151383772628657e-05,1.6553711549585576e-07,26.37677281639427,-14.277626038071,-0.3137414492031387,0.53620410708181,1.0160477293622459,-0.03326369451122205
