,flag,epoch,sbx,sby,sbz,sbvx,sbvy,sbvz
0,1.0,2457320.0,-2.6591366852036824,-0.7884079159583969,0.7331787090682105,1.002900351340878,-3.3085816397450736,-0.3438018861066845
