,flag,epoch,sbx,sby,sbz,sbvx,sbvy,sbvz
0,1,2457357.5,1.6578531113281056,-2.0252837378945325,-0.0216767272535879,2.967279467583602,2.9654730984576654,-0.1880843447687175
