,mass_1,radius_1,x_1,y_1,z_1,vx_1,vy_1,vz_1,mass_2,radius_2,x_2,y_2,z_2,vx_2,vy_2,vz_2,mass_3,radius_3,x_3,y_3,z_3,vx_3,vy_3,vz_3,mass_4,radius_4,x_4,y_4,z_4,vx_4,vy_4,vz_4,mass_5,radius_5,x_5,y_5,z_5,vx_5,vy_5,vz_5,mass_6,radius_6,x_6,y_6,z_6,vx_6,vy_6,vz_6,mass_7,radius_7,x_7,y_7,z_7,vx_7,vy_7,vz_7,mass_8,radius_8,x_8,y_8,z_8,vx_8,vy_8,vz_8
0,1.660120825375342e-07,1.631393540950981e-08,-0.05354391267389913,0.3055039894668966,0.02987580643689811,-12.18352067954072,-1.3994669432902584,1.0033403128373166,2.447838287784771e-06,4.045378434654418e-08,0.4909918608827875,-0.5366470627128116,-0.03569495940058255,5.4019489265143195,4.9598320970980545,-0.2436896561810611,3.040432648020684e-06,4.437104331057835e-07,0.9646342483561379,-0.2928634589508422,8.760254690872244e-06,1.7232517105065095,5.9893357439361985,-0.00026397013334151647,3.2271560375549955e-07,2.270212793877687e-08,1.190434576704857,-0.7010961334269231,-0.04390155324069797,2.7879294491670903,4.84120545496919,0.033033158238819506,0.0009547919099366768,4.778945025452157e-07,-2.902448722846282,-4.531315015786539,0.08376370456846428,2.28978066724569,-1.357977549843724,-0.04559539350218818,0.0002858856700231729,4.0286669668487467e-07,1.350911332544175,-9.972237857037484,0.1195668357783905,1.9097930949501813,0.26617030384440915,-0.0806247114705399,4.3662496132004074e-05,1.708513622580592e-07,17.2515904578738,9.86804760531567,-0.1867429941322572,-0.7214729923104581,1.1787155967760106,0.013696426584620692,5.151383772628657e-05,1.6553711549585576e-07,28.88995190653625,-7.845580443376229,-0.504304693151966,0.2953397955046881,1.1122993452746561,-0.029739101111087945
