,flag,epoch,sbx,sby,sbz,sbvx,sbvy,sbvz
0,1,2458235.5,32.69412054976289,36.90012954842944,5.972189308049876,-0.640226089665355,0.5164967440536432,0.2658473153989362
