,flag,epoch,sbx,sby,sbz,sbvx,sbvy,sbvz
0,1,2457380.0,2.8197093440794174,0.8327234263114731,0.27041256892040527,0.00812169858476505,3.597625554284541,-0.915299545770567
