,mass_1,radius_1,x_1,y_1,z_1,vx_1,vy_1,vz_1,mass_2,radius_2,x_2,y_2,z_2,vx_2,vy_2,vz_2,mass_3,radius_3,x_3,y_3,z_3,vx_3,vy_3,vz_3,mass_4,radius_4,x_4,y_4,z_4,vx_4,vy_4,vz_4,mass_5,radius_5,x_5,y_5,z_5,vx_5,vy_5,vz_5,mass_6,radius_6,x_6,y_6,z_6,vx_6,vy_6,vz_6,mass_7,radius_7,x_7,y_7,z_7,vx_7,vy_7,vz_7,mass_8,radius_8,x_8,y_8,z_8,vx_8,vy_8,vz_8
0,1.660120825375342e-07,1.631393540950981e-08,-0.2539642853075212,-0.3819992639914077,-0.007906201296787593,6.481284577931592,-5.202380633934916,-1.0197622556952595,2.447838287784771e-06,4.045378434654418e-08,0.4764803404296064,0.5429800114785108,-0.02006342939771682,-5.57582440792822,4.84090661158395,0.38808430746991934,3.040432648020684e-06,4.437104331057835e-07,0.7897012744192852,-0.6344512905145412,1.168380213635311e-05,3.833576783850507,4.875322784324898,-0.00011871046856857765,3.2271560375549955e-07,2.270212793877687e-08,1.018146275779645,1.050990000406377,-0.002980167710946126,-3.4760163006830815,3.991913039707625,0.16900309665921764,0.0009547919099366768,4.778945025452157e-07,3.964323555836703,-3.112539711246455,-0.07579141510502523,1.6692484463225636,2.300994265743679,-0.04690621717095298,0.0002858856700231729,4.0286669668487467e-07,-9.36910174425111,1.038619311449676,0.3548335274398071,-0.33247517654171266,-2.027923771609704,0.04857088908224864,4.3662496132004074e-05,1.708513622580592e-07,19.99104227655976,-2.056204911837677,-0.2665789077225891,0.137813806247629,1.3638250181508436,0.003265055908740529,5.151383772628657e-05,1.6553711549585576e-07,24.56956725822946,-17.2623360765987,-0.2107395851115301,0.6530572128251007,0.9466915686039679,-0.03450613759623094
