,flag,epoch,sbx,sby,sbz,sbvx,sbvy,sbvz
0,1.0,2457218.5,27.20543062318825,17.615802829077804,-7.384695987504381,-0.6271443370506337,0.9772820229049188,0.15983696025403624
