,flag,epoch,sbx,sby,sbz,sbvx,sbvy,sbvz
0,1.0,2457670.0,-2.339184988229548,-0.24926947215806583,-0.21860021455656098,0.8961343412621724,-4.082812557794888,-0.0694216330733095
1,1.0,2457670.0,-2.339184981410761,-0.24926948345041466,-0.2186002262995796,0.8961343442979063,-4.082812569621065,-0.069421620214747
