,flag,epoch,sbx,sby,sbz,sbvx,sbvy,sbvz
0,1.0,2457625.5,-46.11106257897612,-1.6666767506317672,24.958325800760303,-0.04545523856948339,-0.7982439946998193,-0.055756864997355354
