,mass_1,radius_1,x_1,y_1,z_1,vx_1,vy_1,vz_1,mass_2,radius_2,x_2,y_2,z_2,vx_2,vy_2,vz_2,mass_3,radius_3,x_3,y_3,z_3,vx_3,vy_3,vz_3,mass_4,radius_4,x_4,y_4,z_4,vx_4,vy_4,vz_4,mass_5,radius_5,x_5,y_5,z_5,vx_5,vy_5,vz_5,mass_6,radius_6,x_6,y_6,z_6,vx_6,vy_6,vz_6,mass_7,radius_7,x_7,y_7,z_7,vx_7,vy_7,vz_7,mass_8,radius_8,x_8,y_8,z_8,vx_8,vy_8,vz_8
0,1.660120825375342e-07,1.631393540950981e-08,-0.2960187092990824,0.1780353073031029,0.04170926782774804,-7.402111403970523,-8.375209257682403,-0.00499874230660597,2.447838287784771e-06,4.045378434654418e-08,0.6540348407064184,0.3102917783280634,-0.0334995116788915,-3.1902624033925524,6.642245275972825,0.27504148519529886,3.040432648020684e-06,4.437104331057835e-07,-0.6920757136027503,-0.7343932242508834,1.50336419913331e-05,4.470761624504672,-4.333137164607407,7.161983003842901e-05,3.2271560375549955e-07,2.270212793877687e-08,-1.489909978599934,0.7431061520331818,0.05216034911811272,-2.0896809582338376,-4.137737422194042,-0.03536777691189551,0.0009547919099366768,4.778945025452157e-07,1.087403643584956,-5.086324011293998,-0.003218584162424282,2.6635802453086566,0.7073457942421811,-0.0625399895419774,0.0002858856700231729,4.0286669668487467e-07,-8.594232175917371,3.542754575095227,0.2803560522857352,-0.8836603716438434,-1.8879985719082706,0.06806857434702121,4.3662496132004074e-05,1.708513622580592e-07,19.73706596778755,-3.777524138370395,-0.2696646112765246,0.2615763531117701,1.3443051123223477,0.0015956433826653021,5.151383772628657e-05,1.6553711549585576e-07,23.71070471096218,-18.44325577208584,-0.1666634990761282,0.6986297049086533,0.9120754565903045,-0.034865632789329394
