,mass_1,radius_1,x_1,y_1,z_1,vx_1,vy_1,vz_1,mass_2,radius_2,x_2,y_2,z_2,vx_2,vy_2,vz_2,mass_3,radius_3,x_3,y_3,z_3,vx_3,vy_3,vz_3,mass_4,radius_4,x_4,y_4,z_4,vx_4,vy_4,vz_4,mass_5,radius_5,x_5,y_5,z_5,vx_5,vy_5,vz_5,mass_6,radius_6,x_6,y_6,z_6,vx_6,vy_6,vz_6,mass_7,radius_7,x_7,y_7,z_7,vx_7,vy_7,vz_7,mass_8,radius_8,x_8,y_8,z_8,vx_8,vy_8,vz_8
0,1.660120825375342e-07,1.631393540950981e-08,0.2801875560404972,-0.3096791779397122,-0.05100915780412449,5.579067397708456,7.385521350582551,0.09167014113109247,2.447838287784771e-06,4.045378434654418e-08,-0.6592861238760739,-0.2919000733642619,0.03404092968677432,2.939972857528786,-6.789186554254847,-0.26278407514709246,3.040432648020684e-06,4.437104331057835e-07,0.5730100879561655,0.8057770169425883,-3.627002753198889e-05,-5.223321063405316,3.6183645040490786,-0.0001302115616018418,3.2271560375549955e-07,2.270212793877687e-08,-1.647479344981607,0.1823647547569222,0.04425365056125679,-0.3713532451444888,-4.643456482217277,-0.0881915522627219,0.0009547919099366768,4.778945025452157e-07,-4.459804092541454,-3.110536434623005,0.1127105985559068,1.5448416612271285,-2.1326976720020774,-0.025711718278015383,0.0002858856700231729,4.0286669668487467e-07,-0.1914090763095078,-10.06034084862535,0.1824792956578991,1.9274161133607313,-0.046870161793232556,-0.07590071534154462,4.3662496132004074e-05,1.708513622580592e-07,17.80243292651389,8.907432560686308,-0.1974303191921839,-0.6516112348319044,1.2156740353554674,0.012942682515901636,5.151383772628657e-05,1.6553711549585576e-07,28.63965568268124,-8.733620421235223,-0.4802210055041154,0.32858868762314053,1.1016498478316739,-0.030300623426652202
