,flag,epoch,sbx,sby,sbz,sbvx,sbvy,sbvz
0,1.0,2451390.0,42.32905833751911,-10.563940119790939,-0.17291107539279427,0.33780884915164905,0.8340325933394575,-0.0829290732445182
