,mass_1,radius_1,x_1,y_1,z_1,vx_1,vy_1,vz_1,mass_2,radius_2,x_2,y_2,z_2,vx_2,vy_2,vz_2,mass_3,radius_3,x_3,y_3,z_3,vx_3,vy_3,vz_3,mass_4,radius_4,x_4,y_4,z_4,vx_4,vy_4,vz_4,mass_5,radius_5,x_5,y_5,z_5,vx_5,vy_5,vz_5,mass_6,radius_6,x_6,y_6,z_6,vx_6,vy_6,vz_6,mass_7,radius_7,x_7,y_7,z_7,vx_7,vy_7,vz_7,mass_8,radius_8,x_8,y_8,z_8,vx_8,vy_8,vz_8
0,1.660120825375342e-07,1.631393540950981e-08,-0.1500878048408819,-0.4406195385884912,-0.0222365823763979,7.662614725666811,-2.8033358127895944,-0.932003947770505,2.447838287784771e-06,4.045378434654418e-08,0.7249146634941901,-0.02793592933866352,-0.04221605329277064,0.2521423684960278,7.348609173222791,0.08628302252939407,3.040432648020684e-06,4.437104331057835e-07,-0.09700755810905379,0.9785903654737829,-4.466077902147477e-05,-6.355867491673125,-0.6436162609988356,4.529888458265646e-05,3.2271560375549955e-07,2.270212793877687e-08,-1.352608961167481,-0.8435541544112369,0.01551086814764227,2.8959843387281845,-3.8995781312197932,-0.15276883644196723,0.0009547919099366768,4.778945025452157e-07,0.496441228731395,-5.2054042602512,0.01051332154786867,2.7132853737849585,0.39216595079893934,-0.06233657603501942,0.0002858856700231729,4.0286669668487467e-07,3.777780279313847,-9.296460477778043,0.01125299790581367,1.7779923594124976,0.7617588223768894,-0.08398598906188716,4.3662496132004074e-05,1.708513622580592e-07,16.23461310443585,11.36688168211982,-0.1680511663259457,-0.8319338978052027,1.1102102662451465,0.01485394313672151,5.151383772628657e-05,1.6553711549585576e-07,29.2401917625401,-6.379540204380335,-0.5425846279258546,0.2396075698011322,1.127794725027869,-0.028745778651134937
