,flag,epoch,sbx,sby,sbz,sbvx,sbvy,sbvz
0,1.0,2453412.5,36.01699445764794,-28.193664567903877,-0.5538513243806114,0.5880130724995156,0.72341746249765,0.07408446449262913
