,flag,epoch,sbx,sby,sbz,sbvx,sbvy,sbvz
0,1.0,2457930.0,1.852507112778318,1.5257171593404986,0.023603812680662334,-2.19204236880821,3.25575175215773,0.5026702745537054
1,1.0,2457930.0,1.8525071065738128,1.5257171826782392,0.023603805318573187,-2.192042362541804,3.2557517411491013,0.5026702694472212
