,flag,epoch,sbx,sby,sbz,sbvx,sbvy,sbvz
0,1.0,2456880.0,-3.076006554228934,-0.2798180883846647,0.4251062041285445,0.3354548491156895,-3.377995359306596,-0.602605517152473
