,flag,epoch,sbx,sby,sbz,sbvx,sbvy,sbvz
0,1,2456774.5,-16.72942950704118,-33.984687618834535,5.106375554413476,0.9904844970672089,-0.5827762445306166,-0.008702136600361968
