,mass_1,radius_1,x_1,y_1,z_1,vx_1,vy_1,vz_1,mass_2,radius_2,x_2,y_2,z_2,vx_2,vy_2,vz_2,mass_3,radius_3,x_3,y_3,z_3,vx_3,vy_3,vz_3,mass_4,radius_4,x_4,y_4,z_4,vx_4,vy_4,vz_4,mass_5,radius_5,x_5,y_5,z_5,vx_5,vy_5,vz_5,mass_6,radius_6,x_6,y_6,z_6,vx_6,vy_6,vz_6,mass_7,radius_7,x_7,y_7,z_7,vx_7,vy_7,vz_7,mass_8,radius_8,x_8,y_8,z_8,vx_8,vy_8,vz_8
0,1.660120825375342e-07,1.631393540950981e-08,-0.3198754557986945,0.1482223582663356,0.04145691958374451,-6.435581194736896,-8.888347718649609,-0.13589887720104757,2.447838287784771e-06,4.045378434654418e-08,0.5034916429486455,0.5182936598016502,-0.02194501345570788,-5.321893759151047,5.1160459859964105,0.37728714873651764,3.040432648020684e-06,4.437104331057835e-07,-0.9954501403270903,-0.05305804803601404,6.329922172210096e-06,0.23234145227899122,-6.298512386780521,0.0002661025251182316,3.2271560375549955e-07,2.270212793877687e-08,-0.9265702734997995,-1.233745698789096,-0.003112339262467046,4.279189882097389,-2.6318145686993204,-0.16015973878340187,0.0009547919099366768,4.778945025452157e-07,-3.85902963878258,-3.802177129875423,0.1021397620306929,1.90284754313285,-1.8351513947394962,-0.034956215156371755,0.0002858856700231729,4.0286669668487467e-07,0.4787343379232852,-10.05300035587419,0.1556798313001123,1.9257021521021354,0.08906793657489934,-0.07818747958688102,4.3662496132004074e-05,1.708513622580592e-07,17.57055531382002,9.327444890531412,-0.1928722770288532,-0.6821023087109105,1.2000969753328006,0.013274949861611594,5.151383772628657e-05,1.6553711549585576e-07,28.75141786587488,-8.349748375760603,-0.4907152715136581,0.31423609435490657,1.1063383781402365,-0.03006003244893839
