,flag,epoch,sbx,sby,sbz,sbvx,sbvy,sbvz
0,1,2457118.5,-2.3964104143049596,0.7572718464977086,0.223611580170727,-1.7626225663264101,-3.645159589537306,-0.11147002361932663
