,flag,epoch,sbx,sby,sbz,sbvx,sbvy,sbvz
0,1.0,2457370.0,2.4987227498808755,0.8297522939399441,-0.12559197627588065,-1.0874443852269886,3.5289254565555352,-0.37949226730504915
1,1.0,2457370.0,2.498722748288834,0.8297522532694761,-0.1255919828878623,-1.0874443641781215,3.528925491017689,-0.3794922707253094
