,flag,epoch,sbx,sby,sbz,sbvx,sbvy,sbvz
0,1.0,2457485.5,38.07575810034076,7.2962488025152,-19.600252066550112,0.13007653980013245,0.9448528552194365,-0.01097174021115928
