,flag,epoch,sbx,sby,sbz,sbvx,sbvy,sbvz
0,1.0,2457448.5,28.367510179466947,32.34457986706189,-0.2528434356127315,-0.6955190280621992,0.6663161600890544,0.03331242835947824
