,flag,epoch,sbx,sby,sbz,sbvx,sbvy,sbvz
0,1,2456870.0,2.5278269487987295,-0.5549692897311141,0.24899436388668908,0.7583677462751051,4.0824263212613925,0.4115540886225473
