,flag,epoch,sbx,sby,sbz,sbvx,sbvy,sbvz
0,1.0,2457650.0,-0.6658125195906122,2.102694557697121,0.29628453583196607,-4.19481459590078,-0.7677120038762985,0.02343218558484402
1,1.0,2457650.0,-0.6658124891602276,2.102694552396986,0.29628452901490815,-4.194814618783436,-0.7677119959779088,0.023432209922350778
