,flag,epoch,sbx,sby,sbz,sbvx,sbvy,sbvz
0,1.0,2457495.5,41.33995620781242,13.126736024442687,-6.707116618869195,-0.40424540409948356,0.7258302019945186,0.3952059561616864
