,flag,epoch,sbx,sby,sbz,sbvx,sbvy,sbvz
0,1.0,2457460.0,-1.7622637998340633,-1.3201769050712588,0.1951770027942642,2.7994795801187604,-3.401691151513868,0.30580357220954957
1,1.0,2457460.0,-1.7622637962480423,-1.3201768737243997,0.19517698571633152,2.7994795939475825,-3.4016911936803726,0.3058036071412833
