,flag,epoch,sbx,sby,sbz,sbvx,sbvy,sbvz
0,1,2457178.5,2.5398281675367236,1.1383623364838131,0.04769112090051198,-1.6690871259577342,3.432308301355495,0.03551549152300436
