,flag,epoch,sbx,sby,sbz,sbvx,sbvy,sbvz
0,1,2457161.5,-18.789195887011527,43.391990108466835,2.245196277213799,-0.7870459387418578,-0.38765470640157923,0.06215041489891202
