,flag,epoch,sbx,sby,sbz,sbvx,sbvy,sbvz
0,1.0,2457520.5,24.157991084601452,32.54556798120083,-0.38415146093781827,-0.8155608216367127,0.6153972709205505,0.021019655122301962
