,mass_1,radius_1,x_1,y_1,z_1,vx_1,vy_1,vz_1,mass_2,radius_2,x_2,y_2,z_2,vx_2,vy_2,vz_2,mass_3,radius_3,x_3,y_3,z_3,vx_3,vy_3,vz_3,mass_4,radius_4,x_4,y_4,z_4,vx_4,vy_4,vz_4,mass_5,radius_5,x_5,y_5,z_5,vx_5,vy_5,vz_5,mass_6,radius_6,x_6,y_6,z_6,vx_6,vy_6,vz_6,mass_7,radius_7,x_7,y_7,z_7,vx_7,vy_7,vz_7,mass_8,radius_8,x_8,y_8,z_8,vx_8,vy_8,vz_8
0,1.660120825375342e-07,1.631393540950981e-08,-0.3864466989992099,-0.1659035123120286,0.02189581474378917,1.9301656335211208,-8.996954153388941,-0.9122437551611765,2.447838287784771e-06,4.045378434654418e-08,-0.639415139627096,-0.3339994321502417,0.03231680711164161,3.368992951518454,-6.5824793716668335,-0.2847088965857704,3.040432648020684e-06,4.437104331057835e-07,0.1737097729788017,-1.001721386527837,4.218360609677232e-05,6.0893320592311095,1.0500474911309403,-6.829633623033569e-05,3.2271560375549955e-07,2.270212793877687e-08,0.4512119970807318,-1.346893776213027,-0.03929385243274119,5.039164354112126,2.062304650737212,-0.0804460392561485,0.0009547919099366768,4.778945025452157e-07,-3.303672589460725,-4.267581462972005,0.09164610687204822,2.1481821861683765,-1.5587774170827122,-0.041593880896045994,0.0002858856700231729,4.0286669668487467e-07,1.005035713967663,-10.01398744193984,0.1340565807602182,1.9179985936208555,0.195876732858065,-0.07973296011399356,4.3662496132004074e-05,1.708513622580592e-07,17.3805484837538,9.654274172638845,-0.1892027792795428,-0.7058585509678323,1.187332132294561,0.013529188798075992,5.151383772628657e-05,1.6553711549585576e-07,28.8358997128874,-8.046357725342917,-0.4989190795195053,0.3028998676978617,1.1099298203321648,-0.029869000670259722
