,flag,epoch,sbx,sby,sbz,sbvx,sbvy,sbvz
0,1,2457140.0,-2.0258524488127088,1.729137689050272,0.11374511440577612,-1.9655309619472188,-3.180602306966211,-0.5923761432026469
