,flag,epoch,sbx,sby,sbz,sbvx,sbvy,sbvz
0,1.0,2456870.0,-2.2123598306722463,-1.5485548331991272,-0.1565518290752933,1.8013183721082462,-3.213017075217693,1.2168925236807315
1,1.0,2456870.0,-2.2123598752683185,-1.5485547620010962,-0.1565518357351236,1.8013183279557359,-3.213017088476615,1.2168925793001932
