,flag,epoch,sbx,sby,sbz,sbvx,sbvy,sbvz
0,1.0,2457352.5,31.503829439123944,19.294297650598544,-13.837792638748631,-0.41750685857892533,0.9980363329921229,-0.09130522234752292
