,flag,epoch,sbx,sby,sbz,sbvx,sbvy,sbvz
0,1,2457557.5,3.2939782131832818,1.10684396606527,0.7947857979347899,-1.060839227020713,2.96225115983732,-0.08065150949598567
