,flag,epoch,sbx,sby,sbz,sbvx,sbvy,sbvz
0,1.0,2459310.5,-0.8768465102194103,14.487021322040667,4.945857899049457,-1.6515276691970684,0.05464040721940613,-0.657199866600251
