,mass_1,radius_1,x_1,y_1,z_1,vx_1,vy_1,vz_1,mass_2,radius_2,x_2,y_2,z_2,vx_2,vy_2,vz_2,mass_3,radius_3,x_3,y_3,z_3,vx_3,vy_3,vz_3,mass_4,radius_4,x_4,y_4,z_4,vx_4,vy_4,vz_4,mass_5,radius_5,x_5,y_5,z_5,vx_5,vy_5,vz_5,mass_6,radius_6,x_6,y_6,z_6,vx_6,vy_6,vz_6,mass_7,radius_7,x_7,y_7,z_7,vx_7,vy_7,vz_7,mass_8,radius_8,x_8,y_8,z_8,vx_8,vy_8,vz_8
0,1.660120825375342e-07,1.631393540950981e-08,-0.2587751999930402,0.2148829212502568,0.04130106590475302,-8.657258378231445,-7.484397955557547,0.18285233880136686,2.447838287784771e-06,4.045378434654418e-08,0.7191459358993911,-0.0979073161896248,-0.0428437596218155,0.9615690663396346,7.286530145489349,0.04430565273678889,3.040432648020684e-06,4.437104331057835e-07,0.9898942771658041,0.1488339788634611,-7.470719397226842e-06,-1.0363982486631156,6.190570129662814,-0.00014960465759411315,3.2271560375549955e-07,2.270212793877687e-08,-0.7054048595077964,-1.346100921879768,-0.01088526346186691,4.7196196829088155,-1.9344418833241745,-0.15642698899873825,0.0009547919099366768,4.778945025452157e-07,4.954849758431672,-0.06967326512472703,-0.1105909995213882,0.0047461989263398235,2.889574827825177,-0.012103879127800948,0.0002858856700231729,4.0286669668487467e-07,-9.464907087283269,-1.267799603638341,0.3988262491985091,0.16094146239763074,-2.021750631341335,0.028803312141165847,4.3662496132004074e-05,1.708513622580592e-07,20.08377472092119,-0.5051640846463327,-0.2620347598442697,0.025630352643396942,1.3714503634807405,0.004752320459376022,5.151383772628657e-05,1.6553711549585576e-07,25.28572348825409,-16.17304186618244,-0.2496279554223491,0.6103159371642215,0.9749621835506725,-0.034098093925892414
