,mass_1,radius_1,x_1,y_1,z_1,vx_1,vy_1,vz_1,mass_2,radius_2,x_2,y_2,z_2,vx_2,vy_2,vz_2,mass_3,radius_3,x_3,y_3,z_3,vx_3,vy_3,vz_3,mass_4,radius_4,x_4,y_4,z_4,vx_4,vy_4,vz_4,mass_5,radius_5,x_5,y_5,z_5,vx_5,vy_5,vz_5,mass_6,radius_6,x_6,y_6,z_6,vx_6,vy_6,vz_6,mass_7,radius_7,x_7,y_7,z_7,vx_7,vy_7,vz_7,mass_8,radius_8,x_8,y_8,z_8,vx_8,vy_8,vz_8
0,1.660120825375342e-07,1.631393540950981e-08,-0.02115616336339732,0.3078081766991703,0.02708740792005904,-12.313060050156441,-0.3303920401354105,1.103060731170777,2.447838287784771e-06,4.045378434654418e-08,0.2623543106264984,-0.6785261272321663,-0.02442273655939284,6.840876494284757,2.639409214646076,-0.3587541273284655,3.040432648020684e-06,4.437104331057835e-07,-0.9584510125295614,-0.288123415545129,2.093681571313124e-06,1.706636170780543,-6.041480123647649,5.138887504552437e-05,3.2271560375549955e-07,2.270212793877687e-08,-0.5342779350134905,-1.404412050757936,-0.01629511878278386,4.9709155458570855,-1.378331642519191,-0.1510073131492064,0.0009547919099366768,4.778945025452157e-07,-3.969160041538416,3.56079212269458,0.07403575505894079,-1.8764443826231485,-1.923566896885198,0.049975992245585694,0.0002858856700231729,4.0286669668487467e-07,0.05142635087835139,9.030564930548536,-0.1591579411728464,-2.1484428761796117,0.005732133044628841,0.08534750347497809,4.3662496132004074e-05,1.708513622580592e-07,17.21229144099582,-10.22336605476521,-0.2610228930353322,0.7209497717917552,1.1663657373313747,-0.004959923452260584,5.151383772628657e-05,1.6553711549585576e-07,19.7452820167338,-22.69488773114351,0.01236643051233186,0.8552338707445383,0.7574316182868329,-0.035327629358567404
