,flag,epoch,sbx,sby,sbz,sbvx,sbvy,sbvz
0,1.0,2458212.5,1.3788202474822329,2.248823118044013,0.30738577793934296,-3.594641680355364,1.9069766083908153,0.4263047920512255
