,mass_1,radius_1,x_1,y_1,z_1,vx_1,vy_1,vz_1,mass_2,radius_2,x_2,y_2,z_2,vx_2,vy_2,vz_2,mass_3,radius_3,x_3,y_3,z_3,vx_3,vy_3,vz_3,mass_4,radius_4,x_4,y_4,z_4,vx_4,vy_4,vz_4,mass_5,radius_5,x_5,y_5,z_5,vx_5,vy_5,vz_5,mass_6,radius_6,x_6,y_6,z_6,vx_6,vy_6,vz_6,mass_7,radius_7,x_7,y_7,z_7,vx_7,vy_7,vz_7,mass_8,radius_8,x_8,y_8,z_8,vx_8,vy_8,vz_8
0,1.660120825375342e-07,1.631393540950981e-08,-0.09729797483448857,-0.4555622840302668,-0.02829010078312903,7.987326005088811,-1.62715159399033,-0.8658991320194549,2.447838287784771e-06,4.045378434654418e-08,-0.653864661463821,0.2957472534873529,0.04178544819149837,-3.0772472789578726,-6.766037227297771,0.0849875093548457,3.040432648020684e-06,4.437104331057835e-07,0.1283787710230296,0.9758733677516618,-1.818733162655121e-05,-6.332842301355377,0.7960267230362998,-1.0610988378461997e-06,3.2271560375549955e-07,2.270212793877687e-08,0.06338649386062196,1.562483477612898,0.03117760172767051,-4.913520326129572,0.6408777841325523,0.13410804061665063,0.0009547919099366768,4.778945025452157e-07,0.02139183319743539,-5.253700422080343,0.02133106963729103,2.7244896747726868,0.14155222761116618,-0.06155519548517392,0.0002858856700231729,4.0286669668487467e-07,-8.213389597609131,4.272681545906121,0.2524808288844922,-1.0474660865323244,-1.8123183193302903,0.07326233100259241,4.3662496132004074e-05,1.708513622580592e-07,19.62647818919957,-4.305915582406445,-0.2701915128046885,0.29934956630428894,1.3360248433244089,0.0010791032285283344,5.151383772628657e-05,1.6553711549585576e-07,23.43258748789405,-18.80063041535757,-0.1528993018114861,0.7121657062181457,0.9008364928980899,-0.03495566107484887
