,flag,epoch,sbx,sby,sbz,sbvx,sbvy,sbvz
0,1.0,2457200.5,23.79504341850686,28.484877768199688,9.211542190729594,-0.8503523049692763,0.49386426420607343,0.39208676068973713
