,flag,epoch,sbx,sby,sbz,sbvx,sbvy,sbvz
0,1,2457468.5,-0.04523536996443994,3.5698834289262695,0.1479555498834043,-3.0364961421521155,-0.10203842236535586,0.4887064881960441
