,flag,epoch,sbx,sby,sbz,sbvx,sbvy,sbvz
0,1,2457007.5,-0.5135698937993675,-2.6385569633408728,-0.11252261078926698,3.532378432256081,-0.8757355776584588,0.28892553092806367
