,flag,epoch,sbx,sby,sbz,sbvx,sbvy,sbvz
0,1,2457667.5,-1.9977790567858957,-2.08249872237505,-0.10158852488392153,2.6732788671848273,-2.0391444591906893,0.07696378880421552
