,mass_1,radius_1,x_1,y_1,z_1,vx_1,vy_1,vz_1,mass_2,radius_2,x_2,y_2,z_2,vx_2,vy_2,vz_2,mass_3,radius_3,x_3,y_3,z_3,vx_3,vy_3,vz_3,mass_4,radius_4,x_4,y_4,z_4,vx_4,vy_4,vz_4,mass_5,radius_5,x_5,y_5,z_5,vx_5,vy_5,vz_5,mass_6,radius_6,x_6,y_6,z_6,vx_6,vy_6,vz_6,mass_7,radius_7,x_7,y_7,z_7,vx_7,vy_7,vz_7,mass_8,radius_8,x_8,y_8,z_8,vx_8,vy_8,vz_8
0,1.660120825375342e-07,1.631393540950981e-08,-0.1960150656098305,0.2590739567744778,0.03915215315009676,-10.270297407256983,-5.797014423791587,0.4685826792968844,2.447838287784771e-06,4.045378434654418e-08,-0.6009098087187139,0.3920630207550041,0.04005139401913774,-4.066673881824312,-6.2235449966542395,0.1493829447714781,3.040432648020684e-06,4.437104331057835e-07,-0.8018750051629724,-0.6084922101605825,2.274364100857824e-05,3.6963359810980485,-5.029465762339849,0.00015639038903734304,3.2271560375549955e-07,2.270212793877687e-08,0.7865381801593859,1.266866854737419,0.007240119015645428,-4.147719123377716,3.1312820010312388,0.16741503296530705,0.0009547919099366768,4.778945025452157e-07,-4.31775990242633,3.168288963695989,0.08345831627013522,-1.6649785243114115,-2.094060867865676,0.04595264668929797,0.0002858856700231729,4.0286669668487467e-07,-4.885561573750689,-8.689066208462613,0.3455400471870326,1.6639259400075272,-1.006203187155079,-0.04877887565725511,4.3662496132004074e-05,1.708513622580592e-07,19.17431453748662,5.671934849664056,-0.2272392352018894,-0.41902246585620323,1.3084179648065708,0.010312416032982332,5.151383772628657e-05,1.6553711549585576e-07,27.66706172324346,-11.50312156611096,-0.4006546739618332,0.4314047325516706,1.0633266900527714,-0.03188115836988202
