,mass_1,radius_1,x_1,y_1,z_1,vx_1,vy_1,vz_1,mass_2,radius_2,x_2,y_2,z_2,vx_2,vy_2,vz_2,mass_3,radius_3,x_3,y_3,z_3,vx_3,vy_3,vz_3,mass_4,radius_4,x_4,y_4,z_4,vx_4,vy_4,vz_4,mass_5,radius_5,x_5,y_5,z_5,vx_5,vy_5,vz_5,mass_6,radius_6,x_6,y_6,z_6,vx_6,vy_6,vz_6,mass_7,radius_7,x_7,y_7,z_7,vx_7,vy_7,vz_7,mass_8,radius_8,x_8,y_8,z_8,vx_8,vy_8,vz_8
0,1.660120825375342e-07,1.631393540950981e-08,0.2615891573363251,-0.3324513726377224,-0.05116535558517406,6.030198122750225,6.8515819202139765,0.006423441557522538,2.447838287784771e-06,4.045378434654418e-08,-0.2916273839574759,-0.6640796480378706,0.007740725048921351,6.713746419882825,-3.00284269201751,-0.42857736086302517,3.040432648020684e-06,4.437104331057835e-07,1.003527227850027,-0.0304522013723333,-1.770012483920728e-06,0.08821733606415738,6.25741506980329,-0.0001184829684160888,3.2271560375549955e-07,2.270212793877687e-08,-1.295647609477362,-0.9153747117067013,0.01264179702567772,3.1408739517007325,-3.7374393456908908,-0.15544497712678912,0.0009547919099366768,4.778945025452157e-07,2.058198654681378,-4.72165346475343,-0.02645636202834639,2.4946903481162463,1.2331989601446767,-0.06094537206662725,0.0002858856700231729,4.0286669668487467e-07,-8.895772206906223,2.823309263094273,0.3048943435162212,-0.7236030702538006,-1.9458395894334,0.06270807960738402,4.3662496132004074e-05,1.708513622580592e-07,19.82839090382578,-3.27197029451687,-0.2689740438286477,0.2253410343720206,1.3512264578093818,0.0020858819802457595,5.151383772628657e-05,1.6553711549585576e-07,23.97029117254134,-18.09917806367782,-0.1797237894366748,0.6854806724935131,0.9225698456538133,-0.03477260608162831
