,mass_1,radius_1,x_1,y_1,z_1,vx_1,vy_1,vz_1,mass_2,radius_2,x_2,y_2,z_2,vx_2,vy_2,vz_2,mass_3,radius_3,x_3,y_3,z_3,vx_3,vy_3,vz_3,mass_4,radius_4,x_4,y_4,z_4,vx_4,vy_4,vz_4,mass_5,radius_5,x_5,y_5,z_5,vx_5,vy_5,vz_5,mass_6,radius_6,x_6,y_6,z_6,vx_6,vy_6,vz_6,mass_7,radius_7,x_7,y_7,z_7,vx_7,vy_7,vz_7,mass_8,radius_8,x_8,y_8,z_8,vx_8,vy_8,vz_8
0,1.660120825375342e-07,1.631393540950981e-08,-0.144312528175169,0.2833535570620077,0.03639296097718674,-11.223650566219868,-4.274101680878482,0.6804283596696566,2.447838287784771e-06,4.045378434654418e-08,-0.7038529460276546,-0.1510268668825653,0.03854456271636139,1.5022000089707708,-7.256303841105065,-0.18620635184267106,3.040432648020684e-06,4.437104331057835e-07,-0.9856813694352582,-0.1604300192636851,1.157338277887986e-05,0.9072604671771616,-6.225819008084213,0.00024536302897101647,3.2271560375549955e-07,2.270212793877687e-08,0.6086979502204718,1.382418677166196,0.0140306798002516,-4.484057371010234,2.4951118058587713,0.1623344610334469,0.0009547919099366768,4.778945025452157e-07,-5.206795466349474,-1.625819311128275,0.1232597328499841,0.7890666495408565,-2.5032362014153127,-0.007261715120656873,0.0002858856700231729,4.0286669668487467e-07,-1.410820314216015,-9.95185447058529,0.2291320833550171,1.9070866851468127,-0.29440095816421646,-0.07080173211948795,4.3662496132004074e-05,1.708513622580592e-07,18.1984424754408,8.126671699759177,-0.2054556588281939,-0.5951683280842812,1.2422713994164758,0.01232228804287991,5.151383772628657e-05,1.6553711549585576e-07,28.42267588693558,-9.43056693060649,-0.4608402840159393,0.3545444079028058,1.0927105818498368,-0.030721141198731268
