,flag,epoch,sbx,sby,sbz,sbvx,sbvy,sbvz
0,1.0,2457381.5,29.764275954342256,22.978561282607743,-13.95233050517576,-0.7104700413687797,0.6951296506747021,-0.08675593759518221
