,mass_1,radius_1,x_1,y_1,z_1,vx_1,vy_1,vz_1,mass_2,radius_2,x_2,y_2,z_2,vx_2,vy_2,vz_2,mass_3,radius_3,x_3,y_3,z_3,vx_3,vy_3,vz_3,mass_4,radius_4,x_4,y_4,z_4,vx_4,vy_4,vz_4,mass_5,radius_5,x_5,y_5,z_5,vx_5,vy_5,vz_5,mass_6,radius_6,x_6,y_6,z_6,vx_6,vy_6,vz_6,mass_7,radius_7,x_7,y_7,z_7,vx_7,vy_7,vz_7,mass_8,radius_8,x_8,y_8,z_8,vx_8,vy_8,vz_8
0,1.660120825375342e-07,1.631393540950981e-08,-0.2445768865926731,-0.389291050324802,-0.009367453556151978,6.626567484382958,-4.977511526267368,-1.0146862264945467,2.447838287784771e-06,4.045378434654418e-08,0.2071123312338292,-0.6973263386428676,-0.02150813007529086,7.0322778348092925,2.0780244721708185,-0.37737839034992515,3.040432648020684e-06,4.437104331057835e-07,1.001136690118286,-0.08656567321176416,1.617842044372162e-06,0.43918641624795196,6.23708744444127,-0.00019318690594152197,3.2271560375549955e-07,2.270212793877687e-08,-0.5072554806802861,1.529051255159815,0.04448697979252027,-4.657677634457617,-1.175208860591724,0.08971477768994479,0.0009547919099366768,4.778945025452157e-07,-0.5420879304106696,5.124917870022101,-0.009154274494583052,-2.7767478915623918,-0.15934886154599567,0.06279644579671362,0.0002858856700231729,4.0286669668487467e-07,-7.260657278120035,-6.653595586342835,0.4047555206535894,1.2638714278631296,-1.5075551706313963,-0.024129956707950935,4.3662496132004074e-05,1.708513622580592e-07,19.72549707269792,3.536272452630852,-0.2423546268304357,-0.2660800827175697,1.3466451830656834,0.008473502463497783,5.151383772628657e-05,1.6553711549585576e-07,26.92288362911877,-13.19040676661545,-0.348713487271653,0.494649598186549,1.0359508792061702,-0.03274379929232536
