,flag,epoch,sbx,sby,sbz,sbvx,sbvy,sbvz
0,1,2457510.0,0.44730414700303545,-2.7814891063622817,0.08901139152316645,3.7743305254822648,0.5696954037269749,0.6239705818009614
