,flag,epoch,sbx,sby,sbz,sbvx,sbvy,sbvz
0,1.0,2457150.0,2.092551892203262,-2.6607446440893754,-0.03439118185483403,2.588740175132672,1.9813136046094915,-0.7714880399242499
