,flag,epoch,sbx,sby,sbz,sbvx,sbvy,sbvz
0,1,2457316.5,-40.08655787547822,23.73506476271023,-6.533396573854996,-0.39492979212155943,-0.7106878840591285,-0.4124518118763957
