,mass_1,radius_1,x_1,y_1,z_1,vx_1,vy_1,vz_1,mass_2,radius_2,x_2,y_2,z_2,vx_2,vy_2,vz_2,mass_3,radius_3,x_3,y_3,z_3,vx_3,vy_3,vz_3,mass_4,radius_4,x_4,y_4,z_4,vx_4,vy_4,vz_4,mass_5,radius_5,x_5,y_5,z_5,vx_5,vy_5,vz_5,mass_6,radius_6,x_6,y_6,z_6,vx_6,vy_6,vz_6,mass_7,radius_7,x_7,y_7,z_7,vx_7,vy_7,vz_7,mass_8,radius_8,x_8,y_8,z_8,vx_8,vy_8,vz_8
0,1.660120825375342e-07,1.631393540950981e-08,0.3340181114840817,-0.2125579599913896,-0.04801014492807551,3.4981184708194486,9.141684388533115,0.4261076550316497,2.447838287784771e-06,4.045378434654418e-08,0.5724117499896688,0.4418688621134969,-0.0269691520253479,-4.536825082463744,5.81658429253404,0.34161899348110475,3.040432648020684e-06,4.437104331057835e-07,-0.5087974923214952,0.842314914309033,-3.736422332009776e-05,-5.481397001162909,-3.272748216946192,0.00016440259356897367,3.2271560375549955e-07,2.270212793877687e-08,-1.124631886267048,-1.088864233162376,0.004776994801208604,3.7472063556432627,-3.2342908717131844,-0.15971145016287247,0.0009547919099366768,4.778945025452157e-07,0.6817935561515944,-5.175193133388461,0.006240750050115636,2.702114492529646,0.49059226986159127,-0.06249459788319216,0.0002858856700231729,4.0286669668487467e-07,3.899124892887635,-9.243465841080507,0.005503638650116874,1.7676416403869835,0.7867230835117893,-0.0840077115850835,4.3662496132004074e-05,1.708513622580592e-07,16.17747674984162,11.44273908668874,-0.1670324519468722,-0.8375875867894113,1.1063371490255738,0.014912848236199596,5.151383772628657e-05,1.6553711549585576e-07,29.25649021384396,-6.302321780550282,-0.5445502696398967,0.23663280432417552,1.1285250899639008,-0.028690226929252226
