,flag,epoch,sbx,sby,sbz,sbvx,sbvy,sbvz
0,1.0,2457490.0,2.3337516764921977,0.9876464638258746,0.0807540979252614,-1.3022054069041242,3.550010533352692,0.42554644724964336
1,1.0,2457490.0,2.333751676918887,0.9876464720492739,0.08075411814958078,-1.3022054126721951,3.5500105385778373,0.4255464360652119
