,flag,epoch,sbx,sby,sbz,sbvx,sbvy,sbvz
0,1.0,2457860.0,-0.14362228003019636,2.1715990568135792,0.2538332251245634,-4.374065932385114,-0.28340498123153895,0.07946750822476928
1,1.0,2457860.0,-0.14362223755906398,2.1715990818474475,0.2538332498291969,-4.374065890350897,-0.2834049018827472,0.07946755871723883
