,flag,epoch,sbx,sby,sbz,sbvx,sbvy,sbvz
0,1.0,2457391.5,2.7057807244822194,1.1540217351075523,-0.1407149930828073,-0.786054837769672,3.406080275274232,-0.4740205347103131
