,mass_1,radius_1,x_1,y_1,z_1,vx_1,vy_1,vz_1,mass_2,radius_2,x_2,y_2,z_2,vx_2,vy_2,vz_2,mass_3,radius_3,x_3,y_3,z_3,vx_3,vy_3,vz_3,mass_4,radius_4,x_4,y_4,z_4,vx_4,vy_4,vz_4,mass_5,radius_5,x_5,y_5,z_5,vx_5,vy_5,vz_5,mass_6,radius_6,x_6,y_6,z_6,vx_6,vy_6,vz_6,mass_7,radius_7,x_7,y_7,z_7,vx_7,vy_7,vz_7,mass_8,radius_8,x_8,y_8,z_8,vx_8,vy_8,vz_8
0,1.660120825375342e-07,1.631393540950981e-08,-0.2982418209616056,-0.3400262682847227,-0.0004172095655434615,5.639491862661811,-6.301853936005895,-1.0323447713111913,2.447838287784771e-06,4.045378434654418e-08,-0.6546910937001094,0.2939709471198836,0.04181216610032139,-3.058828519145526,-6.774122082532116,0.08372264920217298,3.040432648020684e-06,4.437104331057835e-07,-0.9643261332203205,-0.2663458839608104,9.744354860192595e-06,1.5707616415585668,-6.080813341608962,0.0001747654824627415,3.2271560375549955e-07,2.270212793877687e-08,-1.652116639695593,0.06860928117384231,0.04200402190784815,-0.020815978832372777,-4.670577911182027,-0.09735021601602513,0.0009547919099366768,4.778945025452157e-07,3.238150257714156,3.796438614937468,-0.08822885174658833,-2.132272846855487,1.921556068457626,0.03973527945260865,0.0002858856700231729,4.0286669668487467e-07,-8.752738025618612,-4.203837551359062,0.4215763001455211,0.7703535271963031,-1.8399693992225918,0.0013334558322109977,4.3662496132004074e-05,1.708513622580592e-07,20.00943272656078,1.562236248598295,-0.2533927272494532,-0.12401576958837386,1.366622513704207,0.006693164503921964,5.151383772628657e-05,1.6553711549585576e-07,26.16231726952365,-14.67664318245733,-0.3005901005030959,0.5516590432914393,1.0080839889609692,-0.033449270680117126
