,flag,epoch,sbx,sby,sbz,sbvx,sbvy,sbvz
0,1.0,2456700.0,-1.543569194384935,-2.9044458212991433,-0.38775901661510437,2.9832614252578136,-1.5142114486655482,-0.07642746379295866
1,1.0,2456700.0,-1.5435689136849584,-2.9044460132036307,-0.3877586302836257,2.983261528952625,-1.5142112743032496,-0.07642742923965241
