,flag,epoch,sbx,sby,sbz,sbvx,sbvy,sbvz
0,1.0,2457690.0,1.0141227299592899,-2.3239010201753043,0.259391677729354,3.5788379157128287,1.3819969042486155,0.07171261001115235
1,1.0,2457690.0,1.0141227122678385,-2.323901044110595,0.25939168042468946,3.5788379029870487,1.3819968707240227,0.07171260820692689
