,flag,epoch,sbx,sby,sbz,sbvx,sbvy,sbvz
0,1,2457056.5,-1.4587997692644548,1.5197406033187828,0.08422487801791186,-3.3797492053893645,-3.244559228938754,0.16932740373275626
