,flag,epoch,sbx,sby,sbz,sbvx,sbvy,sbvz
0,1.0,2457180.0,1.2028330986659768,1.5566297438122496,-0.3916127850340168,-4.1093594467398065,2.762682050361867,-0.24324683036761746
