,flag,epoch,sbx,sby,sbz,sbvx,sbvy,sbvz
0,1.0,2457730.0,2.207227264234553,-1.1001637873018453,0.05799465375397231,1.659177334248225,3.4918572107145,-0.46375495367191233
1,1.0,2457730.0,2.2072272583017245,-1.1001637548138736,0.057994666222884725,1.6591773253326396,3.491857246543933,-0.4637549987793891
