,flag,epoch,sbx,sby,sbz,sbvx,sbvy,sbvz
0,1.0,2457238.5,-54.8305831566074,22.118909936556793,-9.129526887601617,0.02617621116711514,-0.7817537032921115,0.030386094402824148
