,flag,epoch,sbx,sby,sbz,sbvx,sbvy,sbvz
0,1,2457350.0,0.9834664566411511,1.8773257098796976,-0.062060058268515905,-4.1457574918857185,2.2867187862192107,0.10208018989211212
