,flag,epoch,sbx,sby,sbz,sbvx,sbvy,sbvz
0,1,2457240.0,2.3379972235106994,-1.97790233530251,-0.1017708460215751,1.8278393394465142,3.1499465226785524,-0.09305496588545223
