,flag,epoch,sbx,sby,sbz,sbvx,sbvy,sbvz
0,1.0,2457780.0,-1.630288218977554,1.4448300403450451,-0.20440451140307764,-2.9945452701127615,-3.1803198634104475,-0.19227203140906812
1,1.0,2457780.0,-1.6302882461649217,1.4448300590842784,-0.20440451644188357,-2.9945452325526296,-3.1803198075658186,-0.1922720368038307
