,mass_1,radius_1,x_1,y_1,z_1,vx_1,vy_1,vz_1,mass_2,radius_2,x_2,y_2,z_2,vx_2,vy_2,vz_2,mass_3,radius_3,x_3,y_3,z_3,vx_3,vy_3,vz_3,mass_4,radius_4,x_4,y_4,z_4,vx_4,vy_4,vz_4,mass_5,radius_5,x_5,y_5,z_5,vx_5,vy_5,vz_5,mass_6,radius_6,x_6,y_6,z_6,vx_6,vy_6,vz_6,mass_7,radius_7,x_7,y_7,z_7,vx_7,vy_7,vz_7,mass_8,radius_8,x_8,y_8,z_8,vx_8,vy_8,vz_8
0,1.660120825375342e-07,1.631393540950981e-08,0.1579270325046893,0.2667694992446873,0.007308217522225148,-10.891860103065504,5.6447002065479825,1.460503390904715,2.447838287784771e-06,4.045378434654418e-08,0.7091249584693756,-0.1555124200419883,-0.04305427480074615,1.5455331163753538,7.183270409067581,0.00926042092755718,3.040432648020684e-06,4.437104331057835e-07,-0.4673985656284597,0.8657710803192654,-2.715924752383815e-05,-5.63178987106338,-3.008944192331113,0.00011486139936627604,3.2271560375549955e-07,2.270212793877687e-08,1.39089625097851,-0.003229969447989769,-0.03420633539166082,0.20849146557427536,5.548206102891945,0.11113528824612895,0.0009547919099366768,4.778945025452157e-07,-3.826952949619472,3.704028904069074,0.07025089298129586,-1.95161275454966,-1.8520987332270364,0.05136159993505997,0.0002858856700231729,4.0286669668487467e-07,-5.329149924408839,-8.403777812336502,0.3582481364905238,1.6083922674430844,-1.0984352313365053,-0.04496626532194151,4.3662496132004074e-05,1.708513622580592e-07,19.28444754879105,5.316252065469355,-0.2299939327793405,-0.3935855779832967,1.3160165534149515,0.010012394300459066,5.151383772628657e-05,1.6553711549585576e-07,27.5486839552289,-11.79073991703122,-0.3919928617931974,0.44209205059652545,1.0589368041628717,-0.03203290079443661
