,mass_1,radius_1,x_1,y_1,z_1,vx_1,vy_1,vz_1,mass_2,radius_2,x_2,y_2,z_2,vx_2,vy_2,vz_2,mass_3,radius_3,x_3,y_3,z_3,vx_3,vy_3,vz_3,mass_4,radius_4,x_4,y_4,z_4,vx_4,vy_4,vz_4,mass_5,radius_5,x_5,y_5,z_5,vx_5,vy_5,vz_5,mass_6,radius_6,x_6,y_6,z_6,vx_6,vy_6,vz_6,mass_7,radius_7,x_7,y_7,z_7,vx_7,vy_7,vz_7,mass_8,radius_8,x_8,y_8,z_8,vx_8,vy_8,vz_8
0,1.660120825375342e-07,1.631393540950981e-08,0.3400036481029833,-0.195781057438374,-0.04718975871086047,3.1130347162753003,9.375155764725859,0.4804754549806153,2.447838287784771e-06,4.045378434654418e-08,0.2413183448367619,-0.68631416705569,-0.02333970355532502,6.919358321488747,2.425494152351946,-0.3660208613213387,3.040432648020684e-06,4.437104331057835e-07,-0.3706816082921441,-0.9434834796317666,4.081542705445042e-05,5.746501604462468,-2.3213799787616876,7.002392452509592e-05,3.2271560375549955e-07,2.270212793877687e-08,-0.1939023073981119,1.574138744908536,0.0377456091965705,-4.879221804234841,-0.19031890028333884,0.11575671085629455,0.0009547919099366768,4.778945025452157e-07,-5.057497824964089,-2.037892296738647,0.1216301230138887,0.9978512731965881,-2.4286919660792585,-0.01224263250019337,0.0002858856700231729,4.0286669668487467e-07,-1.091595770238408,-9.9956089023583,0.21718501163339,1.9153984733306644,-0.2295286167129304,-0.07225535699421233,4.3662496132004074e-05,1.708513622580592e-07,18.09780009052357,8.333581164868296,-0.2033840124899428,-0.6100663526643052,1.2355352786992844,0.012487096963344359,5.151383772628657e-05,1.6553711549585576e-07,28.48132472700752,-9.247872731473898,-0.4659620365989433,0.34778442362631323,1.0951307619591535,-0.030612900250456775
