,flag,epoch,sbx,sby,sbz,sbvx,sbvy,sbvz
0,1.0,2457945.5,-0.47879512946877,-2.2756918846952185,0.0013922419874252412,4.058655411795462,-0.9650821147516987,0.538387297497251
