,flag,epoch,sbx,sby,sbz,sbvx,sbvy,sbvz
0,1,2457290.0,-2.6362370392247785,2.1719879873853762,-0.43841144988429304,-2.2050650562367777,-2.2711166424666205,0.8407345053735381
