,flag,epoch,sbx,sby,sbz,sbvx,sbvy,sbvz
0,1,2457789.5,1.6941011439229512,-1.708737166100906,-0.29061053711422385,3.4075716293169624,2.4074294838414643,0.3042071078783766
