,flag,epoch,sbx,sby,sbz,sbvx,sbvy,sbvz
0,1.0,2457172.5,41.9809638046262,-2.377751208436501,-0.5492837884579714,0.061978564899007785,0.9841486364046431,-0.015276595586045147
