,flag,epoch,sbx,sby,sbz,sbvx,sbvy,sbvz
0,1,2457960.0,-0.8234596519103036,2.0086350179406893,0.40345081654435094,-4.004515203892116,-0.5755214787938849,1.6937431599952728
