,flag,epoch,sbx,sby,sbz,sbvx,sbvy,sbvz
0,1.0,2457150.0,-37.32395693790817,17.753671558496467,-4.3608056227752465,-0.37166254753985173,-0.9115847423937352,-0.05911478357264879
