,flag,epoch,sbx,sby,sbz,sbvx,sbvy,sbvz
0,1.0,2457111.5,16.143888243988787,-14.222082808123034,-0.19621874048139465,0.9414930397729067,0.874707402344714,0.18751470442025148
