,flag,epoch,sbx,sby,sbz,sbvx,sbvy,sbvz
0,1.0,2457160.0,-0.7090033177686563,-1.9806316962100052,0.134310020900692,4.338865570211428,-1.0622179015870403,0.28194245795654754
