,mass_1,radius_1,x_1,y_1,z_1,vx_1,vy_1,vz_1,mass_2,radius_2,x_2,y_2,z_2,vx_2,vy_2,vz_2,mass_3,radius_3,x_3,y_3,z_3,vx_3,vy_3,vz_3,mass_4,radius_4,x_4,y_4,z_4,vx_4,vy_4,vz_4,mass_5,radius_5,x_5,y_5,z_5,vx_5,vy_5,vz_5,mass_6,radius_6,x_6,y_6,z_6,vx_6,vy_6,vz_6,mass_7,radius_7,x_7,y_7,z_7,vx_7,vy_7,vz_7,mass_8,radius_8,x_8,y_8,z_8,vx_8,vy_8,vz_8
0,1.660120825375342e-07,1.631393540950981e-08,-0.0303368478000375,-0.4629068523511349,-0.03504098123466847,8.193059563007125,-0.14628594980430387,-0.7636209630592244,2.447838287784771e-06,4.045378434654418e-08,-0.4717627194022794,0.5407441189306914,0.03463749221597291,-5.592750828376952,-4.896367826005228,0.2556066452144953,3.040432648020684e-06,4.437104331057835e-07,0.3979098292363504,0.9027096926229267,-3.43739845869387e-05,-5.852397322674613,2.5110855389194437,-6.348686058928634e-05,3.2271560375549955e-07,2.270212793877687e-08,-1.561014846176876,0.5791079684021007,0.05044646343389893,-1.586370651611681,-4.355733275618647,-0.05233900194205483,0.0009547919099366768,4.778945025452157e-07,-5.094613123048434,1.814971079888365,0.1064614313310817,-0.9587177049887289,-2.4686012564575486,0.03170351098133988,0.0002858856700231729,4.0286669668487467e-07,-3.874622360732491,-9.220412058674963,0.3145159024676687,1.7667914499843222,-0.7974215728247855,-0.056497614011585214,4.3662496132004074e-05,1.708513622580592e-07,18.91151263063825,6.436965471235414,-0.2209807936291043,-0.47382024657362076,1.2905095634409378,0.010949574328640905,5.151383772628657e-05,1.6553711549585576e-07,27.91414702007735,-10.87440824263605,-0.4193223757657631,0.40804339987763033,1.0727290089039125,-0.03154231143084698
