,mass_1,radius_1,x_1,y_1,z_1,vx_1,vy_1,vz_1,mass_2,radius_2,x_2,y_2,z_2,vx_2,vy_2,vz_2,mass_3,radius_3,x_3,y_3,z_3,vx_3,vy_3,vz_3,mass_4,radius_4,x_4,y_4,z_4,vx_4,vy_4,vz_4,mass_5,radius_5,x_5,y_5,z_5,vx_5,vy_5,vz_5,mass_6,radius_6,x_6,y_6,z_6,vx_6,vy_6,vz_6,mass_7,radius_7,x_7,y_7,z_7,vx_7,vy_7,vz_7,mass_8,radius_8,x_8,y_8,z_8,vx_8,vy_8,vz_8
0,1.660120825375342e-07,1.631393540950981e-08,-0.1635467410737722,-0.4353907356891603,-0.02056992569608363,7.554430427328828,-3.1057190687339986,-0.946859540958167,2.447838287784771e-06,4.045378434654418e-08,0.1010568305191171,-0.7201831364522269,-0.01570237018294629,7.266271438723913,1.0008706918159276,-0.405612834469898,3.040432648020684e-06,4.437104331057835e-07,0.2787807064279063,0.9451501923105754,-3.172537025898349e-05,-6.129351531980813,1.7540540712881239,-4.243750146166317e-05,3.2271560375549955e-07,2.270212793877687e-08,1.219632846346176,-0.6474273061861587,-0.04350065157979976,2.5920259215051398,4.951951531200959,0.04013758758259439,0.0009547919099366768,4.778945025452157e-07,-3.584723056897333,3.919956901043746,0.06393399994415094,-2.0688350948794603,-1.7315030883441822,0.053482843577976606,0.0002858856700231729,4.0286669668487467e-07,-5.52133322542736,-8.269031636054445,0.3635603762669247,1.5821206210232543,-1.1385681068217282,-0.043223904956461806,4.3662496132004074e-05,1.708513622580592e-07,19.33117608230803,5.157522877157739,-0.2311918875798605,-0.3822123125730114,1.31922967436397,0.009876392530144582,5.151383772628657e-05,1.6553711549585576e-07,27.4951399219385,-11.91818541111175,-0.3881298989638193,0.4468572513993797,1.0569412881300337,-0.03210082518561134
