,flag,epoch,sbx,sby,sbz,sbvx,sbvy,sbvz
0,1.0,2457502.5,1.2744112883015624,1.7747070291742775,0.18199778191489077,-3.3867983194557403,2.859585836118001,-0.1589372996439984
