,flag,epoch,sbx,sby,sbz,sbvx,sbvy,sbvz
0,1.0,2455590.5,31.475598488395743,-7.257131007370354,18.994973127823705,-0.17644045968176467,1.1251904222166165,0.2599058132790094
