,flag,epoch,sbx,sby,sbz,sbvx,sbvy,sbvz
0,1.0,2457370.0,33.575061369968914,18.430104713893837,-6.325062883885412,-0.5510824101456547,0.936063360209631,0.03942960354793286
