,mass_1,radius_1,x_1,y_1,z_1,vx_1,vy_1,vz_1,mass_2,radius_2,x_2,y_2,z_2,vx_2,vy_2,vz_2,mass_3,radius_3,x_3,y_3,z_3,vx_3,vy_3,vz_3,mass_4,radius_4,x_4,y_4,z_4,vx_4,vy_4,vz_4,mass_5,radius_5,x_5,y_5,z_5,vx_5,vy_5,vz_5,mass_6,radius_6,x_6,y_6,z_6,vx_6,vy_6,vz_6,mass_7,radius_7,x_7,y_7,z_7,vx_7,vy_7,vz_7,mass_8,radius_8,x_8,y_8,z_8,vx_8,vy_8,vz_8
0,1.660120825375342e-07,1.631393540950981e-08,-0.3854475909169786,0.002954917928805471,0.03560523896239926,-2.216373219820089,-9.83402762494842,-0.6001728073814661,2.447838287784771e-06,4.045378434654418e-08,-0.328130004741196,-0.6465520631295875,0.01007480259262169,6.536844137723651,-3.3760163801422474,-0.4235061785236458,3.040432648020684e-06,4.437104331057835e-07,0.6183466240506547,0.7724944065268833,-2.688906935307461e-05,-5.007949951892752,3.9031933798779783,-0.00011585297907919249,3.2271560375549955e-07,2.270212793877687e-08,1.032025835519007,-0.9255591700476583,-0.04472356990217046,3.607290543643066,4.243069841952115,0.00036471397734589634,0.0009547919099366768,4.778945025452157e-07,-3.458415175713543,4.022356930762892,0.06068248851337293,-2.1248649334065544,-1.6683286520334337,0.05447428730256532,0.0002858856700231729,4.0286669668487467e-07,-5.616222989502424,-8.199853829201349,0.3661373195524297,1.5686091326086777,-1.1584251861174983,-0.04234099732009734,4.3662496132004074e-05,1.708513622580592e-07,19.35402643304331,5.078014732407561,-0.2317847316259267,-0.3765230642029572,1.3207986285407831,0.009808809349347126,5.151383772628657e-05,1.6553711549585576e-07,27.46815298338866,-11.98181752162413,-0.3861953795882279,0.4492306017447554,1.0559335910640306,-0.03213387131185703
