,flag,epoch,sbx,sby,sbz,sbvx,sbvy,sbvz
0,1.0,2457870.0,1.662166550592501,-2.4193051647161017,-0.2602848898078823,2.8869989477166125,1.6694905951969938,0.34159322959467175
1,1.0,2457870.0,1.662166542979133,-2.4193051786015594,-0.2602848948727187,2.8869989478560405,1.6694905777267162,0.3415932312646276
