,flag,epoch,sbx,sby,sbz,sbvx,sbvy,sbvz
0,1.0,2456200.0,36.2455425716462,19.48558000231332,0.7576881695194894,-0.4552162843210671,0.9035024695168224,0.03431546583708073
