,flag,epoch,sbx,sby,sbz,sbvx,sbvy,sbvz
0,1.0,2457810.0,0.4227689010576454,-2.5209582195550855,0.2718334235048108,3.7961555052354328,0.3580308456318137,-0.16904460204315375
1,1.0,2457810.0,0.422768870047908,-2.5209582264178927,0.271833426950797,3.7961554986511996,0.3580308294913856,-0.16904459876069367
