,flag,epoch,sbx,sby,sbz,sbvx,sbvy,sbvz
0,1.0,2457803.5,23.483189291093094,30.65196660111709,-8.618209366072705,-0.7367317635430697,0.6542182470871681,0.25868388760049266
