,mass_1,radius_1,x_1,y_1,z_1,vx_1,vy_1,vz_1,mass_2,radius_2,x_2,y_2,z_2,vx_2,vy_2,vz_2,mass_3,radius_3,x_3,y_3,z_3,vx_3,vy_3,vz_3,mass_4,radius_4,x_4,y_4,z_4,vx_4,vy_4,vz_4,mass_5,radius_5,x_5,y_5,z_5,vx_5,vy_5,vz_5,mass_6,radius_6,x_6,y_6,z_6,vx_6,vy_6,vz_6,mass_7,radius_7,x_7,y_7,z_7,vx_7,vy_7,vz_7,mass_8,radius_8,x_8,y_8,z_8,vx_8,vy_8,vz_8
0,1.660120825375342e-07,1.631393540950981e-08,0.3181828249212951,0.1047628076301286,-0.02064424045417125,-5.206662737453505,10.219218667499387,1.3126836798651846,2.447838287784771e-06,4.045378434654418e-08,-0.632636759116883,-0.3469039962847746,0.03177226293866191,3.5004318692198346,-6.51218017748193,-0.2910805501554247,3.040432648020684e-06,4.437104331057835e-07,0.2168637759900866,-0.993271205859736,5.792003275582807e-06,6.037261390820309,1.3169872667345262,-7.945929395777428e-06,3.2271560375549955e-07,2.270212793877687e-08,-0.8516030630673356,1.396192346641668,0.05017092095231258,-4.169592258742829,-2.22697538460108,0.055805427922632045,0.0009547919099366768,4.778945025452157e-07,-2.286993631490859,4.713087315840219,0.03160823096295597,-2.5165007882561174,-1.0742310308306673,0.06077601838269713,0.0002858856700231729,4.0286669668487467e-07,1.668848098284199,8.88757625777181,-0.2209974914826512,-2.113678875528579,0.3708411160437811,0.07761307273168291,4.3662496132004074e-05,1.708513622580592e-07,16.6427470992875,-11.09181608981909,-0.256905425819328,0.7835374548240841,1.12749779119657,-0.0059183477107530875,5.151383772628657e-05,1.6553711549585576e-07,19.08999977305447,-23.25909517858352,0.03909710403892972,0.875969780904927,0.7330971480996239,-0.035290869026010745
