,flag,epoch,sbx,sby,sbz,sbvx,sbvy,sbvz
0,1.0,2456840.0,54.111877056878626,-25.233581135586967,0.37959527804421844,0.4001723894849792,0.5974078811214744,-0.08348322186743456
