,mass_1,radius_1,x_1,y_1,z_1,vx_1,vy_1,vz_1,mass_2,radius_2,x_2,y_2,z_2,vx_2,vy_2,vz_2,mass_3,radius_3,x_3,y_3,z_3,vx_3,vy_3,vz_3,mass_4,radius_4,x_4,y_4,z_4,vx_4,vy_4,vz_4,mass_5,radius_5,x_5,y_5,z_5,vx_5,vy_5,vz_5,mass_6,radius_6,x_6,y_6,z_6,vx_6,vy_6,vz_6,mass_7,radius_7,x_7,y_7,z_7,vx_7,vy_7,vz_7,mass_8,radius_8,x_8,y_8,z_8,vx_8,vy_8,vz_8
0,1.660120825375342e-07,1.631393540950981e-08,-0.2014567533690813,-0.4171989979208542,-0.01560687286027619,7.184927681718726,-3.968670144847574,-0.9834586518951801,2.447838287784771e-06,4.045378434654418e-08,-0.338311675298651,0.6333302406193663,0.02820589614428526,-6.541016691338206,-3.5220289468396846,0.32917065712672666,3.040432648020684e-06,4.437104331057835e-07,0.5217613306429986,0.8390143300286893,-3.265166722530484e-05,-5.438553013472257,3.294959262145714,-9.350074756780458e-05,3.2271560375549955e-07,2.270212793877687e-08,-1.523096714454986,0.6732599736447049,0.05148876502483254,-1.874818625394828,-4.2385980044892255,-0.0428045926183557,0.0009547919099366768,4.778945025452157e-07,-5.073309732310484,1.868930523879637,0.1057606701207477,-0.9865328680479232,-2.4585196597516403,0.03228419577005247,0.0002858856700231729,4.0286669668487467e-07,-3.91328299744683,-9.202859253422243,0.3157503720976892,1.7634023456187713,-0.8053667368599416,-0.05622470388572029,4.3662496132004074e-05,1.708513622580592e-07,18.92186846092535,6.408691915975844,-0.2212203657924331,-0.47179620074753514,1.2912190436470303,0.01092635289718313,5.151383772628657e-05,1.6553711549585576e-07,27.90520020281962,-10.89790031860678,-0.4186313714093031,0.4089129548155734,1.0723911697530621,-0.03155502214800316
