,flag,epoch,sbx,sby,sbz,sbvx,sbvy,sbvz
0,1.0,2455301.5,4.9804749337173835,3.99116879045566,-0.632428605733958,-1.662062112672611,2.6647151411317367,-0.36982755472536555
