,flag,epoch,sbx,sby,sbz,sbvx,sbvy,sbvz
0,1.0,2457558.5,36.6222951610725,-23.803042475123334,-0.7300802124305971,0.583691505200052,0.7506475810786748,-0.021466050347416155
