,flag,epoch,sbx,sby,sbz,sbvx,sbvy,sbvz
0,1.0,2457877.5,2.0050265366287356,0.5436608083630609,-0.026872398802572167,-1.3931056409359677,4.314274305188739,-0.4535238047355867
