,flag,epoch,sbx,sby,sbz,sbvx,sbvy,sbvz
0,1.0,2457322.5,46.15749062105791,4.146256797554829,-1.4491628550843405,-0.09424807368041575,0.8882922964097938,0.0004634909009197937
