,flag,epoch,sbx,sby,sbz,sbvx,sbvy,sbvz
0,1,2457000.0,2.6327159784086516,-0.4186761585491061,-0.6546022619512718,0.8660916461915474,3.7773561865303824,-0.5378562415320021
