,flag,epoch,sbx,sby,sbz,sbvx,sbvy,sbvz
0,1.0,2457504.5,23.716316080540132,18.642086045859728,-7.8639120907513025,-0.8680578665629397,0.8955938521491467,-0.047800102819287184
