,flag,epoch,sbx,sby,sbz,sbvx,sbvy,sbvz
0,1,2457267.5,-0.43324482784688145,1.9885293505977595,0.08704535505803962,-4.540685603298567,-0.39193928958302593,0.4953905340819153
