,flag,epoch,sbx,sby,sbz,sbvx,sbvy,sbvz
0,1,2457336.5,-26.75356745809101,-24.331822660365347,1.321847759714311,0.6336004820131905,-0.8819162455240869,-0.10546825400409421
