,mass_1,radius_1,x_1,y_1,z_1,vx_1,vy_1,vz_1,mass_2,radius_2,x_2,y_2,z_2,vx_2,vy_2,vz_2,mass_3,radius_3,x_3,y_3,z_3,vx_3,vy_3,vz_3,mass_4,radius_4,x_4,y_4,z_4,vx_4,vy_4,vz_4,mass_5,radius_5,x_5,y_5,z_5,vx_5,vy_5,vz_5,mass_6,radius_6,x_6,y_6,z_6,vx_6,vy_6,vz_6,mass_7,radius_7,x_7,y_7,z_7,vx_7,vy_7,vz_7,mass_8,radius_8,x_8,y_8,z_8,vx_8,vy_8,vz_8
0,1.660120825375342e-07,1.631393540950981e-08,0.3597120559085926,-0.05235107931554452,-0.03728989001509955,-0.5082841529262621,10.62977815097964,0.9150265592210263,2.447838287784771e-06,4.045378434654418e-08,-0.09293290868872295,-0.7205303233612202,-0.004490196912810089,7.277522201600376,-0.9737191818125976,-0.43337237096736597,3.040432648020684e-06,4.437104331057835e-07,-0.9955092642837973,0.01858819296616905,-4.86623011114996e-07,-0.2197450221890411,-6.306445622787989,5.240049860273332e-05,3.2271560375549955e-07,2.270212793877687e-08,-0.7707107204711299,-1.317308169029544,-0.00866133185585553,4.605075518067473,-2.1425629155561157,-0.1580297715317721,0.0009547919099366768,4.778945025452157e-07,-3.875438868583436,3.654450547733031,0.07154968160406516,-1.9268992667070584,-1.8771795412551355,0.05091226424946507,0.0002858856700231729,4.0286669668487467e-07,0.1572994524157858,9.02969308880818,-0.1633535135834454,-2.148193954629405,0.029648944960338652,0.08492090271995036,4.3662496132004074e-05,1.708513622580592e-07,17.17666051529224,-10.28078592856552,-0.2607769165256064,0.7250704705456354,1.1639214513595837,-0.005022677627155069,5.151383772628657e-05,1.6553711549585576e-07,19.70310143539272,-22.73217598386021,0.01410738430122313,0.8565940305946533,0.7558492483033373,-0.03532612025082837
