,flag,epoch,sbx,sby,sbz,sbvx,sbvy,sbvz
0,1.0,2457800.0,1.8559451815919463,1.5824591977707898,-0.22839663876356414,-2.244510326178121,3.1959992316913053,-0.2762356329519665
1,1.0,2457800.0,1.8559451896282997,1.5824591917320097,-0.22839663229404178,-2.2445103144104146,3.195999237401957,-0.2762356579580888
