,flag,epoch,sbx,sby,sbz,sbvx,sbvy,sbvz
0,1.0,2457870.0,-0.04252292866236601,-2.345198378774373,-0.0048201974334021284,4.112248884895158,0.5190947434950105,-0.5128225967336943
1,1.0,2457870.0,-0.042522911525267465,-2.3451983765968305,-0.004820196772547573,4.112248890653675,0.5190947634536296,-0.5128225720823444
