,flag,epoch,sbx,sby,sbz,sbvx,sbvy,sbvz
0,1.0,2457614.5,35.16733304440199,15.450969235049985,-7.477215378848901,-0.564069959623826,0.9884375911153456,0.09671563888079585
