,flag,epoch,sbx,sby,sbz,sbvx,sbvy,sbvz
0,1.0,2456620.0,-0.5928520245285553,2.7979448534813818,0.14194594657045043,-3.773617449981924,-0.44267910100854424,-0.12185585665520365
1,1.0,2456620.0,-0.5928517574684263,2.7979448870798835,0.14194594308448727,-3.773617516900977,-0.442678857823174,-0.12185585021839866
