,flag,epoch,sbx,sby,sbz,sbvx,sbvy,sbvz
0,1,2456326.5,2.842033624090775,0.3860386262857052,-0.21698494965823467,-0.5634938917906293,3.7262906609311806,0.14180281562107508
