,mass_1,radius_1,x_1,y_1,z_1,vx_1,vy_1,vz_1,mass_2,radius_2,x_2,y_2,z_2,vx_2,vy_2,vz_2,mass_3,radius_3,x_3,y_3,z_3,vx_3,vy_3,vz_3,mass_4,radius_4,x_4,y_4,z_4,vx_4,vy_4,vz_4,mass_5,radius_5,x_5,y_5,z_5,vx_5,vy_5,vz_5,mass_6,radius_6,x_6,y_6,z_6,vx_6,vy_6,vz_6,mass_7,radius_7,x_7,y_7,z_7,vx_7,vy_7,vz_7,mass_8,radius_8,x_8,y_8,z_8,vx_8,vy_8,vz_8
0,1.660120825375342e-07,1.631393540950981e-08,0.2843709636322929,-0.3039849562308334,-0.05093199299646012,5.4648161124549555,7.510726371692821,0.11206565022823665,2.447838287784771e-06,4.045378434654418e-08,-0.4477083458507322,-0.5689038388180051,0.01805935650669052,5.753787247690967,-4.603117347535913,-0.3950674919340701,3.040432648020684e-06,4.437104331057835e-07,-0.4730089122417517,-0.8952738453659568,9.441187859371813e-06,5.453664744964012,-2.9590395807250163,3.149101703369954e-05,3.2271560375549955e-07,2.270212793877687e-08,-0.869181591241306,1.386644197848555,0.05040678673965627,-4.136736516140239,-2.2796679625164002,0.05386310718417111,0.0009547919099366768,4.778945025452157e-07,-5.347091229757454,0.9429013393869334,0.1157384724484307,-0.5131674897164971,-2.5868858026969237,0.022222071067843793,0.0002858856700231729,4.0286669668487467e-07,-2.345867590674051,8.729996507744936,-0.05858001860472664,-2.0778081503565073,-0.535273045903682,0.09195975590007746,4.3662496132004074e-05,1.708513622580592e-07,17.9715527802954,-8.877627724779773,-0.265807528335083,0.6247345282566152,1.2185244108688005,-0.003523823827948037,5.151383772628657e-05,1.6553711549585576e-07,20.6921300966123,-21.82030437242685,-0.02749396583946595,0.8234282282653281,0.793118232239119,-0.03534009546241149
