,flag,epoch,sbx,sby,sbz,sbvx,sbvy,sbvz
0,1.0,2453148.5,38.02138381631762,-21.112222782649305,0.5402552023409881,0.4453654633461458,0.8474509988067273,0.009282015126568578
