,flag,epoch,sbx,sby,sbz,sbvx,sbvy,sbvz
0,1.0,2453150.0,38.025949220658944,-21.10362803796715,0.5403469708480416,0.4451795746113756,0.8475534692680753,0.00927945583914009
