,flag,epoch,sbx,sby,sbz,sbvx,sbvy,sbvz
0,1.0,2454680.0,33.69086030756023,-27.016273695053286,-3.4890014918226915,0.717518290739378,0.6815521774482092,0.007205526187865693
