,flag,epoch,sbx,sby,sbz,sbvx,sbvy,sbvz
0,1.0,2459062.5,1.9865095377785706,-2.24737889710652,-0.7267793097193941,0.9038326556115077,0.35686875293463916,4.8231563301611065
