,flag,epoch,sbx,sby,sbz,sbvx,sbvy,sbvz
0,1,2456177.5,3.0396445882623206,0.9101367792437582,-0.35178376694686403,-0.8868558052597593,3.3090824125728244,0.7085047983791223
