,mass_1,radius_1,x_1,y_1,z_1,vx_1,vy_1,vz_1,mass_2,radius_2,x_2,y_2,z_2,vx_2,vy_2,vz_2,mass_3,radius_3,x_3,y_3,z_3,vx_3,vy_3,vz_3,mass_4,radius_4,x_4,y_4,z_4,vx_4,vy_4,vz_4,mass_5,radius_5,x_5,y_5,z_5,vx_5,vy_5,vz_5,mass_6,radius_6,x_6,y_6,z_6,vx_6,vy_6,vz_6,mass_7,radius_7,x_7,y_7,z_7,vx_7,vy_7,vz_7,mass_8,radius_8,x_8,y_8,z_8,vx_8,vy_8,vz_8
0,1.660120825375342e-07,1.631393540950981e-08,-0.06784998214384788,0.3035860006772433,0.03103216846402445,-12.0903935914793,-1.8658844938486803,0.9565405968370136,2.447838287784771e-06,4.045378434654418e-08,-0.4240939386673419,0.579036934051304,0.03241915890025247,-5.985565765246643,-4.405569523727631,0.2849174326506235,3.040432648020684e-06,4.437104331057835e-07,-0.4858566910960466,0.8556506666217446,-3.953162370489471e-05,-5.566587237168644,-3.1267333027862385,0.00017767752321961016,3.2271560375549955e-07,2.270212793877687e-08,-0.6254741892730861,-1.376438679387276,-0.01350418459604211,4.845343640927107,-1.6758428493429205,-0.1539775989545635,0.0009547919099366768,4.778945025452157e-07,4.705957456208979,-1.653133430595944,-0.09842125220803596,0.8815573719394899,2.7328560996413604,-0.031073747553987632,0.0002858856700231729,4.0286669668487467e-07,7.02937058178176,-6.991935205389728,-0.1581817672153494,1.3246634800104387,1.4430503836181914,-0.07779190262445072,4.3662496132004074e-05,1.708513622580592e-07,14.34594349340148,13.52983569389888,-0.1356560736994999,-0.9954777564120265,0.9808626845681275,0.016491257507122166,5.151383772628657e-05,1.6553711549585576e-07,29.64102702870397,-4.031022079146091,-0.600138678875441,0.14798612490317856,1.1460229742488954,-0.026971914196392676
