,flag,epoch,sbx,sby,sbz,sbvx,sbvy,sbvz
0,1,2457671.5,1.6894267389116167,1.163384552968503,0.14616022159541672,-1.8668303013490277,4.150486540178011,0.6006509245832572
