,flag,epoch,sbx,sby,sbz,sbvx,sbvy,sbvz
0,1.0,2457070.0,-2.815650238522478,-0.7303988124495766,0.49030909963554464,0.07636677637227432,-3.4707000392545186,-0.004025367855539371
1,1.0,2457070.0,-2.8156502233023137,-0.7303988066674334,0.4903091122841469,0.07636676087583386,-3.470700056051993,-0.004025355193849006
