,flag,epoch,sbx,sby,sbz,sbvx,sbvy,sbvz
0,1,2457371.5,28.47247262271565,33.87830895587516,-6.327604967943425,-0.6096536003114311,0.6422972620909467,-0.2580423936338057
