,flag,epoch,sbx,sby,sbz,sbvx,sbvy,sbvz
0,1.0,2458589.5,-7.176756106939573,-13.8480817246511,8.745311802639568,1.732848047230301,0.13407703503671228,-0.3613910116151133
