,mass_1,radius_1,x_1,y_1,z_1,vx_1,vy_1,vz_1,mass_2,radius_2,x_2,y_2,z_2,vx_2,vy_2,vz_2,mass_3,radius_3,x_3,y_3,z_3,vx_3,vy_3,vz_3,mass_4,radius_4,x_4,y_4,z_4,vx_4,vy_4,vz_4,mass_5,radius_5,x_5,y_5,z_5,vx_5,vy_5,vz_5,mass_6,radius_6,x_6,y_6,z_6,vx_6,vy_6,vz_6,mass_7,radius_7,x_7,y_7,z_7,vx_7,vy_7,vz_7,mass_8,radius_8,x_8,y_8,z_8,vx_8,vy_8,vz_8
0,1.660120825375342e-07,1.631393540950981e-08,0.3575834650566339,-0.116207232426536,-0.04230659670001115,1.178111361493081,10.235789083940668,0.7281630888862143,2.447838287784771e-06,4.045378434654418e-08,-0.7183268870558418,-0.03250809748815326,0.04101076031033395,0.2896544133962315,-7.412798816197028,-0.11820483181655943,3.040432648020684e-06,4.437104331057835e-07,-0.9943575053626664,-0.07564615546540118,4.52008439299478e-06,0.37422557759511144,-6.289357233183258,0.00012800927503604404,3.2271560375549955e-07,2.270212793877687e-08,1.041308515506078,-0.9147137543149604,-0.04473656318990917,3.56778179267624,4.277605202630008,0.002012375240984573,0.0009547919099366768,4.778945025452157e-07,3.22903717308454,-3.928576901553143,-0.05594952420350268,2.096881292956993,1.8827310285187941,-0.054739950930899284,0.0002858856700231729,4.0286669668487467e-07,-9.206637207954298,1.822458039931419,0.3347080486149689,-0.5032411346830821,-2.0019858235005596,0.0549160543746484,4.3662496132004074e-05,1.708513622580592e-07,19.93003085806351,-2.585522546103868,-0.2677483811322668,0.17597389786266107,1.358990528114901,0.0027525152801511446,5.151383772628657e-05,1.6553711549585576e-07,24.31289083841158,-17.6283833625005,-0.1973000760909787,0.6672983454522995,0.9363342864180114,-0.0346286105622895
