,flag,epoch,sbx,sby,sbz,sbvx,sbvy,sbvz
0,1,2457286.5,3.020657105524812,-0.7679154548684983,0.087190173527981,0.8168975029890657,3.3565385606671483,0.5520962595350652
