,mass_1,radius_1,x_1,y_1,z_1,vx_1,vy_1,vz_1,mass_2,radius_2,x_2,y_2,z_2,vx_2,vy_2,vz_2,mass_3,radius_3,x_3,y_3,z_3,vx_3,vy_3,vz_3,mass_4,radius_4,x_4,y_4,z_4,vx_4,vy_4,vz_4,mass_5,radius_5,x_5,y_5,z_5,vx_5,vy_5,vz_5,mass_6,radius_6,x_6,y_6,z_6,vx_6,vy_6,vz_6,mass_7,radius_7,x_7,y_7,z_7,vx_7,vy_7,vz_7,mass_8,radius_8,x_8,y_8,z_8,vx_8,vy_8,vz_8
0,1.660120825375342e-07,1.631393540950981e-08,0.04003242056133473,0.3043681641851385,0.02119176642717031,-12.249092861219701,1.719195962820001,1.264592525554381,2.447838287784771e-06,4.045378434654418e-08,0.4354639294321049,0.5760717165755677,-0.01725375864999012,-5.9163359587695075,4.422706882287542,0.40198272039176824,3.040432648020684e-06,4.437104331057835e-07,0.9946918690369152,-0.1494037794334421,9.000909900741704e-07,0.8310187256492874,6.1909569870941095,-6.870889113591184e-05,3.2271560375549955e-07,2.270212793877687e-08,-1.643736973521097,0.2226145298720913,0.04504559977560809,-0.49477567156390084,-4.628359246964176,-0.08482264488622389,0.0009547919099366768,4.778945025452157e-07,-5.442686969230606,0.1274493943177098,0.1212629660882343,-0.09876314531184659,-2.627986384263677,0.013120732718414706,0.0002858856700231729,4.0286669668487467e-07,-2.987670698521726,8.540352480331428,-0.02975116990480103,-2.03305674957223,-0.6793655771745628,0.09269259854042444,4.3662496132004074e-05,1.708513622580592e-07,18.16229517518816,-8.495221978176076,-0.266844888905634,0.597454875693067,1.2317798411434648,-0.0031226254114684352,5.151383772628657e-05,1.6553711549585576e-07,20.94772369303488,-21.57122430688987,-0.03852302967607416,0.8143454675757814,0.8029303283799133,-0.03533150358139896
