,flag,epoch,sbx,sby,sbz,sbvx,sbvy,sbvz
0,1,2456584.5,-0.869455175174554,2.4891722285717663,-0.34951780279008554,-3.7997212089310715,-0.8105622180260129,0.22068839104379878
