,flag,epoch,sbx,sby,sbz,sbvx,sbvy,sbvz
0,1.0,2457208.5,-28.48858072459578,10.756019436090929,23.13270349788962,-0.7848740174737842,-0.7717565654341061,-0.3914509357529712
