,mass_1,radius_1,x_1,y_1,z_1,vx_1,vy_1,vz_1,mass_2,radius_2,x_2,y_2,z_2,vx_2,vy_2,vz_2,mass_3,radius_3,x_3,y_3,z_3,vx_3,vy_3,vz_3,mass_4,radius_4,x_4,y_4,z_4,vx_4,vy_4,vz_4,mass_5,radius_5,x_5,y_5,z_5,vx_5,vy_5,vz_5,mass_6,radius_6,x_6,y_6,z_6,vx_6,vy_6,vz_6,mass_7,radius_7,x_7,y_7,z_7,vx_7,vy_7,vz_7,mass_8,radius_8,x_8,y_8,z_8,vx_8,vy_8,vz_8
0,1.660120825375342e-07,1.631393540950981e-08,-0.2777522832491576,0.197332850780214,0.04160597604578226,-8.050732000722677,-7.95095059164809,0.08889548922428506,2.447838287784771e-06,4.045378434654418e-08,-0.6764248840707305,-0.2485467517391958,0.0356242904451916,2.4980258822595456,-6.968052718692201,-0.2397210396537838,3.040432648020684e-06,4.437104331057835e-07,-0.9696236832422191,-0.2449570140077976,1.490020849841499e-05,1.4369377273194637,-6.116025116336135,0.0002403298216528568,3.2271560375549955e-07,2.270212793877687e-08,0.5466861426731989,1.415085879700582,0.01623713540868249,-4.574063189131026,2.277189313708418,0.1599765133148237,0.0009547919099366768,4.778945025452157e-07,-5.195875086320694,-1.660049425256927,0.1231575147057127,0.8063949939804245,-2.497764284105546,-0.007672299938793603,0.0002858856700231729,4.0286669668487467e-07,-1.384708489362128,-9.955848288806358,0.228162022698848,1.9078486043818639,-0.28909545123897085,-0.07092403883255645,4.3662496132004074e-05,1.708513622580592e-07,18.19028670395986,8.143673713198602,-0.205286884360139,-0.5963897998754799,1.24172271828211,0.012335663104768907,5.151383772628657e-05,1.6553711549585576e-07,28.42752556249918,-9.415607191838733,-0.4612607744706586,0.35399318289761716,1.0929073571405254,-0.03071250969810009
