,mass_1,radius_1,x_1,y_1,z_1,vx_1,vy_1,vz_1,mass_2,radius_2,x_2,y_2,z_2,vx_2,vy_2,vz_2,mass_3,radius_3,x_3,y_3,z_3,vx_3,vy_3,vz_3,mass_4,radius_4,x_4,y_4,z_4,vx_4,vy_4,vz_4,mass_5,radius_5,x_5,y_5,z_5,vx_5,vy_5,vz_5,mass_6,radius_6,x_6,y_6,z_6,vx_6,vy_6,vz_6,mass_7,radius_7,x_7,y_7,z_7,vx_7,vy_7,vz_7,mass_8,radius_8,x_8,y_8,z_8,vx_8,vy_8,vz_8
0,1.660120825375342e-07,1.631393540950981e-08,-0.2202311387943579,-0.4060889102727729,-0.01297680694473463,6.962168101565586,-4.403604561785393,-0.9985576121289854,2.447838287784771e-06,4.045378434654418e-08,-0.1466852223935163,-0.7112495961211105,-0.001287088893642952,7.1858131365925555,-1.5220288896364407,-0.4355351017115712,3.040432648020684e-06,4.437104331057835e-07,-0.8238377008236533,0.5449447061415472,-1.587175670357813e-05,-3.5691645102812037,-5.264664403399282,0.0002067687757718295,3.2271560375549955e-07,2.270212793877687e-08,-1.575882643570054,-0.4134136705522973,0.03001290524281892,1.487468851643668,-4.507283527054432,-0.13095933449691735,0.0009547919099366768,4.778945025452157e-07,-5.271931909729966,1.271510245586111,0.1126857745325481,-0.6797108546339382,-2.551692159132957,0.025804372844761874,0.0002858856700231729,4.0286669668487467e-07,-3.489000808932476,-9.384348495943097,0.3020092312405088,1.7984301835585499,-0.7182602913971486,-0.05913044299350415,4.3662496132004074e-05,1.708513622580592e-07,18.80687465597291,6.715323135814325,-0.2185878536407569,-0.49372871807691754,1.2833852923653863,0.01117717027742113,5.151383772628657e-05,1.6553711549585576e-07,28.00147549315406,-10.64202622840578,-0.426131052950027,0.3994697575692197,1.0760753948872144,-0.031416032884317206
