,flag,epoch,sbx,sby,sbz,sbvx,sbvy,sbvz
0,1.0,2457630.0,-0.1168411394970486,-2.1811904354370353,-0.23509058195681826,4.4473686430379225,-0.24898863354916936,-0.12011898735764462
1,1.0,2457630.0,-0.11684109887002622,-2.181190350235913,-0.23509058422613108,4.447368806408709,-0.24898856395997498,-0.12011899033396228
