,mass_1,radius_1,x_1,y_1,z_1,vx_1,vy_1,vz_1,mass_2,radius_2,x_2,y_2,z_2,vx_2,vy_2,vz_2,mass_3,radius_3,x_3,y_3,z_3,vx_3,vy_3,vz_3,mass_4,radius_4,x_4,y_4,z_4,vx_4,vy_4,vz_4,mass_5,radius_5,x_5,y_5,z_5,vx_5,vy_5,vz_5,mass_6,radius_6,x_6,y_6,z_6,vx_6,vy_6,vz_6,mass_7,radius_7,x_7,y_7,z_7,vx_7,vy_7,vz_7,mass_8,radius_8,x_8,y_8,z_8,vx_8,vy_8,vz_8
0,1.660120825375342e-07,1.631393540950981e-08,0.09228891003747437,0.2931057179200239,0.01548041769658403,-11.860153499871068,3.475815118704363,1.3722152282543219,2.447838287784771e-06,4.045378434654418e-08,0.5497406635394871,-0.4759617274550444,-0.03824838610924459,4.788610281695128,5.5570992816939695,-0.20022996290250755,3.040432648020684e-06,4.437104331057835e-07,0.3076828259615821,0.9363832411876687,-2.779191322577625e-05,-6.072194730756748,1.9380942699821402,-4.379766884223581e-05,3.2271560375549955e-07,2.270212793877687e-08,-0.9091452419300178,1.363648176267358,0.05089585792775097,-4.059073876946874,-2.4003746778682538,0.049370915513747365,0.0009547919099366768,4.778945025452157e-07,3.89100720058418,3.08782208721845,-0.09989563672558306,-1.7483078880053131,2.292249314449231,0.02960392872653651,0.0002858856700231729,4.0286669668487467e-07,-8.989698649041609,-3.577100851189462,0.420107411244414,0.6419446269366043,-1.8960286299183435,0.0074316887772814645,4.3662496132004074e-05,1.708513622580592e-07,20.04547489581165,1.103434149291052,-0.2555665755807625,-0.09086492335799035,1.369195109507077,0.006267930705498743,5.151383772628657e-05,1.6553711549585576e-07,25.97510238229402,-15.01359177164298,-0.2893461167781395,0.5647793516406568,1.001187102895305,-0.033602257056570224
