,flag,epoch,sbx,sby,sbz,sbvx,sbvy,sbvz
0,1,2457420.0,-3.212660644190688,1.588840490232145,-0.3371932104652226,-1.2928613217990037,-2.949484991831023,0.12438108329714226
