,mass_1,radius_1,x_1,y_1,z_1,vx_1,vy_1,vz_1,mass_2,radius_2,x_2,y_2,z_2,vx_2,vy_2,vz_2,mass_3,radius_3,x_3,y_3,z_3,vx_3,vy_3,vz_3,mass_4,radius_4,x_4,y_4,z_4,vx_4,vy_4,vz_4,mass_5,radius_5,x_5,y_5,z_5,vx_5,vy_5,vz_5,mass_6,radius_6,x_6,y_6,z_6,vx_6,vy_6,vz_6,mass_7,radius_7,x_7,y_7,z_7,vx_7,vy_7,vz_7,mass_8,radius_8,x_8,y_8,z_8,vx_8,vy_8,vz_8
0,1.660120825375342e-07,1.631393540950981e-08,-0.3145247725376575,-0.3205412624464221,0.002669635736037168,5.244400101757484,-6.727667535435961,-1.0308921785209937,2.447838287784771e-06,4.045378434654418e-08,-0.005340170970573902,0.7195567757070056,0.0101664179642931,-7.4124391212081635,-0.09373273294897942,0.4265104346681763,3.040432648020684e-06,4.437104331057835e-07,0.381452427152157,-0.9422233445226318,2.537331517162634e-05,5.722319848507669,2.334312657536134,-7.776950881998309e-05,3.2271560375549955e-07,2.270212793877687e-08,0.8864574296467732,1.184453744128904,0.003051440758693996,-3.897716755008127,3.498342283114428,0.16901025262952926,0.0009547919099366768,4.778945025452157e-07,4.472128993450554,2.125162817855479,-0.1089022915359024,-1.217629766510934,2.6228945956775314,0.016357354672172482,0.0002858856700231729,4.0286669668487467e-07,-9.210104303349091,-2.826372856673456,0.4158179193793485,0.4869621142074171,-1.950427321793432,0.014561672541759735,4.3662496132004074e-05,1.708513622580592e-07,20.07337755159896,0.5688510976090476,-0.2579146606812714,-0.05217080878083166,1.3710696328721426,0.005769411465030429,5.151383772628657e-05,1.6553711549585576e-07,25.75178022493384,-15.40256882801551,-0.2762026365564321,0.580016232714042,0.992788447261387,-0.03377311208129795
