,flag,epoch,sbx,sby,sbz,sbvx,sbvy,sbvz
0,1.0,2458283.5,-3.0752484119382104,0.452372944281829,0.5435465010040914,-0.60916097025078,-3.0037392940739833,-0.6521460162281937
