,flag,epoch,sbx,sby,sbz,sbvx,sbvy,sbvz
0,1,2457370.0,-2.818746807956112,0.8844837997872568,1.0630133538568336,-0.3165385474462568,-3.433106830314629,-0.2741728605549321
