,flag,epoch,sbx,sby,sbz,sbvx,sbvy,sbvz
0,1,2453850.5,-40.68863150645346,-15.223021139962288,1.1526327760027002,0.33277493045564577,-0.8975476621313352,-0.03405550647575429
