,flag,epoch,sbx,sby,sbz,sbvx,sbvy,sbvz
0,1.0,2455366.5,-2.1170930434366126,2.935732546009319,0.9675051256550564,0.08730166405073322,1.9805822880330135,-4.064720900103644
