,flag,epoch,sbx,sby,sbz,sbvx,sbvy,sbvz
0,1.0,2454398.5,29.14090785185644,6.225750777292643,0.6736251828095714,-0.30101599716907973,1.0055627207259556,0.4857599090231879
