,flag,epoch,sbx,sby,sbz,sbvx,sbvy,sbvz
0,1.0,2457940.0,-2.447578243858379,0.3844372981749061,-0.2296611905563417,-0.12541155369616894,-3.9272481265140553,0.17890525062775028
1,1.0,2457940.0,-2.447578242982817,0.3844373019497575,-0.2296611975608021,-0.12541156495162334,-3.927248127685258,0.1789052365684006
