,flag,epoch,sbx,sby,sbz,sbvx,sbvy,sbvz
0,1.0,2456867.5,34.605367608552434,19.104984070401983,15.45298342286424,-0.10924410257365746,1.0609867815248506,-0.20704693491981177
