,flag,epoch,sbx,sby,sbz,sbvx,sbvy,sbvz
0,1,2457220.0,-3.315254791864298,1.168515746802444,-0.0828841509789799,-1.5729878507969897,-3.176380423242989,-0.06749711939356628
