,flag,epoch,sbx,sby,sbz,sbvx,sbvy,sbvz
0,1.0,2458234.5,1.9259708747237563,1.8970112586421324,-0.07199787967517259,-3.279055634234164,1.9637053142018994,0.5629764305082293
