,mass_1,radius_1,x_1,y_1,z_1,vx_1,vy_1,vz_1,mass_2,radius_2,x_2,y_2,z_2,vx_2,vy_2,vz_2,mass_3,radius_3,x_3,y_3,z_3,vx_3,vy_3,vz_3,mass_4,radius_4,x_4,y_4,z_4,vx_4,vy_4,vz_4,mass_5,radius_5,x_5,y_5,z_5,vx_5,vy_5,vz_5,mass_6,radius_6,x_6,y_6,z_6,vx_6,vy_6,vz_6,mass_7,radius_7,x_7,y_7,z_7,vx_7,vy_7,vz_7,mass_8,radius_8,x_8,y_8,z_8,vx_8,vy_8,vz_8
0,1.660120825375342e-07,1.631393540950981e-08,0.3551185636013338,-0.008434363980085718,-0.0332806283491863,-1.7408467505531995,10.733691102277271,1.036636110110313,2.447838287784771e-06,4.045378434654418e-08,-0.06297374748061839,-0.723902718167703,-0.006265548691508027,7.31047545108271,-0.6684312619372951,-0.4310991192586257,3.040432648020684e-06,4.437104331057835e-07,-0.9960760304275357,-0.00731431902612448,-2.711569623234452e-07,-0.056289061573458,-6.3073689265454,5.252528405873568e-05,3.2271560375549955e-07,2.270212793877687e-08,-0.7517270326624694,-1.325983409826198,-0.009309492351191138,4.639858145799484,-2.0821746281514226,-0.15761919096045085,0.0009547919099366768,4.778945025452157e-07,-3.883343663618877,3.646733345195185,0.07175860903561371,-1.922734693062995,-1.881096542515385,0.05083536112279843,0.0002858856700231729,4.0286669668487467e-07,0.1484772356212871,9.029810758436204,-0.1630046885327902,-2.1482253059465304,0.02765615608861858,0.08495688430255847,4.3662496132004074e-05,1.708513622580592e-07,17.1796375131649,-10.27600554413344,-0.2607975327858202,0.7247274782545513,1.1641257506064309,-0.00501744091045801,5.151383772628657e-05,1.6553711549585576e-07,19.70661904307158,-22.7290716090724,0.01396230758203813,0.8564808994152872,0.7559812705529886,-0.0353262417181057
