,flag,epoch,sbx,sby,sbz,sbvx,sbvy,sbvz
0,1.0,2452720.0,-21.208743023263377,-37.38621388926394,0.2966687701869332,0.8195217028060628,-0.495497439828273,-0.004804935500356263
