,flag,epoch,sbx,sby,sbz,sbvx,sbvy,sbvz
0,1.0,2457820.0,-1.5599448763642414,1.988719782994437,0.15390931775979844,-2.8408695061188367,-2.548647349972372,0.3710063080540894
1,1.0,2457820.0,-1.5599448908706472,1.9887197669954477,0.15390931466200294,-2.8408694903524943,-2.548647371475051,0.371006301256379
