,flag,epoch,sbx,sby,sbz,sbvx,sbvy,sbvz
0,1.0,2456559.5,11.317409447865188,39.427566095831416,0.23593606814478355,-0.9573084359017179,0.07047592812061687,-0.02282752823633766
