,mass_1,radius_1,x_1,y_1,z_1,vx_1,vy_1,vz_1,mass_2,radius_2,x_2,y_2,z_2,vx_2,vy_2,vz_2,mass_3,radius_3,x_3,y_3,z_3,vx_3,vy_3,vz_3,mass_4,radius_4,x_4,y_4,z_4,vx_4,vy_4,vz_4,mass_5,radius_5,x_5,y_5,z_5,vx_5,vy_5,vz_5,mass_6,radius_6,x_6,y_6,z_6,vx_6,vy_6,vz_6,mass_7,radius_7,x_7,y_7,z_7,vx_7,vy_7,vz_7,mass_8,radius_8,x_8,y_8,z_8,vx_8,vy_8,vz_8
0,1.660120825375342e-07,1.631393540950981e-08,-0.1246257202694597,-0.4488928356968626,-0.02524289086607867,7.838432542635346,-2.2341606844450705,-0.901725747276815,2.447838287784771e-06,4.045378434654418e-08,0.3192469103488652,-0.6537371562339014,-0.02738244987671827,6.588755149659362,3.216512476052404,-0.33618117248986246,3.040432648020684e-06,4.437104331057835e-07,1.003079221035224,0.01616674631689769,-1.558031432797267e-06,-0.20342296378212868,6.259631475296215,-0.0001931355873940177,3.2271560375549955e-07,2.270212793877687e-08,-0.5830923071410817,1.507815951130306,0.0459037106111421,-4.573655769480389,-1.4092326460717937,0.08274806260215475,0.0009547919099366768,4.778945025452157e-07,-0.5876801748654727,5.122100748962624,-0.008122367136927973,-2.7740725280210334,-0.18362828938145925,0.06283745789918221,0.0002858856700231729,4.0286669668487467e-07,-7.23985516389498,-6.67832343080273,0.4043568847087007,1.2687832111968234,-1.5030574695604344,-0.024403899095706755,4.3662496132004074e-05,1.708513622580592e-07,19.72111309144426,3.558391436146371,-0.2422152706029045,-0.26766965947805077,1.3463407113599732,0.008493122520203395,5.151383772628657e-05,1.6553711549585576e-07,26.931003972494,-13.17338663661606,-0.3492513034601056,0.49400210479238427,1.0362498324145335,-0.03273531350255771
