,flag,epoch,sbx,sby,sbz,sbvx,sbvy,sbvz
0,1.0,2457130.0,-39.697491553695826,-20.37850273537127,4.187164184196638,0.5344080426771173,-0.7867364969450974,-0.011564372960101526
