,flag,epoch,sbx,sby,sbz,sbvx,sbvy,sbvz
0,1,2454219.5,18.369136559107382,37.307366464016475,-3.13854331834318,-0.9089289998146715,0.25197012345595493,-0.005464440106041742
