,mass_1,radius_1,x_1,y_1,z_1,vx_1,vy_1,vz_1,mass_2,radius_2,x_2,y_2,z_2,vx_2,vy_2,vz_2,mass_3,radius_3,x_3,y_3,z_3,vx_3,vy_3,vz_3,mass_4,radius_4,x_4,y_4,z_4,vx_4,vy_4,vz_4,mass_5,radius_5,x_5,y_5,z_5,vx_5,vy_5,vz_5,mass_6,radius_6,x_6,y_6,z_6,vx_6,vy_6,vz_6,mass_7,radius_7,x_7,y_7,z_7,vx_7,vy_7,vz_7,mass_8,radius_8,x_8,y_8,z_8,vx_8,vy_8,vz_8
0,1.660120825375342e-07,1.631393540950981e-08,0.2075960444026757,0.2357784483844594,0.0002207351163552892,-9.748791316099522,7.218401681017699,1.4842031303529624,2.447838287784771e-06,4.045378434654418e-08,0.6130367105880271,0.3842078085051654,-0.03010780926020591,-3.9459909833738394,6.228168915456301,0.3131087242102872,3.040432648020684e-06,4.437104331057835e-07,0.01174135533215313,0.98367775192226,-3.715119705851638e-05,-6.385831320693052,0.05161007387454152,2.8937754119036606e-05,3.2271560375549955e-07,2.270212793877687e-08,1.382287831077123,0.2235478495420597,-0.0292397129721841,-0.6202416039195949,5.48303919678652,0.1301226166841054,0.0009547919099366768,4.778945025452157e-07,-5.373568499294032,-0.9348434109636053,0.1241221171789355,0.4396903539166641,-2.5877215753892324,0.000907541921671108,0.0002858856700231729,4.0286669668487467e-07,-1.925424405539961,-9.857864769968657,0.2479848729970431,1.8891747763963576,-0.39897642728630833,-0.06827563844820635,4.3662496132004074e-05,1.708513622580592e-07,18.35647070318068,7.7884995674758,-0.2087591492171939,-0.570840314895447,1.25297169686349,0.012052187682002564,5.151383772628657e-05,1.6553711549585576e-07,28.32509633308267,-9.726217958202373,-0.4524900625891716,0.36548616917147314,1.0888376628323706,-0.030893414052686797
