,mass_1,radius_1,x_1,y_1,z_1,vx_1,vy_1,vz_1,mass_2,radius_2,x_2,y_2,z_2,vx_2,vy_2,vz_2,mass_3,radius_3,x_3,y_3,z_3,vx_3,vy_3,vz_3,mass_4,radius_4,x_4,y_4,z_4,vx_4,vy_4,vz_4,mass_5,radius_5,x_5,y_5,z_5,vx_5,vy_5,vz_5,mass_6,radius_6,x_6,y_6,z_6,vx_6,vy_6,vz_6,mass_7,radius_7,x_7,y_7,z_7,vx_7,vy_7,vz_7,mass_8,radius_8,x_8,y_8,z_8,vx_8,vy_8,vz_8
0,1.660120825375342e-07,1.631393540950981e-08,-0.1680141317818992,0.2733920810352689,0.03775318399902798,-10.825199721024086,-4.984915914410571,0.5858400307971183,2.447838287784771e-06,4.045378434654418e-08,0.2050523046881641,-0.6979444703687367,-0.02139942618780134,7.038268618232454,2.057467394822282,-0.3779656512550132,3.040432648020684e-06,4.437104331057835e-07,0.5171362395798286,-0.8744158546496016,2.747344320690098e-05,5.306598884760706,3.1752707322939853,-0.00012340710380129852,3.2271560375549955e-07,2.270212793877687e-08,-0.3393629275312603,1.561602826210499,0.04105024389133861,-4.80051282748594,-0.6514155390970864,0.10417386573672434,0.0009547919099366768,4.778945025452157e-07,-4.682062168287318,2.647725040412063,0.09377180638344211,-1.3908293241940042,-2.2712002642506164,0.040553214052730685,0.0002858856700231729,4.0286669668487467e-07,-4.48383150041944,-8.918862747235012,0.3335351451471653,1.7085408635153085,-0.9229728222437851,-0.05199897898102899,4.3662496132004074e-05,1.708513622580592e-07,19.07186069688852,5.982767032634436,-0.2247521053567562,-0.44123670921688585,1.3014552584415415,0.010571253152653087,5.151383772628657e-05,1.6553711549585576e-07,27.76870336664791,-11.24938288329889,-0.408232710458764,0.4220120824158565,1.067205651601431,-0.03174697560330952
