,flag,epoch,sbx,sby,sbz,sbvx,sbvy,sbvz
0,1.0,2453683.5,36.05821266977154,-20.169740709391846,-0.9358147254828264,0.5430864135738264,0.844453487967688,-0.03477920356373288
