,mass_1,radius_1,x_1,y_1,z_1,vx_1,vy_1,vz_1,mass_2,radius_2,x_2,y_2,z_2,vx_2,vy_2,vz_2,mass_3,radius_3,x_3,y_3,z_3,vx_3,vy_3,vz_3,mass_4,radius_4,x_4,y_4,z_4,vx_4,vy_4,vz_4,mass_5,radius_5,x_5,y_5,z_5,vx_5,vy_5,vz_5,mass_6,radius_6,x_6,y_6,z_6,vx_6,vy_6,vz_6,mass_7,radius_7,x_7,y_7,z_7,vx_7,vy_7,vz_7,mass_8,radius_8,x_8,y_8,z_8,vx_8,vy_8,vz_8
0,1.660120825375342e-07,1.631393540950981e-08,-0.252599238584845,-0.3830855770676554,-0.00812967160919697,6.502847235442212,-5.169882107946985,-1.0190157672669695,2.447838287784771e-06,4.045378434654418e-08,0.3908343814475121,-0.6136378500455991,-0.03097116030364959,6.181317294025038,3.94307283572999,-0.30261356520697114,3.040432648020684e-06,4.437104331057835e-07,-0.4555848533031021,0.871999259135419,-3.490405773758766e-05,-5.67177006671547,-2.9332921031151313,0.0001457922955387282,3.2271560375549955e-07,2.270212793877687e-08,-1.502540054901869,-0.5951702899287958,0.02440332960063117,2.073343142114867,-4.315326684712555,-0.14130912728028938,0.0009547919099366768,4.778945025452157e-07,-4.182081519825999,-3.46110844002793,0.1079519508364324,1.725570200724186,-1.995274098580816,-0.030326285603281884,0.0002858856700231729,4.0286669668487467e-07,0.1358205461059126,-10.06266332303012,0.1694954715765777,1.927725248079722,0.01951052108651525,-0.07706346782538297,4.3662496132004074e-05,1.708513622580592e-07,17.69055749111215,9.11315399279185,-0.19521959386835,-0.6665236680741581,1.2081635364256738,0.013104654676827216,5.151383772628657e-05,1.6553711549585576e-07,28.69484028304667,-8.546422505423681,-0.485354666431862,0.3216050648166707,1.103961578607904,-0.030184991391225467
