,mass_1,radius_1,x_1,y_1,z_1,vx_1,vy_1,vz_1,mass_2,radius_2,x_2,y_2,z_2,vx_2,vy_2,vz_2,mass_3,radius_3,x_3,y_3,z_3,vx_3,vy_3,vz_3,mass_4,radius_4,x_4,y_4,z_4,vx_4,vy_4,vz_4,mass_5,radius_5,x_5,y_5,z_5,vx_5,vy_5,vz_5,mass_6,radius_6,x_6,y_6,z_6,vx_6,vy_6,vz_6,mass_7,radius_7,x_7,y_7,z_7,vx_7,vy_7,vz_7,mass_8,radius_8,x_8,y_8,z_8,vx_8,vy_8,vz_8
0,1.660120825375342e-07,1.631393540950981e-08,0.3572895859206729,-0.02358994451418806,-0.03471096609045195,-1.3086511273043924,10.713825825410295,0.9954432203425685,2.447838287784771e-06,4.045378434654418e-08,-0.03978439410374917,0.7182907818264792,0.01213624781244853,-7.401399259191306,-0.44809380486474193,0.4210184413539046,3.040432648020684e-06,4.437104331057835e-07,0.3117154949925903,0.9351098455893141,-2.606199399818487e-05,-6.063592822351218,1.9635353679994494,-3.7351682708464856e-05,3.2271560375549955e-07,2.270212793877687e-08,0.1812422533521563,-1.429051938374554,-0.03439534314545249,5.263188661398385,1.082192807997226,-0.10656205300929247,0.0009547919099366768,4.778945025452157e-07,4.931739505219408,0.4282659336747117,-0.1121413131710042,-0.2726339497687029,2.8794822269056732,-0.00585481269275784,0.0002858856700231729,4.0286669668487467e-07,-9.430822528779679,-1.61559316044566,0.4035260235757135,0.23416532921901428,-2.0105711782470634,0.025688627811317255,4.3662496132004074e-05,1.708513622580592e-07,20.08671411934198,-0.2685810149604934,-0.2611955394316872,0.008456805155997527,1.3717409971423646,0.00497847001340616,5.151383772628657e-05,1.6553711549585576e-07,25.39041845621077,-16.00452711499526,-0.255503345849688,0.6036477831917376,0.9789868720558582,-0.03402826863428384
