,flag,epoch,sbx,sby,sbz,sbvx,sbvy,sbvz
0,1,2456791.5,2.6034026819708203,0.1372829984558901,0.574171086759918,-0.5441190600327119,3.881269897595886,0.3659461067216828
