,flag,epoch,sbx,sby,sbz,sbvx,sbvy,sbvz
0,1,2457002.5,2.322522544451428,0.44097211064802466,0.20955716131732255,-0.08688456812808353,3.9963338414145526,0.19470541944966444
