,flag,epoch,sbx,sby,sbz,sbvx,sbvy,sbvz
0,1,2457394.5,2.328076313769083,-0.9973186133584734,-0.0960773885803956,1.9651855476512774,3.5814480055197673,-0.5747209853099351
