,flag,epoch,sbx,sby,sbz,sbvx,sbvy,sbvz
0,1,2457320.0,-1.3265815152310563,-2.8114400546422207,-0.006064028366819116,3.0777373119085256,-0.8383886896206041,-0.25922256345307854
