,flag,epoch,sbx,sby,sbz,sbvx,sbvy,sbvz
0,1,2457397.5,-1.8439759709802934,-1.732011255716856,0.08519763586411537,2.6975699659512022,-2.411036520559218,0.2698909295670247
