,flag,epoch,sbx,sby,sbz,sbvx,sbvy,sbvz
0,1.0,2457670.0,-40.68236878593382,22.781788839473304,-10.0774600427083,-0.2926630675918334,-0.8355471016826843,-0.11667358620321673
