,flag,epoch,sbx,sby,sbz,sbvx,sbvy,sbvz
0,1.0,2455189.5,24.449566572967342,-31.882846263411235,1.0042206562202767,0.7661253225422073,0.6928834525697962,0.09166806214938564
