,flag,epoch,sbx,sby,sbz,sbvx,sbvy,sbvz
0,1.0,2457850.0,1.7223344860521652,1.5731884358722512,-0.31974257851680554,-2.348649235962375,3.3175562305335142,-0.09717895257780905
1,1.0,2457850.0,1.722334481391334,1.5731884359101858,-0.3197425743191713,-2.348649250670622,3.3175562215552987,-0.0971789651902637
