,flag,epoch,sbx,sby,sbz,sbvx,sbvy,sbvz
0,1,2457530.0,0.007260183232175144,-1.742701609456453,0.5185056810923909,4.518617955401947,0.204367219881342,1.2903095089648904
