,flag,epoch,sbx,sby,sbz,sbvx,sbvy,sbvz
0,1,2456665.5,2.156968838047779,-1.9844440798181422,-0.11809116255342965,2.4775495660034874,2.6655530480078458,0.029536858560753623
