,flag,epoch,sbx,sby,sbz,sbvx,sbvy,sbvz
0,1.0,2456720.0,0.6646431934810408,2.58182774198514,-0.07682776675995678,-4.044498808723004,0.8203369890023767,0.06437368591244975
1,1.0,2456720.0,0.6646432185724994,2.5818277306332895,-0.07682777998141714,-4.0444987970488,0.82033703545514,0.06437374696708832
