,flag,epoch,sbx,sby,sbz,sbvx,sbvy,sbvz
0,1.0,2457466.5,-1.0530617922260854,2.6126843763378487,0.11420408206384479,-3.521872814366095,-1.3968981900390858,0.09093410251196139
