,flag,epoch,sbx,sby,sbz,sbvx,sbvy,sbvz
0,1.0,2457200.0,2.0173433230015996,0.6114960318204434,-0.4820357014831677,-1.0223520139696716,4.57793653580742,-0.03845811197027941
