,mass_1,radius_1,x_1,y_1,z_1,vx_1,vy_1,vz_1,mass_2,radius_2,x_2,y_2,z_2,vx_2,vy_2,vz_2,mass_3,radius_3,x_3,y_3,z_3,vx_3,vy_3,vz_3,mass_4,radius_4,x_4,y_4,z_4,vx_4,vy_4,vz_4,mass_5,radius_5,x_5,y_5,z_5,vx_5,vy_5,vz_5,mass_6,radius_6,x_6,y_6,z_6,vx_6,vy_6,vz_6,mass_7,radius_7,x_7,y_7,z_7,vx_7,vy_7,vz_7,mass_8,radius_8,x_8,y_8,z_8,vx_8,vy_8,vz_8
0,1.660120825375342e-07,1.631393540950981e-08,-0.3335466739863684,0.1280637206654002,0.04106450753907472,-5.803788513764415,-9.155573337824668,-0.2156692439541297,2.447838287784771e-06,4.045378434654418e-08,0.1583863932014783,-0.7098844358504461,-0.01887361817511909,7.160863641965445,1.5833209131726136,-0.39151693868479365,3.040432648020684e-06,4.437104331057835e-07,0.9383869583135619,0.3388663235063967,-1.731186805504387e-05,-2.236700911033246,5.8869971743487675,-0.00021075826572798374,3.2271560375549955e-07,2.270212793877687e-08,1.141911684549482,-0.7793427898684953,-0.0443565578006926,3.0755027184122445,4.659623768852026,0.022165915750823124,0.0009547919099366768,4.778945025452157e-07,-5.433187662693774,-0.4426437364341345,0.1234123190641136,0.19096333403453594,-2.6194221454348603,0.0066036219537641706,0.0002858856700231729,4.0286669668487467e-07,-2.280875160379933,-9.7756509139808,0.2607072122384747,1.8735213565961377,-0.4713458803263926,-0.06639870424173717,4.3662496132004074e-05,1.708513622580592e-07,18.46269311033743,7.55111695901853,-0.2110176597802677,-0.5537224537715113,1.2601402043270873,0.011858624779184956,5.151383772628657e-05,1.6553711549585576e-07,28.25532737067775,-9.931651541754304,-0.4466424429491911,0.3731468745307291,1.0860603127372646,-0.031014426648505587
