,flag,epoch,sbx,sby,sbz,sbvx,sbvy,sbvz
0,1.0,2457810.0,-1.5694020377412556,1.6439587951689616,0.006920431092087981,-2.9524600422781853,-3.026135614548354,0.5495906363226937
1,1.0,2457810.0,-1.5694020338458494,1.6439587764282495,0.006920434987636892,-2.9524600487053383,-3.0261356377432813,0.5495906999609799
