,flag,epoch,sbx,sby,sbz,sbvx,sbvy,sbvz
0,1.0,2456900.0,1.3273257624059691,-3.049039469142597,-0.8218679394033919,2.921680917669654,1.2649908358610842,0.47480277861336934
