,mass_1,radius_1,x_1,y_1,z_1,vx_1,vy_1,vz_1,mass_2,radius_2,x_2,y_2,z_2,vx_2,vy_2,vz_2,mass_3,radius_3,x_3,y_3,z_3,vx_3,vy_3,vz_3,mass_4,radius_4,x_4,y_4,z_4,vx_4,vy_4,vz_4,mass_5,radius_5,x_5,y_5,z_5,vx_5,vy_5,vz_5,mass_6,radius_6,x_6,y_6,z_6,vx_6,vy_6,vz_6,mass_7,radius_7,x_7,y_7,z_7,vx_7,vy_7,vz_7,mass_8,radius_8,x_8,y_8,z_8,vx_8,vy_8,vz_8
0,1.660120825375342e-07,1.631393540950981e-08,-0.393927209345187,-0.05319700587005622,0.03179403012839092,-0.7615782833133757,-9.741830343898403,-0.726131873152493,2.447838287784771e-06,4.045378434654418e-08,0.4529006407399346,-0.569231344842389,-0.03393802198507907,5.732118718754047,4.573473760050108,-0.26809855432733376,3.040432648020684e-06,4.437104331057835e-07,0.7044049773993543,-0.7297203534773512,2.197402521850617e-05,4.4188996831405545,4.3407655826462355,-0.00016270424422481377,3.2271560375549955e-07,2.270212793877687e-08,-0.520552748184254,1.525719019641163,0.04474544106157886,-4.643365313976973,-1.2162798797822862,0.08848014473299617,0.0009547919099366768,4.778945025452157e-07,-4.734496942449934,2.560182421544463,0.09530863885029174,-1.345072914652658,-2.296498325731644,0.039634370190104976,0.0002858856700231729,4.0286669668487467e-07,-4.418212653935284,-8.953980375080393,0.331532319481029,1.715339031342893,-0.9094071450837511,-0.05250499652493948,4.3662496132004074e-05,1.708513622580592e-07,19.05487964845406,6.032629672183392,-0.2243461133051442,-0.44481014833721944,1.30030464880798,0.010612866943595402,5.151383772628657e-05,1.6553711549585576e-07,27.78484987944339,-11.20846508680844,-0.4094491476818364,0.42048929019322623,1.0678263536611265,-0.03172492298780377
