,mass_1,radius_1,x_1,y_1,z_1,vx_1,vy_1,vz_1,mass_2,radius_2,x_2,y_2,z_2,vx_2,vy_2,vz_2,mass_3,radius_3,x_3,y_3,z_3,vx_3,vy_3,vz_3,mass_4,radius_4,x_4,y_4,z_4,vx_4,vy_4,vz_4,mass_5,radius_5,x_5,y_5,z_5,vx_5,vy_5,vz_5,mass_6,radius_6,x_6,y_6,z_6,vx_6,vy_6,vz_6,mass_7,radius_7,x_7,y_7,z_7,vx_7,vy_7,vz_7,mass_8,radius_8,x_8,y_8,z_8,vx_8,vy_8,vz_8
0,1.660120825375342e-07,1.631393540950981e-08,0.1279650369203877,-0.4307195768765856,-0.04693219750437384,7.790660150318318,3.449864145676241,-0.4330299533501989,2.447838287784771e-06,4.045378434654418e-08,-0.6588387338290262,0.2845647751252322,0.04191836908632315,-2.9625080195372746,-6.816837815315637,0.07765332648546551,3.040432648020684e-06,4.437104331057835e-07,-0.9726345404276527,0.1992295472728036,-1.031898014981311e-06,-1.363491299262963,-6.179668361511546,0.0001243424927563933,3.2271560375549955e-07,2.270212793877687e-08,0.8710734747888172,-1.088323368084308,-0.04419361065401282,4.184488624368328,3.6319885350500543,-0.026661237599947648,0.0009547919099366768,4.778945025452157e-07,3.136261425566734,-4.009912037467682,-0.05353573638756087,2.1386859582334163,1.830576522867816,-0.055458865950592476,0.0002858856700231729,4.0286669668487467e-07,-9.184171855358361,1.910072522077839,0.3322871396251568,-0.5224399337412053,-1.9981307760667661,0.055612923183701854,4.3662496132004074e-05,1.708513622580592e-07,19.92222860626658,-2.645040750336621,-0.2678677004420186,0.18024701379033456,1.3583859685135578,0.0026951741403577665,5.151383772628657e-05,1.6553711549585576e-07,24.28362487945969,-17.66937427817357,-0.1957828678854087,0.6688749120330091,0.9351573774811032,-0.034641388976089975
