,mass_1,radius_1,x_1,y_1,z_1,vx_1,vy_1,vz_1,mass_2,radius_2,x_2,y_2,z_2,vx_2,vy_2,vz_2,mass_3,radius_3,x_3,y_3,z_3,vx_3,vy_3,vz_3,mass_4,radius_4,x_4,y_4,z_4,vx_4,vy_4,vz_4,mass_5,radius_5,x_5,y_5,z_5,vx_5,vy_5,vz_5,mass_6,radius_6,x_6,y_6,z_6,vx_6,vy_6,vz_6,mass_7,radius_7,x_7,y_7,z_7,vx_7,vy_7,vz_7,mass_8,radius_8,x_8,y_8,z_8,vx_8,vy_8,vz_8
0,1.660120825375342e-07,1.631393540950981e-08,0.1047775107022064,-0.4400949758891415,-0.04557315089036693,7.936210678822523,2.905039692311402,-0.490711889518267,2.447838287784771e-06,4.045378434654418e-08,0.3381934415378881,0.6373635886620332,-0.01077689670870196,-6.549385639693218,3.429510626573366,0.42496295244346377,3.040432648020684e-06,4.437104331057835e-07,-0.3823591190379614,-0.9387070710110479,3.651275365961359e-05,5.7172113648245135,-2.393982891775815,6.326144327004399e-05,3.2271560375549955e-07,2.270212793877687e-08,-0.6395500988887775,-1.371398952414242,-0.01304246487122828,4.824681231806681,-1.7215037998521971,-0.15448539616628656,0.0009547919099366768,4.778945025452157e-07,-5.411323651282799,0.5418308423299992,0.1188349111628201,-0.30780775956597306,-2.6148281763688006,0.017746850835574368,0.0002858856700231729,4.0286669668487467e-07,-2.976618673860387,-9.572143457324074,0.2848710560392021,1.8345294496507027,-0.6133419336587932,-0.062384094892138725,4.3662496132004074e-05,1.708513622580592e-07,18.66399404486197,7.07588639117441,-0.2153938655167288,-0.5195938599675283,1.273725007338866,0.011474553475203068,5.151383772628657e-05,1.6553711549585576e-07,28.11253841163926,-10.33795928334889,-0.4349661378066445,0.38819908481112286,1.0804155304278311,-0.031243941061347397
