,flag,epoch,sbx,sby,sbz,sbvx,sbvy,sbvz
0,1.0,2454022.5,35.826577141209974,6.196504904595827,6.29524382083814,0.14368731896456896,1.1789843694957303,-0.16856796184792955
