,mass_1,radius_1,x_1,y_1,z_1,vx_1,vy_1,vz_1,mass_2,radius_2,x_2,y_2,z_2,vx_2,vy_2,vz_2,mass_3,radius_3,x_3,y_3,z_3,vx_3,vy_3,vz_3,mass_4,radius_4,x_4,y_4,z_4,vx_4,vy_4,vz_4,mass_5,radius_5,x_5,y_5,z_5,vx_5,vy_5,vz_5,mass_6,radius_6,x_6,y_6,z_6,vx_6,vy_6,vz_6,mass_7,radius_7,x_7,y_7,z_7,vx_7,vy_7,vz_7,mass_8,radius_8,x_8,y_8,z_8,vx_8,vy_8,vz_8
0,1.660120825375342e-07,1.631393540950981e-08,0.0007392978785825846,0.3077440602114148,0.02507695434179569,-12.337404337085323,0.39905346934334907,1.1645603548363928,2.447838287784771e-06,4.045378434654418e-08,0.7125570548383884,0.1325702856965671,-0.03930702450426124,-1.3787294155544676,7.229439442378129,0.1786327178141664,3.040432648020684e-06,4.437104331057835e-07,0.6683046842968421,0.7308442053286914,-2.324448577104101e-05,-4.7396297694282925,4.217070897066641,-0.0001250807347537002,3.2271560375549955e-07,2.270212793877687e-08,-1.113657136596033,1.218628435639306,0.0528686374294659,-3.5801724805081623,-3.0125021210970515,0.024763480624448154,0.0009547919099366768,4.778945025452157e-07,-0.9429665281160112,5.086309664141627,-2.351072768388686e-05,-2.7458480355729233,-0.37212965250393726,0.062989344497514,0.0002858856700231729,4.0286669668487467e-07,-7.074139888113087,-6.869446255787581,0.4010792025106645,1.3066875760263728,-1.4673381470485514,-0.0265356473568905,4.3662496132004074e-05,1.708513622580592e-07,19.68586846098692,3.731480140609632,-0.2411124749256366,-0.28011957602313325,1.3438733174940547,0.008646968707204671,5.151383772628657e-05,1.6553711549585576e-07,26.99424455360889,-13.0398938014988,-0.3534593163035722,0.48891541839788566,1.0385575622165863,-0.03266788096028091
