,flag,epoch,sbx,sby,sbz,sbvx,sbvy,sbvz
0,1.0,2457220.0,-2.0673217554806156,-0.90664260581201,0.21623025210016703,2.1529094187348083,-3.768496622460898,0.043139561326362756
1,1.0,2457220.0,-2.0673218065871346,-0.9066424965078734,0.21623026725621156,2.152909315584621,-3.7684966737744845,0.04313959703406457
