,flag,epoch,sbx,sby,sbz,sbvx,sbvy,sbvz
0,1,2457421.5,-1.7594527286310582,-2.083804079893597,0.08883885826717389,3.140472622673975,-1.8256206562643111,0.8006649555441547
