,flag,epoch,sbx,sby,sbz,sbvx,sbvy,sbvz
0,1.0,2456960.0,44.05182551936936,-3.1103186002913112,0.1672131185359728,0.0161077444493571,0.9665542572489852,0.0016594950801055563
