,flag,epoch,sbx,sby,sbz,sbvx,sbvy,sbvz
0,1.0,2459748.5,4.608784287020997,0.6528056833898361,1.8473205175633738,-2.725756311822977,1.651476597792262,0.5787848612221632
