,mass_1,radius_1,x_1,y_1,z_1,vx_1,vy_1,vz_1,mass_2,radius_2,x_2,y_2,z_2,vx_2,vy_2,vz_2,mass_3,radius_3,x_3,y_3,z_3,vx_3,vy_3,vz_3,mass_4,radius_4,x_4,y_4,z_4,vx_4,vy_4,vz_4,mass_5,radius_5,x_5,y_5,z_5,vx_5,vy_5,vz_5,mass_6,radius_6,x_6,y_6,z_6,vx_6,vy_6,vz_6,mass_7,radius_7,x_7,y_7,z_7,vx_7,vy_7,vz_7,mass_8,radius_8,x_8,y_8,z_8,vx_8,vy_8,vz_8
0,1.660120825375342e-07,1.631393540950981e-08,0.315676251706784,-0.2534227636058095,-0.0496654080796226,4.404801923261021,8.49221848064247,0.28993969958791505,2.447838287784771e-06,4.045378434654418e-08,0.7228845486508093,0.05645725788993312,-0.04093705758451902,-0.6050041162144145,7.331786266510174,0.13556021190979872,3.040432648020684e-06,4.437104331057835e-07,-0.06262961712634403,-1.014044601824639,5.123187740828523e-05,6.16975247042402,-0.41122262975181306,-1.1048498524366685e-05,3.2271560375549955e-07,2.270212793877687e-08,1.240609121987934,-0.6060383976890693,-0.04313308098908618,2.437893365081572,5.030135561208579,0.04562057628189233,0.0009547919099366768,4.778945025452157e-07,4.937668640473429,-0.5043815074953615,-0.1083767749201318,0.2478067451464827,2.8744236320783174,-0.017482375519448305,0.0002858856700231729,4.0286669668487467e-07,7.545251537624281,-6.38018126222802,-0.1893428259189828,1.2028714053871261,1.5546732472523346,-0.07488746312844231,4.3662496132004074e-05,1.708513622580592e-07,13.93363817555673,13.92414014173745,-0.1288691900629448,-1.025840358053231,0.9521408913914957,0.01678291179583613,5.151383772628657e-05,1.6553711549585576e-07,29.69763995273965,-3.562997456671753,-0.6110651644578436,0.12951919812539683,1.1485153744731915,-0.02659362462812197
