,mass_1,radius_1,x_1,y_1,z_1,vx_1,vy_1,vz_1,mass_2,radius_2,x_2,y_2,z_2,vx_2,vy_2,vz_2,mass_3,radius_3,x_3,y_3,z_3,vx_3,vy_3,vz_3,mass_4,radius_4,x_4,y_4,z_4,vx_4,vy_4,vz_4,mass_5,radius_5,x_5,y_5,z_5,vx_5,vy_5,vz_5,mass_6,radius_6,x_6,y_6,z_6,vx_6,vy_6,vz_6,mass_7,radius_7,x_7,y_7,z_7,vx_7,vy_7,vz_7,mass_8,radius_8,x_8,y_8,z_8,vx_8,vy_8,vz_8
0,1.660120825375342e-07,1.631393540950981e-08,-0.2812984817067707,0.1937764499966504,0.04164154149416188,-7.930133324540842,-8.03549830991289,0.07101034616701957,2.447838287784771e-06,4.045378434654418e-08,0.01500768554183294,0.7194988780510848,0.008994705701976111,-7.411345670592168,0.11551437014727318,0.42928867099939416,3.040432648020684e-06,4.437104331057835e-07,0.748432980416253,-0.6836032773524657,2.029618431817123e-05,4.135849350222755,4.616211881967274,-0.00015985300361232542,3.2271560375549955e-07,2.270212793877687e-08,-0.2308047165491035,-1.456450322395976,-0.02485135646231501,5.241803889834575,-0.3605169916701518,-0.1362135840016599,0.0009547919099366768,4.778945025452157e-07,-2.873094542119883,4.420685624508521,0.04593084033791973,-2.346241924288891,-1.373019365224452,0.05820387876994003,0.0002858856700231729,4.0286669668487467e-07,-6.018421594954576,-7.885865015901025,0.3766987696419872,1.507140503832491,-1.2428570029403494,-0.038423908426292244,4.3662496132004074e-05,1.708513622580592e-07,19.44923912291234,4.731803181751644,-0.2343111052115631,-0.35175484735034807,1.3273845310499837,0.009515249927142042,5.151383772628657e-05,1.6553711549585576e-07,27.34935052226027,-12.25733438093225,-0.3777751852046817,0.4595153394525165,1.0515488313585608,-0.03227368498518995
