,flag,epoch,sbx,sby,sbz,sbvx,sbvy,sbvz
0,1.0,2456880.0,0.06110435328141034,2.085558487730174,0.35950402639255596,-4.385118601917935,1.146684590344764,-0.23802828023317094
1,1.0,2456880.0,0.06110427508115279,2.085558473920231,0.35950402803638815,-4.385118659393712,1.1466845071203962,-0.23802829248879503
