,flag,epoch,sbx,sby,sbz,sbvx,sbvy,sbvz
0,1.0,2457930.0,2.3341161054632193,0.9211169703942624,0.17554127372713807,-1.444821923910968,3.5382609964219798,0.38441670276152506
1,1.0,2457930.0,2.334116089879591,0.9211169904827764,0.17554126817202514,-1.4448219592296005,3.5382609913386713,0.3844167098441655
