,flag,epoch,sbx,sby,sbz,sbvx,sbvy,sbvz
0,1.0,2457865.5,-38.5076967929437,1.074557916676111,8.772489468782059,0.017601445638501915,-0.9917848769613833,0.19675764560646664
