,flag,epoch,sbx,sby,sbz,sbvx,sbvy,sbvz
0,1,2456313.5,-34.861904609308404,-25.12993663173196,1.4334574483867042,0.5500752629128939,-0.8113972316508627,0.03202802399345971
