,flag,epoch,sbx,sby,sbz,sbvx,sbvy,sbvz
0,1.0,2459170.5,-45.99568612676137,24.544003267006083,1.4891409510311657,-0.3839159307754798,-0.6929342165659493,0.151704137464528
