,flag,epoch,sbx,sby,sbz,sbvx,sbvy,sbvz
0,1.0,2458980.5,0.2919042458122201,6.25039195172117,0.780465985965081,2.4595079196645733,-0.743890600190027,-0.05672208086684635
