,flag,epoch,sbx,sby,sbz,sbvx,sbvy,sbvz
0,1.0,2457796.5,-1.7992484012922723,-2.292657519455589,0.4204981737994578,2.6477087047956687,-1.9844446586501152,0.6105095888805719
