,flag,epoch,sbx,sby,sbz,sbvx,sbvy,sbvz
0,1.0,2456990.0,-3.0293682907879806,1.5425924892058256,0.2663008448533303,-2.059967737982055,-2.552018511539699,0.03383663864297916
1,1.0,2456990.0,-3.029367995470606,1.542592829748655,0.2663006147065362,-2.0599680120841724,-2.552018465600075,0.03383699042075322
