,mass_1,radius_1,x_1,y_1,z_1,vx_1,vy_1,vz_1,mass_2,radius_2,x_2,y_2,z_2,vx_2,vy_2,vz_2,mass_3,radius_3,x_3,y_3,z_3,vx_3,vy_3,vz_3,mass_4,radius_4,x_4,y_4,z_4,vx_4,vy_4,vz_4,mass_5,radius_5,x_5,y_5,z_5,vx_5,vy_5,vz_5,mass_6,radius_6,x_6,y_6,z_6,vx_6,vy_6,vz_6,mass_7,radius_7,x_7,y_7,z_7,vx_7,vy_7,vz_7,mass_8,radius_8,x_8,y_8,z_8,vx_8,vy_8,vz_8
0,1.660120825375342e-07,1.631393540950981e-08,0.3601807799066054,-0.0731230985127334,-0.0390186051072228,0.053627278692422356,10.531235287772748,0.8556120743635857,2.447838287784771e-06,4.045378434654418e-08,-0.6537980230792598,0.2959287625846818,0.04178566468562064,-3.0790367259625633,-6.765152039050999,0.08490731180810422,3.040432648020684e-06,4.437104331057835e-07,-0.9664984753543251,0.2254470312584105,-3.691681118270594e-06,-1.5297594313862946,-6.143139899577183,0.00024440404335581144,3.2271560375549955e-07,2.270212793877687e-08,0.8694284757280676,1.199335844779269,0.003795194100246666,-3.9441222272049976,3.4359859834504785,0.1688003587583751,0.0009547919099366768,4.778945025452157e-07,-5.252992019736951,-1.470889332914141,0.1236500817514859,0.7106694143205666,-2.5264353480088277,-0.0054108345305024005,0.0002858856700231729,4.0286669668487467e-07,-1.528190586179307,-9.93298418384615,0.2334764943591504,1.9034885274172602,-0.3182472570958945,-0.0702451807118646,4.3662496132004074e-05,1.708513622580592e-07,18.23493631517914,8.050069840232162,-0.2062128693103535,-0.5896625760742541,1.2447327386423719,0.01226163622222957,5.151383772628657e-05,1.6553711549585576e-07,28.40075891747298,-9.497852526045593,-0.4589466112974278,0.3570270562709206,1.0918285728429382,-0.030760211635571025
