,mass_1,radius_1,x_1,y_1,z_1,vx_1,vy_1,vz_1,mass_2,radius_2,x_2,y_2,z_2,vx_2,vy_2,vz_2,mass_3,radius_3,x_3,y_3,z_3,vx_3,vy_3,vz_3,mass_4,radius_4,x_4,y_4,z_4,vx_4,vy_4,vz_4,mass_5,radius_5,x_5,y_5,z_5,vx_5,vy_5,vz_5,mass_6,radius_6,x_6,y_6,z_6,vx_6,vy_6,vz_6,mass_7,radius_7,x_7,y_7,z_7,vx_7,vy_7,vz_7,mass_8,radius_8,x_8,y_8,z_8,vx_8,vy_8,vz_8
0,1.660120825375342e-07,1.631393540950981e-08,-0.1796333147237191,-0.428318423385957,-0.01851867077105997,7.409791286564737,-3.469898404613793,-0.9633202781556839,2.447838287784771e-06,4.045378434654418e-08,-0.7177629689169568,-0.04441233920554349,0.04081034067303495,0.4118625286522178,-7.406205396280876,-0.12531684203642904,3.040432648020684e-06,4.437104331057835e-07,0.7704442913958315,-0.6582046001971362,2.085098180257954e-05,3.979315336985893,4.7543766984457765,-0.00019623559032299644,3.2271560375549955e-07,2.270212793877687e-08,0.4229701378933108,-1.357997134146471,-0.03883828482642773,5.072770502907506,1.9595428673477795,-0.08343313278139981,0.0009547919099366768,4.778945025452157e-07,-5.446481375983347,0.003030491322429483,0.1218591592011733,-0.034530196758414,-2.628554716677102,0.011687742198202558,0.0002858856700231729,4.0286669668487467e-07,-2.597542095121162,-9.6901531138806,0.2718289938629668,1.857168208921725,-0.5359333701084797,-0.06462807935656328,4.3662496132004074e-05,1.708513622580592e-07,18.55537761070608,7.336680595343696,-0.2130159292588366,-0.5383068030235422,1.2663745039261036,0.011685388165628046,5.151383772628657e-05,1.6553711549585576e-07,28.19140627001764,-10.11579054174413,-0.4413689012074162,0.37997793382199113,1.0835065696236985,-0.031119440197349458
