,flag,epoch,sbx,sby,sbz,sbvx,sbvy,sbvz
0,1.0,2457500.0,29.54283597277137,36.52180916296593,0.016082589327334307,-0.6702617210361452,0.5791324014731232,0.02705249329181242
