,mass_1,radius_1,x_1,y_1,z_1,vx_1,vy_1,vz_1,mass_2,radius_2,x_2,y_2,z_2,vx_2,vy_2,vz_2,mass_3,radius_3,x_3,y_3,z_3,vx_3,vy_3,vz_3,mass_4,radius_4,x_4,y_4,z_4,vx_4,vy_4,vz_4,mass_5,radius_5,x_5,y_5,z_5,vx_5,vy_5,vz_5,mass_6,radius_6,x_6,y_6,z_6,vx_6,vy_6,vz_6,mass_7,radius_7,x_7,y_7,z_7,vx_7,vy_7,vz_7,mass_8,radius_8,x_8,y_8,z_8,vx_8,vy_8,vz_8
0,1.660120825375342e-07,1.631393540950981e-08,-0.3225074583799959,-0.3099044028872683,0.004267521916666105,5.027031860397713,-6.942953655211187,-1.028511857053066,2.447838287784771e-06,4.045378434654418e-08,-0.07926690694396092,-0.7222587441371232,-0.005324486099672497,7.293864040124306,-0.8342785238206638,-0.432357110283688,3.040432648020684e-06,4.437104331057835e-07,0.4257038074799424,0.8903121174071722,-3.028603560800762e-05,-5.771319188617682,2.687010537048679,-7.409972501217253e-05,3.2271560375549955e-07,2.270212793877687e-08,1.150325390843048,-0.7663240515269131,-0.04429075825238363,3.028949544347565,4.6913325705851285,0.023952500457685218,0.0009547919099366768,4.778945025452157e-07,-3.533459960051102,3.962307333111879,0.06261106458569858,-2.09197063606629,-1.7058873522620233,0.05389410780842591,0.0002858856700231729,4.0286669668487467e-07,-5.560250076412665,-8.24087622108432,0.3646210062884771,1.5766234619337738,-1.146709072335585,-0.042863677782819125,4.3662496132004074e-05,1.708513622580592e-07,19.3405653717842,5.125008243979999,-0.2314349068653757,-0.3798849890797309,1.3198740854033635,0.009848684609164092,5.151383772628657e-05,1.6553711549585576e-07,27.48411709077216,-11.94422406560707,-0.3873387454860742,0.4478290196360698,1.0565293833403075,-0.03211444437381234
