,flag,epoch,sbx,sby,sbz,sbvx,sbvy,sbvz
0,1.0,2457250.0,-0.8585360947361378,-2.2960448849705295,0.2043609744912746,3.7485978086521956,-0.9265626725493314,-0.433517176569863
1,1.0,2457250.0,-0.8585361240603169,-2.29604487721321,0.20436097864677447,3.7485978018454227,-0.9265626970272768,-0.4335171683663008
