,mass_1,radius_1,x_1,y_1,z_1,vx_1,vy_1,vz_1,mass_2,radius_2,x_2,y_2,z_2,vx_2,vy_2,vz_2,mass_3,radius_3,x_3,y_3,z_3,vx_3,vy_3,vz_3,mass_4,radius_4,x_4,y_4,z_4,vx_4,vy_4,vz_4,mass_5,radius_5,x_5,y_5,z_5,vx_5,vy_5,vz_5,mass_6,radius_6,x_6,y_6,z_6,vx_6,vy_6,vz_6,mass_7,radius_7,x_7,y_7,z_7,vx_7,vy_7,vz_7,mass_8,radius_8,x_8,y_8,z_8,vx_8,vy_8,vz_8
0,1.660120825375342e-07,1.631393540950981e-08,-0.334037271905646,0.127291044786991,0.04104639000260274,-5.77987928274715,-9.164661057100547,-0.21860867504342418,2.447838287784771e-06,4.045378434654418e-08,0.3327824541425394,0.6401561706758762,-0.01042582628783742,-6.578500663918921,3.3742876590676847,0.42588889554795545,3.040432648020684e-06,4.437104331057835e-07,-0.3149128481647372,0.931592731014687,-3.36150562203659e-05,-6.055346733249598,-2.035757715422762,0.00010572705878121706,3.2271560375549955e-07,2.270212793877687e-08,1.323716040965947,0.502666903665577,-0.02195312110079796,-1.618984744474139,5.215593937556544,0.14902933175499614,0.0009547919099366768,4.778945025452157e-07,-5.348929864060238,-1.069132439343194,0.1241284629658972,0.5075474187361589,-2.5750555962510098,-0.0006636054864324353,0.0002858856700231729,4.0286669668487467e-07,-1.827050126662085,-9.878099194881313,0.2444201884623592,1.8930256406467312,-0.3789783986184008,-0.06877595693330905,4.3662496132004074e-05,1.708513622580592e-07,18.32665391918005,7.853625490375256,-0.2081308384835346,-0.5755337071956838,1.2509458461934406,0.012104588192683981,5.151383772628657e-05,1.6553711549585576e-07,28.34405376466661,-9.669558180921344,-0.4540962506505246,0.36337872307370406,1.0895810533931236,-0.03086036314556937
