,mass_1,radius_1,x_1,y_1,z_1,vx_1,vy_1,vz_1,mass_2,radius_2,x_2,y_2,z_2,vx_2,vy_2,vz_2,mass_3,radius_3,x_3,y_3,z_3,vx_3,vy_3,vz_3,mass_4,radius_4,x_4,y_4,z_4,vx_4,vy_4,vz_4,mass_5,radius_5,x_5,y_5,z_5,vx_5,vy_5,vz_5,mass_6,radius_6,x_6,y_6,z_6,vx_6,vy_6,vz_6,mass_7,radius_7,x_7,y_7,z_7,vx_7,vy_7,vz_7,mass_8,radius_8,x_8,y_8,z_8,vx_8,vy_8,vz_8
0,1.660120825375342e-07,1.631393540950981e-08,0.3499409780102322,0.01793801788620347,-0.03063324512644,-2.510603942366458,10.721918067562866,1.106465499877719,2.447838287784771e-06,4.045378434654418e-08,-0.1081453206242203,0.7108626515136995,0.01599706055348669,-7.328683759176461,-1.151646224156855,0.4070908422040448,3.040432648020684e-06,4.437104331057835e-07,-0.2089662605598663,0.9608498989747732,-4.577477087072456e-05,-6.242536383291543,-1.3592391374196175,8.890026337782106e-05,3.2271560375549955e-07,2.270212793877687e-08,-0.8424737250977298,-1.282004867602779,-0.006202095994830361,4.4632116829019886,-2.3688138682248012,-0.15912694812106482,0.0009547919099366768,4.778945025452157e-07,4.663310663170776,-1.779746603812981,-0.09694124976329833,0.9508724657080574,2.707482900967546,-0.032518803849075247,0.0002858856700231729,4.0286669668487467e-07,6.967406890757132,-7.058790852405968,-0.1545541447175025,1.337932361550801,1.4297568344802205,-0.07808810404116383,4.3662496132004074e-05,1.708513622580592e-07,14.39219482458211,13.48410775196117,-0.1364228523579693,-0.9919661827698519,0.9840913560913501,0.01645751740296876,5.151383772628657e-05,1.6553711549585576e-07,29.63409032451575,-4.084355204577935,-0.5988823296471498,0.15008937627705687,1.1457317009054926,-0.027014262876908102
