,flag,epoch,sbx,sby,sbz,sbvx,sbvy,sbvz
0,1.0,2457306.5,5.942609426525488,29.047813491430666,-10.549589724882898,-1.1700535863034134,0.35153338918154536,0.13395211105697255
