,mass_1,radius_1,x_1,y_1,z_1,vx_1,vy_1,vz_1,mass_2,radius_2,x_2,y_2,z_2,vx_2,vy_2,vz_2,mass_3,radius_3,x_3,y_3,z_3,vx_3,vy_3,vz_3,mass_4,radius_4,x_4,y_4,z_4,vx_4,vy_4,vz_4,mass_5,radius_5,x_5,y_5,z_5,vx_5,vy_5,vz_5,mass_6,radius_6,x_6,y_6,z_6,vx_6,vy_6,vz_6,mass_7,radius_7,x_7,y_7,z_7,vx_7,vy_7,vz_7,mass_8,radius_8,x_8,y_8,z_8,vx_8,vy_8,vz_8
0,1.660120825375342e-07,1.631393540950981e-08,-0.07833734979544485,-0.4589082925011785,-0.03030908724605307,8.06789135161013,-1.2079282189355036,-0.8389075322178229,2.447838287784771e-06,4.045378434654418e-08,-0.5740648840739665,0.4303959468449167,0.03902753315420169,-4.460326097623499,-5.94791474418696,0.17588447765779897,3.040432648020684e-06,4.437104331057835e-07,0.9908284512657453,-0.1757992439891088,3.187177884614386e-06,0.9957315854233665,6.163657761742676,-0.00020329639096594823,3.2271560375549955e-07,2.270212793877687e-08,0.2535389864098447,-1.412067043347879,-0.03580955507545816,5.2244064240531305,1.3428831114814137,-0.10009485377246742,0.0009547919099366768,4.778945025452157e-07,-3.08495582077808,4.289801352294499,0.05121516913580713,-2.27280824064469,-1.4803822306226138,0.05700566275684172,0.0002858856700231729,4.0286669668487467e-07,-5.879173083999389,-7.998517268650612,0.373110784055729,1.5292171311081384,-1.2135731001431673,-0.03981293650169441,4.3662496132004074e-05,1.708513622580592e-07,19.41657749047335,4.853444604910593,-0.2334336404169093,-0.36045992767262625,1.3251171423449766,0.009618655336863584,5.151383772628657e-05,1.6553711549585576e-07,27.3913308437265,-12.16081772571249,-0.3807330293901026,0.4559071965377907,1.053090065415682,-0.03222491635768299
