,mass_1,radius_1,x_1,y_1,z_1,vx_1,vy_1,vz_1,mass_2,radius_2,x_2,y_2,z_2,vx_2,vy_2,vz_2,mass_3,radius_3,x_3,y_3,z_3,vx_3,vy_3,vz_3,mass_4,radius_4,x_4,y_4,z_4,vx_4,vy_4,vz_4,mass_5,radius_5,x_5,y_5,z_5,vx_5,vy_5,vz_5,mass_6,radius_6,x_6,y_6,z_6,vx_6,vy_6,vz_6,mass_7,radius_7,x_7,y_7,z_7,vx_7,vy_7,vz_7,mass_8,radius_8,x_8,y_8,z_8,vx_8,vy_8,vz_8
0,1.660120825375342e-07,1.631393540950981e-08,-0.3707819312566848,-0.2196222452221356,0.01607058457848882,3.123731167781686,-8.390438077613574,-0.972173048437125,2.447838287784771e-06,4.045378434654418e-08,-0.687547606650787,0.2065676277857973,0.04250801513786504,-2.1613756084544797,-7.108920970391087,0.02725180102214666,3.040432648020684e-06,4.437104331057835e-07,0.6182418201962738,-0.8051734758675102,2.704540552971137e-05,4.881713707630967,3.803602082342554,-0.00016445196428756714,3.2271560375549955e-07,2.270212793877687e-08,0.2464621194327116,-1.414093843878488,-0.0356819424643017,5.2280374982923705,1.3173379323797012,-0.1007016319749124,0.0009547919099366768,4.778945025452157e-07,-5.444519958283948,0.09298320827711236,0.1214417367497389,-0.0800974131583122,-2.628156256466442,0.01270597109239213,0.0002858856700231729,4.0286669668487467e-07,-2.661039545317687,-9.671589960344226,0.2740345072104101,1.853608219825925,-0.5488934977596047,-0.06426159031330277,4.3662496132004074e-05,1.708513622580592e-07,18.57374693941176,7.293320086011089,-0.2134152434547371,-0.5351965187903762,1.2676128479313977,0.011650540071688406,5.151383772628657e-05,1.6553711549585576e-07,28.17837879067186,-10.15286269565368,-0.4403035409411407,0.38134766385492236,1.082990250258828,-0.03114018784720528
