,flag,epoch,sbx,sby,sbz,sbvx,sbvy,sbvz
0,1.0,2458084.5,-1.1781883566411362,-1.601168153858166,0.01882585705486307,3.9856824714897723,-2.642795524814246,-0.2738503546334472
