,flag,epoch,sbx,sby,sbz,sbvx,sbvy,sbvz
0,1.0,2457900.0,0.268361811233476,-2.514920183461162,0.2026181409553734,3.8672639452901487,0.16971070665461277,0.23297274117298056
1,1.0,2457900.0,0.26836180604304327,-2.514920152192154,0.20261812269526858,3.8672639892661738,0.16971073168082915,0.23297276568829747
