,flag,epoch,sbx,sby,sbz,sbvx,sbvy,sbvz
0,1.0,2456470.0,0.4861595041072616,-3.017381084957121,0.1934861723379867,3.4309795970523793,0.7166306515918857,-1.060065638732393
