,flag,epoch,sbx,sby,sbz,sbvx,sbvy,sbvz
0,1.0,2456740.5,37.57515507303424,24.114723673259007,-13.65348209339091,-0.17984707287959867,1.0792021128445373,-0.007447935455500669
