,flag,epoch,sbx,sby,sbz,sbvx,sbvy,sbvz
0,1,2451114.5,1.5403419458040455,1.4546618864530196,0.4144725483073038,-3.0256138319996295,3.5219463805839717,-0.2846230637946299
