,mass_1,radius_1,x_1,y_1,z_1,vx_1,vy_1,vz_1,mass_2,radius_2,x_2,y_2,z_2,vx_2,vy_2,vz_2,mass_3,radius_3,x_3,y_3,z_3,vx_3,vy_3,vz_3,mass_4,radius_4,x_4,y_4,z_4,vx_4,vy_4,vz_4,mass_5,radius_5,x_5,y_5,z_5,vx_5,vy_5,vz_5,mass_6,radius_6,x_6,y_6,z_6,vx_6,vy_6,vz_6,mass_7,radius_7,x_7,y_7,z_7,vx_7,vy_7,vz_7,mass_8,radius_8,x_8,y_8,z_8,vx_8,vy_8,vz_8
0,1.660120825375342e-07,1.631393540950981e-08,0.3300624646211339,-0.2224613424621776,-0.04845831888106587,3.722382999106952,8.995196987470498,0.3935183325312073,2.447838287784771e-06,4.045378434654418e-08,0.7223570303716055,0.06270180500533358,-0.04082473751129327,-0.6682278182027929,7.326402842227243,0.13901962080488747,3.040432648020684e-06,4.437104331057835e-07,0.3040181953489341,0.9375258333999286,-3.682306146157904e-05,-6.07985106711549,1.9149940884823085,-4.290122684494186e-05,3.2271560375549955e-07,2.270212793877687e-08,1.389373048460965,-0.03381244424526984,-0.03480674492587815,0.32006727891440906,5.547085467414822,0.108387448935973,0.0009547919099366768,4.778945025452157e-07,-5.392615213949647,-0.8141662958234234,0.1240471758131755,0.378719506219709,-2.597619000848016,0.0023126061999217836,0.0002858856700231729,4.0286669668487467e-07,-2.013269764819579,-9.838879103032955,0.2511521297421599,1.8855654937337007,-0.41684530685010857,-0.06782231681923304,4.3662496132004074e-05,1.708513622580592e-07,18.3829416096787,7.730140110725795,-0.209318993276361,-0.5666289455628473,1.2547650990679993,0.012004565183605053,5.151383772628657e-05,1.6553711549585576e-07,28.30804133840718,-9.7768806059997,-0.4510514770229512,0.36737709577916816,1.0881644826653354,-0.030923493413522515
