,mass_1,radius_1,x_1,y_1,z_1,vx_1,vy_1,vz_1,mass_2,radius_2,x_2,y_2,z_2,vx_2,vy_2,vz_2,mass_3,radius_3,x_3,y_3,z_3,vx_3,vy_3,vz_3,mass_4,radius_4,x_4,y_4,z_4,vx_4,vy_4,vz_4,mass_5,radius_5,x_5,y_5,z_5,vx_5,vy_5,vz_5,mass_6,radius_6,x_6,y_6,z_6,vx_6,vy_6,vz_6,mass_7,radius_7,x_7,y_7,z_7,vx_7,vy_7,vz_7,mass_8,radius_8,x_8,y_8,z_8,vx_8,vy_8,vz_8
0,1.660120825375342e-07,1.631393540950981e-08,-0.3345200852436283,0.1265241450461803,0.04102799295369298,-5.756173460546951,-9.173663566413678,-0.221521896939183,2.447838287784771e-06,4.045378434654418e-08,-0.6535362026667303,-0.304831539344562,0.0335314986896762,3.0719228647813104,-6.7292650686378614,-0.26956479643070497,3.040432648020684e-06,4.437104331057835e-07,-0.9565370992033471,-0.2948433040861493,1.68580745055684e-05,1.7488051358736674,-6.028632205158538,0.0002362829814015672,3.2271560375549955e-07,2.270212793877687e-08,0.5089136849252992,1.433249098431493,0.01754476768423509,-4.622884953568118,2.145444408714443,0.15841380331797664,0.0009547919099366768,4.778945025452157e-07,-5.189209081985328,-1.680551261356482,0.1230934867594406,0.8167748994453636,-2.494425909921903,-0.007918483110820468,0.0002858856700231729,4.0286669668487467e-07,-1.369036421717068,-9.958209711863267,0.2275791839745586,1.9082990179060675,-0.28591091099037136,-0.07099715676607926,4.3662496132004074e-05,1.708513622580592e-07,18.18538521605265,8.153871315294108,-0.2051855317612665,-0.597122488119923,1.2413933734237546,0.01234369621693684,5.151383772628657e-05,1.6553711549585576e-07,28.43043174553853,-9.40663005408984,-0.461513011948769,0.353662370546305,1.0930257204446099,-0.030707313583079484
