,mass_1,radius_1,x_1,y_1,z_1,vx_1,vy_1,vz_1,mass_2,radius_2,x_2,y_2,z_2,vx_2,vy_2,vz_2,mass_3,radius_3,x_3,y_3,z_3,vx_3,vy_3,vz_3,mass_4,radius_4,x_4,y_4,z_4,vx_4,vy_4,vz_4,mass_5,radius_5,x_5,y_5,z_5,vx_5,vy_5,vz_5,mass_6,radius_6,x_6,y_6,z_6,vx_6,vy_6,vz_6,mass_7,radius_7,x_7,y_7,z_7,vx_7,vy_7,vz_7,mass_8,radius_8,x_8,y_8,z_8,vx_8,vy_8,vz_8
0,1.660120825375342e-07,1.631393540950981e-08,-0.02345105827293522,-0.4629704864377858,-0.035679463335658,8.20183270713257,0.006185967342619635,-0.75192596248944,2.447838287784771e-06,4.045378434654418e-08,-0.1322485046819154,0.7066202845374401,0.01732470851945599,-7.286886081962952,-1.3997349433277588,0.4013001524313504,3.040432648020684e-06,4.437104331057835e-07,-0.8095894851719433,-0.5978556364222188,2.873393529716592e-05,3.630812805274367,-5.0785350160055085,0.0002019046169535528,3.2271560375549955e-07,2.270212793877687e-08,-0.4906137136967018,-1.416133718464113,-0.01763250941161133,5.0222215240799235,-1.234765803880597,-0.14911814275047391,0.0009547919099366768,4.778945025452157e-07,-3.677804974263767,-3.968849021546371,0.09877692810433099,1.9901725541789659,-1.745144134427309,-0.037283722862794445,0.0002858856700231729,4.0286669668487467e-07,0.6579042711896816,-10.04301750282436,0.1483757655285255,1.923709362621571,0.12541235450847368,-0.07873815135652226,4.3662496132004074e-05,1.708513622580592e-07,17.50668310435907,9.438958464080125,-0.1916324785176552,-0.6902059471275269,1.1957974226393229,0.01336237900622047,5.151383772628657e-05,1.6553711549585576e-07,28.7804898533164,-8.246705809389848,-0.4935104422281677,0.31038413890596306,1.1075606985967077,-0.02999498641324644
