,flag,epoch,sbx,sby,sbz,sbvx,sbvy,sbvz
0,1.0,2458235.5,1.97632422749617,-1.9642255214853765,0.2858013705613748,2.2502318217722888,2.8999105438456483,-0.2877985578133421
