,flag,epoch,sbx,sby,sbz,sbvx,sbvy,sbvz
0,1.0,2457060.0,-3.0523760639150495,1.9740922092759248,0.14153572639658785,-1.8213403161111787,-2.4035769101113305,0.057031003706461296
1,1.0,2457060.0,-3.052376029795149,1.9740922163229473,0.14153570686207648,-1.8213403674252178,-2.403576909982108,0.057031007211393384
