,flag,epoch,sbx,sby,sbz,sbvx,sbvy,sbvz
0,1.0,2457350.0,1.067414962042791,2.488240486872921,-0.018019740731287814,-3.651655453447961,1.1831295120821834,-0.6127119667602229
1,1.0,2457350.0,1.0674149573939078,2.4882404372209748,-0.01801977556095942,-3.6516555385765854,1.183129478325881,-0.6127119425029667
