,flag,epoch,sbx,sby,sbz,sbvx,sbvy,sbvz
0,1.0,2458088.5,-2.8714628793598997,-0.14799488062443378,-0.16058156862915401,0.011693941712985953,-3.643779626052998,-0.048336513767487745
