,flag,epoch,sbx,sby,sbz,sbvx,sbvy,sbvz
0,1.0,2457398.5,37.87157647710505,1.8607094750045086,-1.7596820955584276,0.03722792678321994,1.0818069608179879,0.055661443855730304
