,flag,epoch,sbx,sby,sbz,sbvx,sbvy,sbvz
0,1.0,2456741.5,32.798933896140326,10.42805712436232,-0.7589568867679067,-0.3824139402959376,1.030533724358191,-0.02900034478759574
