,flag,epoch,sbx,sby,sbz,sbvx,sbvy,sbvz
0,1.0,2459989.5,-0.9806133337679216,4.96695721161129,-2.396417617769346,-1.5527907727657067,2.298329159742809,2.3761112935185613
