,flag,epoch,sbx,sby,sbz,sbvx,sbvy,sbvz
0,1,2457440.0,-1.7381765293614295,-1.1548833865814605,0.36782778792775656,2.778545185046694,-3.535510608314888,-0.6129878493330474
