,flag,epoch,sbx,sby,sbz,sbvx,sbvy,sbvz
0,1.0,2457030.0,-0.28361232758705635,3.3569876363136752,-0.3629181911631577,-3.1541999548730817,-0.5472448891681724,-0.743826084802887
1,1.0,2457030.0,-0.28361182427829634,3.3569876715399194,-0.3629181848559576,-3.154199932267018,-0.5472446219312659,-0.743826352507225
