,mass_1,radius_1,x_1,y_1,z_1,vx_1,vy_1,vz_1,mass_2,radius_2,x_2,y_2,z_2,vx_2,vy_2,vz_2,mass_3,radius_3,x_3,y_3,z_3,vx_3,vy_3,vz_3,mass_4,radius_4,x_4,y_4,z_4,vx_4,vy_4,vz_4,mass_5,radius_5,x_5,y_5,z_5,vx_5,vy_5,vz_5,mass_6,radius_6,x_6,y_6,z_6,vx_6,vy_6,vz_6,mass_7,radius_7,x_7,y_7,z_7,vx_7,vy_7,vz_7,mass_8,radius_8,x_8,y_8,z_8,vx_8,vy_8,vz_8
0,1.660120825375342e-07,1.631393540950981e-08,-0.0995868374496672,0.2972723267137072,0.03342726406694994,-11.806780286247436,-2.884384681678063,0.8473011663411718,2.447838287784771e-06,4.045378434654418e-08,0.7060500794354745,-0.1693284597663742,-0.04306646252342036,1.6856061707566803,7.150716441764074,0.0008728796127984214,3.040432648020684e-06,4.437104331057835e-07,0.8479579008412602,0.5195552174827996,-2.818832197135098e-05,-3.3851149183967295,5.334527846871602,-0.0002447194836805648,3.2271560375549955e-07,2.270212793877687e-08,-1.490784432435087,-0.6192595799865661,0.02359052177783154,2.1509987184534856,-4.283404632984071,-0.14253375321986808,0.0009547919099366768,4.778945025452157e-07,4.454339261440743,-2.287301248017994,-0.09015790427285764,1.2273547840183745,2.5842739224834004,-0.038192875699327576,0.0002858856700231729,4.0286669668487467e-07,6.705851350074925,-7.327472818712046,-0.139476814161156,1.3912182743391608,1.3738097351966765,-0.07923433374403677,4.3662496132004074e-05,1.708513622580592e-07,14.58090905254095,13.29424507712816,-0.1395632889695485,-0.9773686699854244,0.9972139996913363,0.016314705607154485,5.151383772628657e-05,1.6553711549585576e-07,29.60449342198622,-4.303813648537298,-0.593688214242336,0.15877933316781048,1.144450998114956,-0.027189784518486595
