,flag,epoch,sbx,sby,sbz,sbvx,sbvy,sbvz
0,1.0,2457690.0,-1.5547458427900294,2.0027785685021327,-0.28503258100026535,-3.14787516983033,-1.9898196851289607,-0.0194421527927264
1,1.0,2457690.0,-1.5547458508334604,2.002778563258354,-0.2850325782531334,-3.1478751603256194,-1.9898196936947796,-0.019442153190024278
