,flag,epoch,sbx,sby,sbz,sbvx,sbvy,sbvz
0,1,2454036.5,20.320883701741003,38.86584241446798,-2.6626719312909706,-0.872833885667075,0.3473464049566713,-0.07678906647939938
