,flag,epoch,sbx,sby,sbz,sbvx,sbvy,sbvz
0,1.0,2457717.5,28.850956782289398,15.305181636384635,-15.0072727148282,-0.6109755858360304,1.1081210692158838,-0.14877127543546895
