,flag,epoch,sbx,sby,sbz,sbvx,sbvy,sbvz
0,1.0,2457950.0,0.3604068760247128,2.081750054228472,0.2094558938304548,-4.404779663227493,0.8949380003996885,0.3650819142077062
1,1.0,2457950.0,0.36040692278132835,2.0817500617217766,0.20945588201883275,-4.40477962308172,0.8949380789325871,0.365081922578456
