,mass_1,radius_1,x_1,y_1,z_1,vx_1,vy_1,vz_1,mass_2,radius_2,x_2,y_2,z_2,vx_2,vy_2,vz_2,mass_3,radius_3,x_3,y_3,z_3,vx_3,vy_3,vz_3,mass_4,radius_4,x_4,y_4,z_4,vx_4,vy_4,vz_4,mass_5,radius_5,x_5,y_5,z_5,vx_5,vy_5,vz_5,mass_6,radius_6,x_6,y_6,z_6,vx_6,vy_6,vz_6,mass_7,radius_7,x_7,y_7,z_7,vx_7,vy_7,vz_7,mass_8,radius_8,x_8,y_8,z_8,vx_8,vy_8,vz_8
0,1.660120825375342e-07,1.631393540950981e-08,-0.2598180156455805,0.2139478135233756,0.04131758902085771,-8.6255576744273,-7.511490423460635,0.17750121685222583,2.447838287784771e-06,4.045378434654418e-08,-0.1777960556462042,0.6963714880404777,0.01981525148293429,-7.182940684835738,-1.868421022734372,0.3888743274778785,3.040432648020684e-06,4.437104331057835e-07,0.2114039783122192,0.9618807786802542,-4.431186460064568e-05,-6.239937834496948,1.3252551837838922,-4.182305353450696e-05,3.2271560375549955e-07,2.270212793877687e-08,1.25482612353999,0.6834185491380164,-0.01647026432729016,-2.2498999379093902,4.925194549231749,0.1584099660599979,0.0009547919099366768,4.778945025452157e-07,-2.283636609065988,-4.844530003793547,0.07121837241718117,2.462128594330869,-1.0462967586417435,-0.05074550379806029,0.0002858856700231729,4.0286669668487467e-07,1.845649674602303,-9.889911733687056,0.09844863206367951,1.893650379069756,0.3667327209991299,-0.08172821350676282,4.3662496132004074e-05,1.708513622580592e-07,17.06102443900297,10.17296907261989,-0.1831494478869732,-0.7438413579598641,1.1658793724142984,0.01393495017181883,5.151383772628657e-05,1.6553711549585576e-07,28.96534103807396,-7.555849446556598,-0.5120148919148726,0.28436032121092736,1.115540692160688,-0.029548154044958714
