,flag,epoch,sbx,sby,sbz,sbvx,sbvy,sbvz
0,1,2456940.0,-1.453750952960751,2.5342355269640446,-0.044926668301072004,-3.562460377433252,-1.369077186844206,0.03198825223715512
