,flag,epoch,sbx,sby,sbz,sbvx,sbvy,sbvz
0,1.0,2457275.5,24.64412336784547,-22.513971249435155,-18.16718090463342,0.5037968820349578,0.8407285247865586,-0.5076423280601658
