,flag,epoch,sbx,sby,sbz,sbvx,sbvy,sbvz
0,1.0,2457760.0,-2.1531052401063686,1.4394464896804984,0.2254125252014349,-2.33801076418153,-2.839249672233959,-0.3349230066854116
1,1.0,2457760.0,-2.153105254948177,1.4394464881565745,0.22541252855717533,-2.338010739784837,-2.839249662131662,-0.3349230010753091
