,flag,epoch,sbx,sby,sbz,sbvx,sbvy,sbvz
0,1.0,2453623.5,29.09776389563977,26.468468931165948,-0.19359082801595454,-0.8628800704707922,0.5637819740104412,-0.08953739694662254
