,mass_1,radius_1,x_1,y_1,z_1,vx_1,vy_1,vz_1,mass_2,radius_2,x_2,y_2,z_2,vx_2,vy_2,vz_2,mass_3,radius_3,x_3,y_3,z_3,vx_3,vy_3,vz_3,mass_4,radius_4,x_4,y_4,z_4,vx_4,vy_4,vz_4,mass_5,radius_5,x_5,y_5,z_5,vx_5,vy_5,vz_5,mass_6,radius_6,x_6,y_6,z_6,vx_6,vy_6,vz_6,mass_7,radius_7,x_7,y_7,z_7,vx_7,vy_7,vz_7,mass_8,radius_8,x_8,y_8,z_8,vx_8,vy_8,vz_8
0,1.660120825375342e-07,1.631393540950981e-08,-0.2701887237817115,0.2045958217943875,0.04150627139081008,-8.300177624584505,-7.768144304253403,0.12680603833009296,2.447838287784771e-06,4.045378434654418e-08,0.02515144007100471,0.7192693701425894,0.00840616858730419,-7.408434739985253,0.21978777408799768,0.4305497950439495,3.040432648020684e-06,4.437104331057835e-07,0.7427447993823841,-0.689898175974346,2.051427575146675e-05,4.174532411367505,4.580581993993981,-0.00015877674475472012,3.2271560375549955e-07,2.270212793877687e-08,-0.2379776669916044,-1.455940017615424,-0.02466460452828857,5.237857427346139,-0.3850316020050693,-0.13663037821132415,0.0009547919099366768,4.778945025452157e-07,-2.869881986455361,4.422564068600954,0.04585115196356415,-2.347301720942524,-1.3713873107990797,0.05822083153925775,0.0002858856700231729,4.0286669668487467e-07,-6.020484529519306,-7.884163340147953,0.3767513548335354,1.5068068753535755,-1.2432912582488056,-0.03840305584594454,4.3662496132004074e-05,1.708513622580592e-07,19.44972055999846,4.729986068426237,-0.2343241298206275,-0.35162473427493485,1.32741803582765,0.009513703895257838,5.151383772628657e-05,1.6553711549585576e-07,27.348721443146,-12.25877385707731,-0.3777310044416504,0.4595692470546519,1.0515258166234993,-0.03227440979735668
