,flag,epoch,sbx,sby,sbz,sbvx,sbvy,sbvz
0,1,2455490.0,2.2459158220454936,1.7476194881811735,-0.7976003780939074,-2.5152599304429764,2.435215196751896,-1.1147016505101983
