,mass_1,radius_1,x_1,y_1,z_1,vx_1,vy_1,vz_1,mass_2,radius_2,x_2,y_2,z_2,vx_2,vy_2,vz_2,mass_3,radius_3,x_3,y_3,z_3,vx_3,vy_3,vz_3,mass_4,radius_4,x_4,y_4,z_4,vx_4,vy_4,vz_4,mass_5,radius_5,x_5,y_5,z_5,vx_5,vy_5,vz_5,mass_6,radius_6,x_6,y_6,z_6,vx_6,vy_6,vz_6,mass_7,radius_7,x_7,y_7,z_7,vx_7,vy_7,vz_7,mass_8,radius_8,x_8,y_8,z_8,vx_8,vy_8,vz_8
0,1.660120825375342e-07,1.631393540950981e-08,-0.3408947601855288,0.1160139776007766,0.04075726106423056,-5.434072126010237,-9.289172181463368,-0.2603884695598766,2.447838287784771e-06,4.045378434654418e-08,0.4990149193496313,0.5226003996077243,-0.0216389512967911,-5.36569222869865,5.0701142532925525,0.37914398494251933,3.040432648020684e-06,4.437104331057835e-07,0.9795624580623316,-0.2343520828069677,5.406204993853438e-06,1.359776108347401,6.087946340137504,-0.00018542478966089806,3.2271560375549955e-07,2.270212793877687e-08,-0.4218895686028712,-1.431153615702599,-0.01962615351741476,5.095905678666433,-1.006988640050127,-0.1462197066319442,0.0009547919099366768,4.778945025452157e-07,2.236513278675774,4.504290102234397,-0.06875421167222938,-2.5042443728354233,1.35820028034849,0.050398965147121486,0.0002858856700231729,4.0286669668487467e-07,-8.387498537787812,-4.977161669757525,0.4204836273488582,0.9275602562240111,-1.756044487768594,-0.006395902029618005,4.3662496132004074e-05,1.708513622580592e-07,19.94703193921269,2.148785244717654,-0.2504000522638057,-0.1663422349100983,1.3622830652073215,0.007231573794047188,5.151383772628657e-05,1.6553711549585576e-07,26.39583243036716,-14.24145043559217,-0.3149250706898843,0.5348000262452127,1.0167423552257195,-0.03324673705931439
