,flag,epoch,sbx,sby,sbz,sbvx,sbvy,sbvz
0,1.0,2456680.0,-3.1104356664177866,0.9619715719751118,-0.08865939360693581,-1.265604889196781,-2.8968472372624143,0.3970158768617295
1,1.0,2456680.0,-3.1104357405952396,0.9619714658089771,-0.08865940036278837,-1.2656047808328486,-2.8968472309077615,0.3970158918739006
