,flag,epoch,sbx,sby,sbz,sbvx,sbvy,sbvz
0,1.0,2458122.5,-2.0021627399218134,1.1898514275821483,0.1166894725332669,-3.061278173273522,-2.964223695430118,-0.379326138949611
