,flag,epoch,sbx,sby,sbz,sbvx,sbvy,sbvz
0,1.0,2457392.5,-27.4626434509756,-41.55340477094124,6.496853205319651,0.5000209573723036,-0.7363300365405991,-0.23367567670652634
