,flag,epoch,sbx,sby,sbz,sbvx,sbvy,sbvz
0,1,2453736.5,39.2094764796453,13.837703159701581,-1.9961642108387425,-0.3210871866504977,0.9336564831650993,-0.019595124985049648
