,flag,epoch,sbx,sby,sbz,sbvx,sbvy,sbvz
0,1.0,2457482.5,21.695523108689784,26.1475805532584,-1.5327539651524156,-0.9394780075664825,0.6495359690412333,0.09301083556762214
