,flag,epoch,sbx,sby,sbz,sbvx,sbvy,sbvz
0,1.0,2456980.0,2.5263011626127696,-0.6678038199954053,-0.6705551969737872,1.4551448114265428,3.552569091589568,-0.08114927874324272
1,1.0,2456980.0,2.5263012010639057,-0.6678038367427247,-0.6705551851766901,1.4551447902715673,3.552569044323703,-0.0811492336293753
