,flag,epoch,sbx,sby,sbz,sbvx,sbvy,sbvz
0,1,2457096.5,-38.918228643401235,-5.939047467040652,2.9178309752882536,0.27231119935182113,-0.9208693337198671,0.016842541162380553
