,flag,epoch,sbx,sby,sbz,sbvx,sbvy,sbvz
0,1.0,2457611.5,-40.458240294266865,-4.808885239647552,-3.9536812546014604,-0.08594419296851198,-1.128284336858836,-0.31958416693513914
