,mass_1,radius_1,x_1,y_1,z_1,vx_1,vy_1,vz_1,mass_2,radius_2,x_2,y_2,z_2,vx_2,vy_2,vz_2,mass_3,radius_3,x_3,y_3,z_3,vx_3,vy_3,vz_3,mass_4,radius_4,x_4,y_4,z_4,vx_4,vy_4,vz_4,mass_5,radius_5,x_5,y_5,z_5,vx_5,vy_5,vz_5,mass_6,radius_6,x_6,y_6,z_6,vx_6,vy_6,vz_6,mass_7,radius_7,x_7,y_7,z_7,vx_7,vy_7,vz_7,mass_8,radius_8,x_8,y_8,z_8,vx_8,vy_8,vz_8
0,1.660120825375342e-07,1.631393540950981e-08,0.3588230710822646,-0.03847456231470305,-0.03606477059550771,-0.8914721372731645,10.677552212724144,0.9542307214781238,2.447838287784771e-06,4.045378434654418e-08,-0.7115629166481229,-0.1071211415190757,0.03959557609444489,1.0531502925657816,-7.337883052749864,-0.1613453525705071,3.040432648020684e-06,4.437104331057835e-07,0.9527732884158723,0.2985570000552932,-1.219787231818751e-05,-1.981088541393561,5.972757886801459,-0.00019025353111381846,3.2271560375549955e-07,2.270212793877687e-08,0.6385794699366514,-1.254333066385377,-0.04195530719584182,4.748775448507191,2.757942571627858,-0.05877056928133536,0.0009547919099366768,4.778945025452157e-07,-3.256720065688773,4.172975875320406,0.05554381600967434,-2.2078709682914863,-1.5670332408625922,0.055911901854074554,0.0002858856700231729,4.0286669668487467e-07,-5.761250068154968,-8.09060226134713,0.3700146338952014,1.5472448142697919,-1.1888165923201277,-0.04096147700145776,4.3662496132004074e-05,1.708513622580592e-07,19.38866631480897,4.954954093763494,-0.2326929719501191,-0.3677211185350484,1.3231877086111772,0.009704845311211564,5.151383772628657e-05,1.6553711549585576e-07,27.42616507912912,-12.08003869605554,-0.3832018131104022,0.452892652923027,1.0543769098703268,-0.032183809326652324
