,mass_1,radius_1,x_1,y_1,z_1,vx_1,vy_1,vz_1,mass_2,radius_2,x_2,y_2,z_2,vx_2,vy_2,vz_2,mass_3,radius_3,x_3,y_3,z_3,vx_3,vy_3,vz_3,mass_4,radius_4,x_4,y_4,z_4,vx_4,vy_4,vz_4,mass_5,radius_5,x_5,y_5,z_5,vx_5,vy_5,vz_5,mass_6,radius_6,x_6,y_6,z_6,vx_6,vy_6,vz_6,mass_7,radius_7,x_7,y_7,z_7,vx_7,vy_7,vz_7,mass_8,radius_8,x_8,y_8,z_8,vx_8,vy_8,vz_8
0,1.660120825375342e-07,1.631393540950981e-08,0.0272135801974604,0.3059338453063973,0.02250102999666819,-12.296879359563961,1.287150865756926,1.2333476841644753,2.447838287784771e-06,4.045378434654418e-08,0.08713776462805226,-0.7219595143016476,-0.01492393282741556,7.284789238237515,0.8592876809346056,-0.4086160254240084,3.040432648020684e-06,4.437104331057835e-07,0.4274878018593957,-0.9220515758491064,2.935155957392302e-05,5.5987978712208255,2.6195901698177604,-0.00010512677488001643,3.2271560375549955e-07,2.270212793877687e-08,-0.2600948120205188,1.570255176478603,0.0392859893284558,-4.848366999066802,-0.4012725236782425,0.11059012231451008,0.0009547919099366768,4.778945025452157e-07,-4.659054756738358,2.684943196189888,0.0931024295171359,-1.4103098278867428,-2.260082724753508,0.04094300806295039,0.0002858856700231729,4.0286669668487467e-07,-4.51187371095025,-8.9036533292354,0.3343875485631168,1.7055950997433786,-0.9287723929262117,-0.051781036694872794,4.3662496132004074e-05,1.708513622580592e-07,19.07909635758865,5.961383858589437,-0.2249256142329428,-0.4397048922014479,1.301945924278348,0.010553448196662775,5.151383772628657e-05,1.6553711549585576e-07,27.7617655755104,-11.26691179604755,-0.4077111225302885,0.42266396952857194,1.0669394444145135,-0.03175635477586067
