,flag,sbx,sby,sbz,sbvx,sbvy,sbvz,epoch
0,1.0,7.172630624491576,37.1420639356348,-16.741374317275927,0.9251979811425368,0.003028524130918279,0.4031084236135765,2458725.5
