,flag,epoch,sbx,sby,sbz,sbvx,sbvy,sbvz
0,1.0,2457530.0,1.1952067678363443,2.157775531756584,-0.05767315724302001,-3.128935226631824,2.3184984635132695,-0.3879798031200042
1,1.0,2457530.0,1.1952067876002919,2.1577755185705447,-0.05767317534590407,-3.1289352172649494,2.3184984802350788,-0.38797981347933985
