,flag,epoch,sbx,sby,sbz,sbvx,sbvy,sbvz
0,1.0,2457386.5,-8.745106594461063,-22.343300069894543,10.756282800400879,1.2879897432273992,-0.585939794940455,0.05261958693045496
