,mass_1,radius_1,x_1,y_1,z_1,vx_1,vy_1,vz_1,mass_2,radius_2,x_2,y_2,z_2,vx_2,vy_2,vz_2,mass_3,radius_3,x_3,y_3,z_3,vx_3,vy_3,vz_3,mass_4,radius_4,x_4,y_4,z_4,vx_4,vy_4,vz_4,mass_5,radius_5,x_5,y_5,z_5,vx_5,vy_5,vz_5,mass_6,radius_6,x_6,y_6,z_6,vx_6,vy_6,vz_6,mass_7,radius_7,x_7,y_7,z_7,vx_7,vy_7,vz_7,mass_8,radius_8,x_8,y_8,z_8,vx_8,vy_8,vz_8
0,1.660120825375342e-07,1.631393540950981e-08,-0.3951161041549242,-0.0861833389116644,0.02920578304704954,0.055536890879258824,-9.597875675814844,-0.7893610734932545,2.447838287784771e-06,4.045378434654418e-08,0.7247814069148553,-0.03197024655846253,-0.04226301697688813,0.2927197480844104,7.346787876211399,0.08388374444084416,3.040432648020684e-06,4.437104331057835e-07,0.3412621407640075,-0.957586013029252,3.822371809180883e-05,5.817021565259219,2.0860496252586365,-0.00011219802495921888,3.2271560375549955e-07,2.270212793877687e-08,-0.7430488739841071,1.448525041280281,0.04859034392325785,-4.354286943400822,-1.897788609846493,0.06709256785751516,0.0009547919099366768,4.778945025452157e-07,-4.931551943294645,-2.320213789149912,0.1199843661362491,1.1411943358004117,-2.3661292782543186,-0.01570921392081953,0.0002858856700231729,4.0286669668487467e-07,-0.8658215192001196,-10.01993234547939,0.2086207500146917,1.9199637951346729,-0.1836752843433083,-0.07323104890985795,4.3662496132004074e-05,1.708513622580592e-07,18.02536009000945,8.478753228529001,-0.2019070616828582,-0.620567434164347,1.2306846607623847,0.012603599027751999,5.151383772628657e-05,1.6553711549585576e-07,28.52198525113783,-9.118846127014917,-0.4695614046843349,0.3429684125205305,1.0968151945889268,-0.03053456117926826
