,flag,epoch,sbx,sby,sbz,sbvx,sbvy,sbvz
0,1.0,2457611.5,-1.9210635095246036,1.737322212855906,0.11882290210590361,-2.1856948602583346,-3.3586607428585444,-0.24468799412710668
