,flag,epoch,sbx,sby,sbz,sbvx,sbvy,sbvz
0,1.0,2457510.0,-1.0315081050108241,1.9536690633214164,0.20483411200675666,-3.7305262219420148,-2.2064156185333657,0.3766954851141866
1,1.0,2457510.0,-1.031508101964663,1.9536690645918182,0.20483411046568972,-3.730526227481869,-2.206415613676483,0.37669549120701323
