,flag,epoch,sbx,sby,sbz,sbvx,sbvy,sbvz
0,1,2457181.5,-2.183613133372409,-2.611442684989935,-0.1800601219100751,2.484943367519813,-1.9532828679945924,-0.46964450790551093
