,flag,epoch,sbx,sby,sbz,sbvx,sbvy,sbvz
0,1.0,2455130.0,-32.620736936420904,24.28511884633984,1.850229688415883,-0.38148511771281796,-0.9132096575027336,0.14869149980204138
