,mass_1,radius_1,x_1,y_1,z_1,vx_1,vy_1,vz_1,mass_2,radius_2,x_2,y_2,z_2,vx_2,vy_2,vz_2,mass_3,radius_3,x_3,y_3,z_3,vx_3,vy_3,vz_3,mass_4,radius_4,x_4,y_4,z_4,vx_4,vy_4,vz_4,mass_5,radius_5,x_5,y_5,z_5,vx_5,vy_5,vz_5,mass_6,radius_6,x_6,y_6,z_6,vx_6,vy_6,vz_6,mass_7,radius_7,x_7,y_7,z_7,vx_7,vy_7,vz_7,mass_8,radius_8,x_8,y_8,z_8,vx_8,vy_8,vz_8
0,1.660120825375342e-07,1.631393540950981e-08,0.2959800399346681,-0.2871578714308412,-0.05061992170451627,5.119708935781912,7.861718107014999,0.17256456670410034,2.447838287784771e-06,4.045378434654418e-08,0.3282785865204434,-0.6492846127221875,-0.02783776187886539,6.542876476567818,3.3081157837530033,-0.33229465870866065,3.040432648020684e-06,4.437104331057835e-07,0.9114712739424637,-0.4356323634082485,6.99256530643635e-06,2.6076220165044814,5.646150046389042,-0.00014458155513233497,3.2271560375549955e-07,2.270212793877687e-08,-1.115171275755502,-1.096827533430905,0.004400062610899252,3.7758144229487405,-3.2070005624869524,-0.1599171797549586,0.0009547919099366768,4.778945025452157e-07,4.947019394395182,-0.3463248371396658,-0.1092670993668015,0.1585853642198436,2.883103954105341,-0.015519857345097126,0.0002858856700231729,4.0286669668487467e-07,-9.47836825917508,-1.073815196532858,0.3959836280881406,0.11997939117147902,-2.0268497831487093,0.030524957716288353,4.3662496132004074e-05,1.708513622580592e-07,20.08086132399482,-0.6365702463595435,-0.2624841141933545,0.035175397620156555,1.3711674515687107,0.004626124582777612,5.151383772628657e-05,1.6553711549585576e-07,25.22706272945453,-16.26635809463193,-0.2463586775704917,0.6140158953061103,0.9726723537950408,-0.03413651783065988
