,flag,epoch,sbx,sby,sbz,sbvx,sbvy,sbvz
0,1,2451420.0,2.196940253792146,1.6272135442683389,-0.881222143031865,-2.5348935115009863,2.636321386115628,-0.14200991641431257
