,flag,epoch,sbx,sby,sbz,sbvx,sbvy,sbvz
0,1.0,2455150.0,0.5996688688656301,-1.9994384262150615,0.23588080530048625,4.257404464444711,2.1151479202079106,-0.2533666206505716
1,1.0,2455150.0,0.5996688852111989,-1.9994384366157063,0.23588080485708493,4.257404428891977,2.1151479302563305,-0.2533665960048083
