,flag,epoch,sbx,sby,sbz,sbvx,sbvy,sbvz
0,1.0,2457890.0,-2.324876403958935,-0.839087562807101,0.2990592515285896,1.1020333049801743,-3.683033600905628,0.24128209058957342
1,1.0,2457890.0,-2.324876421068744,-0.8390875523679205,0.2990592643435821,1.1020332816289249,-3.683033584389453,0.24128209376858717
