,flag,epoch,sbx,sby,sbz,sbvx,sbvy,sbvz
0,1.0,2456690.0,2.903208659921704,28.55791691753678,-4.428748653179259,-1.2919129490184107,0.16614050861595508,-0.1625268372685135
