,flag,epoch,sbx,sby,sbz,sbvx,sbvy,sbvz
0,1.0,2456686.5,2.932239706588329,28.554171196257908,-4.4250846616278245,-1.291807877803659,0.16717166115375398,-0.16268726582124218
