,flag,epoch,sbx,sby,sbz,sbvx,sbvy,sbvz
0,1.0,2456130.0,-36.00512251771558,26.768430236984774,-1.5135261986485862,-0.5864521898990959,-0.7138182077532678,0.06573442339209902
