,flag,epoch,sbx,sby,sbz,sbvx,sbvy,sbvz
0,1,2457362.5,-3.5127631783979063,0.36265163790412225,-0.38184624671240236,0.05463222403758951,-3.0526297463351297,0.2929263092356062
