,flag,epoch,sbx,sby,sbz,sbvx,sbvy,sbvz
0,1.0,2457580.5,-1.004086973769687,-2.305699140779913,0.08283892287497653,3.8318381163469684,-0.7951365475714275,-0.058952534823395956
