,flag,epoch,sbx,sby,sbz,sbvx,sbvy,sbvz
0,1.0,2457406.5,30.22883009937445,34.56387574451738,-0.6820229013743135,-0.6467908870237463,0.6399368906032186,0.022077497585422504
