,flag,epoch,sbx,sby,sbz,sbvx,sbvy,sbvz
0,1.0,2458718.5,1.8011230950586417,0.9988575458117137,-0.4990709899041291,-1.0991953109945267,-3.2840554390269285,-4.868140460787523
