,mass_1,radius_1,x_1,y_1,z_1,vx_1,vy_1,vz_1,mass_2,radius_2,x_2,y_2,z_2,vx_2,vy_2,vz_2,mass_3,radius_3,x_3,y_3,z_3,vx_3,vy_3,vz_3,mass_4,radius_4,x_4,y_4,z_4,vx_4,vy_4,vz_4,mass_5,radius_5,x_5,y_5,z_5,vx_5,vy_5,vz_5,mass_6,radius_6,x_6,y_6,z_6,vx_6,vy_6,vz_6,mass_7,radius_7,x_7,y_7,z_7,vx_7,vy_7,vz_7,mass_8,radius_8,x_8,y_8,z_8,vx_8,vy_8,vz_8
0,1.660120825375342e-07,1.631393540950981e-08,-0.02413228603153545,0.3077068866058271,0.02735776683879313,-12.30611741606523,-0.43011237141070374,1.093765904803066,2.447838287784771e-06,4.045378434654418e-08,-0.6512197766061658,0.3015656483430962,0.04171803013400287,-3.1368544585844234,-6.73844661831591,0.08855931643599674,3.040432648020684e-06,4.437104331057835e-07,0.8699784698515433,-0.5158584500995763,2.152317361931875e-05,3.1025820570523264,5.381336352928337,-0.00025316934260007356,3.2271560375549955e-07,2.270212793877687e-08,-1.507560504214054,0.7072402941046657,0.0518089973522278,-1.9795631675482006,-4.190607959033052,-0.039240308006790216,0.0009547919099366768,4.778945025452157e-07,-0.4500029827023868,-5.255052017617711,0.03189583399685236,2.7156320863633514,-0.10523912774369028,-0.06032375459350256,0.0002858856700231729,4.0286669668487467e-07,3.151075832689092,-9.539048236279234,0.04040592791682731,1.825309111087784,0.6331269589854384,-0.08363293232071814,4.3662496132004074e-05,1.708513622580592e-07,16.51886511334069,10.97749814471681,-0.1731640087848591,-0.8030372473230265,1.1293852968964946,0.014555601561170353,5.151383772628657e-05,1.6553711549585576e-07,29.15426372446281,-6.771012176304252,-0.532541521779544,0.2546050193098652,1.1239024174878516,-0.02901895879137953
