,flag,epoch,sbx,sby,sbz,sbvx,sbvy,sbvz
0,1.0,2457221.5,-26.76219616040215,-12.16836720227756,-0.03013187047973309,0.5769706109668038,-1.0934279654136134,-0.40144457790720617
