,flag,epoch,sbx,sby,sbz,sbvx,sbvy,sbvz
0,1.0,2457588.5,30.03882090566104,13.005093784003469,-20.04013647023531,-0.26019886953966204,1.0215328850487106,-0.0181596008275906
