,flag,epoch,sbx,sby,sbz,sbvx,sbvy,sbvz
0,1,2457290.0,-0.39200125433492955,3.0004418435240896,-0.6695835278971806,-3.211729407139193,-0.35013092637420395,0.05700940312070557
