,flag,epoch,sbx,sby,sbz,sbvx,sbvy,sbvz
0,1,2457460.0,-0.03949559202623565,-3.8079853328619224,0.5849521958032031,2.9969649444067863,-0.13580100856595043,0.05427270914185436
