,flag,epoch,sbx,sby,sbz,sbvx,sbvy,sbvz
0,1,2457370.0,-1.044045899802055,-1.5333971342821062,0.4862784958761118,3.5244678685063553,-3.0182526735413995,-1.7286187031151052
