,flag,epoch,sbx,sby,sbz,sbvx,sbvy,sbvz
0,1.0,2457680.0,-2.0745325209435728,-1.2390364118190078,0.17550484874634723,2.4594425129157225,-3.083041020698601,0.32595129193436806
1,1.0,2457680.0,-2.0745324997239916,-1.2390364218378327,0.17550485074299996,2.4594425425276807,-3.0830410302081033,0.3259512779238216
