,flag,epoch,sbx,sby,sbz,sbvx,sbvy,sbvz
0,1.0,2457420.0,1.5345519317422098,1.4679883069513402,-0.27024930012607207,-2.8827773524312774,3.4855305291698357,-0.01774288967577763
1,1.0,2457420.0,1.5345519395666853,1.4679883024033866,-0.27024931628166926,-2.882777329350828,3.4855305276090007,-0.017742903907212778
