,mass_1,radius_1,x_1,y_1,z_1,vx_1,vy_1,vz_1,mass_2,radius_2,x_2,y_2,z_2,vx_2,vy_2,vz_2,mass_3,radius_3,x_3,y_3,z_3,vx_3,vy_3,vz_3,mass_4,radius_4,x_4,y_4,z_4,vx_4,vy_4,vz_4,mass_5,radius_5,x_5,y_5,z_5,vx_5,vy_5,vz_5,mass_6,radius_6,x_6,y_6,z_6,vx_6,vy_6,vz_6,mass_7,radius_7,x_7,y_7,z_7,vx_7,vy_7,vz_7,mass_8,radius_8,x_8,y_8,z_8,vx_8,vy_8,vz_8
0,1.660120825375342e-07,1.631393540950981e-08,0.3071912037800847,-0.2688953173248429,-0.05015426065018447,4.736540224701156,8.214543521216395,0.23669153471781312,2.447838287784771e-06,4.045378434654418e-08,-0.5764452153061809,0.427199306603832,0.03912204847472982,-4.427251059183158,-5.9726161337395665,0.17357807708924178,3.040432648020684e-06,4.437104331057835e-07,-0.9269428449835008,0.3493103445832067,-8.639641850095439e-06,-2.3182172314009115,-5.903747910343982,0.00023697576573792673,3.2271560375549955e-07,2.270212793877687e-08,0.9481074140846331,1.125753120481605,0.0003222737910160214,-3.7151663641443298,3.728826607491078,0.16931798111031118,0.0009547919099366768,4.778945025452157e-07,-5.267315140759614,-1.418937297133332,0.1237548432735671,0.6843908028878989,-2.5336495414915787,-0.004792854591565062,0.0002858856700231729,4.0286669668487467e-07,-1.567263692484566,-9.92636781240836,0.2349169748106219,1.9022267993685802,-0.3261864680056132,-0.07005742008539845,4.3662496132004074e-05,1.708513622580592e-07,18.24702550920642,8.02450226054923,-0.206464439102658,-0.5878247414245192,1.2455492277107443,0.012241256689147129,5.151383772628657e-05,1.6553711549585576e-07,28.39341926919031,-9.520268986193654,-0.4583148502523063,0.35785465676588774,1.0915346909060573,-0.03077331190271186
