,flag,epoch,sbx,sby,sbz,sbvx,sbvy,sbvz
0,1.0,2457476.5,67.2622604598105,7.179723099277787,0.9713874598963765,0.2497081728186413,0.6811486704170062,-0.061396908572639054
