,flag,epoch,sbx,sby,sbz,sbvx,sbvy,sbvz
0,1,2456916.5,2.249766111746467,-0.11064539461871181,-0.35673912788377854,0.8709815222364365,4.307266589813747,0.46190175013805784
