,flag,epoch,sbx,sby,sbz,sbvx,sbvy,sbvz
0,1.0,2450970.0,41.299435571716714,-2.5416910953465415,0.12734299336676003,-0.017466106265867393,0.9697525369215744,0.22547441650717479
