,flag,epoch,sbx,sby,sbz,sbvx,sbvy,sbvz
0,1.0,2457330.0,37.21676212926302,-17.99523191171131,-5.861608296078929,0.46800310857996275,0.7937471741856804,0.24729113818329174
