,flag,epoch,sbx,sby,sbz,sbvx,sbvy,sbvz
0,1,2456992.5,-1.9297969777472437,3.178289904115357,-0.22641629446331793,-2.3430643224876397,-1.818361566516618,0.11718225114963345
