,flag,epoch,sbx,sby,sbz,sbvx,sbvy,sbvz
0,1.0,2457480.5,35.4776280209514,8.438796461793462,-18.27465070987492,-0.11821709128383708,1.0432033153197435,-0.046033359598480775
