,flag,epoch,sbx,sby,sbz,sbvx,sbvy,sbvz
0,1,2457439.5,0.9030746644248107,-2.1468055311440426,0.15248352932049644,4.0203482124361525,1.7241180329558736,-0.08373699042587701
