,flag,epoch,sbx,sby,sbz,sbvx,sbvy,sbvz
0,1.0,2457441.5,25.187943975271775,29.58662421829611,-0.5869704425995953,-0.7734616772079487,0.6576121632202238,0.02369275716390328
