,flag,epoch,sbx,sby,sbz,sbvx,sbvy,sbvz
0,1.0,2453160.5,35.82274268500051,-28.029938063339642,-0.3823458333002494,0.595982994119651,0.6916895174077576,-0.03594658699361086
