,flag,epoch,sbx,sby,sbz,sbvx,sbvy,sbvz
0,1.0,2457426.5,-23.476492388757027,-23.667411447886202,7.191197551282972,0.9517991071394689,-0.6378807135901989,-0.07302076535886011
