,flag,epoch,sbx,sby,sbz,sbvx,sbvy,sbvz
0,1.0,2456760.0,-37.53681486147822,23.196514706901304,0.24883824030930096,-0.46525966195057183,-0.8215762902847757,-0.015716526423765788
