,flag,epoch,sbx,sby,sbz,sbvx,sbvy,sbvz
0,1.0,2457870.0,1.3883121717978901,-1.852490985955943,0.10413075477766165,3.0638395230599786,2.884110920491584,-0.4569666711039792
1,1.0,2457870.0,1.3883121926089244,-1.8524909740877675,0.10413074878421075,3.0638394932632673,2.884110944200132,-0.45696666872725544
