,mass_1,radius_1,x_1,y_1,z_1,vx_1,vy_1,vz_1,mass_2,radius_2,x_2,y_2,z_2,vx_2,vy_2,vz_2,mass_3,radius_3,x_3,y_3,z_3,vx_3,vy_3,vz_3,mass_4,radius_4,x_4,y_4,z_4,vx_4,vy_4,vz_4,mass_5,radius_5,x_5,y_5,z_5,vx_5,vy_5,vz_5,mass_6,radius_6,x_6,y_6,z_6,vx_6,vy_6,vz_6,mass_7,radius_7,x_7,y_7,z_7,vx_7,vy_7,vz_7,mass_8,radius_8,x_8,y_8,z_8,vx_8,vy_8,vz_8
0,1.660120825375342e-07,1.631393540950981e-08,-0.3529056986549206,0.09386148780173938,0.04004420537165547,-4.769426105457311,-9.490884854826565,-0.33800620906885187,2.447838287784771e-06,4.045378434654418e-08,0.5997764591150002,0.4043633789397456,-0.0290632350607772,-4.152460637164108,6.094061338802825,0.3232463256595198,3.040432648020684e-06,4.437104331057835e-07,-0.2172197065464861,-0.9915440005534252,4.583177743847582e-05,6.036008217572612,-1.3684653150096555,4.733719685792537e-05,3.2271560375549955e-07,2.270212793877687e-08,-0.8596939350893601,1.391515006353684,0.05025106364664353,-4.155462180566084,-2.251243538095539,0.054788231188395806,0.0009547919099366768,4.778945025452157e-07,-1.004036835151114,-5.20382553205633,0.04407925853430048,2.675688953498988,-0.3925461379530597,-0.05823689197492542,0.0002858856700231729,4.0286669668487467e-07,2.773773253529011,-9.661145591973806,0.05754083501568157,1.849106483851671,0.5559605439058783,-0.08323875643417712,4.3662496132004074e-05,1.708513622580592e-07,16.6819940323731,10.74445722026669,-0.1761345527224903,-0.7858147067786481,1.140388469711149,0.014376597016356909,5.151383772628657e-05,1.6553711549585576e-07,29.10108051030611,-7.001551298922078,-0.5265666129965948,0.26339594555468904,1.1215351863419822,-0.029176772664765115
