,flag,epoch,sbx,sby,sbz,sbvx,sbvy,sbvz
0,1,2455459.5,45.100926717054335,-10.695736371564374,-0.5412622505741956,0.23608578363280386,0.8695519130570378,0.0005968465958171333
