,mass_1,radius_1,x_1,y_1,z_1,vx_1,vy_1,vz_1,mass_2,radius_2,x_2,y_2,z_2,vx_2,vy_2,vz_2,mass_3,radius_3,x_3,y_3,z_3,vx_3,vy_3,vz_3,mass_4,radius_4,x_4,y_4,z_4,vx_4,vy_4,vz_4,mass_5,radius_5,x_5,y_5,z_5,vx_5,vy_5,vz_5,mass_6,radius_6,x_6,y_6,z_6,vx_6,vy_6,vz_6,mass_7,radius_7,x_7,y_7,z_7,vx_7,vy_7,vz_7,mass_8,radius_8,x_8,y_8,z_8,vx_8,vy_8,vz_8
0,1.660120825375342e-07,1.631393540950981e-08,0.325778407218379,-0.2324397765094853,-0.04888017885346186,3.9450679543281706,8.840568723293615,0.3604653523689044,2.447838287784771e-06,4.045378434654418e-08,0.2814443232297029,0.6639529980540552,-0.007133656923198469,-6.826233876449095,2.8491530637823237,0.43299940703682593,3.040432648020684e-06,4.437104331057835e-07,0.8865096741042416,-0.4858881767001875,1.6275931913578e-05,2.9179837388774525,5.48711439599044,-0.00024024996386651118,3.2271560375549955e-07,2.270212793877687e-08,-1.204076697250685,1.136118451363488,0.05335812388888958,-3.3149651021653757,-3.2815871065935114,0.01258778507439677,0.0009547919099366768,4.778945025452157e-07,-4.787185700367654,-2.597833911844632,0.1179069754379573,1.2825084051824487,-2.2946102035745826,-0.019167697956263482,0.0002858856700231729,4.0286669668487467e-07,-0.6369384737634163,-10.03904188770061,0.1998424356157978,1.9235149530635256,-0.1372254473415949,-0.07417727417420338,4.3662496132004074e-05,1.708513622580592e-07,17.95082120493403,8.625026258426367,-0.2003990256141276,-0.6311666367880815,1.2256752596159692,0.012720848648456724,5.151383772628657e-05,1.6553711549585576e-07,28.5625404113217,-8.988119457447898,-0.4731932000846411,0.3380762792743952,1.0984843941355296,-0.030454469217681003
