,flag,epoch,sbx,sby,sbz,sbvx,sbvy,sbvz
0,1,2457220.0,-2.068088314743233,0.6814716106513689,0.1473245084262699,-1.0115306555018155,-4.40891896659833,-0.3724928597129949
