,flag,epoch,sbx,sby,sbz,sbvx,sbvy,sbvz
0,1.0,2457500.0,1.362042922115461,1.6005190911580436,0.17569830222651817,-3.327801734911894,3.109183992712584,0.4189926509124661
1,1.0,2457500.0,1.3620429043254436,1.6005191107303358,0.17569832375790856,-3.327801749910061,3.109183964308631,0.41899263991063707
