,flag,epoch,sbx,sby,sbz,sbvx,sbvy,sbvz
0,1.0,2457210.0,1.657353283308332,1.3099292308605819,-0.18289828128133515,-2.0993352617886156,3.911920567212828,0.09858502666768555
1,1.0,2457210.0,1.6573532654316072,1.309929314389422,-0.18289828734013647,-2.0993352097226547,3.9119205118613096,0.09858505431092678
