,flag,epoch,sbx,sby,sbz,sbvx,sbvy,sbvz
0,1.0,2457740.0,-2.149368074990939,-0.0931401687404741,0.18516997235436747,0.2571169625533017,-4.403395831798147,0.3785110843309879
1,1.0,2457740.0,-2.149368086190412,-0.09314015429469258,0.18516997922047304,0.2571169220681683,-4.403395816538228,0.3785110896624105
