,mass_1,radius_1,x_1,y_1,z_1,vx_1,vy_1,vz_1,mass_2,radius_2,x_2,y_2,z_2,vx_2,vy_2,vz_2,mass_3,radius_3,x_3,y_3,z_3,vx_3,vy_3,vz_3,mass_4,radius_4,x_4,y_4,z_4,vx_4,vy_4,vz_4,mass_5,radius_5,x_5,y_5,z_5,vx_5,vy_5,vz_5,mass_6,radius_6,x_6,y_6,z_6,vx_6,vy_6,vz_6,mass_7,radius_7,x_7,y_7,z_7,vx_7,vy_7,vz_7,mass_8,radius_8,x_8,y_8,z_8,vx_8,vy_8,vz_8
0,1.660120825375342e-07,1.631393540950981e-08,0.2135244596715105,-0.378516633095428,-0.05051825424152969,6.896244255179815,5.557663045748331,-0.17851297651092915,2.447838287784771e-06,4.045378434654418e-08,0.554611134375813,0.4638077184401809,-0.02564115536411927,-4.761905268444695,5.635721525779134,0.35211990216993466,3.040432648020684e-06,4.437104331057835e-07,0.7903047424414498,0.6010547340761379,-2.969899464891603e-05,-3.906414674522402,4.978117343095095,-0.0002112734530083406,3.2271560375549955e-07,2.270212793877687e-08,1.391243046380968,0.1029294846070957,-0.031981264535879,-0.18177455819503638,5.533994541402355,0.12042059442338601,0.0009547919099366768,4.778945025452157e-07,-2.549622732687625,-4.722554395756783,0.0766632918161438,2.39427499340171,-1.1805769173943614,-0.0486695130535246,0.0002858856700231729,4.0286669668487467e-07,1.637855013396369,-9.927762797906695,0.1073752905172806,1.9010563374121012,0.324495454394597,-0.08128907332605165,4.3662496132004074e-05,1.708513622580592e-07,17.14197196816554,10.04498843980793,-0.1846701023371799,-0.7344517340765364,1.171350965798294,0.013835399253487913,5.151383772628657e-05,1.6553711549585576e-07,28.9339466064255,-7.677944034936936,-0.5087745725892495,0.2889843806746124,1.1142049162117338,-0.029628563595417122
