,flag,epoch,sbx,sby,sbz,sbvx,sbvy,sbvz
0,1.0,2458042.5,3.162893503740112,-0.2660400896920732,0.374824604743102,0.25537203059649644,3.426609422134808,0.2607692245645003
