,flag,epoch,sbx,sby,sbz,sbvx,sbvy,sbvz
0,1.0,2457627.5,-18.501353790542883,29.688770352517114,-1.2684758825869258,-1.1532462184353391,-0.4637698177493272,-0.05273097866482049
