,flag,epoch,sbx,sby,sbz,sbvx,sbvy,sbvz
0,1,2456950.0,-2.374827429310203,-1.0849098975073255,0.0818981666902452,1.660385715846981,-3.1743915618195437,0.1761885322902882
