,flag,epoch,sbx,sby,sbz,sbvx,sbvy,sbvz
0,1.0,2457250.0,-0.45983455932916995,-3.284210774699697,0.3728972871381169,3.282894881945664,-0.42852079826729433,0.07257143778147256
1,1.0,2457250.0,-0.4598345607442268,-3.2842108466242017,0.3728972718726688,3.282894807471314,-0.4285208027761847,0.07257144282758728
