,flag,epoch,sbx,sby,sbz,sbvx,sbvy,sbvz
0,1.0,2456810.0,-2.7401206645565077,0.6751712853780153,-0.2826088609169149,-0.2876377408091017,-3.533011818341802,0.5718206152130373
