,flag,epoch,sbx,sby,sbz,sbvx,sbvy,sbvz
0,1.0,2456350.0,-16.200397290132493,-37.39444412491374,-0.4760265544145815,0.9125765049194406,-0.48348556598735637,-0.04048511031739418
