,mass_1,radius_1,x_1,y_1,z_1,vx_1,vy_1,vz_1,mass_2,radius_2,x_2,y_2,z_2,vx_2,vy_2,vz_2,mass_3,radius_3,x_3,y_3,z_3,vx_3,vy_3,vz_3,mass_4,radius_4,x_4,y_4,z_4,vx_4,vy_4,vz_4,mass_5,radius_5,x_5,y_5,z_5,vx_5,vy_5,vz_5,mass_6,radius_6,x_6,y_6,z_6,vx_6,vy_6,vz_6,mass_7,radius_7,x_7,y_7,z_7,vx_7,vy_7,vz_7,mass_8,radius_8,x_8,y_8,z_8,vx_8,vy_8,vz_8
0,1.660120825375342e-07,1.631393540950981e-08,0.2467531479923475,-0.348393585261715,-0.0511061753981236,6.337282155032898,6.440448695487804,-0.05531089817212323,2.447838287784771e-06,4.045378434654418e-08,0.03320334850934493,0.7189670764596604,0.007929065239150932,-7.405256352929486,0.302173646497548,0.43151271127540364,3.040432648020684e-06,4.437104331057835e-07,0.9705633313451185,-0.2713015532742056,3.107842831591356e-06,1.5896121575846272,6.028436119166864,-0.00013877647227675464,3.2271560375549955e-07,2.270212793877687e-08,0.7647268371549706,1.283101514101572,0.008106451610398045,-4.1960889321427475,3.0515785422687403,0.16698203938612238,0.0009547919099366768,4.778945025452157e-07,4.071338949397346,-2.959303180310831,-0.07882231710881886,1.5876145865290943,2.362665436401352,-0.04533555765162282,0.0002858856700231729,4.0286669668487467e-07,-9.389999218275204,0.9052684193244213,0.3579889740856732,-0.30359169798706087,-2.0308756005532755,0.047471782039526615,4.3662496132004074e-05,1.708513622580592e-07,19.99988489205863,-1.966567131557823,-0.2663615152686138,0.13133299764073497,1.364518768935388,0.003351786201705737,5.151383772628657e-05,1.6553711549585576e-07,24.61239842347572,-17.20007434783271,-0.2130062135217057,0.6506158861534761,0.948397442456695,-0.034484357760821094
