,mass_1,radius_1,x_1,y_1,z_1,vx_1,vy_1,vz_1,mass_2,radius_2,x_2,y_2,z_2,vx_2,vy_2,vz_2,mass_3,radius_3,x_3,y_3,z_3,vx_3,vy_3,vz_3,mass_4,radius_4,x_4,y_4,z_4,vx_4,vy_4,vz_4,mass_5,radius_5,x_5,y_5,z_5,vx_5,vy_5,vz_5,mass_6,radius_6,x_6,y_6,z_6,vx_6,vy_6,vz_6,mass_7,radius_7,x_7,y_7,z_7,vx_7,vy_7,vz_7,mass_8,radius_8,x_8,y_8,z_8,vx_8,vy_8,vz_8
0,1.660120825375342e-07,1.631393540950981e-08,-0.3843529765457732,0.007720909029777728,0.03589889280805038,-2.343637140823036,-9.832036905088694,-0.5882390969571621,2.447838287784771e-06,4.045378434654418e-08,0.6772321377140346,0.2564789625226075,-0.0355725597132046,-2.6414117786262805,6.876069666209754,0.24660089504514662,3.040432648020684e-06,4.437104331057835e-07,0.5745922619920042,-0.8372942043558003,1.676546006083049e-05,5.079079187953838,3.532204889944272,-9.190396453790593e-05,3.2271560375549955e-07,2.270212793877687e-08,1.168967733373443,0.8452845697173903,-0.01099405588380901,-2.7993758175808234,4.577833140483252,0.16466442062251088,0.0009547919099366768,4.778945025452157e-07,3.882952885200023,-3.221671894610229,-0.07351747867822354,1.7271658494571622,2.254249928419591,-0.04800822028548083,0.0002858856700231729,4.0286669668487467e-07,-9.352667535197565,1.135725096554791,0.3524872772529005,-0.35353554665874964,-2.0255127402642703,0.049367646296409454,4.3662496132004074e-05,1.708513622580592e-07,19.98432612184453,-2.121536420345227,-0.2667338272046509,0.14253716175028358,1.3632954765211616,0.003201731000637189,5.151383772628657e-05,1.6553711549585576e-07,24.53823513720233,-17.30766434059425,-0.2090859347436865,0.654834428188558,0.945438364272444,-0.03452192318507946
