,flag,epoch,sbx,sby,sbz,sbvx,sbvy,sbvz
0,1.0,2456155.5,33.98900366152189,22.504524720494967,11.697626342189997,-0.491742693791155,0.8199217416869572,-0.053317682170881925
