,mass_1,radius_1,x_1,y_1,z_1,vx_1,vy_1,vz_1,mass_2,radius_2,x_2,y_2,z_2,vx_2,vy_2,vz_2,mass_3,radius_3,x_3,y_3,z_3,vx_3,vy_3,vz_3,mass_4,radius_4,x_4,y_4,z_4,vx_4,vy_4,vz_4,mass_5,radius_5,x_5,y_5,z_5,vx_5,vy_5,vz_5,mass_6,radius_6,x_6,y_6,z_6,vx_6,vy_6,vz_6,mass_7,radius_7,x_7,y_7,z_7,vx_7,vy_7,vz_7,mass_8,radius_8,x_8,y_8,z_8,vx_8,vy_8,vz_8
0,1.660120825375342e-07,1.631393540950981e-08,0.204320058868573,0.2381727605465289,0.0007175138119820566,-9.836792908515791,7.117262795293266,1.483998016322513,2.447838287784771e-06,4.045378434654418e-08,-0.3891080828804214,-0.6111748511271032,0.0140703502487306,6.180260835730015,-4.001390045096296,-0.41152899706794116,3.040432648020684e-06,4.437104331057835e-07,0.2410460427772819,0.9551337044737213,-4.117841474479081e-05,-6.19511817506457,1.5142804754078811,-3.839656950062241e-05,3.2271560375549955e-07,2.270212793877687e-08,-1.64507192166388,-0.08594718610785851,0.03857202641159925,0.4574922485871863,-4.667565681833956,-0.10903713524477922,0.0009547919099366768,4.778945025452157e-07,-4.369183890221109,-3.231875569034916,0.1111867198610259,1.6072490699901083,-2.0878734441304854,-0.027294300426246136,0.0002858856700231729,4.0286669668487467e-07,-0.08058134326971467,-10.06238938010548,0.178103747267239,1.9277637398379606,-0.024389041337256574,-0.07630421085123673,4.3662496132004074e-05,1.708513622580592e-07,17.76482318206923,8.977255053998467,-0.1966845999960376,-0.6566698279704383,1.21314788495926,0.01299767613539336,5.151383772628657e-05,1.6553711549585576e-07,28.6584799616781,-8.670258607691178,-0.4819620169753589,0.32622626410196354,1.1024353212688596,-0.03026166294458104
