,mass_1,radius_1,x_1,y_1,z_1,vx_1,vy_1,vz_1,mass_2,radius_2,x_2,y_2,z_2,vx_2,vy_2,vz_2,mass_3,radius_3,x_3,y_3,z_3,vx_3,vy_3,vz_3,mass_4,radius_4,x_4,y_4,z_4,vx_4,vy_4,vz_4,mass_5,radius_5,x_5,y_5,z_5,vx_5,vy_5,vz_5,mass_6,radius_6,x_6,y_6,z_6,vx_6,vy_6,vz_6,mass_7,radius_7,x_7,y_7,z_7,vx_7,vy_7,vz_7,mass_8,radius_8,x_8,y_8,z_8,vx_8,vy_8,vz_8
0,1.660120825375342e-07,1.631393540950981e-08,-0.3540759548008256,-0.2579622074976638,0.01140852064013617,3.945956082445487,0.0,0.0,2.447838287784771e-06,4.045378434654418e-08,0.667962006799126,-0.2856756885114928,-0.04246310464500039,2.8635603148082116,0.0,0.0,3.040432648020684e-06,4.437104331057835e-07,-0.3347018150645409,-0.9571912747548854,3.184941909262875e-05,5.829673406797576,0.0,0.0,3.2271560375549955e-07,2.270212793877687e-08,-1.120153829070792,-1.092493854096849,0.004603845010191123,3.761210259869151,0.0,0.0,0.0009547919099366768,4.778945025452157e-07,-2.409907472058292,4.661414987456085,0.03456636440408991,-2.4837528877244277,-1.1365296891015404,0.0602982833944254,0.0002858856700231729,4.0286669668487467e-07,-6.302714948089661,-7.641896080590154,0.3837810429109936,1.4592661866604595,-1.302871076939177,-0.035474155771711875,4.3662496132004074e-05,1.708513622580592e-07,19.51490293279322,4.476969924839318,-0.2361136556970381,-0.3334819301075536,1.3319312308183584,0.009294666558885539,5.151383772628657e-05,1.6553711549585576e-07,27.26055946183375,-12.45855155147996,-0.3715800261989857,0.467082394236866,1.0482761169064065,-0.03237766120529782
