,mass_1,radius_1,x_1,y_1,z_1,vx_1,vy_1,vz_1,mass_2,radius_2,x_2,y_2,z_2,vx_2,vy_2,vz_2,mass_3,radius_3,x_3,y_3,z_3,vx_3,vy_3,vz_3,mass_4,radius_4,x_4,y_4,z_4,vx_4,vy_4,vz_4,mass_5,radius_5,x_5,y_5,z_5,vx_5,vy_5,vz_5,mass_6,radius_6,x_6,y_6,z_6,vx_6,vy_6,vz_6,mass_7,radius_7,x_7,y_7,z_7,vx_7,vy_7,vz_7,mass_8,radius_8,x_8,y_8,z_8,vx_8,vy_8,vz_8
0,1.660120825375342e-07,1.631393540950981e-08,0.2675180611932949,0.1801813281493174,-0.00982346428384238,-7.7547781081915925,8.970529548022922,1.4444643710252159,2.447838287784771e-06,4.045378434654418e-08,0.2956068628087786,-0.6647642330920923,-0.02616921202907057,6.7006183717778445,2.9764230255817012,-0.34592971568100234,3.040432648020684e-06,4.437104331057835e-07,-0.7693429051227358,0.6179819375314237,-1.809316581734627e-05,-4.0375173580335915,-4.9224336730615255,0.00015405682200480156,3.2271560375549955e-07,2.270212793877687e-08,1.345379095407853,-0.3200105147190039,-0.03973735400501491,1.3785155820083241,5.4085228517236565,0.07947277162114048,0.0009547919099366768,4.778945025452157e-07,1.129296438994474,4.949062953056375,-0.04582486148920913,-2.7229509447936064,0.7448775571168882,0.05783823563747468,0.0002858856700231729,4.0286669668487467e-07,-7.965446806201262,-5.698070400579937,0.4162121460452763,1.0729353455645065,-1.6616301816057302,-0.013837981680470294,4.3662496132004074e-05,1.708513622580592e-07,19.86818536809315,2.722018212286823,-0.2472417224991154,-0.20760522630466574,1.3566713673783253,0.007748887834972403,5.151383772628657e-05,1.6553711549585576e-07,26.6178309242682,-13.81105452410214,-0.3289004672788283,0.5182698977662299,1.0248181794994315,-0.03304430867413801
