,flag,epoch,sbx,sby,sbz,sbvx,sbvy,sbvz
0,1.0,2456970.0,1.7403178996185176,0.6820081487415492,0.24784954391472175,-1.280791567803817,4.817588018341715,0.5555821158865707
1,1.0,2456970.0,1.740317923968284,0.682008119363186,0.2478495407351649,-1.280791533595846,4.817588003616747,0.5555820996489963
