,flag,epoch,sbx,sby,sbz,sbvx,sbvy,sbvz
0,1.0,2457490.0,-1.3950723557688445,-2.2790766775225446,0.1654015453999953,3.064347259521363,-1.973067229467082,0.28933386502804237
1,1.0,2457490.0,-1.3950723619000849,-2.2790766923214703,0.16540153663518425,3.0643472337499804,-1.973067236037164,0.28933386067635486
