,flag,epoch,sbx,sby,sbz,sbvx,sbvy,sbvz
0,1.0,2457324.5,-28.30280278700349,-14.660382313615035,0.24690704565761412,0.4675040728418178,-1.229549578510825,-0.2059731583708111
