,flag,epoch,sbx,sby,sbz,sbvx,sbvy,sbvz
0,1.0,2455894.5,2.6256680576138205,4.520600330556677,-0.9652747561311009,-2.5841405996114677,1.9697992017441464,0.0816252017601653
