,flag,sbx,sby,sbz,sbvx,sbvy,sbvz
0,1.0,39.20849182516053,-13.58889648753182,-9.559277895103856,-0.3581041487280725,-0.8758011667313444,-0.22381943626565293
