,flag,epoch,sbx,sby,sbz,sbvx,sbvy,sbvz
0,1.0,2458052.5,24.222771819089104,34.590357647758914,-22.798247546203037,-0.709826100099487,0.4662388055867655,-0.07988628296108607
