,flag,epoch,sbx,sby,sbz,sbvx,sbvy,sbvz
0,1.0,2457400.0,-32.77022172944886,31.17465941926455,2.679627782185274,-0.7881500590545351,-0.5671085663174722,0.34906411513956564
