,flag,epoch,sbx,sby,sbz,sbvx,sbvy,sbvz
0,1,2457530.0,-1.3925354311673628,1.334407707793284,0.44119363911560394,-3.179422989670997,-3.1725050749468133,1.8531388479480095
