,flag,epoch,sbx,sby,sbz,sbvx,sbvy,sbvz
0,1.0,2456833.5,-24.475212288845917,-36.349667865714906,-0.4329621445620181,0.6658970599779878,-0.5929292557489557,-0.04320774311072081
