,mass_1,radius_1,x_1,y_1,z_1,vx_1,vy_1,vz_1,mass_2,radius_2,x_2,y_2,z_2,vx_2,vy_2,vz_2,mass_3,radius_3,x_3,y_3,z_3,vx_3,vy_3,vz_3,mass_4,radius_4,x_4,y_4,z_4,vx_4,vy_4,vz_4,mass_5,radius_5,x_5,y_5,z_5,vx_5,vy_5,vz_5,mass_6,radius_6,x_6,y_6,z_6,vx_6,vy_6,vz_6,mass_7,radius_7,x_7,y_7,z_7,vx_7,vy_7,vz_7,mass_8,radius_8,x_8,y_8,z_8,vx_8,vy_8,vz_8
0,1.660120825375342e-07,1.631393540950981e-08,0.0994110833769565,-0.442015446506943,-0.04523676498381646,7.964981802756786,2.780417813442172,-0.5035921962778751,2.447838287784771e-06,4.045378434654418e-08,0.7023986430811024,0.1777096270447042,-0.03809969730898134,-1.8384573204547665,7.129081521520292,0.20380181634615688,3.040432648020684e-06,4.437104331057835e-07,0.05650955667200949,-1.014852234150084,3.272114011719819e-05,6.172141972321577,0.32581317857137126,-2.6019048986182633e-05,3.2271560375549955e-07,2.270212793877687e-08,-0.855668947507564,-1.274586875231863,-0.005703445341193537,4.436674767716342,-2.41056311838111,-0.15940798860259173,0.0009547919099366768,4.778945025452157e-07,-2.568319350418814,4.585671671531189,0.03842568298153333,-2.4400698176795657,-1.2176737685614274,0.05965830150842178,0.0002858856700231729,4.0286669668487467e-07,-6.208299405276178,-7.725080649717917,0.381466525625643,1.4756054515434944,-1.2828995927422608,-0.036471591680379285,4.3662496132004074e-05,1.708513622580592e-07,19.49324931007294,4.562617871939551,-0.2355132425866106,-0.3396229249700118,1.330438932472895,0.009369232162505693,5.151383772628657e-05,1.6553711549585576e-07,27.29052967436499,-12.39107017077135,-0.3736620626701926,0.4645437811921677,1.0493879336042233,-0.03234260906472738
