,mass_1,radius_1,x_1,y_1,z_1,vx_1,vy_1,vz_1,mass_2,radius_2,x_2,y_2,z_2,vx_2,vy_2,vz_2,mass_3,radius_3,x_3,y_3,z_3,vx_3,vy_3,vz_3,mass_4,radius_4,x_4,y_4,z_4,vx_4,vy_4,vz_4,mass_5,radius_5,x_5,y_5,z_5,vx_5,vy_5,vz_5,mass_6,radius_6,x_6,y_6,z_6,vx_6,vy_6,vz_6,mass_7,radius_7,x_7,y_7,z_7,vx_7,vy_7,vz_7,mass_8,radius_8,x_8,y_8,z_8,vx_8,vy_8,vz_8
0,1.660120825375342e-07,1.631393540950981e-08,-0.3349501778533792,-0.2916067588161183,0.006903040671475943,4.650231932563704,-7.287722369064411,-1.0221127610154401,2.447838287784771e-06,4.045378434654418e-08,-0.7172801652484931,-0.05262338336702758,0.04067206456669512,0.4955472605865879,-7.4003113932415,-0.1300275679260754,3.040432648020684e-06,4.437104331057835e-07,-0.5145600277455217,-0.8713840621008107,3.061336725439045e-05,5.308706717169084,-3.2188263092369334,9.062402803602353e-05,3.2271560375549955e-07,2.270212793877687e-08,0.5092136104585625,1.433339950996362,0.01753508758086826,-4.621971842080133,2.145669759039536,0.15840266301389794,0.0009547919099366768,4.778945025452157e-07,-4.420387470081749,3.034833864047566,0.08630895663901281,-1.5943287090837446,-2.1441970512741757,0.044579396885187444,0.0002858856700231729,4.0286669668487467e-07,-4.780397942150212,-8.751741446879212,0.3424411584385338,1.676116215066977,-0.984392137564042,-0.04964300057111165,4.3662496132004074e-05,1.708513622580592e-07,19.14774348726309,5.754269512921334,-0.2265877123734588,-0.42489613883102345,1.3066008136732012,0.01038055591318745,5.151383772628657e-05,1.6553711549585576e-07,27.69414973670283,-11.43613117748133,-0.4026611602846428,0.4289336480287917,1.0643479189728522,-0.03184648992849245
