,flag,epoch,sbx,sby,sbz,sbvx,sbvy,sbvz
0,1,2457130.0,-0.7660377223589974,-2.0222070829165495,0.40710115221421483,4.340734269640909,-1.0091922324301743,0.24194459753392222
