,mass_1,radius_1,x_1,y_1,z_1,vx_1,vy_1,vz_1,mass_2,radius_2,x_2,y_2,z_2,vx_2,vy_2,vz_2,mass_3,radius_3,x_3,y_3,z_3,vx_3,vy_3,vz_3,mass_4,radius_4,x_4,y_4,z_4,vx_4,vy_4,vz_4,mass_5,radius_5,x_5,y_5,z_5,vx_5,vy_5,vz_5,mass_6,radius_6,x_6,y_6,z_6,vx_6,vy_6,vz_6,mass_7,radius_7,x_7,y_7,z_7,vx_7,vy_7,vz_7,mass_8,radius_8,x_8,y_8,z_8,vx_8,vy_8,vz_8
0,1.660120825375342e-07,1.631393540950981e-08,-0.09772564936929803,0.29773406213115,0.03329249191061794,-11.826217209481007,-2.8241370035358115,0.8545779328077696,2.447838287784771e-06,4.045378434654418e-08,-0.06890582355161708,-0.7233456433037699,-0.005918936184009357,7.304817926482125,-0.7292680060139387,-0.4316008126194961,3.040432648020684e-06,4.437104331057835e-07,0.9613765725464213,-0.3038186365100165,3.369135225881992e-06,1.7911943271411532,5.968548384052022,-7.719536390583104e-05,3.2271560375549955e-07,2.270212793877687e-08,1.386951629266414,0.1763201730525925,-0.03037794031500188,-0.44874073655772784,5.5075188686040875,0.12642272642422828,0.0009547919099366768,4.778945025452157e-07,-4.917145725011022,-2.350877181671247,0.1197912437321678,1.155568436310962,-2.3589855045722397,-0.016065669961613783,0.0002858856700231729,4.0286669668487467e-07,-4.877043665915549,7.669042239327784,0.0605734020459219,-1.828049013035182,-1.0999220554480305,0.09187357294814259,4.3662496132004074e-05,1.708513622580592e-07,18.70258377887406,-7.275838423566807,-0.2692804108920987,0.510798017239449,1.2695179661558254,-0.0018734453841556902,5.151383772628657e-05,1.6553711549585576e-07,21.72742643455151,-20.77392058401136,-0.072939952468642,0.7853811787230708,0.8330755647510324,-0.03528257820803022
