,flag,epoch,sbx,sby,sbz,sbvx,sbvy,sbvz
0,1.0,2456080.0,2.051032381998559,-1.065530154137347,-0.1523253038300707,1.947441053927403,3.9538847616909747,0.4409383610710527
