,flag,epoch,sbx,sby,sbz,sbvx,sbvy,sbvz
0,1.0,2457564.5,28.397067580327736,36.459759457733256,-2.2168255965518355,-0.7336689390766684,0.5121541706263557,-0.002585397596764047
