,flag,epoch,sbx,sby,sbz,sbvx,sbvy,sbvz
0,1.0,2457970.0,1.7631834870528265,1.256162868227947,-0.05639290105840007,-2.6733637113927124,3.431413318960684,0.5634192361123679
1,1.0,2457970.0,1.7631834222646694,1.2561629155073422,-0.056392913551152626,-2.673363819605598,3.4314132790905116,0.5634192881418856
