,flag,epoch,sbx,sby,sbz,sbvx,sbvy,sbvz
0,1.0,2457800.0,-33.334018211004924,-18.431840092124006,13.735705095782144,0.36528619632198917,-0.7828995980986456,-0.5219759273099273
