,flag,epoch,sbx,sby,sbz,sbvx,sbvy,sbvz
0,1.0,2457804.5,-33.32494831819668,-18.45130647618063,13.72274472672609,0.3657784906768314,-0.7826260813895286,-0.5221790741493997
