,flag,epoch,sbx,sby,sbz,sbvx,sbvy,sbvz
0,1.0,2458165.5,-2.2276750048184453,2.0905158690020498,-0.13361887613537848,-2.391190749756895,-2.4525835402810694,0.5817250437959585
