,flag,epoch,sbx,sby,sbz,sbvx,sbvy,sbvz
0,1.0,2457580.0,-0.763771795544007,2.2331054557045036,0.235632323741594,-3.7067571284336314,-1.52368036880912,-0.2973979380238277
1,1.0,2457580.0,-0.7637719034267152,2.2331054344773404,0.23563231549714014,-3.7067570729157366,-1.5236804404721562,-0.2973979395679533
