,flag,epoch,sbx,sby,sbz,sbvx,sbvy,sbvz
0,1,2455180.5,-34.00013371532063,-26.34565735946934,2.083668728039228,0.5491069832957585,-0.7951608838406132,-0.03379248404614014
