,mass_1,radius_1,x_1,y_1,z_1,vx_1,vy_1,vz_1,mass_2,radius_2,x_2,y_2,z_2,vx_2,vy_2,vz_2,mass_3,radius_3,x_3,y_3,z_3,vx_3,vy_3,vz_3,mass_4,radius_4,x_4,y_4,z_4,vx_4,vy_4,vz_4,mass_5,radius_5,x_5,y_5,z_5,vx_5,vy_5,vz_5,mass_6,radius_6,x_6,y_6,z_6,vx_6,vy_6,vz_6,mass_7,radius_7,x_7,y_7,z_7,vx_7,vy_7,vz_7,mass_8,radius_8,x_8,y_8,z_8,vx_8,vy_8,vz_8
0,1.660120825375342e-07,1.631393540950981e-08,0.2779834752032045,0.1675359038547489,-0.01181298270051325,-7.313994367001562,9.251306257782163,1.4269435404419102,2.447838287784771e-06,4.045378434654418e-08,0.6432618698623747,0.3317661848983336,-0.0325710667500308,-3.409684356275507,6.533823093508903,0.28635150282034516,3.040432648020684e-06,4.437104331057835e-07,0.06415085916012299,0.9818787804969641,-3.733685308096612e-05,-6.372910196583938,0.3862991694144848,1.625761193282045e-05,3.2271560375549955e-07,2.270212793877687e-08,1.386710435890137,0.1784113992864901,-0.03029411602196371,-0.4564534577028211,5.506814206740074,0.12660111171076652,0.0009547919099366768,4.778945025452157e-07,-5.377135806901355,-0.913581418082375,0.1241136444927352,0.4289478064606453,-2.5895666669810207,0.0011555523238040853,0.0002858856700231729,4.0286669668487467e-07,-1.940938676241538,-9.85457479954182,0.2485453317394541,1.8885493347476088,-0.4021312680351561,-0.06819603856058486,4.3662496132004074e-05,1.708513622580592e-07,18.3611562804776,7.778206912490714,-0.2088581061646906,-0.5700976999886851,1.253289682529331,0.012043824417763617,5.151383772628657e-05,1.6553711549585576e-07,28.32209302343998,-9.735160698738623,-0.4522362962325838,0.36581975291260377,1.0887196029822326,-0.030898697262973066
