,mass_1,radius_1,x_1,y_1,z_1,vx_1,vy_1,vz_1,mass_2,radius_2,x_2,y_2,z_2,vx_2,vy_2,vz_2,mass_3,radius_3,x_3,y_3,z_3,vx_3,vy_3,vz_3,mass_4,radius_4,x_4,y_4,z_4,vx_4,vy_4,vz_4,mass_5,radius_5,x_5,y_5,z_5,vx_5,vy_5,vz_5,mass_6,radius_6,x_6,y_6,z_6,vx_6,vy_6,vz_6,mass_7,radius_7,x_7,y_7,z_7,vx_7,vy_7,vz_7,mass_8,radius_8,x_8,y_8,z_8,vx_8,vy_8,vz_8
0,1.660120825375342e-07,1.631393540950981e-08,-0.3772998677548177,0.03339167170836761,0.03734194287518493,-3.041914298554265,-9.794549480539864,-0.5212761740493781,2.447838287784771e-06,4.045378434654418e-08,-0.477870152723494,0.5353013334428456,0.03491892892922528,-5.53753905403621,-4.95933996372248,0.251523633412371,3.040432648020684e-06,4.437104331057835e-07,0.9846009233484226,0.1776464419038336,-1.172230120733162e-05,-1.2180383144412443,6.16069029157792,-0.0002516468274592815,3.2271560375549955e-07,2.270212793877687e-08,-1.499226046319745,0.7246680451389161,0.05197946739506355,-2.032517591862592,-4.165263974910282,-0.03740368245424046,0.0009547919099366768,4.778945025452157e-07,-4.639783374586086,-2.845195435238877,0.1156359909156136,1.4088206173698892,-2.2216999837563374,-0.022297658772163206,0.0002858856700231729,4.0286669668487467e-07,-0.4261506616300317,-10.05172967365069,0.1916729571092989,1.92585291692023,-0.09447963813211295,-0.07501247244176378,4.3662496132004074e-05,1.708513622580592e-07,17.88116766904607,8.758998186190105,-0.1990000991222799,-0.6408706639175227,1.2209736200168477,0.01282644814496282,5.151383772628657e-05,1.6553711549585576e-07,28.59931810903066,-8.867737687104471,-0.4765243882118089,0.3335804428369095,1.0999837624958728,-0.03038174538040991
