,flag,epoch,sbx,sby,sbz,sbvx,sbvy,sbvz
0,1.0,2457310.0,-2.4571837181323835,-0.800506687305581,0.07664778565249669,1.15339594865908,-3.390318849966026,0.02419973824785611
1,1.0,2457310.0,-2.4571837119065734,-0.8005067359776858,0.0766477687787695,1.1533959932070275,-3.3903188185085242,0.02419979617270542
