,mass_1,radius_1,x_1,y_1,z_1,vx_1,vy_1,vz_1,mass_2,radius_2,x_2,y_2,z_2,vx_2,vy_2,vz_2,mass_3,radius_3,x_3,y_3,z_3,vx_3,vy_3,vz_3,mass_4,radius_4,x_4,y_4,z_4,vx_4,vy_4,vz_4,mass_5,radius_5,x_5,y_5,z_5,vx_5,vy_5,vz_5,mass_6,radius_6,x_6,y_6,z_6,vx_6,vy_6,vz_6,mass_7,radius_7,x_7,y_7,z_7,vx_7,vy_7,vz_7,mass_8,radius_8,x_8,y_8,z_8,vx_8,vy_8,vz_8
0,1.660120825375342e-07,1.631393540950981e-08,0.3595184705808074,-0.04837046719538764,-0.0369394982396684,-0.6177335086362252,10.644606033180343,0.926402782646226,2.447838287784771e-06,4.045378434654418e-08,0.1696100669846174,0.7002719078251979,-0.0001943643498568767,-7.204768846864093,1.7031647462240609,0.4391470720270977,3.040432648020684e-06,4.437104331057835e-07,-0.8240543331349308,0.544628956416595,-1.419937634940433e-05,-3.5670115499149655,-5.2660348428761,0.00016044122625282286,3.2271560375549955e-07,2.270212793877687e-08,-1.522732064165326,0.6738957887229593,0.05150951506135192,-1.87643184736352,-4.237832587054963,-0.04272025437753621,0.0009547919099366768,4.778945025452157e-07,3.514656221511575,3.528020765183981,-0.09330177299369942,-1.9878016904801272,2.0783077635677474,0.03585230283174013,0.0002858856700231729,4.0286669668487467e-07,-8.852684210051203,-3.955410203353143,0.421234121201386,0.719537733520119,-1.8633987312188682,0.003768803769609946,4.3662496132004074e-05,1.708513622580592e-07,20.02518375575587,1.378820551985884,-0.2542793946789892,-0.11079237765700856,1.3677530964851712,0.00652493200384062,5.151383772628657e-05,1.6553711549585576e-07,26.08795948498942,-14.8116993792774,-0.2960986898138245,0.5568860933588047,1.0053560215260193,-0.03350966292193244
