,flag,epoch,sbx,sby,sbz,sbvx,sbvy,sbvz
0,1.0,2457271.5,47.74429102731875,1.728107462213894,-0.6846052999099481,-0.03205948033554278,0.8699134798448388,-0.009972864431574644
