,flag,epoch,sbx,sby,sbz,sbvx,sbvy,sbvz
0,1,2457380.0,-1.2461210832520373,-2.3047330998275704,-0.18696598906905,3.492721545403009,-1.0622235123765367,-0.06918126155227572
