,flag,epoch,sbx,sby,sbz,sbvx,sbvy,sbvz
0,1.0,2457700.0,2.0673183973085494,1.2045760108498533,-0.10647542191103784,-1.7433664097019954,3.5288872132902935,-0.41585034193230536
1,1.0,2457700.0,2.0673183823924735,1.2045759655103652,-0.1064754268037709,-1.7433664118219254,3.528887276976081,-0.4158503442384741
