,flag,epoch,sbx,sby,sbz,sbvx,sbvy,sbvz
0,1.0,2457620.0,1.8452784800104114,1.3135862802965925,0.05393658993740294,-1.9834034500439768,3.741896753629644,-0.43297346359638306
1,1.0,2457620.0,1.8452784648672176,1.3135863413256204,0.05393658926290655,-1.983403488976038,3.7418966902168926,-0.4329734653351946
