,mass_1,radius_1,x_1,y_1,z_1,vx_1,vy_1,vz_1,mass_2,radius_2,x_2,y_2,z_2,vx_2,vy_2,vz_2,mass_3,radius_3,x_3,y_3,z_3,vx_3,vy_3,vz_3,mass_4,radius_4,x_4,y_4,z_4,vx_4,vy_4,vz_4,mass_5,radius_5,x_5,y_5,z_5,vx_5,vy_5,vz_5,mass_6,radius_6,x_6,y_6,z_6,vx_6,vy_6,vz_6,mass_7,radius_7,x_7,y_7,z_7,vx_7,vy_7,vz_7,mass_8,radius_8,x_8,y_8,z_8,vx_8,vy_8,vz_8
0,1.660120825375342e-07,1.631393540950981e-08,0.3600062385201191,-0.08310671533204872,-0.03981766646852336,0.318949906815867,10.473573541535277,0.8265705079235343,2.447838287784771e-06,4.045378434654418e-08,-0.546014875095649,0.4654289637102085,0.03789319815772779,-4.820392901373763,-5.660309479717489,0.20052299720692196,3.040432648020684e-06,4.437104331057835e-07,-0.5111913201336548,-0.8734127517136734,3.931930214150798e-05,5.321167417100915,-3.197756610570423,0.00011604196188829973,3.2271560375549955e-07,2.270212793877687e-08,-0.1508529487975376,-1.460121856316228,-0.02689190970638438,5.2768388532484884,-0.08641517685242962,-0.13130319536615123,0.0009547919099366768,4.778945025452157e-07,-3.545075815852965,-4.081361547128035,0.09627430163235555,2.049435665365071,-1.6791172989139813,-0.03888388353223531,0.0002858856700231729,4.0286669668487467e-07,0.7842509768002934,-10.03393444375443,0.1431896809696487,1.9219146660299904,0.15105081362302847,-0.07911111879455651,4.3662496132004074e-05,1.708513622580592e-07,17.46114332335307,9.517431972199265,-0.1907524434844354,-0.6959090935730265,1.1927366249664066,0.013423623964315012,5.151383772628657e-05,1.6553711549585576e-07,28.80079536161481,-8.1739014471156,-0.4954798545589578,0.30766434179776986,1.1084220814374899,-0.02994898836869236
