,mass_1,radius_1,x_1,y_1,z_1,vx_1,vy_1,vz_1,mass_2,radius_2,x_2,y_2,z_2,vx_2,vy_2,vz_2,mass_3,radius_3,x_3,y_3,z_3,vx_3,vy_3,vz_3,mass_4,radius_4,x_4,y_4,z_4,vx_4,vy_4,vz_4,mass_5,radius_5,x_5,y_5,z_5,vx_5,vy_5,vz_5,mass_6,radius_6,x_6,y_6,z_6,vx_6,vy_6,vz_6,mass_7,radius_7,x_7,y_7,z_7,vx_7,vy_7,vz_7,mass_8,radius_8,x_8,y_8,z_8,vx_8,vy_8,vz_8
0,1.660120825375342e-07,1.631393540950981e-08,-0.389625043367569,-0.1494951258092377,0.02354304088533871,1.5550334944397686,-9.148763816357274,-0.8901358121039074,2.447838287784771e-06,4.045378434654418e-08,-0.6521910376420469,0.2993635854735414,0.04173892739908415,-3.114466061255468,-6.749277069502635,0.08742737851167176,3.040432648020684e-06,4.437104331057835e-07,0.1290184935344243,-1.008408674498183,1.264449286469796e-05,6.130735773208034,0.7740926157170892,-1.1581655248224143e-05,3.2271560375549955e-07,2.270212793877687e-08,1.12369549021681,-0.806382179263465,-0.04450123804484096,3.174185380215482,4.590289544973967,0.018202508317529367,0.0009547919099366768,4.778945025452157e-07,-5.111225356444021,-1.902388282289394,0.1222723755418524,0.9279579159369187,-2.4555464780071325,-0.010570925223081095,0.0002858856700231729,4.0286669668487467e-07,-4.532342802075282,7.866765046900215,0.04341838948304462,-1.8744225594070238,-1.0237740662934316,0.09238926824327141,4.3662496132004074e-05,1.708513622580592e-07,18.60592604382545,-7.51155660639722,-0.2689093701270044,0.5275368690219964,1.2626895074116284,-0.0021120824987911784,5.151383772628657e-05,1.6553711549585576e-07,21.58068348445179,-20.92848221444323,-0.06637002701822838,0.7910081333543056,0.8273251534728375,-0.03529512125872516
