,mass_1,radius_1,x_1,y_1,z_1,vx_1,vy_1,vz_1,mass_2,radius_2,x_2,y_2,z_2,vx_2,vy_2,vz_2,mass_3,radius_3,x_3,y_3,z_3,vx_3,vy_3,vz_3,mass_4,radius_4,x_4,y_4,z_4,vx_4,vy_4,vz_4,mass_5,radius_5,x_5,y_5,z_5,vx_5,vy_5,vz_5,mass_6,radius_6,x_6,y_6,z_6,vx_6,vy_6,vz_6,mass_7,radius_7,x_7,y_7,z_7,vx_7,vy_7,vz_7,mass_8,radius_8,x_8,y_8,z_8,vx_8,vy_8,vz_8
0,1.660120825375342e-07,1.631393540950981e-08,-0.1695590791657043,-0.4328562259731376,-0.01981634208498821,7.5022170909961785,-3.241788517905352,-0.9531077705274419,2.447838287784771e-06,4.045378434654418e-08,0.1148916985066696,-0.7181341737833392,-0.01648452457456675,7.24532989767002,1.141152927176134,-0.40244659553491813,3.040432648020684e-06,4.437104331057835e-07,-0.02021921554056884,-1.016004652810879,4.71992685819591e-05,6.180322928624349,-0.14854654031798295,-6.708697954065184e-06,3.2271560375549955e-07,2.270212793877687e-08,0.8608101211362028,-1.097252757009031,-0.04410944549989048,4.2151633705390905,3.592980109584634,-0.02811947987580028,0.0009547919099366768,4.778945025452157e-07,1.7666575897174,-4.853290353880794,-0.01936876538206889,2.5594481217510596,1.0739888608435475,-0.061724872022927875,0.0002858856700231729,4.0286669668487467e-07,4.61129582554056,-8.890011799254331,-0.02897680320025197,1.6986464456140649,0.9338334305848967,-0.08381903016145398,4.3662496132004074e-05,1.708513622580592e-07,15.82659885686174,11.89222877877584,-0.1608376507307732,-0.8710942059853637,1.0825553057323916,0.015253970230733629,5.151383772628657e-05,1.6553711549585576e-07,29.35001193988954,-5.83798552126536,-0.5562647728097851,0.21879494696744778,1.1327918512675514,-0.028358069832344488
