,flag,epoch,sbx,sby,sbz,sbvx,sbvy,sbvz
0,1.0,2457540.0,2.0087586857809168,-0.3010761422888881,-0.04028345759587498,0.4642039332946524,4.6056506519628915,0.5923085704800876
1,1.0,2457540.0,2.0087586714117123,-0.3010761775367876,-0.04028343526349633,0.46420396872469855,4.605650676595508,0.592308559074274
