,flag,epoch,sbx,sby,sbz,sbvx,sbvy,sbvz
0,1,2457020.0,-2.59201130194054,2.6712887678242128,-1.322094008422872,-2.1501401841517676,-1.6774933369217664,0.26345311811511846
