,flag,epoch,sbx,sby,sbz,sbvx,sbvy,sbvz
0,1.0,2457930.0,-2.2645353864803957,-0.7885968560282367,-0.17416170036728967,1.7414542846469236,-3.576727537532001,0.31633977605860775
1,1.0,2457930.0,-2.264535430085463,-0.7885968354267502,-0.17416170749555537,1.7414542120625627,-3.5767275183907707,0.31633973932372034
