,flag,epoch,sbx,sby,sbz,sbvx,sbvy,sbvz
0,1,2457322.5,-30.2166139005681,-17.508510170713677,-12.700736106822996,0.5545047421171617,-0.8797967073225053,-0.2120271865520084
