,flag,epoch,sbx,sby,sbz,sbvx,sbvy,sbvz
0,1.0,2457965.5,-2.1647522190518806,2.0708286975155015,0.7162228388986771,-2.4878464222109775,-2.0535214486267526,0.31781328961878125
