,flag,epoch,sbx,sby,sbz,sbvx,sbvy,sbvz
0,1.0,2457924.5,-2.1644956270571685,0.7663220430511388,-0.5195623021214584,-1.3919045429176409,-4.063891341325562,0.03925232884047464
