,flag,epoch,sbx,sby,sbz,sbvx,sbvy,sbvz
0,1.0,2457760.0,0.19450493766355992,2.2104459745394944,-0.26872796329611454,-4.2338390706981945,0.8304277649261617,-0.09566081347348522
1,1.0,2457760.0,0.19450493363468235,2.2104459659456897,-0.26872796049634795,-4.233839087300016,0.8304277382996754,-0.09566079613148189
