,flag,epoch,sbx,sby,sbz,sbvx,sbvy,sbvz
0,1.0,2457481.5,28.121479897413252,30.79922993055701,-25.22850017713112,-0.5193637575932925,0.9868832415800699,-0.2606248108277614
