,flag,epoch,sbx,sby,sbz,sbvx,sbvy,sbvz
0,1.0,2456720.0,2.9109512820561143,0.5163412194522277,-0.5680977573334239,0.045182510934551466,3.38341248834658,0.5686888290283968
