,flag,epoch,sbx,sby,sbz,sbvx,sbvy,sbvz
0,1.0,2457085.5,-37.393161395389754,48.91702135993086,-1.6184053388184498,-0.7128281195498181,-0.12975343337176928,-0.35049478397509193
