,flag,epoch,sbx,sby,sbz,sbvx,sbvy,sbvz
0,1,2457120.0,1.8019824627193763,2.139176464048648,0.1570511740805458,-2.944015200472243,2.2914937972610243,-0.05198373505669064
