,mass_1,radius_1,x_1,y_1,z_1,vx_1,vy_1,vz_1,mass_2,radius_2,x_2,y_2,z_2,vx_2,vy_2,vz_2,mass_3,radius_3,x_3,y_3,z_3,vx_3,vy_3,vz_3,mass_4,radius_4,x_4,y_4,z_4,vx_4,vy_4,vz_4,mass_5,radius_5,x_5,y_5,z_5,vx_5,vy_5,vz_5,mass_6,radius_6,x_6,y_6,z_6,vx_6,vy_6,vz_6,mass_7,radius_7,x_7,y_7,z_7,vx_7,vy_7,vz_7,mass_8,radius_8,x_8,y_8,z_8,vx_8,vy_8,vz_8
0,1.660120825375342e-07,1.631393540950981e-08,0.3601515374461719,-0.06578047770962425,-0.03841708860063973,-0.14356920042741436,10.569196527398875,0.8767702423104308,2.447838287784771e-06,4.045378434654418e-08,-0.2208387666241206,0.683713355714581,0.02211525311235378,-7.055075461002815,-2.311751195910041,0.37545657777167046,3.040432648020684e-06,4.437104331057835e-07,-0.971485744863947,-0.236771509396984,1.08585862642954e-05,1.3856794811986095,-6.128872163178252,0.00020015785414737933,3.2271560375549955e-07,2.270212793877687e-08,1.036125853944705,1.029828028901548,-0.00385268867972994,-3.4079113249748705,4.061237509409616,0.16874268913086918,0.0009547919099366768,4.778945025452157e-07,-4.205976571023961,3.304099608980887,0.08039297961076285,-1.7371560351971889,-2.039256444436472,0.04734056732093591,0.0002858856700231729,4.0286669668487467e-07,-4.99446975447841,-8.622206767452257,0.3487153584855005,1.650918897418596,-1.0288055051207787,-0.04786832453703012,4.3662496132004074e-05,1.708513622580592e-07,19.20164609044211,5.585898812513841,-0.2279145010078396,-0.4128783203329226,1.31030002658762,0.010240726404223145,5.151383772628657e-05,1.6553711549585576e-07,27.63862996639437,-11.57295631790195,-0.3985586249449866,0.43398856629967303,1.0622683145449967,-0.03191752712364656
