,flag,epoch,sbx,sby,sbz,sbvx,sbvy,sbvz
0,1.0,2456575.5,59.19050272713419,15.682550945501756,-0.5791982844983292,-0.7336072641470505,0.7289571364508994,-0.16266955271782246
