,flag,epoch,sbx,sby,sbz,sbvx,sbvy,sbvz
0,1.0,2457662.5,-29.692076825145122,14.951238094012258,-6.53892883966733,-0.6459913100107283,-1.0802777316122303,0.29015272031050376
