,flag,epoch,sbx,sby,sbz,sbvx,sbvy,sbvz
0,1.0,2458194.5,44.364415397148846,0.672790630212817,-2.7046839433654695,0.046091319640440276,0.9448606816690098,-0.04621674564413009
