,mass_1,radius_1,x_1,y_1,z_1,vx_1,vy_1,vz_1,mass_2,radius_2,x_2,y_2,z_2,vx_2,vy_2,vz_2,mass_3,radius_3,x_3,y_3,z_3,vx_3,vy_3,vz_3,mass_4,radius_4,x_4,y_4,z_4,vx_4,vy_4,vz_4,mass_5,radius_5,x_5,y_5,z_5,vx_5,vy_5,vz_5,mass_6,radius_6,x_6,y_6,z_6,vx_6,vy_6,vz_6,mass_7,radius_7,x_7,y_7,z_7,vx_7,vy_7,vz_7,mass_8,radius_8,x_8,y_8,z_8,vx_8,vy_8,vz_8
0,1.660120825375342e-07,1.631393540950981e-08,0.148113486889054,-0.4210910908099063,-0.04799626400882,7.6348144526803425,3.930150386586514,-0.37929391867396567,2.447838287784771e-06,4.045378434654418e-08,-0.6384965039824212,-0.3357604081981901,0.03224135441878977,3.3873815484327903,-6.572997713413575,-0.2855989425708724,3.040432648020684e-06,4.437104331057835e-07,0.907535758054661,-0.4440330274389444,1.219797054948953e-05,2.6593019218261382,5.621138026070206,-0.00022293028998091348,3.2271560375549955e-07,2.270212793877687e-08,0.625556365809556,-1.262015714320969,-0.0417988293547716,4.77243290986101,2.709240491926316,-0.06035174657397133,0.0009547919099366768,4.778945025452157e-07,-5.446777079070601,-0.1049114597147569,0.1223140009874706,0.020122935152013313,-2.628037506615102,0.010462471432013417,0.0002858856700231729,4.0286669668487467e-07,-2.521186577597538,-9.711842852235215,0.2691659036434969,1.8613243301227107,-0.520351634503942,-0.06506364092885593,4.3662496132004074e-05,1.708513622580592e-07,18.53319394245274,7.388657135783188,-0.2125351767681186,-0.5420376563307254,1.2648817267621624,0.011727274168612802,5.151383772628657e-05,1.6553711549585576e-07,28.20697731660404,-10.07128061446547,-0.4426463920881925,0.3783314336407059,1.0841269797300532,-0.031094321840733193
