,mass_1,radius_1,x_1,y_1,z_1,vx_1,vy_1,vz_1,mass_2,radius_2,x_2,y_2,z_2,vx_2,vy_2,vz_2,mass_3,radius_3,x_3,y_3,z_3,vx_3,vy_3,vz_3,mass_4,radius_4,x_4,y_4,z_4,vx_4,vy_4,vz_4,mass_5,radius_5,x_5,y_5,z_5,vx_5,vy_5,vz_5,mass_6,radius_6,x_6,y_6,z_6,vx_6,vy_6,vz_6,mass_7,radius_7,x_7,y_7,z_7,vx_7,vy_7,vz_7,mass_8,radius_8,x_8,y_8,z_8,vx_8,vy_8,vz_8
0,1.660120825375342e-07,1.631393540950981e-08,-0.331082226147509,0.1318996398359392,0.04115252965054346,-5.922758943428061,-9.10906714587336,-0.20091699697830145,2.447838287784771e-06,4.045378434654418e-08,0.3352541995684425,-0.6456796527408921,-0.0281967641591072,6.506753231742355,3.3793541479217155,-0.32917202358284625,3.040432648020684e-06,4.437104331057835e-07,0.6150282155640792,-0.8076586337868853,2.491212120346114e-05,4.897194119228654,3.7834987457996094,-0.0001436844236337439,3.2271560375549955e-07,2.270212793877687e-08,-0.4307112844078391,1.546367850551585,0.0429730585571798,-4.72969996799644,-0.9373509302163773,0.0964440695845639,0.0009547919099366768,4.778945025452157e-07,-4.708498787206969,2.604074940251659,0.09454462506465508,-1.368003143261646,-2.283961947929837,0.04009539545245986,0.0002858856700231729,4.0286669668487467e-07,-4.451054649099238,-8.936486557904551,0.3325361567785988,1.711953281289235,-0.9161957494246936,-0.0522524431542899,4.3662496132004074e-05,1.708513622580592e-07,19.06338729361941,6.007703864981478,-0.2245493087011337,-0.4430234183628102,1.300880996121578,0.010592033453204528,5.151383772628657e-05,1.6553711549585576e-07,27.77678391885258,-11.22892695925911,-0.4088410347181948,0.4212511390146895,1.067516122284135,-0.03173599322264213
