,flag,epoch,sbx,sby,sbz,sbvx,sbvy,sbvz
0,1.0,2457680.0,-24.219227910892258,-34.66161417326387,8.02845544554853,0.6867751387956029,-0.6570726208608741,0.05356239603095423
