,flag,epoch,sbx,sby,sbz,sbvx,sbvy,sbvz
0,1,2456961.5,0.5498611158639515,2.697046162040803,0.03219467744656887,-3.6491016554060893,1.06479488988759,-0.7830283127134524
