,mass_1,radius_1,x_1,y_1,z_1,vx_1,vy_1,vz_1,mass_2,radius_2,x_2,y_2,z_2,vx_2,vy_2,vz_2,mass_3,radius_3,x_3,y_3,z_3,vx_3,vy_3,vz_3,mass_4,radius_4,x_4,y_4,z_4,vx_4,vy_4,vz_4,mass_5,radius_5,x_5,y_5,z_5,vx_5,vy_5,vz_5,mass_6,radius_6,x_6,y_6,z_6,vx_6,vy_6,vz_6,mass_7,radius_7,x_7,y_7,z_7,vx_7,vy_7,vz_7,mass_8,radius_8,x_8,y_8,z_8,vx_8,vy_8,vz_8
0,1.660120825375342e-07,1.631393540950981e-08,-0.3789210821022311,0.02817966338287986,0.03708151664612263,-2.8981049769588134,-9.805201697366545,-0.5349810523567117,2.447838287784771e-06,4.045378434654418e-08,0.7251484905919268,0.01482511595101479,-0.04165256526935422,-0.18202462383552134,7.352312879195078,0.1109846352448063,3.040432648020684e-06,4.437104331057835e-07,0.9842869315489498,-0.2120953807034917,-1.909788623533091e-06,1.2211740292672342,6.119358568980971,-2.3781823256252946e-06,3.2271560375549955e-07,2.270212793877687e-08,0.4627321378114134,-1.342031193489059,-0.03948965032282813,5.025187592572427,2.10438597951226,-0.07944358179043155,0.0009547919099366768,4.778945025452157e-07,4.45123138157102,2.17243763936608,-0.1086876929187384,-1.2457798664401358,2.6089440078651114,0.017085831263260798,0.0002858856700231729,4.0286669668487467e-07,6.873358017183453,6.116716327631564,-0.3797523282556649,-1.4631689582604843,1.5209714456518402,0.03169993652043868,4.3662496132004074e-05,1.708513622580592e-07,14.12710793483855,-14.03177182176161,-0.2352971215173851,1.000623770033059,0.9551376951290815,-0.009423727026337215,5.151383772628657e-05,1.6553711549585576e-07,16.52066808830167,-25.1899981512669,0.138005174936794,0.9499571461338584,0.6381588276946414,-0.034982880556335076
