,mass_1,radius_1,x_1,y_1,z_1,vx_1,vy_1,vz_1,mass_2,radius_2,x_2,y_2,z_2,vx_2,vy_2,vz_2,mass_3,radius_3,x_3,y_3,z_3,vx_3,vy_3,vz_3,mass_4,radius_4,x_4,y_4,z_4,vx_4,vy_4,vz_4,mass_5,radius_5,x_5,y_5,z_5,vx_5,vy_5,vz_5,mass_6,radius_6,x_6,y_6,z_6,vx_6,vy_6,vz_6,mass_7,radius_7,x_7,y_7,z_7,vx_7,vy_7,vz_7,mass_8,radius_8,x_8,y_8,z_8,vx_8,vy_8,vz_8
0,1.660120825375342e-07,1.631393540950981e-08,-0.3068565880077232,-0.3300395340889427,0.001185004050107909,5.4375256225272866,-6.525707005845043,-1.032079197085905,2.447838287784771e-06,4.045378434654418e-08,0.6130203181149197,-0.3906022910867056,-0.04072956077648233,3.9251146151233396,6.200574759584897,-0.1415100791119188,3.040432648020684e-06,4.437104331057835e-07,0.8342321441873919,-0.5732001315435213,1.614053054738262e-05,3.4563528211546086,5.155684661214153,-0.00019142823397518707,3.2271560375549955e-07,2.270212793877687e-08,-0.6702281448186757,1.478136074760773,0.04742199221554533,-4.461107766270804,-1.6763430086607716,0.07436628179103127,0.0009547919099366768,4.778945025452157e-07,-4.7780394505816,2.48438655680462,0.09659771648136754,-1.3055282735220175,-2.3174643398988137,0.038836691781584456,0.0002858856700231729,4.0286669668487467e-07,-4.361762010324277,-8.983666722264706,0.3298002246476776,1.7210807746850116,-0.8977439736568071,-0.052935837073232,4.3662496132004074e-05,1.708513622580592e-07,19.0402154425067,6.075333848679449,-0.2239968478158239,-0.44787343435419674,1.299310776446878,0.010648686613701231,5.151383772628657e-05,1.6553711549585576e-07,27.79864323713252,-11.17337377852535,-0.4104911307040888,0.4191808778861971,1.0683566224956518,-0.03170575959022958
