,flag,epoch,sbx,sby,sbz,sbvx,sbvy,sbvz
0,1.0,2457768.5,29.38118420358603,6.598754262419739,6.082669488948121,-0.6660800190800409,1.219705699566237,0.09592614470628835
