,flag,epoch,sbx,sby,sbz,sbvx,sbvy,sbvz
0,1,2457066.5,-35.43505614535397,23.715000462243314,-0.796351030733351,-0.6145336323026807,-0.7433816301001905,-0.1328044970968984
