,flag,epoch,sbx,sby,sbz,sbvx,sbvy,sbvz
0,1.0,2457830.0,1.356946401796539,1.9985537690935715,0.018910791584483923,-3.430947048162897,2.066816643343362,0.5090611956467522
1,1.0,2457830.0,1.3569463802482487,1.998553754322586,0.018910773993691267,-3.4309470912011535,2.066816648404495,0.5090611486483291
