,flag,epoch,sbx,sby,sbz,sbvx,sbvy,sbvz
0,1,2457882.5,-16.818340846622032,-33.10648859902684,5.820301694466789,0.9991711228903509,-0.26451201972928173,0.18675577680009722
