,flag,epoch,sbx,sby,sbz,sbvx,sbvy,sbvz
0,1.0,2457720.0,2.1307336593010606,-0.08602291915132798,-0.016534177077856704,-0.14103528254515488,4.468144535349082,0.5572095112625965
1,1.0,2457720.0,2.130733636789632,-0.08602288719194917,-0.01653417587363447,-0.14103533976490312,4.4681445803880555,0.5572095180401974
