,flag,epoch,sbx,sby,sbz,sbvx,sbvy,sbvz
0,1.0,2456280.0,-2.675236293832857,1.673283924672141,0.5277500354865183,-1.4130296288658115,-3.16626986127567,0.23650766103489332
1,1.0,2456280.0,-2.6752363638652072,1.673283784463512,0.5277500785927935,-1.4130294939531136,-3.166269935256429,0.23650763754913218
