,flag,epoch,sbx,sby,sbz,sbvx,sbvy,sbvz
0,1,2455606.5,-0.5965767826288013,-3.2414213258152493,0.10810434791781826,3.0342071147192637,0.05133619391910228,-0.5675526687818727
