,mass_1,radius_1,x_1,y_1,z_1,vx_1,vy_1,vz_1,mass_2,radius_2,x_2,y_2,z_2,vx_2,vy_2,vz_2,mass_3,radius_3,x_3,y_3,z_3,vx_3,vy_3,vz_3,mass_4,radius_4,x_4,y_4,z_4,vx_4,vy_4,vz_4,mass_5,radius_5,x_5,y_5,z_5,vx_5,vy_5,vz_5,mass_6,radius_6,x_6,y_6,z_6,vx_6,vy_6,vz_6,mass_7,radius_7,x_7,y_7,z_7,vx_7,vy_7,vz_7,mass_8,radius_8,x_8,y_8,z_8,vx_8,vy_8,vz_8
0,1.660120825375342e-07,1.631393540950981e-08,-0.1211622710106895,0.2913376806670135,0.03492028450888198,-11.552327394391448,-3.5608012797088464,0.769457159241601,2.447838287784771e-06,4.045378434654418e-08,0.6880420043336533,-0.2326634070857074,-0.04289290751895487,2.3268701514955707,6.965918517383192,-0.03911553195668365,3.040432648020684e-06,4.437104331057835e-07,0.9206691831702307,-0.4151779183734432,-1.863624022235284e-06,2.480750828400206,5.704792111759691,2.288155633228149e-08,3.2271560375549955e-07,2.270212793877687e-08,0.2875122983953038,-1.403132924032408,-0.03646243736944891,5.200285019506454,1.4644908926349467,-0.09715334572662945,0.0009547919099366768,4.778945025452157e-07,4.493015953961027,2.082743826251193,-0.1092517124852062,-1.1960290994296985,2.632597899854971,0.015874343034610636,0.0002858856700231729,4.0286669668487467e-07,6.923226786481329,6.06448211818689,-0.3808258644911591,-1.4511494264020708,1.531578634527344,0.031037341374766894,4.3662496132004074e-05,1.708513622580592e-07,14.09282106726758,-14.06441886854149,-0.2349738967943865,1.0030999434913526,0.9527543882473003,-0.009465502472376926,5.151383772628657e-05,1.6553711549585576e-07,16.48814258328713,-25.21181701963364,0.1392023071477483,0.9508331654611036,0.6369353503826014,-0.03497750058410053
