,flag,epoch,sbx,sby,sbz,sbvx,sbvy,sbvz
0,1,2458130.0,-2.0638587482580597,-2.6812603727011517,-0.7616154817792277,2.3705842608433776,-2.1142090404301728,0.3596039079891412
