,flag,epoch,sbx,sby,sbz,sbvx,sbvy,sbvz
0,1.0,2457630.0,-0.9300023742299982,-1.9955017719441344,0.03448373853984599,4.136439096301536,-1.4971614920525318,0.4073288626227976
1,1.0,2457630.0,-0.9300023170995295,-1.9955017300690416,0.03448375719602953,4.136439245042622,-1.4971614194720408,0.4073288755105312
