,flag,epoch,sbx,sby,sbz,sbvx,sbvy,sbvz
0,1,2455021.5,-36.604876355807534,-2.3466728774121486,7.1074241266271105,0.043664322285664095,-1.14319435896863,0.02429480599889568
