,flag,epoch,sbx,sby,sbz,sbvx,sbvy,sbvz
0,1.0,2457870.0,-0.04252292866236601,-2.345198378774373,-0.0048201974334021284,4.112248884895158,0.5190947434950105,-0.5128225967336943
1,1.0,2457870.0,-0.0425229183279677,-2.345198391598824,-0.004820199100039332,4.1122488669685815,0.519094742551983,-0.5128225966305703
