,flag,epoch,sbx,sby,sbz,sbvx,sbvy,sbvz
0,1.0,2457253.5,-1.253792959593306,-2.696432707501799,0.0845418337429306,3.348801128031249,-0.8284992384437276,0.04649870929794289
