,flag,epoch,sbx,sby,sbz,sbvx,sbvy,sbvz
0,1.0,2457640.0,1.7760032597220854,-1.7754697076895942,-0.2209750993755591,2.5655482478842466,2.8372511688242072,-0.3806888575691743
1,1.0,2457640.0,1.7760032518808266,-1.7754697012856273,-0.220975106948082,2.565548245897635,2.837251185084792,-0.38068888717016364
