,flag,epoch,sbx,sby,sbz,sbvx,sbvy,sbvz
0,1,2456644.5,-2.201878383761358,0.7126220539812631,-0.29256354459939293,-1.1139348727026896,-4.148515888485499,-0.525106209534752
