,mass_1,radius_1,x_1,y_1,z_1,vx_1,vy_1,vz_1,mass_2,radius_2,x_2,y_2,z_2,vx_2,vy_2,vz_2,mass_3,radius_3,x_3,y_3,z_3,vx_3,vy_3,vz_3,mass_4,radius_4,x_4,y_4,z_4,vx_4,vy_4,vz_4,mass_5,radius_5,x_5,y_5,z_5,vx_5,vy_5,vz_5,mass_6,radius_6,x_6,y_6,z_6,vx_6,vy_6,vz_6,mass_7,radius_7,x_7,y_7,z_7,vx_7,vy_7,vz_7,mass_8,radius_8,x_8,y_8,z_8,vx_8,vy_8,vz_8
0,1.660120825375342e-07,1.631393540950981e-08,-0.18647335701688,-0.4250338567766779,-0.01761926611051476,7.342979015636984,-3.625439886876137,-0.9699389272069032,2.447838287784771e-06,4.045378434654418e-08,0.2301151619120481,0.6831599179653436,-0.003919445357870789,-7.025627325324818,2.323140137207981,0.4373006129462924,3.040432648020684e-06,4.437104331057835e-07,0.06820759604992649,0.9816439593244102,-3.045182945119601e-05,-6.371078786868732,0.41207747343246764,-7.855007841887079e-06,3.2271560375549955e-07,2.270212793877687e-08,-1.428482463127297,0.8533151173492851,0.05294232982237063,-2.4291930029270494,-3.951605903253612,-0.023168504869333494,0.0009547919099366768,4.778945025452157e-07,-1.227041675903772,5.039778192770146,0.006526469002784252,-2.7137626920237383,-0.5219457922003977,0.06289324876892143,0.0002858856700231729,4.0286669668487467e-07,-6.936631820393274,-7.020576010238389,0.3982295615951447,1.3366176174157836,-1.4378387328518034,-0.028242196311744253,4.3662496132004074e-05,1.708513622580592e-07,19.65620317346866,3.871185883883903,-0.2402064711452708,-0.29015017518613884,1.3417728896266887,0.00876967383931718,5.151383772628657e-05,1.6553711549585576e-07,27.04489710926444,-12.9317489974481,-0.3568552284992582,0.4848164194262356,1.0403804313258382,-0.03261399402169082
