,flag,epoch,sbx,sby,sbz,sbvx,sbvy,sbvz
0,1.0,2457840.0,2.1303900964802085,0.1534405209594215,-0.14062797363653548,-0.6147711240688473,4.40120800844965,-0.42018096161882024
1,1.0,2457840.0,2.130390013221726,0.15344074338019764,-0.14062799555365216,-0.6147715192493145,4.401208071542413,-0.42018095165419406
