,mass_1,radius_1,x_1,y_1,z_1,vx_1,vy_1,vz_1,mass_2,radius_2,x_2,y_2,z_2,vx_2,vy_2,vz_2,mass_3,radius_3,x_3,y_3,z_3,vx_3,vy_3,vz_3,mass_4,radius_4,x_4,y_4,z_4,vx_4,vy_4,vz_4,mass_5,radius_5,x_5,y_5,z_5,vx_5,vy_5,vz_5,mass_6,radius_6,x_6,y_6,z_6,vx_6,vy_6,vz_6,mass_7,radius_7,x_7,y_7,z_7,vx_7,vy_7,vz_7,mass_8,radius_8,x_8,y_8,z_8,vx_8,vy_8,vz_8
0,1.660120825375342e-07,1.631393540950981e-08,-0.3729302041073688,-0.2137814828643011,0.01676235398626433,2.9962440784968636,-8.464100196285465,-0.9664392689774448,2.447838287784771e-06,4.045378434654418e-08,0.4809041804212336,0.5391356381724368,-0.02038453860364202,-5.535804586632052,4.885948033943141,0.3863417392363153,3.040432648020684e-06,4.437104331057835e-07,0.7085023713395048,0.6930538754540571,-5.037283399827462e-06,-4.496370499896182,4.468476539529851,-3.821538143998342e-05,3.2271560375549955e-07,2.270212793877687e-08,-1.651904448406662,0.09589263913231748,0.04259529126023336,-0.10492020689963061,-4.665833235523119,-0.09516910339493478,0.0009547919099366768,4.778945025452157e-07,-3.110358956471543,4.270355647325068,0.05187192277858899,-2.2643674843945796,-1.494153987158809,0.056875810379477865,0.0002858856700231729,4.0286669668487467e-07,0.9380839661279388,8.98675381993896,-0.1936591633171518,-2.1376717009312425,0.2060529486530144,0.08143368360893147,4.3662496132004074e-05,1.708513622580592e-07,16.90713038026112,-10.70128176933203,-0.258864290523893,0.7552819193920308,1.1455574809009899,-0.005482502508661516,5.151383772628657e-05,1.6553711549585576e-07,19.3893732689853,-23.00528523361714,0.026967778530269,0.8665605593210004,0.7442184182051551,-0.03530880380322737
