,flag,epoch,sbx,sby,sbz,sbvx,sbvy,sbvz
0,1.0,2454804.5,34.14238897693368,74.11815389009914,-4.219669056694022,-0.38127822041427484,0.45193950476913913,0.17119825689580379
