,flag,epoch,sbx,sby,sbz,sbvx,sbvy,sbvz
0,1.0,2453907.5,-0.5523198076924565,1.7582127717837288,0.4700383187572793,5.9265498951779785,1.4887233698214752,0.2965726353036087
