,flag,epoch,sbx,sby,sbz,sbvx,sbvy,sbvz
0,1.0,2455028.5,-36.30988857874404,10.751274642585141,-0.26722054169806153,-0.4897330535399143,-0.8436199882509983,-0.22986626193603793
