,mass_1,radius_1,x_1,y_1,z_1,vx_1,vy_1,vz_1,mass_2,radius_2,x_2,y_2,z_2,vx_2,vy_2,vz_2,mass_3,radius_3,x_3,y_3,z_3,vx_3,vy_3,vz_3,mass_4,radius_4,x_4,y_4,z_4,vx_4,vy_4,vz_4,mass_5,radius_5,x_5,y_5,z_5,vx_5,vy_5,vz_5,mass_6,radius_6,x_6,y_6,z_6,vx_6,vy_6,vz_6,mass_7,radius_7,x_7,y_7,z_7,vx_7,vy_7,vz_7,mass_8,radius_8,x_8,y_8,z_8,vx_8,vy_8,vz_8
0,1.660120825375342e-07,1.631393540950981e-08,-0.3783873203379292,0.02984797029765002,0.03715485651060372,-2.944333524793861,-9.802572449096376,-0.530814175453718,2.447838287784771e-06,4.045378434654418e-08,-0.3458972430420791,-0.63705929933198,0.01123023917499067,6.4412753675163925,-3.5580149441615263,-0.42048537349742476,3.040432648020684e-06,4.437104331057835e-07,0.6319625362948682,0.7616906445355637,-2.656781739318424e-05,-4.9382288577521605,3.9887441382673976,-0.00011881482600405165,3.2271560375549955e-07,2.270212793877687e-08,1.022092585592368,-0.9371245402760298,-0.04472208919028794,3.648875342147744,4.205360642473901,-0.0014460959045607083,0.0009547919099366768,4.778945025452157e-07,-3.452594183442253,4.026920574389189,0.06053328586255297,-2.127369297747997,-1.6654123729237347,0.05451823277388008,0.0002858856700231729,4.0286669668487467e-07,-5.620516758496243,-8.196681003046724,0.3662531876905877,1.5679890316043306,-1.1593242675890463,-0.04230067482022373,4.3662496132004074e-05,1.708513622580592e-07,19.35505694297664,5.074398485850121,-0.2318115824951895,-0.37626444158700384,1.3208694758685458,0.009805750879431308,5.151383772628657e-05,1.6553711549585576e-07,27.46692290957676,-11.98470844749285,-0.3861073998158767,0.44933831566658233,1.0558877565932037,-0.03213535204512369
