,flag,epoch,sbx,sby,sbz,sbvx,sbvy,sbvz
0,1,2456974.5,-3.165135374123836,1.0052339565187904,0.03597710380990038,-1.1180611239671534,-3.1397261173725695,0.6948209518783388
