,flag,epoch,sbx,sby,sbz,sbvx,sbvy,sbvz
0,1.0,2457806.5,-3.6888363594668374,-0.8681755021401303,-0.9813195982514437,0.8696803791427726,-2.6199554457409553,-0.19414991429731135
