,flag,epoch,sbx,sby,sbz,sbvx,sbvy,sbvz
0,1.0,2457500.0,2.1251883536736305,-0.814230498818975,0.03978886465275747,1.1320442816439822,3.9996013941634083,-0.46519915590678473
1,1.0,2457500.0,2.125188354337722,-0.8142304937168338,0.039788859474701156,1.1320442847794232,3.999601390695281,-0.46519916065599565
