,flag,epoch,sbx,sby,sbz,sbvx,sbvy,sbvz
0,1.0,2452906.5,38.52283035377406,-30.663849056345107,-0.4018306539454368,0.38980394606663393,0.7069158947857449,0.08286852846051364
