,flag,epoch,sbx,sby,sbz,sbvx,sbvy,sbvz
0,1.0,2456760.0,1.0852981451035082,-2.5649138036728485,0.42177293757562084,3.4520769310664323,0.7136919812617938,-1.0896745870219477
1,1.0,2456760.0,1.0852982046858786,-2.5649137278375935,0.42177310787586736,3.4520769497808894,0.7136920334505327,-1.0896746359560114
