,flag,epoch,sbx,sby,sbz,sbvx,sbvy,sbvz
0,1.0,2459077.5,-33.97542926149101,60.19555453485175,5.473416683569511,-0.6225664307046539,-0.12196251766392176,-0.17934652278894886
