,flag,epoch,sbx,sby,sbz,sbvx,sbvy,sbvz
0,1.0,2457800.0,-0.44062246377877234,2.502585056098935,0.06913018943831882,-3.7675690788921297,-0.24915861385740506,-0.37578044506953767
1,1.0,2457800.0,-0.4406224878084988,2.5025850521846933,0.06913018710809161,-3.7675690804535673,-0.249158634078946,-0.37578042735213424
