,flag,epoch,sbx,sby,sbz,sbvx,sbvy,sbvz
0,1.0,2457689.5,1.6094635210336414,-0.9101422920322304,0.017407381259624564,1.8998233351490599,4.635333517395329,-0.2923695122630858
