,flag,sbx,sby,sbz,sbvx,sbvy,sbvz,epoch
0,1.0,3.1028190434249816,12.702639251595505,40.5685169120287,-0.31529209046090234,-0.8650248045075525,0.2949674587270073,2458725.5
