,flag,epoch,sbx,sby,sbz,sbvx,sbvy,sbvz
0,1.0,2458725.5,42.312037654266994,5.127531068294051,-0.43472876779109426,-0.01854531010242472,0.15271055864106003,-0.0038224419417204982
