,mass_1,radius_1,x_1,y_1,z_1,vx_1,vy_1,vz_1,mass_2,radius_2,x_2,y_2,z_2,vx_2,vy_2,vz_2,mass_3,radius_3,x_3,y_3,z_3,vx_3,vy_3,vz_3,mass_4,radius_4,x_4,y_4,z_4,vx_4,vy_4,vz_4,mass_5,radius_5,x_5,y_5,z_5,vx_5,vy_5,vz_5,mass_6,radius_6,x_6,y_6,z_6,vx_6,vy_6,vz_6,mass_7,radius_7,x_7,y_7,z_7,vx_7,vy_7,vz_7,mass_8,radius_8,x_8,y_8,z_8,vx_8,vy_8,vz_8
0,1.660120825375342e-07,1.631393540950981e-08,0.3591712529392188,-0.0429885100453354,-0.03646670304424466,-0.766308507174738,10.663403769666319,0.9415771464140587,2.447838287784771e-06,4.045378434654418e-08,-0.6600306470925501,-0.2900916729379296,0.03411729465421193,2.9220461924308325,-6.797414609568181,-0.2617812093854878,3.040432648020684e-06,4.437104331057835e-07,0.5811069233812097,-0.8327139960894002,2.509507141517522e-05,5.05108648711333,3.5726840835500275,-0.00011529762330602685,3.2271560375549955e-07,2.270212793877687e-08,0.1831612205831105,1.542047131906001,0.0278101523788527,-4.8819042721241415,1.0365951603630157,0.14156928175352732,0.0009547919099366768,4.778945025452157e-07,-0.1455635972308564,5.132541664555346,-0.0180589143650844,-2.7909551775705315,0.05269305005801402,0.06223451701211256,0.0002858856700231729,4.0286669668487467e-07,-7.43752769747282,-6.436224164897906,0.4080209716932009,1.220615535630404,-1.5459035171981699,-0.02173843931199948,4.3662496132004074e-05,1.708513622580592e-07,19.762398051265,3.344368834879839,-0.2435489471318905,-0.2523062593223152,1.3492116831920897,0.008304489941056528,5.151383772628657e-05,1.6553711549585576e-07,26.85206303566234,-13.3377080338794,-0.3440466902944754,0.500239195990328,1.0333462372685018,-0.03281534544000483
