,flag,epoch,sbx,sby,sbz,sbvx,sbvy,sbvz
0,1.0,2456610.0,-2.4536781621697537,0.5369148104494023,-0.035559893235100615,-0.44928478709697817,-3.9095314730703756,1.067910491514437
1,1.0,2456610.0,-2.453678129003629,0.5369149183151783,-0.03555991801370606,-0.4492848835624186,-3.9095314734948983,1.0679105334230417
