,flag,epoch,sbx,sby,sbz,sbvx,sbvy,sbvz
0,1,2457133.5,-1.3589799313573354,2.7597938828371085,-0.040398602051737204,-3.069461763986134,-1.2059351983097026,0.5550776603135472
