,mass_1,radius_1,x_1,y_1,z_1,vx_1,vy_1,vz_1,mass_2,radius_2,x_2,y_2,z_2,vx_2,vy_2,vz_2,mass_3,radius_3,x_3,y_3,z_3,vx_3,vy_3,vz_3,mass_4,radius_4,x_4,y_4,z_4,vx_4,vy_4,vz_4,mass_5,radius_5,x_5,y_5,z_5,vx_5,vy_5,vz_5,mass_6,radius_6,x_6,y_6,z_6,vx_6,vy_6,vz_6,mass_7,radius_7,x_7,y_7,z_7,vx_7,vy_7,vz_7,mass_8,radius_8,x_8,y_8,z_8,vx_8,vy_8,vz_8
0,1.660120825375342e-07,1.631393540950981e-08,-0.1996450386057403,-0.4181907353051455,-0.015855204918914,7.204915085908869,-3.927124521184705,-0.9818851896810674,2.447838287784771e-06,4.045378434654418e-08,-0.7186062402242105,-0.02412034496998159,0.04113723526314437,0.20409121972502176,-7.416118750888673,-0.11346302292728927,3.040432648020684e-06,4.437104331057835e-07,0.7594405029357956,-0.6711271793102577,2.13851862180275e-05,4.058755025086202,4.685349454431053,-0.0001939915274904908,3.2271560375549955e-07,2.270212793877687e-08,0.4090601792947279,-1.363292277152932,-0.03860786787651224,5.088361937767721,1.9085437574238469,-0.0848845050489668,0.0009547919099366768,4.778945025452157e-07,-5.446381848032344,0.01022707740345111,0.1218270482572508,-0.038174992338485224,-2.6285506109974732,0.011769299558500418,0.0002858856700231729,4.0286669668487467e-07,-2.602626359229043,-9.68868438778324,0.272005895930344,1.856886628354241,-0.536971019990187,-0.06459887745448055,4.3662496132004074e-05,1.708513622580592e-07,18.55685107386315,7.333213315039004,-0.2130479182895202,-0.5380580319261555,1.266473753243125,0.011682598798115574,5.151383772628657e-05,1.6553711549585576e-07,28.19036579703122,-10.11875696447247,-0.4412836985432671,0.3800875805619658,1.0834652341603965,-0.031121105788929022
