,mass_1,radius_1,x_1,y_1,z_1,vx_1,vy_1,vz_1,mass_2,radius_2,x_2,y_2,z_2,vx_2,vy_2,vz_2,mass_3,radius_3,x_3,y_3,z_3,vx_3,vy_3,vz_3,mass_4,radius_4,x_4,y_4,z_4,vx_4,vy_4,vz_4,mass_5,radius_5,x_5,y_5,z_5,vx_5,vy_5,vz_5,mass_6,radius_6,x_6,y_6,z_6,vx_6,vy_6,vz_6,mass_7,radius_7,x_7,y_7,z_7,vx_7,vy_7,vz_7,mass_8,radius_8,x_8,y_8,z_8,vx_8,vy_8,vz_8
0,1.660120825375342e-07,1.631393540950981e-08,-0.3063976392035594,-0.3305911819324623,0.001097623245854272,5.448723309772026,-6.513626612867073,-1.0321204832215418,2.447838287784771e-06,4.045378434654418e-08,-0.2265314842008515,0.6818436085864997,0.0224205912318452,-7.035573101053944,-2.3705499313185747,0.37349707476910704,3.040432648020684e-06,4.437104331057835e-07,0.608061766688341,0.7803636017247406,-3.093959127054057e-05,-5.059115984759477,3.838854323069529,-0.00011473460128580937,3.2271560375549955e-07,2.270212793877687e-08,-1.490556853372414,0.7420858272355507,0.05213235650963795,-2.08615985821483,-4.139335509728975,-0.03553724218488875,0.0009547919099366768,4.778945025452157e-07,-5.05693293656866,1.909253372000253,0.1052267725366932,-1.0073331502738154,-2.450758572970088,0.03271751922255636,0.0002858856700231729,4.0286669668487467e-07,-3.942229560105584,-9.18958052765802,0.3166722947655758,1.760838519391192,-0.8113168791664876,-0.05601927449368802,4.3662496132004074e-05,1.708513622580592e-07,18.92960622947264,6.387476566586227,-0.2213997109164962,-0.4702769428535763,1.2917495010268798,0.010908912376872538,5.151383772628657e-05,1.6553711549585576e-07,27.89847758728306,-10.91551451900235,-0.4181129354966862,0.4095655505257942,1.0721377094984659,-0.03156454948945237
