,flag,epoch,sbx,sby,sbz,sbvx,sbvy,sbvz
0,1.0,2458224.5,2.7428350151273,0.768934682260437,0.44981159810705945,-1.5011934552201407,3.4650254781549914,0.5567065753903695
