,flag,epoch,sbx,sby,sbz,sbvx,sbvy,sbvz
0,1.0,2456690.0,-14.001891724105427,-25.48148562243449,3.803702722463724,1.2132978410300925,-0.4609214651432296,0.004085273249070264
