,flag,epoch,sbx,sby,sbz,sbvx,sbvy,sbvz
0,1,2457770.0,0.7599126129245655,2.7751682780164417,-0.4852645538114185,-3.5979453942934914,0.9114884836303367,0.3656390865632382
