,flag,epoch,sbx,sby,sbz,sbvx,sbvy,sbvz
0,1.0,2457390.5,38.88901390988017,9.737908775975361,-7.570785691341683,-0.08875990798393253,0.9012307222574244,0.3881244770559128
