,flag,epoch,sbx,sby,sbz,sbvx,sbvy,sbvz
0,1.0,2457372.5,-38.142458651586345,4.638295066245989,-4.999117308515909,0.037174876927952454,-0.9889448567315761,-0.39198955426314713
