,flag,epoch,sbx,sby,sbz,sbvx,sbvy,sbvz
0,1,2451090.0,0.8994137387911193,-1.9239248670671611,0.22054750329587297,3.5396716881694594,2.595610998179368,-0.7145651811040832
