,mass_1,radius_1,x_1,y_1,z_1,vx_1,vy_1,vz_1,mass_2,radius_2,x_2,y_2,z_2,vx_2,vy_2,vz_2,mass_3,radius_3,x_3,y_3,z_3,vx_3,vy_3,vz_3,mass_4,radius_4,x_4,y_4,z_4,vx_4,vy_4,vz_4,mass_5,radius_5,x_5,y_5,z_5,vx_5,vy_5,vz_5,mass_6,radius_6,x_6,y_6,z_6,vx_6,vy_6,vz_6,mass_7,radius_7,x_7,y_7,z_7,vx_7,vy_7,vz_7,mass_8,radius_8,x_8,y_8,z_8,vx_8,vy_8,vz_8
0,1.660120825375342e-07,1.631393540950981e-08,0.3570193133234071,-0.1209615664521641,-0.04263836415076528,1.2986922231267464,10.195435687581728,0.7139211698116816,2.447838287784771e-06,4.045378434654418e-08,0.6487949160295732,0.3209558702320716,-0.03303920479084484,-3.299193139646088,6.589594560616395,0.2807272647454459,3.040432648020684e-06,4.437104331057835e-07,1.002776878931942,0.02452954381490059,-5.666203910400442e-06,-0.2559724767036273,6.2585845610018165,-0.00022235870969703768,3.2271560375549955e-07,2.270212793877687e-08,-1.084325052579326,1.242745908995188,0.05265306424625735,-3.658046615369926,-2.9251443998954043,0.028487600347268983,0.0009547919099366768,4.778945025452157e-07,-4.904046365448539,2.246510795319832,0.100405148786353,-1.1818233762331602,-2.3779162602947013,0.036320281053830505,0.0002858856700231729,4.0286669668487467e-07,-4.186537670524684,-9.072779887075852,0.3243711310121477,1.7382930178528309,-0.8615923528290487,-0.0542480536623642,4.3662496132004074e-05,1.708513622580592e-07,18.99436734011208,6.206797386548634,-0.2229125273942298,-0.45731497632414436,1.2961912972387397,0.0107592811119091,5.151383772628657e-05,1.6553711549585576e-07,27.84090158698216,-11.06506668712909,-0.413699912832091,0.4151336463315863,1.06997067237195,-0.03164587840274048
