,flag,epoch,sbx,sby,sbz,sbvx,sbvy,sbvz
0,1,2457354.5,1.7339337342775103,3.014917037943562,-0.3245214555311904,-2.206275029799976,2.2582980411102667,-0.1318611465556665
