,mass_1,radius_1,x_1,y_1,z_1,vx_1,vy_1,vz_1,mass_2,radius_2,x_2,y_2,z_2,vx_2,vy_2,vz_2,mass_3,radius_3,x_3,y_3,z_3,vx_3,vy_3,vz_3,mass_4,radius_4,x_4,y_4,z_4,vx_4,vy_4,vz_4,mass_5,radius_5,x_5,y_5,z_5,vx_5,vy_5,vz_5,mass_6,radius_6,x_6,y_6,z_6,vx_6,vy_6,vz_6,mass_7,radius_7,x_7,y_7,z_7,vx_7,vy_7,vz_7,mass_8,radius_8,x_8,y_8,z_8,vx_8,vy_8,vz_8
0,1.660120825375342e-07,1.631393540950981e-08,-0.05545330482272692,-0.4616039954392759,-0.03262901422080312,8.141466044156504,-0.7020379554772376,-0.8043169998537486,2.447838287784771e-06,4.045378434654418e-08,0.1992394035578146,-0.6996190145829518,-0.02108655917460262,7.055283694299177,1.9985085941967788,-0.3797636153102633,3.040432648020684e-06,4.437104331057835e-07,0.1939048805859641,0.9654771204476703,-3.21820708302916e-05,-6.26305252526533,1.21361612975186,-2.4230225392808564e-05,3.2271560375549955e-07,2.270212793877687e-08,1.253388127667537,-0.5787622348926342,-0.04289042687564697,2.3384414409267866,5.077681575783045,0.04899628807125786,0.0009547919099366768,4.778945025452157e-07,-3.612955129280746,3.896157339802335,0.06466455601469892,-2.0558557444496826,-1.7455963623788635,0.05325099951617023,0.0002858856700231729,4.0286669668487467e-07,-5.499654380411474,-8.284586765199405,0.3629673069103626,1.5851564785672514,-1.1340350450077636,-0.04342346021030652,4.3662496132004074e-05,1.708513622580592e-07,19.32593503158098,5.175579686630289,-0.231056581599888,-0.3835051870738968,1.318869982970791,0.009891814240058491,5.151383772628657e-05,1.6553711549585576e-07,27.50125336616253,-11.90371510920114,-0.3885692832053762,0.44631689335603336,1.0571697732299867,-0.03209320655150973
