,mass_1,radius_1,x_1,y_1,z_1,vx_1,vy_1,vz_1,mass_2,radius_2,x_2,y_2,z_2,vx_2,vy_2,vz_2,mass_3,radius_3,x_3,y_3,z_3,vx_3,vy_3,vz_3,mass_4,radius_4,x_4,y_4,z_4,vx_4,vy_4,vz_4,mass_5,radius_5,x_5,y_5,z_5,vx_5,vy_5,vz_5,mass_6,radius_6,x_6,y_6,z_6,vx_6,vy_6,vz_6,mass_7,radius_7,x_7,y_7,z_7,vx_7,vy_7,vz_7,mass_8,radius_8,x_8,y_8,z_8,vx_8,vy_8,vz_8
0,1.660120825375342e-07,1.631393540950981e-08,-0.09982932957653462,-0.455032391106685,-0.0280108417941319,7.9753370893376365,-1.6830087309266129,-0.8694418772192996,2.447838287784771e-06,4.045378434654418e-08,-0.5751534400123066,-0.4371248869308119,0.02721935499917041,4.4182486645052155,-5.916388815843071,-0.3359347128206279,3.040432648020684e-06,4.437104331057835e-07,-0.8594075811961823,0.4884885397526632,-4.308352768586098e-06,-3.207646897127194,-5.486750326485989,4.357508097963454e-05,3.2271560375549955e-07,2.270212793877687e-08,-1.100839764075044,-1.108689878142458,0.003820248962714693,3.8197823233344605,-3.1635918534930165,-0.16012665845866444,0.0009547919099366768,4.778945025452157e-07,-3.722035927655452,3.797973961596726,0.06752108679690898,-2.0046059059296977,-1.8009968002456787,0.052334622455786385,0.0002858856700231729,4.0286669668487467e-07,0.324887414119133,9.02590261305341,-0.1699527354957374,-2.1472347738099096,0.0675047866894419,0.08422312632202875,4.3662496132004074e-05,1.708513622580592e-07,17.11983037702401,-10.37145341355564,-0.260381132965094,0.7315706806415512,1.1600253362867223,-0.005121718589465597,5.151383772628657e-05,1.6553711549585576e-07,19.63617889798511,-22.79105609765393,0.01686373299254184,0.8587332768475221,0.7533419479135096,-0.03532325597817466
