,flag,sbx,sby,sbz,sbvx,sbvy,sbvz
0,1.0,40.72464796204782,-4.710762800857128,1.4422521320314028,-0.1080281067394564,-0.7234861990714462,0.6872825641487911
