,flag,epoch,sbx,sby,sbz,sbvx,sbvy,sbvz
0,1.0,2454040.0,-32.89427845102574,-31.062996658133812,0.769448842933022,0.5964643259065513,-0.7034585857436367,0.005294861204129344
