,mass_1,radius_1,x_1,y_1,z_1,vx_1,vy_1,vz_1,mass_2,radius_2,x_2,y_2,z_2,vx_2,vy_2,vz_2,mass_3,radius_3,x_3,y_3,z_3,vx_3,vy_3,vz_3,mass_4,radius_4,x_4,y_4,z_4,vx_4,vy_4,vz_4,mass_5,radius_5,x_5,y_5,z_5,vx_5,vy_5,vz_5,mass_6,radius_6,x_6,y_6,z_6,vx_6,vy_6,vz_6,mass_7,radius_7,x_7,y_7,z_7,vx_7,vy_7,vz_7,mass_8,radius_8,x_8,y_8,z_8,vx_8,vy_8,vz_8
0,1.660120825375342e-07,1.631393540950981e-08,0.3576873448280161,-0.1153426373001734,-0.04224491316264704,1.1561407048214918,10.242794006882605,0.730760112436657,2.447838287784771e-06,4.045378434654418e-08,0.5788091546941321,-0.4400319396550888,-0.03943003487266655,4.424595173321385,5.852057110675731,-0.17522002361883926,3.040432648020684e-06,4.437104331057835e-07,-0.00637977134621808,-1.016214921789694,2.22606525501238e-05,6.181583706360961,-0.06284800861744592,-1.4980694905380518e-05,3.2271560375549955e-07,2.270212793877687e-08,1.364408270338739,0.3417802750395846,-0.02634355614898131,-1.045485898527668,5.394514263848367,0.13870686839764684,0.0009547919099366768,4.778945025452157e-07,3.70449346111415,-3.441891967602263,-0.0686097526852037,1.843428477136116,2.152152903934908,-0.05018631800948703,0.0002858856700231729,4.0286669668487467e-07,-9.315143720056561,1.337859130752974,0.3474713567950696,-0.39745084087619786,-2.019779167425119,0.051016252975269356,4.3662496132004074e-05,1.708513622580592e-07,19.96959026408717,-2.257715072596631,-0.2670471820645491,0.15238029108467427,1.3621274133562689,0.003069408002048688,5.151383772628657e-05,1.6553711549585576e-07,24.47261171335225,-17.40201197329303,-0.2056344792833885,0.6585310788168541,0.9427998787187499,-0.034554608032239496
