,flag,epoch,sbx,sby,sbz,sbvx,sbvy,sbvz
0,1.0,2454220.0,-31.61517901994023,30.973125608018737,1.3795501798931968,-0.681551668411238,-0.6747924488097121,-0.0019017862534915044
