,flag,epoch,sbx,sby,sbz,sbvx,sbvy,sbvz
0,1.0,2457486.5,-2.6329333125470304,0.25194717116735355,-0.13880378807364804,-0.5888878635301947,-4.07769032106706,0.21382969853162445
