,mass_1,radius_1,x_1,y_1,z_1,vx_1,vy_1,vz_1,mass_2,radius_2,x_2,y_2,z_2,vx_2,vy_2,vz_2,mass_3,radius_3,x_3,y_3,z_3,vx_3,vy_3,vz_3,mass_4,radius_4,x_4,y_4,z_4,vx_4,vy_4,vz_4,mass_5,radius_5,x_5,y_5,z_5,vx_5,vy_5,vz_5,mass_6,radius_6,x_6,y_6,z_6,vx_6,vy_6,vz_6,mass_7,radius_7,x_7,y_7,z_7,vx_7,vy_7,vz_7,mass_8,radius_8,x_8,y_8,z_8,vx_8,vy_8,vz_8
0,1.660120825375342e-07,1.631393540950981e-08,-0.3285624703528833,-0.3013232013458595,0.005538069637703266,4.850635860786388,-7.108039143688122,-1.0258530797316532,2.447838287784771e-06,4.045378434654418e-08,-0.3386383670563906,0.6331652188303213,0.02820554977207054,-6.539272398574635,-3.5251449240257595,0.32922853552919035,3.040432648020684e-06,4.437104331057835e-07,0.6424980436175312,-0.7856608978455958,6.958750645197391e-06,4.762121966345804,3.9545433585588645,-3.3094291305202025e-05,3.2271560375549955e-07,2.270212793877687e-08,1.030722022851762,-0.9269787553877941,-0.04474315585202282,3.612783794613643,4.238481920493654,3.786729956745491e-05,0.0009547919099366768,4.778945025452157e-07,-4.514992283250874,2.900159636491089,0.08899300277094352,-1.5251087700596162,-2.191213364124164,0.04322555172403121,0.0002858856700231729,4.0286669668487467e-07,-0.636265381835048,9.007506079426141,-0.1314055713970658,-2.143244313983609,-0.14965405737504123,0.08784630716945985,4.3662496132004074e-05,1.708513622580592e-07,17.43891732627818,-9.847240236135889,-0.2625461885342632,0.6939594731473743,1.181897422502164,-0.0045516173390103805,5.151383772628657e-05,1.6553711549585576e-07,20.01780997677104,-22.45061966258068,0.00104880486824685,0.8463018266086612,0.7676493261912627,-0.035335134871689405
