,flag,epoch,sbx,sby,sbz,sbvx,sbvy,sbvz
0,1,2456229.5,-1.959082746120389,1.647985667324453,0.14690321670309392,-3.15760912672511,-2.369028860676753,-1.6331725821631917
