,flag,epoch,sbx,sby,sbz,sbvx,sbvy,sbvz
0,1.0,2456282.5,9.660615402617754,25.9286214727206,2.5420513308435213,-1.1814236732168488,0.6715562223370506,-0.03171609929948219
