,flag,epoch,sbx,sby,sbz,sbvx,sbvy,sbvz
0,1.0,2457062.5,20.092481856823728,-15.735296449869391,-1.3445495856026382,1.0443579085062378,0.9956541265450649,0.07870084635521594
