,flag,epoch,sbx,sby,sbz,sbvx,sbvy,sbvz
0,1.0,2454409.5,28.787940762716016,12.973333047366387,-0.3654053101016308,-0.4730426527765264,1.1453467836387443,0.16549060593513693
