,flag,epoch,sbx,sby,sbz,sbvx,sbvy,sbvz
0,1,2457310.0,2.1803102494019284,1.4962660682529503,-0.098840184521388,-2.3242947227360307,3.4518844957611883,0.29485698085334167
