,flag,epoch,sbx,sby,sbz,sbvx,sbvy,sbvz
0,1.0,2459196.5,10.290636233564001,3.2853337270741125,-1.3040745658436979,-0.907160630901731,2.2912276894259036,0.1690687376274228
