,flag,epoch,sbx,sby,sbz,sbvx,sbvy,sbvz
0,1,2457812.5,17.951296513820857,-30.672482589072025,2.3931829599488923,0.9383912908979252,0.4345158947397095,-0.42638259832373276
