,flag,epoch,sbx,sby,sbz,sbvx,sbvy,sbvz
0,1.0,2457430.0,-3.446687038754244,0.6031246083044077,0.1496623273243211,-1.082957414224863,-2.9630452597887693,0.04980571449029649
