,flag,epoch,sbx,sby,sbz,sbvx,sbvy,sbvz
0,1.0,2457128.5,-11.225542225277373,-25.068317624198887,8.615059099460497,1.1380623462995034,-0.6642816076622563,0.08347842891919595
