,flag,epoch,sbx,sby,sbz,sbvx,sbvy,sbvz
0,1.0,2457440.0,1.1031734026956086,-1.6682528813859234,-0.2492803791567951,3.918857951799444,2.588944131495059,0.016713526622594812
1,1.0,2457440.0,1.103173460732098,-1.6682528468130369,-0.24928036424473726,3.918857928623257,2.5889441720968756,0.016713530257401167
