,mass_1,radius_1,x_1,y_1,z_1,vx_1,vy_1,vz_1,mass_2,radius_2,x_2,y_2,z_2,vx_2,vy_2,vz_2,mass_3,radius_3,x_3,y_3,z_3,vx_3,vy_3,vz_3,mass_4,radius_4,x_4,y_4,z_4,vx_4,vy_4,vz_4,mass_5,radius_5,x_5,y_5,z_5,vx_5,vy_5,vz_5,mass_6,radius_6,x_6,y_6,z_6,vx_6,vy_6,vz_6,mass_7,radius_7,x_7,y_7,z_7,vx_7,vy_7,vz_7,mass_8,radius_8,x_8,y_8,z_8,vx_8,vy_8,vz_8
0,1.660120825375342e-07,1.631393540950981e-08,-0.2143537294135346,-0.4097332985686398,-0.01381600969953104,7.034889413780738,-4.266935493778209,-0.9940397616749671,2.447838287784771e-06,4.045378434654418e-08,-0.4802409434618978,-0.541268499344397,0.0202881693037973,5.473944840888527,-4.937749850234163,-0.3836170033958745,3.040432648020684e-06,4.437104331057835e-07,0.3846094941079123,-0.9409026712898019,3.877062377186885e-05,5.714530152194709,2.3540567956664886,-0.00012273158963636965,3.2271560375549955e-07,2.270212793877687e-08,0.6260784780328259,-1.261886419443402,-0.04180376469368829,4.771420981330386,2.7101118382731277,-0.060300645237508006,0.0009547919099366768,4.778945025452157e-07,-3.226692181464807,-4.322378946615268,0.09015117490486506,2.177417345330158,-1.5203269211161325,-0.04240775607170062,0.0002858856700231729,4.0286669668487467e-07,1.073276335721759,-10.0067690286249,0.1312154336767749,1.9165830619337827,0.20974149944383827,-0.0799169623660112,4.3662496132004074e-05,1.708513622580592e-07,17.35537079901842,9.696503851868425,-0.1887206654190131,-0.7089336388276842,1.1856501009998615,0.013561925888121842,5.151383772628657e-05,1.6553711549585576e-07,28.84665422613112,-8.006844675000131,-0.4999817328342853,0.30142032909479893,1.1103997466612938,-0.02984389451630673
