,flag,epoch,sbx,sby,sbz,sbvx,sbvy,sbvz
0,1,2456820.0,-2.3276732012160117,1.3802472328316022,0.28418363402407526,-1.879870691520887,-3.4880774629851987,0.6175239986970393
