,flag,epoch,sbx,sby,sbz,sbvx,sbvy,sbvz
0,1,2456378.5,3.001718054282164,-0.04337010448630452,-0.2542172763635024,-0.04989684418208243,3.810291438531076,0.059670887038440285
