,flag,epoch,sbx,sby,sbz,sbvx,sbvy,sbvz
0,1.0,2457459.5,42.19115912786759,5.123737605065042,-0.1817309066266808,-0.1808150973836317,0.9763135238797088,-0.05193784531721651
