,flag,epoch,sbx,sby,sbz,sbvx,sbvy,sbvz
0,1,2455227.5,-2.3298165966573583,-0.2708967948382963,0.07686261654364451,0.2488298626131909,-4.325508447692903,0.3539318308816091
