,mass_1,radius_1,x_1,y_1,z_1,vx_1,vy_1,vz_1,mass_2,radius_2,x_2,y_2,z_2,vx_2,vy_2,vz_2,mass_3,radius_3,x_3,y_3,z_3,vx_3,vy_3,vz_3,mass_4,radius_4,x_4,y_4,z_4,vx_4,vy_4,vz_4,mass_5,radius_5,x_5,y_5,z_5,vx_5,vy_5,vz_5,mass_6,radius_6,x_6,y_6,z_6,vx_6,vy_6,vz_6,mass_7,radius_7,x_7,y_7,z_7,vx_7,vy_7,vz_7,mass_8,radius_8,x_8,y_8,z_8,vx_8,vy_8,vz_8
0,1.660120825375342e-07,1.631393540950981e-08,-0.2406485792691802,-0.3921946181363082,-0.009967665369011862,6.68467646613452,-4.884165081541785,-1.012369826517877,2.447838287784771e-06,4.045378434654418e-08,-0.6989913387963641,-0.1728659012866227,0.03796856869375232,1.7252432991024713,-7.204575293222595,-0.1983092769420088,3.040432648020684e-06,4.437104331057835e-07,-0.4248629812329704,-0.9196999478119503,3.194195760398756e-05,5.602405184524618,-2.6589118992035776,7.100518831348745e-05,3.2271560375549955e-07,2.270212793877687e-08,0.4325596227773582,1.466412254542517,0.02010949031958865,-4.708095282978117,1.8805540191550647,0.15496123927792885,0.0009547919099366768,4.778945025452157e-07,-4.446424557320928,2.999506454593398,0.08703827399084478,-1.5756713601385264,-2.1568882014000956,0.04421454100093578,0.0002858856700231729,4.0286669668487467e-07,-4.752838437433279,-8.767865241886165,0.3416238276854358,1.6792502802230191,-0.9786782859841742,-0.049866914138544334,4.3662496132004074e-05,1.708513622580592e-07,19.14075109416419,5.775729272904484,-0.2264170435784379,-0.42642769872815545,1.3061248050721441,0.010398372607901971,5.151383772628657e-05,1.6553711549585576e-07,27.70119057391162,-11.41864482430577,-0.4031842308459244,0.4282881991013802,1.0646156477724111,-0.03183734397264202
