,flag,epoch,sbx,sby,sbz,sbvx,sbvy,sbvz
0,1.0,2457994.5,3.010916716747995,-0.47103685752035007,-0.2022084605589738,-0.956982755663547,3.760190927366366,-2.0772007106809838
