,flag,epoch,sbx,sby,sbz,sbvx,sbvy,sbvz
0,1.0,2457590.0,0.0436215615932829,2.4414659020801057,-0.202555623552498,-3.908158935071518,0.5820747243501277,-0.260410770388774
1,1.0,2457590.0,0.04362157163478897,2.441465908356139,-0.20255561583345294,-3.908158932308132,0.5820747413798492,-0.2604107821698052
