,mass_1,radius_1,x_1,y_1,z_1,vx_1,vy_1,vz_1,mass_2,radius_2,x_2,y_2,z_2,vx_2,vy_2,vz_2,mass_3,radius_3,x_3,y_3,z_3,vx_3,vy_3,vz_3,mass_4,radius_4,x_4,y_4,z_4,vx_4,vy_4,vz_4,mass_5,radius_5,x_5,y_5,z_5,vx_5,vy_5,vz_5,mass_6,radius_6,x_6,y_6,z_6,vx_6,vy_6,vz_6,mass_7,radius_7,x_7,y_7,z_7,vx_7,vy_7,vz_7,mass_8,radius_8,x_8,y_8,z_8,vx_8,vy_8,vz_8
0,1.660120825375342e-07,1.631393540950981e-08,0.1134368509634846,-0.4368147381262419,-0.04610004878873333,7.8857310895844055,3.107088762700548,-0.4695149436033303,2.447838287784771e-06,4.045378434654418e-08,-0.06391804388372102,0.7164219983112707,0.01351872772216151,-7.383482062787761,-0.6961995481847898,0.4165290894033536,3.040432648020684e-06,4.437104331057835e-07,0.4117837348800785,-0.9292731825358098,4.146751502006676e-05,5.64275872200683,2.5220182322113613,-0.00012838055101028987,3.2271560375549955e-07,2.270212793877687e-08,-1.244225886076302,1.094716075203441,0.05346698211859406,-3.1841386776432827,-3.4012859770674924,0.00685632247209085,0.0009547919099366768,4.778945025452157e-07,-0.7243503779861433,-5.237155331871475,0.03795985826974044,2.6996531812177187,-0.24784714611179512,-0.0593736894154588,0.0002858856700231729,4.0286669668487467e-07,2.965550806025619,-9.6012632477519,0.04886925173394389,1.8374327638484544,0.5951635622815781,-0.08345522233165721,4.3662496132004074e-05,1.708513622580592e-07,16.59978403680382,10.86281367535373,-0.1746340761833518,-0.7945585359192973,1.1348469516522544,0.014467944113389421,5.151383772628657e-05,1.6553711549585576e-07,29.12825229108848,-6.884805556851992,-0.5295979556059454,0.2589445753209876,1.12274447059106,-0.02909674667897253
