,flag,epoch,sbx,sby,sbz,sbvx,sbvy,sbvz
0,1.0,2458681.5,0.39077475448259436,2.0476723159941153,-0.19467086985386467,-4.345745225261441,1.5162378151097056,-0.04483511438231423
