,flag,epoch,sbx,sby,sbz,sbvx,sbvy,sbvz
0,1.0,2456280.0,-1.1078765356736906,-1.896859359130655,-0.01375950532288922,4.051724262919798,-2.075978799438528,-1.0357578323658525
1,1.0,2456280.0,-1.1078764800026701,-1.896859345883662,-0.013759343318606676,4.051724307051343,-2.0759788611229233,-1.035757870288604
