,flag,epoch,sbx,sby,sbz,sbvx,sbvy,sbvz
0,1.0,2457908.5,2.7623362136340246,-0.21544001458252704,0.11980876100684265,-0.39643176839329003,3.9347866001679863,0.04399312506659983
