,mass_1,radius_1,x_1,y_1,z_1,vx_1,vy_1,vz_1,mass_2,radius_2,x_2,y_2,z_2,vx_2,vy_2,vz_2,mass_3,radius_3,x_3,y_3,z_3,vx_3,vy_3,vz_3,mass_4,radius_4,x_4,y_4,z_4,vx_4,vy_4,vz_4,mass_5,radius_5,x_5,y_5,z_5,vx_5,vy_5,vz_5,mass_6,radius_6,x_6,y_6,z_6,vx_6,vy_6,vz_6,mass_7,radius_7,x_7,y_7,z_7,vx_7,vy_7,vz_7,mass_8,radius_8,x_8,y_8,z_8,vx_8,vy_8,vz_8
0,1.660120825375342e-07,1.631393540950981e-08,-0.04860881646187007,-0.4621307885237587,-0.03330229569138189,8.158512105276861,-0.5507997247763556,-0.7934763740151397,2.447838287784771e-06,4.045378434654418e-08,-0.174149116650797,-0.7049099272686641,0.0003803265449113036,7.1219542211471945,-1.802195799595315,-0.43570178904325046,3.040432648020684e-06,4.437104331057835e-07,-0.671117085080447,-0.7540966513056976,3.436237578373829e-05,4.591962695227753,-4.2011416901804495,0.00015221357323625165,3.2271560375549955e-07,2.270212793877687e-08,0.08827592416567737,1.558972906342124,0.03050263232940181,-4.909410665012574,0.7235768085278873,0.13564893735074765,0.0009547919099366768,4.778945025452157e-07,-5.112825813625732,-1.897453038985761,0.1222849760432702,0.9266476188399545,-2.45625782352539,-0.010535430086552068,0.0002858856700231729,4.0286669668487467e-07,-1.201647341226388,-9.981769146926924,0.2213252575367452,1.9127810334424598,-0.25189279845551205,-0.07176439996807019,4.3662496132004074e-05,1.708513622580592e-07,18.13272829088877,8.26247707944744,-0.2041003129972828,-0.6049364949637261,1.2378679733296418,0.012429983769666432,5.151383772628657e-05,1.6553711549585576e-07,28.46126163900151,-9.31081314897676,-0.4642008575086846,0.35012228122377925,1.0942961210140691,-0.030650860174186806
