,flag,epoch,sbx,sby,sbz,sbvx,sbvy,sbvz
0,1.0,2456640.0,1.0874896600012829,-2.178706693964454,0.3422412542638179,4.0159430731136965,1.1141956421890988,0.5196310140524221
1,1.0,2456640.0,1.0874896852001112,-2.178706705127527,0.34224124732728983,4.0159430174092705,1.114195694602135,0.5196310544306376
