,flag,epoch,sbx,sby,sbz,sbvx,sbvy,sbvz
0,1.0,2457391.5,38.013805042244655,0.4344516663627722,0.5508924353864608,0.036926109953403306,1.021283175016636,-0.16079760316047925
