,flag,epoch,sbx,sby,sbz,sbvx,sbvy,sbvz
0,1.0,2457992.5,-17.884243004167317,27.76985948859042,-6.062134283260332,-1.1360512900036013,-0.8117470417862069,-0.01251136525197453
