,mass_1,radius_1,x_1,y_1,z_1,vx_1,vy_1,vz_1,mass_2,radius_2,x_2,y_2,z_2,vx_2,vy_2,vz_2,mass_3,radius_3,x_3,y_3,z_3,vx_3,vy_3,vz_3,mass_4,radius_4,x_4,y_4,z_4,vx_4,vy_4,vz_4,mass_5,radius_5,x_5,y_5,z_5,vx_5,vy_5,vz_5,mass_6,radius_6,x_6,y_6,z_6,vx_6,vy_6,vz_6,mass_7,radius_7,x_7,y_7,z_7,vx_7,vy_7,vz_7,mass_8,radius_8,x_8,y_8,z_8,vx_8,vy_8,vz_8
0,1.660120825375342e-07,1.631393540950981e-08,0.3479020494021984,-0.1688428032439572,-0.04571312612585994,2.477951151780257,9.711564005073466,0.5662303461770045,2.447838287784771e-06,4.045378434654418e-08,0.2340658281706371,0.6818014162171925,-0.004154786435550481,-7.012108950524509,2.3639079512719916,0.4370694905628097,3.040432648020684e-06,4.437104331057835e-07,0.9056824454817293,-0.4479070737125241,1.461735931147002e-05,2.683400200925956,5.609340004494752,-0.0002443142845354229,3.2271560375549955e-07,2.270212793877687e-08,-1.226519990245865,1.113427673380974,0.05343342533489857,-3.2427660069446036,-3.348412192125388,0.009415566806759711,0.0009547919099366768,4.778945025452157e-07,-4.778380022962959,-2.613524763726755,0.1177751050923094,1.2905082498673304,-2.2902522659848454,-0.019364785067748573,0.0002858856700231729,4.0286669668487467e-07,-0.6237721415733123,-10.0399720043547,0.1993345378889859,1.9236867304624432,-0.1345546204837754,-0.07423041951521417,4.3662496132004074e-05,1.708513622580592e-07,17.9464990236326,8.633414551934385,-0.2003119332185299,-0.63177471692424,1.2253840423682167,0.01272754826991209,5.151383772628657e-05,1.6553711549585576e-07,28.56485345414191,-8.98060041746723,-0.4734016337930887,0.3377948305817613,1.098579064430041,-0.030449860659848293
