,mass_1,radius_1,x_1,y_1,z_1,vx_1,vy_1,vz_1,mass_2,radius_2,x_2,y_2,z_2,vx_2,vy_2,vz_2,mass_3,radius_3,x_3,y_3,z_3,vx_3,vy_3,vz_3,mass_4,radius_4,x_4,y_4,z_4,vx_4,vy_4,vz_4,mass_5,radius_5,x_5,y_5,z_5,vx_5,vy_5,vz_5,mass_6,radius_6,x_6,y_6,z_6,vx_6,vy_6,vz_6,mass_7,radius_7,x_7,y_7,z_7,vx_7,vy_7,vz_7,mass_8,radius_8,x_8,y_8,z_8,vx_8,vy_8,vz_8
0,1.660120825375342e-07,1.631393540950981e-08,0.2051534592289817,0.2375699170185741,0.0005917135584436774,-9.814613793808908,7.142946931458836,1.484062341590104,2.447838287784771e-06,4.045378434654418e-08,-0.06596310916644403,0.7161888388074061,0.01363050297052122,-7.381917700355326,-0.7174605174000425,0.41614258559297884,3.040432648020684e-06,4.437104331057835e-07,0.9855223173203367,-0.2055993713711565,4.217195224752229e-06,1.1810368004335425,6.128099277597815,-0.00025952573064083926,3.2271560375549955e-07,2.270212793877687e-08,-1.350443184194032,0.9681445722743528,0.05343024297722283,-2.7856740543058516,-3.717725500979843,-0.009541299331329023,0.0009547919099366768,4.778945025452157e-07,-4.72440038630988,-2.707035184152167,0.1169556142325924,1.3382164031562929,-2.263545948725046,-0.020543268835086115,0.0002858856700231729,4.0286669668487467e-07,-0.5447505422957476,-10.04516877905847,0.1962795530834334,1.9246444277919084,-0.11852791518942986,-0.0745465857206495,4.3662496132004074e-05,1.708513622580592e-07,17.9204785780351,8.683702335775797,-0.1997884186588008,-0.6354199258641597,1.2236286450136586,0.012767530243204508,5.151383772628657e-05,1.6553711549585576e-07,28.57869125599725,-8.935472618785385,-0.4746515749138986,0.33610628315756846,1.0991436865069548,-0.030422323414653996
