,flag,epoch,sbx,sby,sbz,sbvx,sbvy,sbvz
0,1.0,2458000.0,-1.1315253314995362,2.351145525712323,-0.18426785447911848,-3.2562274870155905,-1.7223249141114627,0.376237798303692
1,1.0,2458000.0,-1.1315253374160725,2.3511455347478845,-0.18426787488403137,-3.2562274609706514,-1.722324928272246,0.3762377109981597
