,mass_1,radius_1,x_1,y_1,z_1,vx_1,vy_1,vz_1,mass_2,radius_2,x_2,y_2,z_2,vx_2,vy_2,vz_2,mass_3,radius_3,x_3,y_3,z_3,vx_3,vy_3,vz_3,mass_4,radius_4,x_4,y_4,z_4,vx_4,vy_4,vz_4,mass_5,radius_5,x_5,y_5,z_5,vx_5,vy_5,vz_5,mass_6,radius_6,x_6,y_6,z_6,vx_6,vy_6,vz_6,mass_7,radius_7,x_7,y_7,z_7,vx_7,vy_7,vz_7,mass_8,radius_8,x_8,y_8,z_8,vx_8,vy_8,vz_8
0,1.660120825375342e-07,1.631393540950981e-08,-0.3750093429958593,0.04058699359152752,0.03772544795394395,-3.2408739618045046,-9.774506245625469,-0.5012635248937748,2.447838287784771e-06,4.045378434654418e-08,-0.6328023426731091,-0.3466093630314117,0.03177217124861889,3.497778483852738,-6.513613595305212,-0.29110826868316275,3.040432648020684e-06,4.437104331057835e-07,1.001926369519893,0.04208408405506187,-3.622568645723651e-06,-0.36613009187000806,6.254741506415832,-0.0001765842493023744,3.2271560375549955e-07,2.270212793877687e-08,-0.03164006578269726,1.571931290921708,0.03371382200770082,-4.916236037574413,0.33132221892988917,0.12765618052839564,0.0009547919099366768,4.778945025452157e-07,4.200308413048184,2.634474298174322,-0.1049343918553807,-1.499304788877337,2.468305963328262,0.02330072521587962,0.0002858856700231729,4.0286669668487467e-07,-9.104748776940912,-3.213611018855979,0.4183629536734491,0.5670786338105971,-1.9240716936910744,0.010905861100451773,4.3662496132004074e-05,1.708513622580592e-07,20.06096877938871,0.8427989479633746,-0.2567360159463762,-0.07199439728862253,1.3702384836883437,0.006024374248785386,5.151383772628657e-05,1.6553711549585576e-07,25.86692581438345,-15.203712978944,-0.2829440539370853,0.5722291391534676,0.9971202693879186,-0.03368746307444202
