,flag,epoch,sbx,sby,sbz,sbvx,sbvy,sbvz
0,1.0,2457637.5,-30.709305765289322,28.30696166748906,5.206500626127536,-0.4345020787104117,-1.0649925235965332,0.11002492023368132
