,mass_1,radius_1,x_1,y_1,z_1,vx_1,vy_1,vz_1,mass_2,radius_2,x_2,y_2,z_2,vx_2,vy_2,vz_2,mass_3,radius_3,x_3,y_3,z_3,vx_3,vy_3,vz_3,mass_4,radius_4,x_4,y_4,z_4,vx_4,vy_4,vz_4,mass_5,radius_5,x_5,y_5,z_5,vx_5,vy_5,vz_5,mass_6,radius_6,x_6,y_6,z_6,vx_6,vy_6,vz_6,mass_7,radius_7,x_7,y_7,z_7,vx_7,vy_7,vz_7,mass_8,radius_8,x_8,y_8,z_8,vx_8,vy_8,vz_8
0,1.660120825375342e-07,1.631393540950981e-08,0.1710899272608757,-0.4082224661861009,-0.0490518906320775,7.419717783392575,4.4897869950925315,-0.3141096042355053,2.447838287784771e-06,4.045378434654418e-08,0.7047344077772022,-0.1748035832254567,-0.043067752339051,1.7409546807158538,7.137222887585683,-0.002840439345890509,3.040432648020684e-06,4.437104331057835e-07,0.8327193336464908,0.5427402597018393,-7.488299212298763e-06,-3.5335462778136884,5.241211692893926,-6.630987531865394e-05,3.2271560375549955e-07,2.270212793877687e-08,1.137711287261243,0.8938810166676037,-0.009219929859531111,-2.962906732570103,4.455701794953377,0.16614915476883668,0.0009547919099366768,4.778945025452157e-07,-4.74241907245085,-2.677520721256077,0.1172373239112581,1.3218916026706955,-2.272374758974042,-0.02014673231071304,0.0002858856700231729,4.0286669668487467e-07,-5.132195136500806,7.509978498219963,0.07349338706363945,-1.7908455120374651,-1.1560936034028881,0.0913742820549589,4.3662496132004074e-05,1.708513622580592e-07,18.77370670054368,-7.096480781324265,-0.2695317365312357,0.49802855588895567,1.274551502712133,-0.00169093980798854,5.151383772628657e-05,1.6553711549585576e-07,21.83786026162661,-20.65615147734174,-0.07791395197609938,0.7810532119460762,0.8374103456580723,-0.03527026259421036
