,flag,epoch,sbx,sby,sbz,sbvx,sbvy,sbvz
0,1,2457620.0,-1.9718507375719112,-0.9939704901961286,0.12588842510088433,1.5826402571048095,-3.890353584434167,0.2389097975330313
