,flag,epoch,sbx,sby,sbz,sbvx,sbvy,sbvz
0,1.0,2457875.5,3.3928237378011494,-0.622592437475668,-1.7073176559832077,0.5325480730825843,2.804880356722666,-0.11157535332628588
