,flag,epoch,sbx,sby,sbz,sbvx,sbvy,sbvz
0,1.0,2457960.0,-2.264275652594044,0.9853611072566889,-0.2581175464627314,-1.9494232704807075,-3.3781742971859816,-0.00120054028938435
1,1.0,2457960.0,-2.264275636329804,0.9853611445299635,-0.25811755245843326,-1.9494232732126884,-3.3781742854884693,-0.0012005505277808929
