,flag,epoch,sbx,sby,sbz,sbvx,sbvy,sbvz
0,1.0,2456470.0,1.7903550221699702,-1.858129413054956,0.646205803601571,2.6041107325018906,2.704121968199411,0.13021276832598816
1,1.0,2456470.0,1.7903549168298998,-1.8581295623753944,0.6462059694987821,2.604110814202695,2.704121733884479,0.13021281651203026
