,flag,epoch,sbx,sby,sbz,sbvx,sbvy,sbvz
0,1,2457430.0,-1.3769947897825279,-2.1397264410876695,-0.23484898071923735,3.4225107887920663,-2.0570942348413888,-0.16504382770714546
