,mass_1,radius_1,x_1,y_1,z_1,vx_1,vy_1,vz_1,mass_2,radius_2,x_2,y_2,z_2,vx_2,vy_2,vz_2,mass_3,radius_3,x_3,y_3,z_3,vx_3,vy_3,vz_3,mass_4,radius_4,x_4,y_4,z_4,vx_4,vy_4,vz_4,mass_5,radius_5,x_5,y_5,z_5,vx_5,vy_5,vz_5,mass_6,radius_6,x_6,y_6,z_6,vx_6,vy_6,vz_6,mass_7,radius_7,x_7,y_7,z_7,vx_7,vy_7,vz_7,mass_8,radius_8,x_8,y_8,z_8,vx_8,vy_8,vz_8
0,1.660120825375342e-07,1.631393540950981e-08,0.3545394763787365,-0.1376429961891524,-0.04377209144962239,1.716731102882209,10.043288795286559,0.6631823502138343,2.447838287784771e-06,4.045378434654418e-08,0.3873858052157211,0.609062028767246,-0.01399805163869582,-6.256988829532255,3.932358221511368,0.4150303728995301,3.040432648020684e-06,4.437104331057835e-07,0.6589250219504666,0.7390704830314342,-3.552289782107694e-05,-4.79289501514325,4.158175768781135,-0.00017389596104322742,3.2271560375549955e-07,2.270212793877687e-08,1.376670140944922,0.2685564185273202,-0.02815310457393014,-0.7833334690532547,5.453368463596308,0.133491967564595,0.0009547919099366768,4.778945025452157e-07,-2.477223093438344,-4.757560234602082,0.07518871534307807,2.4136318917761246,-1.1440741971015678,-0.04925404977029238,0.0002858856700231729,4.0286669668487467e-07,1.69507870762558,-9.917814997295437,0.1049252811083894,1.8991060450278294,0.3361269525410266,-0.08141335674653452,4.3662496132004074e-05,1.708513622580592e-07,17.1198139745508,10.08024277461785,-0.1842530132418963,-0.7370399217047942,1.1698561214703465,0.013863091667504376,5.151383772628657e-05,1.6553711549585576e-07,28.94263058972697,-7.644382634678394,-0.5096665412479188,0.2877110651932384,1.1145766200090856,-0.029606264521270943
