,flag,epoch,sbx,sby,sbz,sbvx,sbvy,sbvz
0,1.0,2458433.5,8.209785034049478,6.353432860286104,-1.1779972640099223,-1.1250646730191565,-0.89619886933793,-2.0441646052190205
