,flag,epoch,sbx,sby,sbz,sbvx,sbvy,sbvz
0,1.0,2457980.0,1.7688850216869503,-1.7457554103669919,0.20732122387347726,2.4904727964916007,2.994850908541837,0.20191932119362466
1,1.0,2457980.0,1.7688849870469485,-1.7457554558906778,0.20732121124063851,2.490472868791448,2.994850843867157,0.20191933069687693
