,flag,epoch,sbx,sby,sbz,sbvx,sbvy,sbvz
0,1.0,2457246.5,2.5535515920308827,-1.023764783427959,0.11111367748342557,1.303938892839745,3.390972130137402,0.03999978650016679
