,flag,epoch,sbx,sby,sbz,sbvx,sbvy,sbvz
0,1.0,2457298.5,-25.71882481917165,27.02888027537494,7.593327217053442,-0.8474393362194256,-0.8471644083382791,0.48933372430688354
