,flag,epoch,sbx,sby,sbz,sbvx,sbvy,sbvz
0,1.0,2457760.0,-2.0389697458640326,-1.6250917966265688,-0.017689696852286857,2.4942316478083315,-2.661368473546222,0.3671351318858635
1,1.0,2457760.0,-2.038969762305473,-1.6250917717746138,-0.01768970484519221,2.4942316272466982,-2.6613684977535756,0.3671351188003887
