,flag,epoch,sbx,sby,sbz,sbvx,sbvy,sbvz
0,1.0,2457423.5,48.17261637168906,7.222361626673756,1.5778348187129794,-0.22605341560743847,0.851998705890175,-0.020967409510170797
