,flag,epoch,sbx,sby,sbz,sbvx,sbvy,sbvz
0,1,2455900.0,-2.7720133362636905,-1.9702229810334437,-0.26294174344399696,1.5895883088837532,-2.583448976823045,-0.35788887274903597
