,flag,epoch,sbx,sby,sbz,sbvx,sbvy,sbvz
0,1.0,2457234.5,-36.16703051467343,17.77390630709602,2.1963010510065977,-0.3949408886754145,-0.9505245851726355,0.17256065351582095
