,flag,epoch,sbx,sby,sbz,sbvx,sbvy,sbvz
0,1.0,2457230.0,-36.15737302618778,17.797048614834313,2.1920906963943456,-0.39547014725903096,-0.9502647756438408,0.17259252450481186
