,flag,epoch,sbx,sby,sbz,sbvx,sbvy,sbvz
0,1.0,2457060.0,1.765511924600264,-2.301221952529486,-0.4932351126031725,2.3815893288621313,2.440820357052356,-0.5131823703541816
1,1.0,2457060.0,1.7655119454501318,-2.30122197065539,-0.49323512066146863,2.381589305082513,2.4408203276854534,-0.5131823332163133
