,flag,epoch,sbx,sby,sbz,sbvx,sbvy,sbvz
0,1,2457077.5,-2.3841363837265224,-1.3676362893296319,0.5255343926882031,1.6857788658155524,-3.525975014208783,0.0071227451592204465
