,flag,epoch,sbx,sby,sbz,sbvx,sbvy,sbvz
0,1,2457746.5,-11.002963190516288,30.032004664899805,5.328403062375026,-1.0982760532800893,-0.4827202257403326,-0.03780405706349405
