,mass_1,radius_1,x_1,y_1,z_1,vx_1,vy_1,vz_1,mass_2,radius_2,x_2,y_2,z_2,vx_2,vy_2,vz_2,mass_3,radius_3,x_3,y_3,z_3,vx_3,vy_3,vz_3,mass_4,radius_4,x_4,y_4,z_4,vx_4,vy_4,vz_4,mass_5,radius_5,x_5,y_5,z_5,vx_5,vy_5,vz_5,mass_6,radius_6,x_6,y_6,z_6,vx_6,vy_6,vz_6,mass_7,radius_7,x_7,y_7,z_7,vx_7,vy_7,vz_7,mass_8,radius_8,x_8,y_8,z_8,vx_8,vy_8,vz_8
0,1.660120825375342e-07,1.631393540950981e-08,-0.2352327147559248,0.233662809535203,0.04067316400446783,-9.327652518658514,-6.8762313844312555,0.2938192834282832,2.447838287784771e-06,4.045378434654418e-08,-0.1580620752996961,0.7012090953236312,0.01874282575097568,-7.231773463784348,-1.6652256802169136,0.3944804497178909,3.040432648020684e-06,4.437104331057835e-07,0.2284543741561448,0.9581036459236676,-4.419050562978038e-05,-6.215056421547736,1.4338621479457043,-4.682692218709372e-05,3.2271560375549955e-07,2.270212793877687e-08,1.260922234623787,0.6698996506699961,-0.01690312412726209,-2.2032546976053147,4.9502862848675875,0.15779121921766892,0.0009547919099366768,4.778945025452157e-07,-2.29037534612408,-4.841660733290983,0.07135723731230126,2.460518083235971,-1.0497049136805783,-0.05069528716199295,0.0002858856700231729,4.0286669668487467e-07,1.840464874665048,-9.890914350193464,0.09867237727585342,1.8938458862985217,0.3656786245467067,-0.08171766006550257,4.3662496132004074e-05,1.708513622580592e-07,17.06306064559502,10.16977688022497,-0.1831875963553612,-0.7436075498757517,1.1660171673528652,0.013932505885509865,5.151383772628657e-05,1.6553711549585576e-07,28.96456234424707,-7.558903585262817,-0.5119339907653571,0.284475522415611,1.115507633717456,-0.02955013563997845
