,flag,epoch,sbx,sby,sbz,sbvx,sbvy,sbvz
0,1.0,2458461.5,0.7703714118985258,-2.1104023945590566,0.03507585254804628,3.7383995246107236,1.8898622865405512,0.4272838463897708
