,flag,epoch,sbx,sby,sbz,sbvx,sbvy,sbvz
0,1.0,2457790.0,-2.2571378077005098,0.9681822210092075,-0.2839081799843356,-1.1991107574434743,-3.697549971623214,0.023700421802717753
1,1.0,2457790.0,-2.257137774154938,0.9681821873845905,-0.2839081600258012,-1.1991107805440955,-3.6975500397611327,0.02370050400237175
