,flag,epoch,sbx,sby,sbz,sbvx,sbvy,sbvz
0,1.0,2458130.5,1.8890724129813412,1.5246373237126183,-0.058409847012910396,-2.090940487902465,3.5427661448029344,-0.26678657601534383
