,flag,epoch,sbx,sby,sbz,sbvx,sbvy,sbvz
0,1.0,2457130.0,-2.2653506476698,-0.612197492258214,0.07643323356385198,1.207406552246188,-4.1160166713891,-0.45474295735775105
1,1.0,2457130.0,-2.2653506948790465,-0.6121974528150851,0.07643323031870593,1.207406523822488,-4.1160166035445505,-0.45474299196985174
