,flag,epoch,sbx,sby,sbz,sbvx,sbvy,sbvz
0,1.0,2458082.5,2.815856410608345,1.1242976805156015,0.09373713040169956,-1.4342103912339408,3.2950451353784307,0.13640346884623042
