,flag,epoch,sbx,sby,sbz,sbvx,sbvy,sbvz
0,1.0,2459288.5,-3.8646875082730734,0.4340964903328839,2.3632549717006297,1.5298065298965626,3.6080618069957575,-0.9355860941886057
