,mass_1,radius_1,x_1,y_1,z_1,vx_1,vy_1,vz_1,mass_2,radius_2,x_2,y_2,z_2,vx_2,vy_2,vz_2,mass_3,radius_3,x_3,y_3,z_3,vx_3,vy_3,vz_3,mass_4,radius_4,x_4,y_4,z_4,vx_4,vy_4,vz_4,mass_5,radius_5,x_5,y_5,z_5,vx_5,vy_5,vz_5,mass_6,radius_6,x_6,y_6,z_6,vx_6,vy_6,vz_6,mass_7,radius_7,x_7,y_7,z_7,vx_7,vy_7,vz_7,mass_8,radius_8,x_8,y_8,z_8,vx_8,vy_8,vz_8
0,1.660120825375342e-07,1.631393540950981e-08,-0.1855343865189315,0.264776042457056,0.03865726833197732,-10.489071103842173,-5.496526523179947,0.5133165815439004,2.447838287784771e-06,4.045378434654418e-08,-0.1817920865380892,-0.7029046364510078,0.0008608452428405651,7.102527105018257,-1.880341715877927,-0.43567833454537797,3.040432648020684e-06,4.437104331057835e-07,-0.2535956419212199,-0.9825624749029922,2.978078533327204e-05,5.982299441009277,-1.594032189482422,4.074164552687417e-05,3.2271560375549955e-07,2.270212793877687e-08,-1.447480823075814,-0.6988384364546213,0.02089941601531671,2.413872576559352,-4.16654502496052,-0.14656903006492003,0.0009547919099366768,4.778945025452157e-07,2.861979329550158,4.104795438558013,-0.08109163071476776,-2.296277004247868,1.709127018487883,0.044287121438714806,0.0002858856700231729,4.0286669668487467e-07,-8.616593982550336,-4.513515758874872,0.4215420315149867,0.8335055805015045,-1.8083866761565672,-0.0017343688235517973,4.3662496132004074e-05,1.708513622580592e-07,19.98696403326478,1.794086160095631,-0.2522385646153704,-0.14071805867749837,1.3650653837906972,0.006905424893372929,5.151383772628657e-05,1.6553711549585576e-07,26.25539872154269,-14.5052303137026,-0.3062614257694954,0.5450427018395269,1.0115442226949096,-0.033371417641234136
