,flag,epoch,sbx,sby,sbz,sbvx,sbvy,sbvz
0,1.0,2457650.0,1.4193795935312064,2.0470102173702074,-0.21940926626086388,-2.9484769310517,2.4379982787755425,-0.3260466216330494
1,1.0,2457650.0,1.4193795881332354,2.047010220129618,-0.21940926929548957,-2.9484769351878186,2.437998276170626,-0.3260466116787699
