,mass_1,radius_1,x_1,y_1,z_1,vx_1,vy_1,vz_1,mass_2,radius_2,x_2,y_2,z_2,vx_2,vy_2,vz_2,mass_3,radius_3,x_3,y_3,z_3,vx_3,vy_3,vz_3,mass_4,radius_4,x_4,y_4,z_4,vx_4,vy_4,vz_4,mass_5,radius_5,x_5,y_5,z_5,vx_5,vy_5,vz_5,mass_6,radius_6,x_6,y_6,z_6,vx_6,vy_6,vz_6,mass_7,radius_7,x_7,y_7,z_7,vx_7,vy_7,vz_7,mass_8,radius_8,x_8,y_8,z_8,vx_8,vy_8,vz_8
0,1.660120825375342e-07,1.631393540950981e-08,0.16972684118097,0.2603721015406248,0.005700625388283859,-10.65516132968204,6.025866681005277,1.470005060343934,2.447838287784771e-06,4.045378434654418e-08,0.5156744517946125,-0.5128281549964684,-0.03678741112317179,5.1615546020711545,5.210978561922032,-0.22649591060660887,3.040432648020684e-06,4.437104331057835e-07,0.3489343945388814,0.9222181665346812,-2.746577996870125e-05,-5.979592631923012,2.2002234506390193,-5.1481878802098424e-05,3.2271560375549955e-07,2.270212793877687e-08,-0.8811734458696922,1.379790355187125,0.05054726923016981,-4.114028548063983,-2.3161591791189875,0.05248482307258072,0.0009547919099366768,4.778945025452157e-07,3.902944313852272,3.072109227720569,-0.10009750998859,-1.7397118829828353,2.2990426872799783,0.029383354076685162,0.0002858856700231729,4.0286669668487467e-07,-8.99408339214387,-3.564119625347093,0.4200561169704556,0.6392770100417808,-1.8970849845914106,0.007556497935714255,4.3662496132004074e-05,1.708513622580592e-07,20.04609450814339,1.09406237142535,-0.2556094472344926,-0.09018577887325244,1.3692383024308008,0.00625916407410605,5.151383772628657e-05,1.6553711549585576e-07,25.97123575771991,-15.02044403148033,-0.2891161111951101,0.5650483613412225,1.0010431821134713,-0.033605376139242665
