,flag,epoch,sbx,sby,sbz,sbvx,sbvy,sbvz
0,1.0,2458166.5,0.19384780787209355,2.8855625028637646,-0.3082309037224116,-3.689954178580772,0.3682960526924289,-0.4993872953049817
