,mass_1,radius_1,x_1,y_1,z_1,vx_1,vy_1,vz_1,mass_2,radius_2,x_2,y_2,z_2,vx_2,vy_2,vz_2,mass_3,radius_3,x_3,y_3,z_3,vx_3,vy_3,vz_3,mass_4,radius_4,x_4,y_4,z_4,vx_4,vy_4,vz_4,mass_5,radius_5,x_5,y_5,z_5,vx_5,vy_5,vz_5,mass_6,radius_6,x_6,y_6,z_6,vx_6,vy_6,vz_6,mass_7,radius_7,x_7,y_7,z_7,vx_7,vy_7,vz_7,mass_8,radius_8,x_8,y_8,z_8,vx_8,vy_8,vz_8
0,1.660120825375342e-07,1.631393540950981e-08,-0.3453664323283079,0.1081517585663255,0.040522817259975,-5.195983372972182,-9.367192817229462,-0.28867240923475945,2.447838287784771e-06,4.045378434654418e-08,0.6954023450205167,0.2029377662834071,-0.03734953878692584,-2.0954979960792244,7.059104963870298,0.2176794809280036,3.040432648020684e-06,4.437104331057835e-07,-0.7170332465705692,0.6768187364043091,-2.021786194722446e-05,-4.415659383942265,-4.59341469779304,0.0001644119886907761,3.2271560375549955e-07,2.270212793877687e-08,1.376612116375309,0.2686483548100299,-0.02815901499594431,-0.7823951179020606,5.453552715649477,0.13347301176066534,0.0009547919099366768,4.778945025452157e-07,-3.921907042151374,3.611589657564404,0.0727595137264864,-1.9017625019718494,-1.8991710882653403,0.050441656945410585,0.0002858856700231729,4.0286669668487467e-07,-5.249627714825689,-8.457502233297038,0.356014759654765,1.6188574401314366,-1.0818657188800633,-0.04567081143259793,4.3662496132004074e-05,1.708513622580592e-07,19.26493669526486,5.381073925716507,-0.2294991509636186,-0.398228117559184,1.3146680428383055,0.010067437888571198,5.151383772628657e-05,1.6553711549585576e-07,27.57042279915528,-11.73853430752508,-0.3935708050578374,0.4401435746488742,1.0597403362572775,-0.032005322566279755
