,flag,epoch,sbx,sby,sbz,sbvx,sbvy,sbvz
0,1.0,2457380.0,1.9952902245493214,-0.43754622515319447,0.19046724027479167,0.864501132705295,4.57391563380972,0.029599991708795643
1,1.0,2457380.0,1.995290208447361,-0.43754618428662034,0.19046721257849017,0.8645011403797362,4.573915687884917,0.029599960536283793
