,flag,epoch,sbx,sby,sbz,sbvx,sbvy,sbvz
0,1,2456548.5,0.5976596206638793,-1.9514518621033297,0.15898417780903443,4.410913216485817,1.22379666174984,0.28882474706046535
