,flag,epoch,sbx,sby,sbz,sbvx,sbvy,sbvz
0,1.0,2456380.0,-0.5582717014415666,2.6858096372752778,0.09740762653039037,-3.534364945258107,-0.14701824475815153,-0.04557770551850176
1,1.0,2456380.0,-0.5582717847486407,2.685809525403201,0.09740788775634789,-3.5343650677681966,-0.14701827132350792,-0.0455778307651439
