,flag,epoch,sbx,sby,sbz,sbvx,sbvy,sbvz
0,1.0,2457710.0,2.1066930085737035,0.1323231000342997,-0.031232769752873715,0.13725376181051083,4.5172378861002125,0.5016146106962028
1,1.0,2457710.0,2.1066929797254836,0.13232312220594944,-0.03123276901539361,0.13725369986389102,4.5172379303774255,0.5016146194119206
