,flag,epoch,sbx,sby,sbz,sbvx,sbvy,sbvz
0,1.0,2457840.0,2.0313810872972047,0.16579969855504595,0.12506092442184494,-0.5588580637228056,4.595425456118641,0.4205237941970038
1,1.0,2457840.0,2.0313810713446303,0.16579974119876228,0.12506093566471416,-0.5588581364808995,4.595425470367673,0.42052381126653204
