,flag,epoch,sbx,sby,sbz,sbvx,sbvy,sbvz
0,1.0,2457529.5,43.292080609600795,6.196661697481659,-2.9347626311446593,-0.13962712319514523,0.9357254784137509,0.002938461879018813
