,flag,epoch,sbx,sby,sbz,sbvx,sbvy,sbvz
0,1,2457730.0,-2.8962812843529298,-0.8265787660456477,-0.4082579107035241,1.361580487715518,-3.0331844253541926,0.454639617794956
