,flag,epoch,sbx,sby,sbz,sbvx,sbvy,sbvz
0,1.0,2457458.5,11.686413420856589,33.965535296292174,-8.757477651767855,-1.0781273621885106,0.5207387660689262,-0.4776882527766243
