,flag,epoch,sbx,sby,sbz,sbvx,sbvy,sbvz
0,1.0,2457559.5,32.146311972540914,17.682474112510317,-7.524220123777535,-0.49558729107065214,0.9348999047365419,-0.18769193234379936
