,flag,epoch,sbx,sby,sbz,sbvx,sbvy,sbvz
0,1.0,2457620.0,-2.7537987866483626,0.49974813453507494,0.3415962033887942,-0.5614051507808582,-3.4014161487191488,-0.06528152970711536
1,1.0,2457620.0,-2.753798783722695,0.4997481138646371,0.34159620085513237,-0.5614051370028804,-3.4014161633774402,-0.0652815411699609
