,flag,epoch,sbx,sby,sbz,sbvx,sbvy,sbvz
0,1.0,2456840.0,11.939966953502058,34.876855079878595,-5.938260450910388,-0.8925847218135129,0.27407092155490786,0.5422321213238573
