,flag,epoch,sbx,sby,sbz,sbvx,sbvy,sbvz
0,1.0,2457557.5,6.414105214953595,1.3497766742279595,-1.5925058778554644,0.14393568500381757,-2.8394056996422607,-0.13199909578017438
