,flag,epoch,sbx,sby,sbz,sbvx,sbvy,sbvz
0,1.0,2457889.5,-1.6067442844676854,1.230794722467725,-0.12042385165317783,-2.8633143139376003,-3.639365343134737,-0.13873081141219448
