,flag,epoch,sbx,sby,sbz,sbvx,sbvy,sbvz
0,1.0,2458725.5,-27.824990368223766,-29.719786059815284,1.8589477781810675,0.11742977357003254,-0.10978241338880855,0.002567301534382733
