,mass_1,radius_1,x_1,y_1,z_1,vx_1,vy_1,vz_1,mass_2,radius_2,x_2,y_2,z_2,vx_2,vy_2,vz_2,mass_3,radius_3,x_3,y_3,z_3,vx_3,vy_3,vz_3,mass_4,radius_4,x_4,y_4,z_4,vx_4,vy_4,vz_4,mass_5,radius_5,x_5,y_5,z_5,vx_5,vy_5,vz_5,mass_6,radius_6,x_6,y_6,z_6,vx_6,vy_6,vz_6,mass_7,radius_7,x_7,y_7,z_7,vx_7,vy_7,vz_7,mass_8,radius_8,x_8,y_8,z_8,vx_8,vy_8,vz_8
0,1.660120825375342e-07,1.631393540950981e-08,0.3526817766991122,-0.1476857431749648,-0.04442398944548009,1.9650772998603538,9.943385092154708,0.632192539493126,2.447838287784771e-06,4.045378434654418e-08,-0.6992274269746496,0.1633767416953473,0.04258979006415402,-1.7181703044690828,-7.227215468989145,6.0633598796876734e-05,3.040432648020684e-06,4.437104331057835e-07,0.02473713832629729,0.9834934289396469,-3.557136642383008e-05,-6.384252552804669,0.13445134000652026,2.4398821913848948e-05,3.2271560375549955e-07,2.270212793877687e-08,-1.63190749455013,0.3091422734602814,0.0465292818177697,-0.7604525860032975,-4.585403051405694,-0.07742333898169078,0.0009547919099366768,4.778945025452157e-07,-5.150045194457633,1.665481393086921,0.1083225469730438,-0.8817711467445306,-2.4947501710114595,0.03008999981261808,0.0002858856700231729,4.0286669668487467e-07,-3.767926981944632,-9.267783344733251,0.3110904303518285,1.7759372778090052,-0.7755037145886956,-0.05724216209840498,4.3662496132004074e-05,1.708513622580592e-07,18.88280571862053,6.51463733725456,-0.2203193511374079,-0.4793778374630694,1.2885466311275198,0.01101329936786247,5.151383772628657e-05,1.6553711549585576e-07,27.93865262418751,-10.80976687135347,-0.4212212001186102,0.4056543904780825,1.0736585466583788,-0.03150725366126576
