,flag,epoch,sbx,sby,sbz,sbvx,sbvy,sbvz
0,1.0,2453360.0,29.58194069835291,-36.46108946795957,0.07485509263753465,0.6385359705853316,0.624886948821464,-0.07231553313714603
