,flag,epoch,sbx,sby,sbz,sbvx,sbvy,sbvz
0,1.0,2452920.0,25.911455999807064,-32.807861218917374,0.5105561184162686,0.7577208205915705,0.6169248014222878,0.0017065714492940788
