,flag,epoch,sbx,sby,sbz,sbvx,sbvy,sbvz
0,1.0,2458456.5,-0.3865795806781065,2.681145998039476,-0.25848087804112035,-3.599945028686061,-1.1387660616590618,-0.701505631659443
