,mass_1,radius_1,x_1,y_1,z_1,vx_1,vy_1,vz_1,mass_2,radius_2,x_2,y_2,z_2,vx_2,vy_2,vz_2,mass_3,radius_3,x_3,y_3,z_3,vx_3,vy_3,vz_3,mass_4,radius_4,x_4,y_4,z_4,vx_4,vy_4,vz_4,mass_5,radius_5,x_5,y_5,z_5,vx_5,vy_5,vz_5,mass_6,radius_6,x_6,y_6,z_6,vx_6,vy_6,vz_6,mass_7,radius_7,x_7,y_7,z_7,vx_7,vy_7,vz_7,mass_8,radius_8,x_8,y_8,z_8,vx_8,vy_8,vz_8
0,1.660120825375342e-07,1.631393540950981e-08,-0.0165062418403369,-0.4629017913390833,-0.03631202879092649,8.208449807024325,0.15995097687861753,-0.7399053019855456,2.447838287784771e-06,4.045378434654418e-08,0.2437637861536385,0.6784828130311498,-0.00475589158029563,-6.977037416230345,2.4628824808416168,0.43641682627631884,3.040432648020684e-06,4.437104331057835e-07,1.003454977728877,0.002561297751836606,-3.02213279005528e-06,-0.11835971296625042,6.260271175409439,-0.0002924116590106545,3.2271560375549955e-07,2.270212793877687e-08,1.385537931812553,0.1940128989327716,-0.02992349314192426,-0.5127782860486712,5.4983550182146255,0.12780200819142876,0.0009547919099366768,4.778945025452157e-07,2.412961827206813,-4.527543414453088,-0.03518159842242106,2.401640454156173,1.4278978877168471,-0.059662392031844834,0.0002858856700231729,4.0286669668487467e-07,5.046717388625733,-8.635305693322884,-0.05072884682883748,1.6487293782498622,1.0243218789575284,-0.0834054490629437,4.3662496132004074e-05,1.708513622580592e-07,15.59728962579067,12.17178383777875,-0.1568420945536459,-0.8921423076769497,1.066982796544672,0.015468740318315409,5.151383772628657e-05,1.6553711549585576e-07,29.40542742017136,-5.543011441663689,-0.563612136159636,0.20730355179949414,1.1353584697152472,-0.02813900399255903
