,mass_1,radius_1,x_1,y_1,z_1,vx_1,vy_1,vz_1,mass_2,radius_2,x_2,y_2,z_2,vx_2,vy_2,vz_2,mass_3,radius_3,x_3,y_3,z_3,vx_3,vy_3,vz_3,mass_4,radius_4,x_4,y_4,z_4,vx_4,vy_4,vz_4,mass_5,radius_5,x_5,y_5,z_5,vx_5,vy_5,vz_5,mass_6,radius_6,x_6,y_6,z_6,vx_6,vy_6,vz_6,mass_7,radius_7,x_7,y_7,z_7,vx_7,vy_7,vz_7,mass_8,radius_8,x_8,y_8,z_8,vx_8,vy_8,vz_8
0,1.660120825375342e-07,1.631393540950981e-08,-0.1814968382455834,-0.4274414023356101,-0.0182749947603152,7.3919309441636365,-3.5121427834307344,-0.9651470784862385,2.447838287784771e-06,4.045378434654418e-08,-0.3560827224152209,0.623436193392828,0.02909574944238699,-6.439868279706839,-3.705096016067081,0.32082379726037713,3.040432648020684e-06,4.437104331057835e-07,0.5067920907560599,0.847906242016082,-3.290266109397408e-05,-5.496202914412021,3.2004067094005038,-8.984519706795152e-05,3.2271560375549955e-07,2.270212793877687e-08,-1.52818090877458,0.6616339092874973,0.05136992640446474,-1.8391654581481063,-4.254196744784966,-0.044006558611121155,0.0009547919099366768,4.778945025452157e-07,-5.076005959721134,1.862197714871152,0.1058489603274864,-0.9830610128255417,-2.4597965277701768,0.03221179155651372,0.0002858856700231729,4.0286669668487467e-07,-3.908454482386834,-9.20506286887879,0.315596390459301,1.7638278184328335,-0.8043743195075992,-0.056258879994168634,4.3662496132004074e-05,1.708513622580592e-07,18.92057640683493,6.412226959841387,-0.2211904470921468,-0.4720493074345062,1.2911304935617476,0.010929257563593888,5.151383772628657e-05,1.6553711549585576e-07,27.90631959663045,-10.8949642137831,-0.4187177621772732,0.40880422571908565,1.072433403614937,-0.03155343383354224
