,flag,epoch,sbx,sby,sbz,sbvx,sbvy,sbvz
0,1.0,2452329.5,18.531928313387915,40.75335117301875,-1.6353919772388859,-0.8937523059148414,0.28997744042988094,0.060121254229491446
