,flag,epoch,sbx,sby,sbz,sbvx,sbvy,sbvz
0,1.0,2457469.5,-33.46809036307111,33.51105944741938,-12.018390813775373,-0.44531140597969093,-0.8037036052373,0.23453926230526764
