,flag,epoch,sbx,sby,sbz,sbvx,sbvy,sbvz
0,1,2457174.5,2.0668897076310726,1.1788869439546938,-0.025277537337166846,-2.011665847559532,3.6958183020839837,-0.4245970807614777
