,mass_1,radius_1,x_1,y_1,z_1,vx_1,vy_1,vz_1,mass_2,radius_2,x_2,y_2,z_2,vx_2,vy_2,vz_2,mass_3,radius_3,x_3,y_3,z_3,vx_3,vy_3,vz_3,mass_4,radius_4,x_4,y_4,z_4,vx_4,vy_4,vz_4,mass_5,radius_5,x_5,y_5,z_5,vx_5,vy_5,vz_5,mass_6,radius_6,x_6,y_6,z_6,vx_6,vy_6,vz_6,mass_7,radius_7,x_7,y_7,z_7,vx_7,vy_7,vz_7,mass_8,radius_8,x_8,y_8,z_8,vx_8,vy_8,vz_8
0,1.660120825375342e-07,1.631393540950981e-08,0.161030075154836,-0.4141313224702082,-0.04861263517031616,7.519030072848005,4.242627244597721,-0.3431211064611274,2.447838287784771e-06,4.045378434654418e-08,0.4548852639328255,0.5609929254667527,-0.01855461683571163,-5.761406001710481,4.621099493714424,0.39585773316491396,3.040432648020684e-06,4.437104331057835e-07,0.7943597876512806,-0.6284755838217799,2.258975961196129e-05,3.79668048565664,4.904666103131514,-0.00021991170796746917,3.2271560375549955e-07,2.270212793877687e-08,-1.109487433677004,1.222157756705624,0.05283973480680826,-3.591418282526807,-2.9997468134214658,0.025278436992344368,0.0009547919099366768,4.778945025452157e-07,-4.821859453491519,-2.534774965795458,0.1184209474038396,1.250373274600499,-2.3117743409179066,-0.01837745244248774,0.0002858856700231729,4.0286669668487467e-07,-0.6895916860198485,-10.03513862524653,0.2018703752574612,1.9227928725491128,-0.14790753247805405,-0.07396336042245115,4.3662496132004074e-05,1.708513622580592e-07,17.96806829564945,8.591453188839207,-0.2007469360391836,-0.6287329914919566,1.2268365159223051,0.0126939940678446,5.151383772628657e-05,1.6553711549585576e-07,28.55326897750288,-9.01818912332825,-0.4723591497155557,0.33920191405941275,1.0981043372765753,-0.030472911186284618
