,flag,epoch,sbx,sby,sbz,sbvx,sbvy,sbvz
0,1,2457640.0,-1.1370486522626833,2.5353466566958347,-0.3444443395863343,-3.4793756696262323,-1.6978760248532565,0.7296720813530573
