,mass_1,radius_1,x_1,y_1,z_1,vx_1,vy_1,vz_1,mass_2,radius_2,x_2,y_2,z_2,vx_2,vy_2,vz_2,mass_3,radius_3,x_3,y_3,z_3,vx_3,vy_3,vz_3,mass_4,radius_4,x_4,y_4,z_4,vx_4,vy_4,vz_4,mass_5,radius_5,x_5,y_5,z_5,vx_5,vy_5,vz_5,mass_6,radius_6,x_6,y_6,z_6,vx_6,vy_6,vz_6,mass_7,radius_7,x_7,y_7,z_7,vx_7,vy_7,vz_7,mass_8,radius_8,x_8,y_8,z_8,vx_8,vy_8,vz_8
0,1.660120825375342e-07,1.631393540950981e-08,-0.2675730617344728,0.207039209963063,0.04146775694027811,-8.38402258242285,0.0,0.0,2.447838287784771e-06,4.045378434654418e-08,-0.6202052445378926,0.3607589369855013,0.04073352945531697,-3.745505234457558,0.0,0.0,3.040432648020684e-06,4.437104331057835e-07,0.9236076568609592,0.3756660704440596,-1.123889525389684e-05,-2.469625527166119,0.0,0.0,3.2271560375549955e-07,2.270212793877687e-08,0.2834217453334714,1.517250908661721,0.02483178479613572,-4.830272830824419,0.0,0.0,0.0009547919099366768,4.778945025452157e-07,4.231568828311469,-2.705302922072396,-0.0834623906457379,1.451576010057189,2.4554523184168278,-0.04267758478760787,0.0002858856700231729,4.0286669668487467e-07,-9.419558206403893,0.6909857051216912,0.3628992671980478,-0.25726184973666255,-2.034754193506361,0.045692884071681705,4.3662496132004074e-05,1.708513622580592e-07,20.013180375241,-1.822681499005218,-0.2660009180017204,0.120937999618284,1.3655558337924152,0.003489760136815682,5.151383772628657e-05,1.6553711549585576e-07,24.6807715068664,-17.09996336161079,-0.2166392865562487,0.6466983881524097,0.9511056403432703,-0.03444997665093666
