,flag,epoch,sbx,sby,sbz,sbvx,sbvy,sbvz
0,1.0,2457157.5,23.53929438888982,-30.528562313169562,-5.923992988407258,0.7430298160612838,0.6401693354429904,-0.4730634617620398
