,flag,epoch,sbx,sby,sbz,sbvx,sbvy,sbvz
0,1,2457494.5,-27.189867823240434,28.232210143048132,1.3947674980527154,-0.6689886154970511,-0.7064068045007877,0.31222171704110785
