,flag,epoch,sbx,sby,sbz,sbvx,sbvy,sbvz
0,1,2457247.5,28.313040601576308,19.020452834958572,-0.6373152143236482,-0.7264814895993215,0.878670065997636,0.11185717879832507
