,flag,epoch,sbx,sby,sbz,sbvx,sbvy,sbvz
0,1.0,2457760.0,1.4239132018748835,-1.786831406680151,-0.17807345523281054,3.4108481810819065,2.3696868596944087,0.3466736556580763
1,1.0,2457760.0,1.42391322362364,-1.786831365772291,-0.17807345468976982,3.4108481892229467,2.3696869095102575,0.34667365276064094
