,flag,epoch,sbx,sby,sbz,sbvx,sbvy,sbvz
0,1,2457092.5,0.7858912521967358,2.906154562378763,0.13884432522621026,-3.4577819963548833,0.7850881562098679,-0.5095477921176136
