,mass_1,radius_1,x_1,y_1,z_1,vx_1,vy_1,vz_1,mass_2,radius_2,x_2,y_2,z_2,vx_2,vy_2,vz_2,mass_3,radius_3,x_3,y_3,z_3,vx_3,vy_3,vz_3,mass_4,radius_4,x_4,y_4,z_4,vx_4,vy_4,vz_4,mass_5,radius_5,x_5,y_5,z_5,vx_5,vy_5,vz_5,mass_6,radius_6,x_6,y_6,z_6,vx_6,vy_6,vz_6,mass_7,radius_7,x_7,y_7,z_7,vx_7,vy_7,vz_7,mass_8,radius_8,x_8,y_8,z_8,vx_8,vy_8,vz_8
0,1.660120825375342e-07,1.631393540950981e-08,-0.3910362815978575,-0.02725259412208841,0.03364861675799872,-1.4232453319266123,-9.80944035195628,-0.6709562679907529,2.447838287784771e-06,4.045378434654418e-08,0.03336950150476548,0.71900460897575,0.007932109580499757,-7.404706905286343,0.3039961110973787,0.43146746807553266,3.040432648020684e-06,4.437104331057835e-07,0.77099877028077,0.6248927866793063,-2.610336088866785e-05,-4.059017439754108,4.858335075619531,-0.00015578159501681332,3.2271560375549955e-07,2.270212793877687e-08,-1.408380549345619,0.885134698522122,0.05311301044725193,-2.527560120650548,-3.8915339657073296,-0.019510477869580413,0.0009547919099366768,4.778945025452157e-07,-5.020280404338152,1.996173609396602,0.1040456706745039,-1.0522139837760311,-2.433356578665546,0.03364980566318074,0.0002858856700231729,4.0286669668487467e-07,-4.004801687607606,-9.160475014763286,0.3186581850880137,1.7552190041177942,-0.8241831932679716,-0.05557198413247484,4.3662496132004074e-05,1.708513622580592e-07,18.94628572503319,6.341480157799986,-0.2217873081628351,-0.4669815764312725,1.2928936545062388,0.010871058270086758,5.151383772628657e-05,1.6553711549585576e-07,27.88387512461567,-10.95366432885299,-0.4169891210632759,0.4109808224412308,1.0715879992726567,-0.03158516984009056
