,mass_1,radius_1,x_1,y_1,z_1,vx_1,vy_1,vz_1,mass_2,radius_2,x_2,y_2,z_2,vx_2,vy_2,vz_2,mass_3,radius_3,x_3,y_3,z_3,vx_3,vy_3,vz_3,mass_4,radius_4,x_4,y_4,z_4,vx_4,vy_4,vz_4,mass_5,radius_5,x_5,y_5,z_5,vx_5,vy_5,vz_5,mass_6,radius_6,x_6,y_6,z_6,vx_6,vy_6,vz_6,mass_7,radius_7,x_7,y_7,z_7,vx_7,vy_7,vz_7,mass_8,radius_8,x_8,y_8,z_8,vx_8,vy_8,vz_8
0,1.660120825375342e-07,1.631393540950981e-08,0.293150258088066,-0.291459264836125,-0.05070989079543452,5.208322485483412,7.77433494882271,0.15743611583794478,2.447838287784771e-06,4.045378434654418e-08,0.7253303457735149,0.002377907933529923,-0.04182346949996375,-0.0554890733814252,7.353953186918596,0.10403842045528616,3.040432648020684e-06,4.437104331057835e-07,0.3535096762124659,0.9205011159996539,-3.641958113366848e-05,-5.968558755811788,2.229490611702886,-5.531936491782412e-05,3.2271560375549955e-07,2.270212793877687e-08,1.386055358271206,-0.07934940714680169,-0.03567957670702954,0.4878101966807893,5.540244106991608,0.10412730390820928,0.0009547919099366768,4.778945025452157e-07,-5.395681567219356,-0.7928239932553914,0.1240271631125534,0.36793638235369186,-2.5992246088740405,0.002560482398819412,0.0002858856700231729,4.0286669668487467e-07,-2.028754275208826,-9.835442381265974,0.2517088610379373,1.8849119498195572,-0.4199963189334999,-0.06774172295396517,4.3662496132004074e-05,1.708513622580592e-07,18.3875925917086,7.719832740097577,-0.2094175587671362,-0.5658851542869392,1.2550795535344104,0.011996131331194542,5.151383772628657e-05,1.6553711549585576e-07,28.30502249714595,-9.785817810419692,-0.4507974634585909,0.36771074313179286,1.0880447530141204,-0.03092880887026164
