,flag,epoch,sbx,sby,sbz,sbvx,sbvy,sbvz
0,1,2456730.0,-2.2866852550590147,0.9735328012595161,0.0791216959942171,-1.4022054191797328,-3.7066498709294318,-0.040874803507396626
