,flag,epoch,sbx,sby,sbz,sbvx,sbvy,sbvz
0,1.0,2456610.0,-1.9718832928029089,2.3577286491992946,0.2548102881940909,-2.8899383823600453,-1.6848564412915576,0.5711446922396556
1,1.0,2456610.0,-1.9718832053845061,2.357728684286954,0.25481017814293583,-2.889938472122004,-1.6848563992338865,0.5711446645980096
