,mass_1,radius_1,x_1,y_1,z_1,vx_1,vy_1,vz_1,mass_2,radius_2,x_2,y_2,z_2,vx_2,vy_2,vz_2,mass_3,radius_3,x_3,y_3,z_3,vx_3,vy_3,vz_3,mass_4,radius_4,x_4,y_4,z_4,vx_4,vy_4,vz_4,mass_5,radius_5,x_5,y_5,z_5,vx_5,vy_5,vz_5,mass_6,radius_6,x_6,y_6,z_6,vx_6,vy_6,vz_6,mass_7,radius_7,x_7,y_7,z_7,vx_7,vy_7,vz_7,mass_8,radius_8,x_8,y_8,z_8,vx_8,vy_8,vz_8
0,1.660120825375342e-07,1.631393540950981e-08,-0.106356417216877,-0.4535949166335908,-0.02730268444256994,7.942374539843739,-1.8281216739295922,-0.8781117847964607,2.447838287784771e-06,4.045378434654418e-08,0.4911119964497152,-0.5365243783865453,-0.035695196714571,5.401040375075048,4.960966895741108,-0.2437372821185324,3.040432648020684e-06,4.437104331057835e-07,0.3457682659214663,-0.9559689639714141,2.816123151977171e-05,5.807027078468128,2.1137853039655856,-7.283202491841455e-05,3.2271560375549955e-07,2.270212793877687e-08,-1.145446484745869,-1.070204837992347,0.005702329843127669,3.6818227489535307,-3.2979396231449565,-0.1595016936184436,0.0009547919099366768,4.778945025452157e-07,2.631394523539026,4.266894736956122,-0.07660490132304132,-2.38141069636822,1.5794170164464072,0.04673105471122757,0.0002858856700231729,4.0286669668487467e-07,-8.532661552750657,-4.690809883016437,0.4212836679031167,0.8695426245837055,-1.7890921508806465,-0.0035068880460973123,4.3662496132004074e-05,1.708513622580592e-07,19.97261634314964,1.928582613003476,-0.2515518739311293,-0.15042318465683227,1.364080752201554,0.007028914806003327,5.151383772628657e-05,1.6553711549585576e-07,26.30892929172986,-14.40543127017448,-0.3095483269664013,0.5411769680178596,1.0135421208689228,-0.03332491472074635
