,flag,epoch,sbx,sby,sbz,sbvx,sbvy,sbvz
0,1,2457520.0,-1.0066236903559633,-1.7241083207623955,-0.047806888550126894,4.2296582177745075,-1.813525812051429,-0.4238812717635222
