,mass_1,radius_1,x_1,y_1,z_1,vx_1,vy_1,vz_1,mass_2,radius_2,x_2,y_2,z_2,vx_2,vy_2,vz_2,mass_3,radius_3,x_3,y_3,z_3,vx_3,vy_3,vz_3,mass_4,radius_4,x_4,y_4,z_4,vx_4,vy_4,vz_4,mass_5,radius_5,x_5,y_5,z_5,vx_5,vy_5,vz_5,mass_6,radius_6,x_6,y_6,z_6,vx_6,vy_6,vz_6,mass_7,radius_7,x_7,y_7,z_7,vx_7,vy_7,vz_7,mass_8,radius_8,x_8,y_8,z_8,vx_8,vy_8,vz_8
0,1.660120825375342e-07,1.631393540950981e-08,0.07728140981129235,-0.4489875345419644,-0.04377800794477205,8.06622544763748,2.269956520025386,-0.554505068932707,2.447838287784771e-06,4.045378434654418e-08,-0.2207196474486671,0.6837331718853072,0.02211611871536032,-7.055580917725505,-2.3107910421661098,0.3754549531344244,3.040432648020684e-06,4.437104331057835e-07,-0.762524818021048,-0.6586094105729169,3.113608066044993e-05,4.005398476819654,-4.779177292418757,0.00018786163575593119,3.2271560375549955e-07,2.270212793877687e-08,-0.428318598292883,-1.430077041371487,-0.01945339321861658,5.088974078664668,-1.0279583287176166,-0.14642263233822936,0.0009547919099366768,4.778945025452157e-07,-3.653215931110697,-3.99027453738224,0.09831571381480823,2.0014371606212102,-1.732919247214777,-0.0375865205432843,0.0002858856700231729,4.0286669668487467e-07,0.6816030924834818,-10.04144276101126,0.1474052482498942,1.9233974133712435,0.1302206531184085,-0.07880907737040545,4.3662496132004074e-05,1.708513622580592e-07,17.49817294648399,9.453687556071309,-0.1914677786805584,-0.6912762643631081,1.195225056568822,0.013373892030983846,5.151383772628657e-05,1.6553711549585576e-07,28.78431074738522,-8.233059302776477,-0.4938799372199491,0.3098743285189816,1.1077222058124698,-0.029986367088021274
