,flag,epoch,sbx,sby,sbz,sbvx,sbvy,sbvz
0,1.0,2456610.0,-37.79997404773373,-30.218924676953087,1.3327046207926472,0.5269838216151065,-0.6189119266201129,0.3711615898158215
