,flag,epoch,sbx,sby,sbz,sbvx,sbvy,sbvz
0,1.0,2457200.0,1.961904402045415,1.0579132740123518,0.1941051877239862,-1.9521113407410198,3.81398603919569,-0.5989944462639027
1,1.0,2457200.0,1.96190435674029,1.0579133726785894,0.19410521350782725,-1.9521114272060125,3.813985971596285,-0.5989944590447807
