,flag,epoch,sbx,sby,sbz,sbvx,sbvy,sbvz
0,1.0,2457147.5,-36.66401058426328,-2.8087260028375933,-0.7215562349853718,0.03125890781945661,-1.1187531171637175,-0.000727775420352316
