,mass_1,radius_1,x_1,y_1,z_1,vx_1,vy_1,vz_1,mass_2,radius_2,x_2,y_2,z_2,vx_2,vy_2,vz_2,mass_3,radius_3,x_3,y_3,z_3,vx_3,vy_3,vz_3,mass_4,radius_4,x_4,y_4,z_4,vx_4,vy_4,vz_4,mass_5,radius_5,x_5,y_5,z_5,vx_5,vy_5,vz_5,mass_6,radius_6,x_6,y_6,z_6,vx_6,vy_6,vz_6,mass_7,radius_7,x_7,y_7,z_7,vx_7,vy_7,vz_7,mass_8,radius_8,x_8,y_8,z_8,vx_8,vy_8,vz_8
0,1.660120825375342e-07,1.631393540950981e-08,-0.3325645759997599,0.129605717190272,0.04110043318700798,-5.851439729832978,-9.137156959660633,-0.2097810167680878,2.447838287784771e-06,4.045378434654418e-08,0.7253582317343564,-0.003659268913271469,-0.04190780318973181,0.005855588909018419,7.353837632390354,0.10049022609088717,3.040432648020684e-06,4.437104331057835e-07,-0.8689991351548585,-0.5042205511044252,2.265111066622996e-05,3.0512574448452283,-5.458784838328912,0.0001871425625250396,3.2271560375549955e-07,2.270212793877687e-08,-1.104384304808569,-1.106049577465358,0.003926399713614866,3.8085575723919187,-3.1738762068147004,-0.1599832753307462,0.0009547919099366768,4.778945025452157e-07,-5.370894211747699,0.8201430685852925,0.116774465825687,-0.4493588588980321,-2.596948927283365,0.020839375455884268,0.0002858856700231729,4.0286669668487467e-07,-3.171817032856246,-9.504519538293595,0.291467937370094,1.8215466621202523,-0.6532675362737069,-0.06117570253623442,4.3662496132004074e-05,1.708513622580592e-07,18.71895247772394,6.939683650527646,-0.2166130990139126,-0.5098161989371676,1.2774445256633842,0.011362537842341872,5.151383772628657e-05,1.6553711549585576e-07,28.07085960278975,-10.45323518573277,-0.4316265277836457,0.3924756129915211,1.0787876134275172,-0.0313094277800235
