,mass_1,radius_1,x_1,y_1,z_1,vx_1,vy_1,vz_1,mass_2,radius_2,x_2,y_2,z_2,vx_2,vy_2,vz_2,mass_3,radius_3,x_3,y_3,z_3,vx_3,vy_3,vz_3,mass_4,radius_4,x_4,y_4,z_4,vx_4,vy_4,vz_4,mass_5,radius_5,x_5,y_5,z_5,vx_5,vy_5,vz_5,mass_6,radius_6,x_6,y_6,z_6,vx_6,vy_6,vz_6,mass_7,radius_7,x_7,y_7,z_7,vx_7,vy_7,vz_7,mass_8,radius_8,x_8,y_8,z_8,vx_8,vy_8,vz_8
0,1.660120825375342e-07,1.631393540950981e-08,0.3165951940878957,-0.2516112672885564,-0.04960503651297149,4.365824526448011,8.52375065324544,0.2959222355872819,2.447838287784771e-06,4.045378434654418e-08,-0.08221190766549748,0.714436700755476,0.01453632753020612,-7.364480050500872,-0.8844825205741327,0.4128741992800533,3.040432648020684e-06,4.437104331057835e-07,-0.9909274690842121,-0.1178781319188769,6.954837419445133e-06,0.63999379552309,-6.263592141090614,0.00020673115270612475,3.2271560375549955e-07,2.270212793877687e-08,1.098964728157233,0.9496475261735661,-0.00707509935748094,-3.1464549702123508,4.303599162617287,0.1674035287981954,0.0009547919099366768,4.778945025452157e-07,-4.172485061948755,3.3430245152295,0.07948190069955235,-1.7578984657418288,-2.0228002563450396,0.047736343731024686,0.0002858856700231729,4.0286669668487467e-07,-5.026072702854679,-8.602426838459227,0.3496301940806895,1.6470703249230707,-1.0353691832166054,-0.04760117838372048,4.3662496132004074e-05,1.708513622580592e-07,19.20954168552841,5.560781753153895,-0.2281105615754649,-0.411083251047653,1.3108441743151562,0.010219585356411594,5.151383772628657e-05,1.6553711549585576e-07,27.63030536250923,-11.59331167876695,-0.3979468238477071,0.434743343522378,1.0619589458626437,-0.03192829060182245
