,mass_1,radius_1,x_1,y_1,z_1,vx_1,vy_1,vz_1,mass_2,radius_2,x_2,y_2,z_2,vx_2,vy_2,vz_2,mass_3,radius_3,x_3,y_3,z_3,vx_3,vy_3,vz_3,mass_4,radius_4,x_4,y_4,z_4,vx_4,vy_4,vz_4,mass_5,radius_5,x_5,y_5,z_5,vx_5,vy_5,vz_5,mass_6,radius_6,x_6,y_6,z_6,vx_6,vy_6,vz_6,mass_7,radius_7,x_7,y_7,z_7,vx_7,vy_7,vz_7,mass_8,radius_8,x_8,y_8,z_8,vx_8,vy_8,vz_8
0,1.660120825375342e-07,1.631393540950981e-08,-0.1898394669245648,-0.4233481835322433,-0.01717900026379156,7.30875540269257,-3.7026372827896545,-0.9730191877625932,2.447838287784771e-06,4.045378434654418e-08,0.09501344768168318,-0.7209820648465067,-0.01537649085253726,7.274803520474127,0.9390877749161431,-0.40692041104829035,3.040432648020684e-06,4.437104331057835e-07,-0.0371363684517756,-1.015454718461785,4.721081115806781e-05,6.177366736898132,-0.2531747953494563,-1.7233388138694035e-06,3.2271560375549955e-07,2.270212793877687e-08,0.8492229787748119,-1.107029890029989,-0.04403005847638361,4.249159780455651,3.54916050595067,-0.029871825357899305,0.0009547919099366768,4.778945025452157e-07,1.759648307043608,-4.85622555739135,-0.0191997511165835,2.5608319014001557,1.0701770541341555,-0.061740026062537263,0.0002858856700231729,4.0286669668487467e-07,4.606644500618555,-8.89256717491477,-0.02874731489281974,1.6991463186515083,0.9328684496479932,-0.08382217404912577,4.3662496132004074e-05,1.708513622580592e-07,15.82898347871093,11.88926468340629,-0.1608794107140625,-0.8708720547856202,1.0827163538820967,0.015251697696602314,5.151383772628657e-05,1.6553711549585576e-07,29.34941274766183,-5.841086897517275,-0.5561871295293318,0.21891497015583988,1.1327634982774795,-0.028360346261493787
