,flag,epoch,sbx,sby,sbz,sbvx,sbvy,sbvz
0,1.0,2459605.5,58.30063179189718,8.699059768992864,8.920680040059327,0.22620345551955456,0.7040121393178248,-0.5260398961706169
