,flag,epoch,sbx,sby,sbz,sbvx,sbvy,sbvz
0,1,2457300.0,0.6050020749631624,1.8207979184989296,0.8478512382754608,-4.521734797571639,1.5129613047928232,0.7112698751936452
