,flag,epoch,sbx,sby,sbz,sbvx,sbvy,sbvz
0,1,2457678.5,-2.45650577854425,-0.8992953283359817,0.08607037289974792,1.9513361755596792,-3.3082703295913927,0.7360309412632956
