,mass_1,radius_1,x_1,y_1,z_1,vx_1,vy_1,vz_1,mass_2,radius_2,x_2,y_2,z_2,vx_2,vy_2,vz_2,mass_3,radius_3,x_3,y_3,z_3,vx_3,vy_3,vz_3,mass_4,radius_4,x_4,y_4,z_4,vx_4,vy_4,vz_4,mass_5,radius_5,x_5,y_5,z_5,vx_5,vy_5,vz_5,mass_6,radius_6,x_6,y_6,z_6,vx_6,vy_6,vz_6,mass_7,radius_7,x_7,y_7,z_7,vx_7,vy_7,vz_7,mass_8,radius_8,x_8,y_8,z_8,vx_8,vy_8,vz_8
0,1.660120825375342e-07,1.631393540950981e-08,0.06200146243989197,0.3005923281047443,0.01887456322685445,-12.1248630597845,2.4580718863062714,1.31316292834451,2.447838287784771e-06,4.045378434654418e-08,-0.4682289853321186,-0.5518469050314139,0.01944836927597201,5.581466622506529,-4.814010762127232,-0.3881475898840364,3.040432648020684e-06,4.437104331057835e-07,-0.9065496021887568,0.3974186494592171,-1.542693662279166e-05,-2.6254179231891173,-5.778832436313221,0.0002696696977587729,3.2271560375549955e-07,2.270212793877687e-08,0.47716724610744,1.447506353498482,0.01862205197702642,-4.6610579417152245,2.034877238883042,0.15700731244935973,0.0009547919099366768,4.778945025452157e-07,-1.748958387819939,-5.037978863030744,0.06005811257222213,2.572993485377352,-0.7747461670740466,-0.05435425895496654,0.0002858856700231729,4.0286669668487467e-07,2.245725219617956,-9.803447562129241,0.0810256967207108,1.876829864357641,0.4481754622285102,-0.08247283416402305,4.3662496132004074e-05,1.708513622580592e-07,16.90127819900543,10.41921010662155,-0.1801726120899611,-0.761871938742559,1.1551107252067527,0.014124024775265467,5.151383772628657e-05,1.6553711549585576e-07,29.02473139799343,-7.318877266553017,-0.5182680783838755,0.27543783424936985,1.1181171492629154,-0.029392456810253376
