,flag,epoch,sbx,sby,sbz,sbvx,sbvy,sbvz
0,1.0,2453794.5,38.724615031069334,-0.7716686104573327,1.74204081816946,0.14467774649077111,1.087982907699822,-0.04461500419598332
