,flag,epoch,sbx,sby,sbz,sbvx,sbvy,sbvz
0,1.0,2457400.0,0.18357190865958217,2.48813247841861,0.26415222980963793,-3.870955488838793,0.06410051879052396,-0.10013944717968139
1,1.0,2457400.0,0.1835719161290308,2.488132470711525,0.26415226127628366,-3.8709554896030745,0.06410052879198458,-0.10013943649129105
