,mass_1,radius_1,x_1,y_1,z_1,vx_1,vy_1,vz_1,mass_2,radius_2,x_2,y_2,z_2,vx_2,vy_2,vz_2,mass_3,radius_3,x_3,y_3,z_3,vx_3,vy_3,vz_3,mass_4,radius_4,x_4,y_4,z_4,vx_4,vy_4,vz_4,mass_5,radius_5,x_5,y_5,z_5,vx_5,vy_5,vz_5,mass_6,radius_6,x_6,y_6,z_6,vx_6,vy_6,vz_6,mass_7,radius_7,x_7,y_7,z_7,vx_7,vy_7,vz_7,mass_8,radius_8,x_8,y_8,z_8,vx_8,vy_8,vz_8
0,1.660120825375342e-07,1.631393540950981e-08,-0.374651814582256,0.04161718962808883,0.03777301093088185,-3.269691773003547,0.0,0.0,2.447838287784771e-06,4.045378434654418e-08,-0.6839394936148666,0.218109432930118,0.04245871978123929,-2.2802130069495883,0.0,0.0,3.040432648020684e-06,4.437104331057835e-07,-0.6957024805510024,-0.7308087425446532,2.649388824406477e-05,4.449122562515371,0.0,0.0,3.2271560375549955e-07,2.270212793877687e-08,0.675661450327611,1.343145691431562,0.01155983881741527,-4.371540883987833,0.0,0.0,0.0009547919099366768,4.778945025452157e-07,-4.360688540879483,3.113549430964934,0.08464622832450301,-1.6359672410681698,-2.1150543902564602,0.045390366269582594,0.0002858856700231729,4.0286669668487467e-07,-4.842217536299736,-8.715120264865172,0.3442666695538821,1.668994648115873,-0.9972123123502428,-0.04913690614924182,4.3662496132004074e-05,1.708513622580592e-07,19.1633843732801,5.705956512693863,-0.2269706479863047,-0.42144934209950285,1.3076686286897041,0.010340530955481647,5.151383772628657e-05,1.6553711549585576e-07,27.67826911048767,-11.47545941727651,-0.401483704513472,0.43038439110252824,1.0637473022111468,-0.03186691348649526
