,flag,epoch,sbx,sby,sbz,sbvx,sbvy,sbvz
0,1.0,2457406.5,41.779102772590356,1.9153102903861434,-0.23826078288909736,-0.0025394537160000298,0.9817266432262759,0.005830525196472022
