,flag,epoch,sbx,sby,sbz,sbvx,sbvy,sbvz
0,1.0,2457142.5,-18.383404950969712,-19.73585601755215,-1.4880223250861722,0.9858589598956089,-0.797458854006659,0.5639177951289288
