,flag,epoch,sbx,sby,sbz,sbvx,sbvy,sbvz
0,1.0,2457818.5,32.771038206924025,20.716324202810583,-9.532834015477363,-0.6766176947114283,0.8738560377404292,0.2966028857970403
