,flag,epoch,sbx,sby,sbz,sbvx,sbvy,sbvz
0,1.0,2457410.5,1.9810245414692025,1.421428358622299,-0.022662904435828815,-1.8471475809677473,3.7269532863751658,-0.09611041087670816
