,flag,epoch,sbx,sby,sbz,sbvx,sbvy,sbvz
0,1.0,2457830.0,1.356946401796539,1.9985537690935715,0.018910791584483923,-3.430947048162897,2.066816643343362,0.5090611956467522
1,1.0,2457830.0,1.3569464085208982,1.9985537728075087,0.0189108067908737,-3.4309470304827574,2.0668166515204858,0.5090612297924323
