,flag,epoch,sbx,sby,sbz,sbvx,sbvy,sbvz
0,1,2457200.5,2.8758690582500135,1.3652652269559644,0.022881326213968323,-0.9190206496478613,3.102646915320701,-0.29766624246527346
