,flag,epoch,sbx,sby,sbz,sbvx,sbvy,sbvz
0,1.0,2457750.0,2.4123527453693683,-0.10985284450768062,-0.2769085633609166,0.48266225282573555,3.9363642018903517,-0.28452851946612556
1,1.0,2457750.0,2.4123527684889643,-0.10985288559517814,-0.2769085605989421,0.4826622908539398,3.936364152425977,-0.28452850427755466
