,flag,epoch,sbx,sby,sbz,sbvx,sbvy,sbvz
0,1,2457840.0,2.3488986174529582,2.1641886528398593,0.401940747131308,-2.5750873357207764,1.9370971884308512,-0.6854331256829819
