,flag,epoch,sbx,sby,sbz,sbvx,sbvy,sbvz
0,1,2457640.0,1.4147781218300723,-2.8859756629127835,0.3986820484752371,3.059328045487457,1.4220609438900533,-0.4727858007591308
