,mass_1,radius_1,x_1,y_1,z_1,vx_1,vy_1,vz_1,mass_2,radius_2,x_2,y_2,z_2,vx_2,vy_2,vz_2,mass_3,radius_3,x_3,y_3,z_3,vx_3,vy_3,vz_3,mass_4,radius_4,x_4,y_4,z_4,vx_4,vy_4,vz_4,mass_5,radius_5,x_5,y_5,z_5,vx_5,vy_5,vz_5,mass_6,radius_6,x_6,y_6,z_6,vx_6,vy_6,vz_6,mass_7,radius_7,x_7,y_7,z_7,vx_7,vy_7,vz_7,mass_8,radius_8,x_8,y_8,z_8,vx_8,vy_8,vz_8
0,1.660120825375342e-07,1.631393540950981e-08,-0.3848744177719878,0.005462462166623515,0.03575819462639081,-2.283338275358851,-9.833308807765302,-0.5939578599229781,2.447838287784771e-06,4.045378434654418e-08,-0.7188888506091343,0.0001676413233632413,0.04148925312622918,-0.04496016479539577,-7.420033620996575,-0.09909424622020568,3.040432648020684e-06,4.437104331057835e-07,-0.8899030019491522,0.4323222180160677,-1.156764824408905e-05,-2.8481032836890288,-5.675810335988504,0.00018960442870602693,3.2271560375549955e-07,2.270212793877687e-08,-1.652160137300326,0.04287904224689397,0.04145189282225639,0.05828717828425106,-4.672687887617998,-0.09933733786529803,0.0009547919099366768,4.778945025452157e-07,-1.718243807886989,4.920305874543176,0.01801416059972446,-2.637752042967665,-0.77901603036698,0.06225889730294422,0.0002858856700231729,4.0286669668487467e-07,-6.6867208510633,-7.279458577037402,0.3927758180543056,1.3878238286681062,-1.3844637611376929,-0.03121167843348915,4.3662496132004074e-05,1.708513622580592e-07,19.60136420165128,4.116962987987849,-0.2385781507837305,-0.3077353496376064,1.3379004800579588,0.008982829541644281,5.151383772628657e-05,1.6553711549585576e-07,27.1331706441811,-12.74061384803959,-0.362829125660474,0.47764114696691873,1.0435614268066826,-0.03251987596308402
