,flag,epoch,sbx,sby,sbz,sbvx,sbvy,sbvz
0,1.0,2457520.5,27.964255148038845,39.12894803666101,0.16794728436071793,-0.6107879024447619,0.5279962907997215,-0.2495870609874117
