,flag,epoch,sbx,sby,sbz,sbvx,sbvy,sbvz
0,1.0,2457378.5,-27.675255068488294,21.788263453283193,-13.202925087906387,-0.4905900669913407,-0.9280800052590947,-0.28567033966069505
