,flag,epoch,sbx,sby,sbz,sbvx,sbvy,sbvz
0,1,2456790.0,-2.143177907448534,-2.395561810745763,-0.5811451524521823,1.9271519133348487,-2.2612962979241646,-0.4024699080777085
