,flag,epoch,sbx,sby,sbz,sbvx,sbvy,sbvz
0,1,2456987.5,0.1289019630705669,1.9122636725797775,-0.06704961280539684,-4.772284907559789,0.6327132399458225,0.4657164799536354
