,mass_1,radius_1,x_1,y_1,z_1,vx_1,vy_1,vz_1,mass_2,radius_2,x_2,y_2,z_2,vx_2,vy_2,vz_2,mass_3,radius_3,x_3,y_3,z_3,vx_3,vy_3,vz_3,mass_4,radius_4,x_4,y_4,z_4,vx_4,vy_4,vz_4,mass_5,radius_5,x_5,y_5,z_5,vx_5,vy_5,vz_5,mass_6,radius_6,x_6,y_6,z_6,vx_6,vy_6,vz_6,mass_7,radius_7,x_7,y_7,z_7,vx_7,vy_7,vz_7,mass_8,radius_8,x_8,y_8,z_8,vx_8,vy_8,vz_8
0,1.660120825375342e-07,1.631393540950981e-08,-0.04742062637957117,0.3061672665121966,0.02936810737331134,-12.21630407205805,-1.198536373021512,1.022807811877907,2.447838287784771e-06,4.045378434654418e-08,-0.7136753969075352,-0.09096075549974339,0.03993517728617148,0.8880002726567578,-7.361148147931563,-0.15219929801315263,3.040432648020684e-06,4.437104331057835e-07,-0.9918111419950747,-0.109102119548404,9.549324751098952e-06,0.5848675258773879,-6.269754678467533,0.00024737157788376534,3.2271560375549955e-07,2.270212793877687e-08,0.6452874956179981,1.361392162563938,0.01269207421359619,-4.4248439284929635,2.624682177706349,0.16359657054311214,0.0009547919099366768,4.778945025452157e-07,-5.213233748098981,-1.605245564998155,0.1233183650683025,0.7786528878492749,-2.5064640698030045,-0.007015212515474241,0.0002858856700231729,4.0286669668487467e-07,-1.426482369286459,-9.949423324234951,0.2297133147949199,1.9066229039993021,-0.2975830267897432,-0.0707280926017167,4.3662496132004074e-05,1.708513622580592e-07,18.20332791082854,8.11646688710349,-0.2055568356251726,-0.594435142971655,1.2426004597571727,0.012314260710876372,5.151383772628657e-05,1.6553711549585576e-07,28.41976245954708,-9.439541482363323,-0.4605879330743046,0.354875173101156,1.092592802764763,-0.030726313258167888
