,flag,epoch,sbx,sby,sbz,sbvx,sbvy,sbvz
0,1,2457040.0,-0.9877920315534305,1.9068218805982449,-0.39573723544898964,-3.7769321552968296,-2.386377740768509,-0.20357000257723085
