,flag,epoch,sbx,sby,sbz,sbvx,sbvy,sbvz
0,1.0,2457770.0,2.18510187710739,0.2371911289758919,0.07361040160195213,-0.762505562865466,4.312189053641752,-0.43820314994966025
1,1.0,2457770.0,2.1851018942177736,0.23719109959518536,0.07361037904845809,-0.762505513918719,4.312189038724301,-0.4382031367174031
