,flag,epoch,sbx,sby,sbz,sbvx,sbvy,sbvz
0,1,2457479.5,-2.6216897583863177,-0.5354760682481643,-0.2590379912465754,1.6366409611059947,-3.1455299220375776,-0.2828191240832168
