,flag,epoch,sbx,sby,sbz,sbvx,sbvy,sbvz
0,1.0,2457447.5,34.8058221053507,17.387996133183645,-17.39013200705682,-0.3185267027656713,0.9199721182377238,-0.09444161999272013
