,flag,epoch,sbx,sby,sbz,sbvx,sbvy,sbvz
0,1.0,2459232.5,51.60701640880303,13.422502569734437,-12.201985884263788,-0.740550513796948,0.707992228797359,0.07027811031518987
