,mass_1,radius_1,x_1,y_1,z_1,vx_1,vy_1,vz_1,mass_2,radius_2,x_2,y_2,z_2,vx_2,vy_2,vz_2,mass_3,radius_3,x_3,y_3,z_3,vx_3,vy_3,vz_3,mass_4,radius_4,x_4,y_4,z_4,vx_4,vy_4,vz_4,mass_5,radius_5,x_5,y_5,z_5,vx_5,vy_5,vz_5,mass_6,radius_6,x_6,y_6,z_6,vx_6,vy_6,vz_6,mass_7,radius_7,x_7,y_7,z_7,vx_7,vy_7,vz_7,mass_8,radius_8,x_8,y_8,z_8,vx_8,vy_8,vz_8
0,1.660120825375342e-07,1.631393540950981e-08,0.3526794380103014,0.005106763548238226,-0.03194768530904989,-2.133352777870021,0.0,0.0,2.447838287784771e-06,4.045378434654418e-08,-0.5526908065048715,-0.4657266883035008,0.02552629456483782,4.708125158453867,0.0,0.0,3.040432648020684e-06,4.437104331057835e-07,0.7840871153172583,0.608896346572956,-1.042406064855591e-05,-3.9565667165649203,0.0,0.0,3.2271560375549955e-07,2.270212793877687e-08,-1.325302604022283,-0.8789472670443336,0.01414075144703427,3.016699194412883,0.0,0.0,0.0009547919099366768,4.778945025452157e-07,-2.871614837917494,-4.551182461243442,0.08315232570181937,2.2987450344939107,-1.3422455521102534,-0.04586808912317568,0.0002858856700231729,4.0286669668487467e-07,-6.793141795896172,6.149542439360054,0.1632675692259096,-1.4750652383466516,-1.5164345388304903,0.0851046376107204,4.3662496132004074e-05,1.708513622580592e-07,19.23133064157294,-5.788353649353731,-0.2705817691654127,0.4050579570053397,1.307150096618009,-0.00038179956501193713,5.151383772628657e-05,1.6553711549585576e-07,22.61311614067341,-19.7923187579607,-0.1135894332945422,0.7492936011625809,0.8679911233631199,-0.03515599258288381
