,flag,epoch,sbx,sby,sbz,sbvx,sbvy,sbvz
0,1,2457260.0,-1.231933715587141,1.745044755764534,0.12155639097151869,-3.623886743046211,-2.7553970657463855,0.1688675543837151
