,flag,epoch,sbx,sby,sbz,sbvx,sbvy,sbvz
0,1.0,2458264.5,-0.46304680003875887,-2.3530455869104325,-0.06798871278868995,3.898380287946882,-0.019528865877591037,0.2921282497255392
