,flag,epoch,sbx,sby,sbz,sbvx,sbvy,sbvz
0,1,2457052.5,-2.028832122080883,2.0141120785154736,-0.0520056248885179,-2.667628214828028,-2.0246650961105406,-0.9662331437273023
