,flag,epoch,sbx,sby,sbz,sbvx,sbvy,sbvz
0,1,2457353.5,-1.997006755235181,-0.516491450841557,0.12235087939674649,1.2277773013418916,-4.355103489664655,-0.020268675364244263
