,flag,epoch,sbx,sby,sbz,sbvx,sbvy,sbvz
0,1.0,2456550.5,-4.374612116898461,0.9782231595883735,-3.646429037790858,-1.1049142049261818,-2.692533027648044,-0.19075064431487812
