,flag,epoch,sbx,sby,sbz,sbvx,sbvy,sbvz
0,1.0,2457701.5,2.2362516125611087,1.5111604338731033,-0.43275270916907826,-2.349226270582454,3.1808624896636526,-0.3335330483859751
