,flag,epoch,sbx,sby,sbz,sbvx,sbvy,sbvz
0,1,2457780.0,-2.859717856525471,0.041675372829366286,0.3440969920423695,0.27104861366163974,-3.273501259490997,0.2284162452889004
