,mass_1,radius_1,x_1,y_1,z_1,vx_1,vy_1,vz_1,mass_2,radius_2,x_2,y_2,z_2,vx_2,vy_2,vz_2,mass_3,radius_3,x_3,y_3,z_3,vx_3,vy_3,vz_3,mass_4,radius_4,x_4,y_4,z_4,vx_4,vy_4,vz_4,mass_5,radius_5,x_5,y_5,z_5,vx_5,vy_5,vz_5,mass_6,radius_6,x_6,y_6,z_6,vx_6,vy_6,vz_6,mass_7,radius_7,x_7,y_7,z_7,vx_7,vy_7,vz_7,mass_8,radius_8,x_8,y_8,z_8,vx_8,vy_8,vz_8
0,1.660120825375342e-07,1.631393540950981e-08,0.3534344437853888,0.001275903268806946,-0.03232662036225327,-2.0215958356625423,10.73604956657144,1.0626537923313797,2.447838287784771e-06,4.045378434654418e-08,-0.2458742480777149,0.6749694917835548,0.02343279213551152,-6.966631832452763,-2.5700737804890004,0.3668663723686829,3.040432648020684e-06,4.437104331057835e-07,1.003447771893175,-0.03474239968579391,-2.262886722814943e-06,0.11536921045722957,6.256638530299647,-0.00014012641775289613,3.2271560375549955e-07,2.270212793877687e-08,0.5977839456988447,1.388720974673749,0.01441906140269309,-4.500496006758285,2.455266419218108,0.1619622336900789,0.0009547919099366768,4.778945025452157e-07,4.131260210115481,-2.868075457070332,-0.08054194346809722,1.538853524354015,2.3972994170328366,-0.04438833094835345,0.0002858856700231729,4.0286669668487467e-07,-9.401312968557203,0.8273953263595827,0.3597962185694054,-0.2867438813295558,-2.032407894534169,0.04682723667648852,4.3662496132004074e-05,1.708513622580592e-07,20.0048464102877,-1.914257774459143,-0.2662320741006513,0.12755186130485993,1.3649066938493293,0.003402247161162939,5.151383772628657e-05,1.6553711549585576e-07,24.63730915924999,-17.16370339243529,-0.214327752282482,0.6491905769655394,0.949386278902867,-0.03447165247081712
