,flag,epoch,sbx,sby,sbz,sbvx,sbvy,sbvz
0,1.0,2456890.0,0.8322257179900411,2.5275081178873338,0.5940811241883901,-3.326831683140853,1.6682922508828006,0.07061828163805638
1,1.0,2456890.0,0.8322256932980057,2.5275081265469463,0.5940811010563262,-3.3268316815024797,1.6682922619430467,0.07061827638606594
