,flag,epoch,sbx,sby,sbz,sbvx,sbvy,sbvz
0,1,2456591.5,-35.068882936509596,-26.278173105110874,0.11878736664106593,0.5444337362619234,-0.7682566238756617,-0.03778294727301375
