,flag,epoch,sbx,sby,sbz,sbvx,sbvy,sbvz
0,1.0,2457610.0,1.944832259675186,0.4933481268508084,-0.2698779779711073,-0.9892986142601863,4.604465175922574,-0.1215373971610671
1,1.0,2457610.0,1.9448322725765965,0.49334813294907653,-0.26987797731531604,-0.9892986098113068,4.60446514614427,-0.12153742970194147
