,flag,epoch,sbx,sby,sbz,sbvx,sbvy,sbvz
0,1.0,2457809.5,-4.806059532040647,0.7236351690205242,1.0610998574001536,-0.6034111872206631,-3.3501283564332556,0.32322886997451067
