,flag,epoch,sbx,sby,sbz,sbvx,sbvy,sbvz
0,1.0,2457890.0,-1.6664927778160052,1.5208139693106768,-0.07354993219460612,-2.705631380762877,-3.224142810033416,-0.42869033627726116
1,1.0,2457890.0,-1.6664927766567548,1.5208140341364587,-0.07354992780034686,-2.705631395488393,-3.2241427049199123,-0.4286903141636804
