,flag,epoch,sbx,sby,sbz,sbvx,sbvy,sbvz
0,1,2457680.0,-2.331253371494694,-1.1458306915768948,-0.1808808016653995,2.2878008442633346,-2.9134554098470082,0.2060730615835397
