,flag,epoch,sbx,sby,sbz,sbvx,sbvy,sbvz
0,1,2457419.5,3.0790410980283736,0.43095304861918526,0.22613256618014382,-0.2734895556858489,3.4098951384285,0.2286548152808285
