,flag,epoch,sbx,sby,sbz,sbvx,sbvy,sbvz
0,1.0,2457613.5,2.429610664598578,-2.2408308010933577,-0.3975059674425671,2.947780024427013,3.0835292203598956,1.6297314326280574
