,flag,epoch,sbx,sby,sbz,sbvx,sbvy,sbvz
0,1,2457480.0,-0.12051054346411644,2.448252776347442,-0.27115443853437826,-3.9380579724126368,-0.737130246315182,0.007462938336422583
