,flag,epoch,sbx,sby,sbz,sbvx,sbvy,sbvz
0,1.0,2456990.0,-3.3962499731082647,-0.38838101617316667,0.10329582939998438,0.7840343267270373,-3.146136845490448,-0.07646696765818423
1,1.0,2456990.0,-3.396250058271902,-0.3883810499279181,0.10329611373875644,0.7840343725655149,-3.146136716687284,-0.07646705958923522
