,flag,epoch,sbx,sby,sbz,sbvx,sbvy,sbvz
0,1.0,2457070.0,0.09932498148079322,-2.189328741163365,-0.181508270878645,4.090611444953852,1.0507145761062262,-0.3655104090195946
