,flag,epoch,sbx,sby,sbz,sbvx,sbvy,sbvz
0,1.0,2457630.0,0.7283857028995142,2.097722683548522,0.05920750371085378,-3.8737012108782043,1.923227849561201,-0.36642157138561365
1,1.0,2457630.0,0.7283856968283046,2.0977226763145094,0.05920752527133325,-3.873701222176984,1.9232278503924467,-0.3664215832325434
