,flag,epoch,sbx,sby,sbz,sbvx,sbvy,sbvz
0,1.0,2455386.5,-36.565228039731295,-10.326140117432336,-1.5508437622451547,0.2962506158754557,-1.02021965552207,-0.2270511067793793
