,flag,epoch,sbx,sby,sbz,sbvx,sbvy,sbvz
0,1.0,2457455.5,24.145181481432672,26.28022187229753,-10.612651691143041,-0.7048577072960066,0.7640014774603058,0.32134546836011835
