,flag,epoch,sbx,sby,sbz,sbvx,sbvy,sbvz
0,1.0,2458001.5,0.7014014301912814,-0.15211507880940356,1.104647242527415,-4.390762340071766,5.410978452246967,3.0177456036063934
