,flag,epoch,sbx,sby,sbz,sbvx,sbvy,sbvz
0,1.0,2457270.0,2.8441561509123003,-0.5113134925697299,-0.09263533381240045,0.9789451288128906,3.280323313691501,-0.35693532750210644
1,1.0,2457270.0,2.8441563090328574,-0.5113134409627293,-0.0926351997123141,0.9789450328970141,3.280323120043328,-0.35693540429215265
