,flag,epoch,sbx,sby,sbz,sbvx,sbvy,sbvz
0,1.0,2457330.0,-2.063262652426054,-0.18851624323317173,0.12235129481503892,0.5569974118067317,-4.471763202014092,0.02016299594724014
