,flag,epoch,sbx,sby,sbz,sbvx,sbvy,sbvz
0,1,2457200.0,2.3960631110986483,0.22254173116015896,-0.28063285065230215,-0.7606348455387296,4.054554760810441,-1.3936099128838908
