,mass_1,radius_1,x_1,y_1,z_1,vx_1,vy_1,vz_1,mass_2,radius_2,x_2,y_2,z_2,vx_2,vy_2,vz_2,mass_3,radius_3,x_3,y_3,z_3,vx_3,vy_3,vz_3,mass_4,radius_4,x_4,y_4,z_4,vx_4,vy_4,vz_4,mass_5,radius_5,x_5,y_5,z_5,vx_5,vy_5,vz_5,mass_6,radius_6,x_6,y_6,z_6,vx_6,vy_6,vz_6,mass_7,radius_7,x_7,y_7,z_7,vx_7,vy_7,vz_7,mass_8,radius_8,x_8,y_8,z_8,vx_8,vy_8,vz_8
0,1.660120825375342e-07,1.631393540950981e-08,0.3581123394663278,-0.1115190735217323,-0.04196559030353297,1.0581684186057747,10.273459603968806,0.7424030844357989,2.447838287784771e-06,4.045378434654418e-08,-0.532601290085743,0.4807383109380173,0.03732915227700054,-4.97758132276691,-5.522423340008355,0.21148525492952472,3.040432648020684e-06,4.437104331057835e-07,-0.5256862049778589,-0.8645334881974349,3.899605532715534e-05,5.267088653273825,-3.288399920932549,0.00012008446406479645,3.2271560375549955e-07,2.270212793877687e-08,-0.1652928769909878,-1.45981705840871,-0.02653117031928768,5.271448882201685,-0.13621685616786613,-0.13221448996372237,0.0009547919099366768,4.778945025452157e-07,-3.550683540760098,-4.076760552345716,0.09638066965247845,2.0470067867057176,-1.6819088095786217,-0.038817944396439964,0.0002858856700231729,4.0286669668487467e-07,0.7789889498739929,-10.03434653639401,0.1434062544973583,1.9219959094857537,0.1499828542864114,-0.07909583944449451,4.3662496132004074e-05,1.708513622580592e-07,17.46304829362903,9.514166262140636,-0.190789191881392,-0.6956716901842419,1.1928645664711508,0.013421079865587828,5.151383772628657e-05,1.6553711549585576e-07,28.79995286732506,-8.176936092260714,-0.4953978560720463,0.30777773538860914,1.1083861965005,-0.029950906333732694
