,flag,epoch,sbx,sby,sbz,sbvx,sbvy,sbvz
0,1.0,2457230.0,3.3918620882707327,-0.2986564810140522,-0.09273335873252564,-0.037659487299851364,3.2550863959060687,0.4653939526904099
1,1.0,2457230.0,3.3918620331119342,-0.2986564738544659,-0.09273336359375572,-0.037659469859327915,3.2550864514991327,0.46539394033914255
