,flag,epoch,sbx,sby,sbz,sbvx,sbvy,sbvz
0,1.0,2458091.5,-0.7292821101696003,-2.5600001253164484,-0.08566540807523726,3.7828441082405466,-1.1279576291851316,0.16708633789618463
