,flag,epoch,sbx,sby,sbz,sbvx,sbvy,sbvz
0,1.0,2457760.0,32.4577112851179,5.555324149321564,-15.397948384333176,-0.2173472881483687,1.0573428440472292,-0.2906416012421352
