,flag,epoch,sbx,sby,sbz,sbvx,sbvy,sbvz
0,1.0,2458039.5,-2.7225373904911385,0.9590429561297527,-0.04901004256754288,-1.415404856646493,-3.4454036574139737,-0.9047042908435339
