,flag,epoch,sbx,sby,sbz,sbvx,sbvy,sbvz
0,1.0,2456027.5,2.049389292292846,-6.8918775993224335,1.4951012786714877,1.4827900095758164,-0.3695742558613008,2.6070005106941574
