,flag,epoch,sbx,sby,sbz,sbvx,sbvy,sbvz
0,1.0,2456220.5,36.21514503006429,19.545878386810024,0.7599844951645403,-0.45662074192353674,0.9026790041511635,0.03428730641233149
