,mass_1,radius_1,x_1,y_1,z_1,vx_1,vy_1,vz_1,mass_2,radius_2,x_2,y_2,z_2,vx_2,vy_2,vz_2,mass_3,radius_3,x_3,y_3,z_3,vx_3,vy_3,vz_3,mass_4,radius_4,x_4,y_4,z_4,vx_4,vy_4,vz_4,mass_5,radius_5,x_5,y_5,z_5,vx_5,vy_5,vz_5,mass_6,radius_6,x_6,y_6,z_6,vx_6,vy_6,vz_6,mass_7,radius_7,x_7,y_7,z_7,vx_7,vy_7,vz_7,mass_8,radius_8,x_8,y_8,z_8,vx_8,vy_8,vz_8
0,1.660120825375342e-07,1.631393540950981e-08,0.158642957466074,-0.4154570607947122,-0.04850134036517775,7.541441567649938,4.1849645681456344,-0.35001351948642867,2.447838287784771e-06,4.045378434654418e-08,-0.2741494771707983,0.6638845662995178,0.0249188169281011,-6.853219526535881,-2.8612695451819823,0.3563156551100748,3.040432648020684e-06,4.437104331057835e-07,0.8885627129477625,0.4493662438331632,-1.504675928336185e-05,-2.9382848403998763,5.584138314890617,-0.00016387137852418926,3.2271560375549955e-07,2.270212793877687e-08,0.1674986708339674,-1.431689467787432,-0.03410873840799808,5.269892344733771,1.0325427826726108,-0.10775824678358027,0.0009547919099366768,4.778945025452157e-07,1.951224230355238,4.647859722930034,-0.06296634127206907,-2.5770315922158264,1.1991429879828557,0.05268768853765334,0.0002858856700231729,4.0286669668487467e-07,-8.281151163084893,-5.172942598631059,0.419653509547431,0.9671365369549823,-1.7320590342030764,-0.008392690375523308,4.3662496132004074e-05,1.708513622580592e-07,19.92774045386681,2.301627360029267,-0.2495804888468074,-0.1773699559804089,1.3608998803082655,0.007370479622515371,5.151383772628657e-05,1.6553711549585576e-07,26.45561663027056,-14.12719709046905,-0.3186540686161447,0.5303821088461976,1.0189126196213862,-0.03319308873329291
