,flag,epoch,sbx,sby,sbz,sbvx,sbvy,sbvz
0,1.0,2457330.0,1.9326810562382826,0.41685435072384647,-0.48217060963310937,-1.350587359045603,3.785446211148474,-1.6422086621512024
1,1.0,2457330.0,1.9326810611719205,0.4168543391257039,-0.4821706074294486,-1.3505873586588373,3.78544620319661,-1.6422086830174458
