,flag,epoch,sbx,sby,sbz,sbvx,sbvy,sbvz
0,1.0,2458705.5,26.432241956852177,16.159570134481328,-11.195179630828768,-0.9196874814674789,0.7235978137071861,-0.15545143428625088
