,mass_1,radius_1,x_1,y_1,z_1,vx_1,vy_1,vz_1,mass_2,radius_2,x_2,y_2,z_2,vx_2,vy_2,vz_2,mass_3,radius_3,x_3,y_3,z_3,vx_3,vy_3,vz_3,mass_4,radius_4,x_4,y_4,z_4,vx_4,vy_4,vz_4,mass_5,radius_5,x_5,y_5,z_5,vx_5,vy_5,vz_5,mass_6,radius_6,x_6,y_6,z_6,vx_6,vy_6,vz_6,mass_7,radius_7,x_7,y_7,z_7,vx_7,vy_7,vz_7,mass_8,radius_8,x_8,y_8,z_8,vx_8,vy_8,vz_8
0,1.660120825375342e-07,1.631393540950981e-08,0.3226251661493788,0.09581261629144229,-0.02176706828764587,-4.917041963498948,10.308995713193733,1.293458947101845,2.447838287784771e-06,4.045378434654418e-08,-0.4986865949865625,0.5159632432083243,0.03585755064879194,-5.338487898279681,-5.173024883867722,0.23708974812447464,3.040432648020684e-06,4.437104331057835e-07,0.7395473362785506,-0.6934724876042163,2.993852076175993e-05,4.195911941315875,4.560094582853808,-0.00021793190566938542,3.2271560375549955e-07,2.270212793877687e-08,-1.429082022848866,0.8523012038150073,0.05292307341067201,-2.4265102415483026,-3.953257042991375,-0.023299863129630005,0.0009547919099366768,4.778945025452157e-07,-0.5465755919983599,-5.250411116709175,0.03403731454655872,2.710854180406481,-0.1555150427837382,-0.060007768527191106,0.0002858856700231729,4.0286669668487467e-07,3.086031745116344,-9.56134567346504,0.04338156022779337,1.8296533402873294,0.6198130036918085,-0.08357409660506585,4.3662496132004074e-05,1.708513622580592e-07,16.54739394590415,10.93726668299973,-0.1736815307435906,-0.8000625824697329,1.1313119967024727,0.014525069672118156,5.151383772628657e-05,1.6553711549585576e-07,29.14517467464094,-6.811006991480383,-0.5315081943416957,0.25612994698429425,1.1234981006134819,-0.02904615296317188
