,flag,epoch,sbx,sby,sbz,sbvx,sbvy,sbvz
0,1.0,2457685.5,28.961532193720775,9.672402210488896,-17.628860239982608,-0.2532923756141388,1.063842427307856,-0.36654358748409044
