,flag,epoch,sbx,sby,sbz,sbvx,sbvy,sbvz
0,1.0,2457575.5,39.18692137081159,13.28683634196796,-18.453885131144045,-0.16401397302747245,1.241835470452261,-0.16805320269561896
