,flag,epoch,sbx,sby,sbz,sbvx,sbvy,sbvz
0,1.0,2457947.5,2.867823542129962,-1.325546769825064,0.22487718074361257,1.9347346568235984,2.880628072865844,-0.2780735807021899
