,mass_1,radius_1,x_1,y_1,z_1,vx_1,vy_1,vz_1,mass_2,radius_2,x_2,y_2,z_2,vx_2,vy_2,vz_2,mass_3,radius_3,x_3,y_3,z_3,vx_3,vy_3,vz_3,mass_4,radius_4,x_4,y_4,z_4,vx_4,vy_4,vz_4,mass_5,radius_5,x_5,y_5,z_5,vx_5,vy_5,vz_5,mass_6,radius_6,x_6,y_6,z_6,vx_6,vy_6,vz_6,mass_7,radius_7,x_7,y_7,z_7,vx_7,vy_7,vz_7,mass_8,radius_8,x_8,y_8,z_8,vx_8,vy_8,vz_8
0,1.660120825375342e-07,1.631393540950981e-08,0.2705692210018557,-0.3218913363457843,-0.05112578076506054,5.8227139877552805,7.106372869869134,0.04638615519333276,2.447838287784771e-06,4.045378434654418e-08,-0.07709908024730426,-0.7224756733371199,-0.005449954328607781,7.296472317652812,-0.812783847650383,-0.43223976849135587,3.040432648020684e-06,4.437104331057835e-07,-0.5207053589746063,0.8351691356811284,-2.495371569578657e-05,-5.434697340244163,-3.3479304167047603,0.00010725691372365787,3.2271560375549955e-07,2.270212793877687e-08,1.247042712450159,-0.5930152401671962,-0.04304289806348221,2.3902196183913156,5.052134561466774,0.0471652331530077,0.0009547919099366768,4.778945025452157e-07,1.270460764508014,4.908295621245671,-0.04881439048076509,-2.7040648664335416,0.8224590166602644,0.05709301809876958,0.0002858856700231729,4.0286669668487467e-07,-8.02080722384095,-5.6113136703084,0.4169083749876445,1.055502045207559,-1.6739097759248511,-0.012929688573601954,4.3662496132004074e-05,1.708513622580592e-07,19.8788527338587,2.651425720054272,-0.2476431491855838,-0.20252708826324964,1.357420682809793,0.00768491758658657,5.151383772628657e-05,1.6553711549585576e-07,26.59081785288042,-13.86433900239708,-0.3271808548230378,0.5203107515482673,1.0238286319901804,-0.033070221790769176
