,flag,epoch,sbx,sby,sbz,sbvx,sbvy,sbvz
0,1.0,2457505.5,29.99761359662891,35.01764041190947,-1.700481240742751,-0.6940071072955758,0.4449917368514042,0.34421497218169217
