,flag,epoch,sbx,sby,sbz,sbvx,sbvy,sbvz
0,1.0,2457710.0,-1.1761076821534813,2.3494429094766494,0.28874967804373436,-3.244531439042172,-1.6319111894392972,0.17176080301124277
1,1.0,2457710.0,-1.1761076993698647,2.3494429186813446,0.28874968200691736,-3.2445314332575586,-1.6319111674624176,0.1717607905083146
