,flag,epoch,sbx,sby,sbz,sbvx,sbvy,sbvz
0,1.0,2456640.0,-25.56242201494107,-18.001562502491225,-0.138905780111527,0.539156490586527,-1.1069876928858418,-0.08282511263729532
