,flag,epoch,sbx,sby,sbz,sbvx,sbvy,sbvz
0,1.0,2457850.0,-0.41775214275288375,-2.5073822983254144,0.1306591577779262,3.7172988139051952,-0.6079783497334043,0.367717436481235
1,1.0,2457850.0,-0.417752156597765,-2.5073822910386627,0.1306591443689834,3.7172988222744174,-0.6079783450321121,0.36771743464246154
