,flag,epoch,sbx,sby,sbz,sbvx,sbvy,sbvz
0,1.0,2457988.5,2.305147410937547,0.4258970381252636,0.06332638377953545,-0.9530962620345375,3.8718624197560954,0.024958515708358574
