,flag,epoch,sbx,sby,sbz,sbvx,sbvy,sbvz
0,1,2457330.5,1.1098756702748718,1.6856806988434307,0.1515070212128809,-3.9095660757595962,2.8747768355927987,-0.3477343665753617
