,flag,epoch,sbx,sby,sbz,sbvx,sbvy,sbvz
0,1.0,2453413.5,22.27330154778126,41.22618327476271,-0.5527812253976928,-0.8238421122920578,0.3714217443778339,0.030535886998668497
