,flag,epoch,sbx,sby,sbz,sbvx,sbvy,sbvz
0,1.0,2457910.0,-2.078906943677425,-1.2647748273576005,0.2893829741266062,1.7831696139100552,-3.4961183044979496,-0.24254665422131458
1,1.0,2457910.0,-2.0789069275147063,-1.2647748630138105,0.28938298406788876,1.7831696520631262,-3.496118280894071,-0.24254662910184852
