,flag,epoch,sbx,sby,sbz,sbvx,sbvy,sbvz
0,1.0,2457150.5,40.60804115748586,4.172004796050196,-1.582439133297603,0.018900135174503833,0.9767913378938655,-0.33693196377182866
