,flag,epoch,sbx,sby,sbz,sbvx,sbvy,sbvz
0,1,2457344.5,1.0525061734711931,2.4125362321729336,-0.08798461322727204,-3.697121300262771,1.918803693226112,0.07364193263883402
