,flag,epoch,sbx,sby,sbz,sbvx,sbvy,sbvz
0,1,2457670.0,0.6153877012547949,-2.6105407543939796,0.17168223099007232,3.809889173542434,0.5661408390738124,0.317584194316298
