,flag,epoch,sbx,sby,sbz,sbvx,sbvy,sbvz
0,1.0,2457088.5,5.790238949124493,-2.81996869148212,-0.38317652448805506,2.0170784845512166,2.2727399392905525,-0.15046917743501098
