,flag,epoch,sbx,sby,sbz,sbvx,sbvy,sbvz
0,1.0,2457216.5,36.11160559317785,-22.163517790691714,9.964146565423974,0.35875143185978514,0.9498079996638386,0.052618219049156284
