,flag,epoch,sbx,sby,sbz,sbvx,sbvy,sbvz
0,1.0,2457163.5,33.302535092063636,-17.86569126926735,7.3561100633803616,0.7903419287857608,0.7874845079948511,-0.3967162851851961
