,flag,epoch,sbx,sby,sbz,sbvx,sbvy,sbvz
0,1.0,2457200.0,-2.729898076056507,-0.7086186510929655,1.3090391427151478,1.065666435673275,-3.440780947947105,0.2896930028537618
1,1.0,2457200.0,-2.7298981076373736,-0.70861857061791,1.3090391254366929,1.0656664362123585,-3.4407809434211223,0.2896929699925418
