,flag,epoch,sbx,sby,sbz,sbvx,sbvy,sbvz
0,1.0,2456930.0,0.8381676407892178,-2.31308220652314,0.19891603519833984,3.2689026657787954,2.1536060679165527,-0.5638079395935962
