,flag,epoch,sbx,sby,sbz,sbvx,sbvy,sbvz
0,1.0,2457260.0,1.4725118864424134,-2.0615833303919535,-0.13811470310579227,3.2100443522657307,2.9006554821247734,0.0861768823155936
1,1.0,2457260.0,1.4725119128147914,-2.061583324945087,-0.1381146982149566,3.210044399480902,2.9006554117521244,0.08617678488011678
