,mass_1,radius_1,x_1,y_1,z_1,vx_1,vy_1,vz_1,mass_2,radius_2,x_2,y_2,z_2,vx_2,vy_2,vz_2,mass_3,radius_3,x_3,y_3,z_3,vx_3,vy_3,vz_3,mass_4,radius_4,x_4,y_4,z_4,vx_4,vy_4,vz_4,mass_5,radius_5,x_5,y_5,z_5,vx_5,vy_5,vz_5,mass_6,radius_6,x_6,y_6,z_6,vx_6,vy_6,vz_6,mass_7,radius_7,x_7,y_7,z_7,vx_7,vy_7,vz_7,mass_8,radius_8,x_8,y_8,z_8,vx_8,vy_8,vz_8
0,1.660120825375342e-07,1.631393540950981e-08,0.3554345847517636,-0.1320871542052547,-0.04340461791790706,1.5786626244760127,10.09619876065479,0.6800725588408107,2.447838287784771e-06,4.045378434654418e-08,0.7212894770398524,-0.07996756800812806,-0.04272370520725208,0.7798501133136051,7.308855811393374,0.05513991260520848,3.040432648020684e-06,4.437104331057835e-07,0.7136541969038787,-0.7205198217694452,2.046804389728802e-05,4.362348949145799,4.3985507340970535,-0.00013964625888208528,3.2271560375549955e-07,2.270212793877687e-08,-0.8554702785334082,-1.274638461449005,-0.005700965767525268,4.436900178203257,-2.4109040660193686,-0.15945501070418838,0.0009547919099366768,4.778945025452157e-07,2.459833027062845,4.375910459887716,-0.0732184813150651,-2.438133944261569,1.4831642261675464,0.04840068440466749,0.0002858856700231729,4.0286669668487467e-07,-8.469846829412324,-4.817656055902182,0.4209886216146461,0.8952672308958856,-1.7747406162093173,-0.004782114037645594,4.3662496132004074e-05,1.708513622580592e-07,19.96165886125428,2.025656733834747,-0.2510483340386778,-0.15744064187528986,1.3633209251480078,0.007118644589274729,5.151383772628657e-05,1.6553711549585576e-07,26.34735261800199,-14.3332322986382,-0.3119193030512856,0.5383688585374864,1.0149679522634694,-0.03329030094441308
