,flag,epoch,sbx,sby,sbz,sbvx,sbvy,sbvz
0,1,2456897.5,18.287964869560717,38.787427246482764,-0.6730153040415373,-0.8903260442505238,0.39816074174407035,0.04431285003265987
