,flag,epoch,sbx,sby,sbz,sbvx,sbvy,sbvz
0,1.0,2455241.5,-0.10362166160084563,3.070599448506858,-1.2138462669507115,-3.690313316911366,-1.5734619218592765,-1.7312978379166142
