,mass_1,radius_1,x_1,y_1,z_1,vx_1,vy_1,vz_1,mass_2,radius_2,x_2,y_2,z_2,vx_2,vy_2,vz_2,mass_3,radius_3,x_3,y_3,z_3,vx_3,vy_3,vz_3,mass_4,radius_4,x_4,y_4,z_4,vx_4,vy_4,vz_4,mass_5,radius_5,x_5,y_5,z_5,vx_5,vy_5,vz_5,mass_6,radius_6,x_6,y_6,z_6,vx_6,vy_6,vz_6,mass_7,radius_7,x_7,y_7,z_7,vx_7,vy_7,vz_7,mass_8,radius_8,x_8,y_8,z_8,vx_8,vy_8,vz_8
0,1.660120825375342e-07,1.631393540950981e-08,-0.09121908808987134,-0.4567400259144254,-0.02894677958704988,8.015271558280842,-1.4926596841353497,-0.8574260188204205,2.447838287784771e-06,4.045378434654418e-08,0.6974850515272513,-0.20222194220138,-0.04302240309091543,2.018374501496616,7.0625779623056735,-0.019765451853425525,3.040432648020684e-06,4.437104331057835e-07,-0.8092478359941877,0.5658777149423341,-1.040112160828791e-05,-3.703223606162931,-5.173479977222279,0.00013078168036829537,3.2271560375549955e-07,2.270212793877687e-08,-1.198413053073435,1.141564226366418,0.0533474006000115,-3.3324281410548338,-3.26575002146186,0.013399198670580455,0.0009547919099366768,4.778945025452157e-07,4.638405400332682,-1.846409854924077,-0.09613274549641962,0.9859691142159799,2.694237163325136,-0.033250334804150634,0.0002858856700231729,4.0286669668487467e-07,-9.480853037371247,0.01296371601975163,0.3771517521179936,-0.11140664263643796,-2.0399948206244276,0.03997395463057804,4.3662496132004074e-05,1.708513622580592e-07,20.04795091647212,-1.367943487133136,-0.2647676194522519,0.08808468593585747,1.368358342387134,0.003926615730648168,5.151383772628657e-05,1.6553711549585576e-07,24.89383269047318,-16.78216689386964,-0.2280803666784203,0.6342624307632252,0.9595657570128179,-0.03433514442753014
