,flag,epoch,sbx,sby,sbz,sbvx,sbvy,sbvz
0,1.0,2456650.0,-35.312170912763804,-27.647667568448632,1.2679955334966437,0.5804382335344631,-0.7089525883840677,0.03574859878846154
