,flag,epoch,sbx,sby,sbz,sbvx,sbvy,sbvz
0,1.0,2457688.5,44.98224174579438,16.903703913697843,-15.86714303517395,-0.34183619356244893,0.7363588533478916,0.1953361502955255
