,flag,epoch,sbx,sby,sbz,sbvx,sbvy,sbvz
0,1,2457260.0,2.396220962562601,0.5731021668823881,0.4266864921780362,-0.6026929318322121,4.079148795434008,0.0936975863550101
