,mass_1,radius_1,x_1,y_1,z_1,vx_1,vy_1,vz_1,mass_2,radius_2,x_2,y_2,z_2,vx_2,vy_2,vz_2,mass_3,radius_3,x_3,y_3,z_3,vx_3,vy_3,vz_3,mass_4,radius_4,x_4,y_4,z_4,vx_4,vy_4,vz_4,mass_5,radius_5,x_5,y_5,z_5,vx_5,vy_5,vz_5,mass_6,radius_6,x_6,y_6,z_6,vx_6,vy_6,vz_6,mass_7,radius_7,x_7,y_7,z_7,vx_7,vy_7,vz_7,mass_8,radius_8,x_8,y_8,z_8,vx_8,vy_8,vz_8
0,1.660120825375342e-07,1.631393540950981e-08,0.3601781630426573,-0.06936138392365038,-0.03871324743331781,-0.04733113647869312,10.551249134252954,0.8664584348236002,2.447838287784771e-06,4.045378434654418e-08,-0.06526301640547215,-0.7237117729402592,-0.006152109605535775,7.308212522897382,-0.6916477168760237,-0.4312351022351856,3.040432648020684e-06,4.437104331057835e-07,-0.896573735269783,-0.4511771539196505,1.693877073575291e-05,2.7226116815716677,-5.636809337237436,0.00017510186427465192,3.2271560375549955e-07,2.270212793877687e-08,-1.491350649579905,-0.6178701406306577,0.02365996162027881,2.147707858292343,-4.285035720256395,-0.14250212381206023,0.0009547919099366768,4.778945025452157e-07,-2.09559316434599,4.792978596721941,0.02698668376028302,-2.5608771877121472,-0.9747118653557157,0.06135153158798642,0.0002858856700231729,4.0286669668487467e-07,-6.482490736218153,-7.477212154396497,0.3880787814947381,1.4268558661736763,-1.340998910802599,-0.033521244535220186,4.3662496132004074e-05,1.708513622580592e-07,19.55570484315925,4.310872300250303,-0.2372625429264488,-0.3215885612357766,1.334740605317114,0.009150549604505329,5.151383772628657e-05,1.6553711549585576e-07,27.20206887469559,-12.58900251668616,-0.3675425155797213,0.4719776194023857,1.0461038360916435,-0.03244422523400562
