,flag,epoch,sbx,sby,sbz,sbvx,sbvy,sbvz
0,1.0,2457555.5,-22.582920082042367,-29.36229980892374,4.628503065676738,0.9664436232841609,-0.5564511971394716,0.30984105705258563
