,flag,epoch,sbx,sby,sbz,sbvx,sbvy,sbvz
0,1.0,2457940.0,-2.196476659032419,-0.23540703521571205,0.26833232856103634,0.30673980022434516,-4.259424585258488,-0.12075270315539187
1,1.0,2457940.0,-2.1964765652648035,-0.23540716791330785,0.2683323275042278,0.30674003096553215,-4.259424705189112,-0.12075272140406403
