,flag,epoch,sbx,sby,sbz,sbvx,sbvy,sbvz
0,1.0,2457820.0,33.019573334670135,10.300924482022578,-10.17381010573802,-0.3781303908912602,1.0198927738759365,-0.19803399264265137
