,flag,epoch,sbx,sby,sbz,sbvx,sbvy,sbvz
0,1.0,2457188.5,-16.872382335773214,-12.241002997063582,5.076245744652138,0.789707701436814,-1.2551587916159614,-0.08412244858177964
