,flag,epoch,sbx,sby,sbz,sbvx,sbvy,sbvz
0,1.0,2457488.5,26.295125235177586,30.622332587912215,-0.4870884056019076,-0.5860868273186358,0.9123316749558753,0.32671637471616033
