,flag,epoch,sbx,sby,sbz,sbvx,sbvy,sbvz
0,1.0,2455985.5,5.741051565245359,-42.849899111387245,1.6176696675436455,0.9569688939430347,0.24372332350975007,0.03706496350738799
