,mass_1,radius_1,x_1,y_1,z_1,vx_1,vy_1,vz_1,mass_2,radius_2,x_2,y_2,z_2,vx_2,vy_2,vz_2,mass_3,radius_3,x_3,y_3,z_3,vx_3,vy_3,vz_3,mass_4,radius_4,x_4,y_4,z_4,vx_4,vy_4,vz_4,mass_5,radius_5,x_5,y_5,z_5,vx_5,vy_5,vz_5,mass_6,radius_6,x_6,y_6,z_6,vx_6,vy_6,vz_6,mass_7,radius_7,x_7,y_7,z_7,vx_7,vy_7,vz_7,mass_8,radius_8,x_8,y_8,z_8,vx_8,vy_8,vz_8
0,1.660120825375342e-07,1.631393540950981e-08,-0.2073385780064609,-0.4138812476035406,-0.014789362928412,7.118300943511605,0.0,0.0,2.447838287784771e-06,4.045378434654418e-08,0.4371795944995596,0.5747567096729239,-0.01736014725067895,-5.903237510338559,0.0,0.0,3.040432648020684e-06,4.437104331057835e-07,0.8152301802905193,-0.600526865231033,1.086069180827016e-05,3.624815714392302,0.0,0.0,3.2271560375549955e-07,2.270212793877687e-08,0.9940567110410684,1.078000944645121,-0.001822640274277797,-3.5625183860530463,0.0,0.0,0.0009547919099366768,4.778945025452157e-07,3.975720255455844,-3.096767806367891,-0.07611192203329598,1.6608625645116872,2.307551252565395,-0.04674578306457748,0.0002858856700231729,4.0286669668487467e-07,-9.371367116176577,1.024737809368646,0.3551655864685948,-0.3294664980807133,-2.028250395199781,0.048456745649424246,4.3662496132004074e-05,1.708513622580592e-07,19.99198325068246,-2.046869784838224,-0.2665565286771099,0.13713882613596795,1.3638990223427045,0.0032741008882286524,5.151383772628657e-05,1.6553711549585576e-07,24.57403632149126,-17.25585571541825,-0.2109757589972948,0.6528030640489378,0.9468699407263476,-0.03450387160164561
