,flag,epoch,sbx,sby,sbz,sbvx,sbvy,sbvz
0,1.0,2456575.5,40.01587843022256,10.861929543870096,-1.6003669617783394,-0.19011805575197596,0.9431744458983026,-0.22080019742298043
