,flag,epoch,sbx,sby,sbz,sbvx,sbvy,sbvz
0,1.0,2456140.0,24.930273437896265,14.717566191359248,1.26183694418278,-0.6801264305274444,1.0892596580938383,0.28027248220427664
