,flag,epoch,sbx,sby,sbz,sbvx,sbvy,sbvz
0,1.0,2456870.0,-1.1103635005646206,3.6351244780206358,-0.2549260932325533,-2.703994224487469,-1.0068228286559748,0.05917288769775082
1,1.0,2456870.0,-1.1103634505906572,3.635124520443534,-0.2549260710324747,-2.7039942003824162,-1.0068228348285013,0.05917289423462163
