,flag,epoch,sbx,sby,sbz,sbvx,sbvy,sbvz
0,1,2456780.0,0.12437773585059808,2.914070216304742,0.13518554984883185,-3.468996525586654,0.09019192865764107,0.04345734848444901
