,flag,epoch,sbx,sby,sbz,sbvx,sbvy,sbvz
0,1,2457320.5,-0.00562355251215485,1.9510461858764887,0.6497184413845271,-4.8312260489543535,0.80152905280253,0.22237673626489451
