,mass_1,radius_1,x_1,y_1,z_1,vx_1,vy_1,vz_1,mass_2,radius_2,x_2,y_2,z_2,vx_2,vy_2,vz_2,mass_3,radius_3,x_3,y_3,z_3,vx_3,vy_3,vz_3,mass_4,radius_4,x_4,y_4,z_4,vx_4,vy_4,vz_4,mass_5,radius_5,x_5,y_5,z_5,vx_5,vy_5,vz_5,mass_6,radius_6,x_6,y_6,z_6,vx_6,vy_6,vz_6,mass_7,radius_7,x_7,y_7,z_7,vx_7,vy_7,vz_7,mass_8,radius_8,x_8,y_8,z_8,vx_8,vy_8,vz_8
0,1.660120825375342e-07,1.631393540950981e-08,0.1215981995814511,0.2831600362260886,0.01198166343194826,-11.497559137443586,4.452519076196689,1.4186312622948827,2.447838287784771e-06,4.045378434654418e-08,-0.307506143341203,0.6489893384892117,0.02664342049195969,-6.7007991732415535,-3.2045941442494725,0.34273929794410135,3.040432648020684e-06,4.437104331057835e-07,0.1655240869546415,-1.003123487889423,3.647075257569794e-05,6.097638244710782,0.9996276635222101,-6.427704709328504e-05,3.2271560375549955e-07,2.270212793877687e-08,-0.180302319723212,-1.459323609562832,-0.02615602785836725,5.26532427792174,-0.1871601893852139,-0.13314492821650314,0.0009547919099366768,4.778945025452157e-07,-5.433707348745152,0.3051197815882796,0.1203188350349295,-0.18764555109186196,-2.624217869781423,0.015097097565010887,0.0002858856700231729,4.0286669668487467e-07,-2.810399269025166,-9.626025458358711,0.2791893809075454,1.8448648399259313,-0.5793841976293859,-0.06338422072911626,4.3662496132004074e-05,1.708513622580592e-07,18.61667625389251,7.190821829647755,-0.2143529007883148,-0.527846142944713,1.2705182345020207,0.011568341526613502,5.151383772628657e-05,1.6553711549585576e-07,28.14744823041288,-10.24028309136377,-0.4377864947578542,0.3845774694869998,1.0817774617717233,-0.031188651162776245
