,flag,epoch,sbx,sby,sbz,sbvx,sbvy,sbvz
0,1.0,2457570.5,25.139242829842807,31.441168995884297,0.04138988854850467,-0.6730134526865444,0.6566032561629033,0.4508174308115883
