,flag,epoch,sbx,sby,sbz,sbvx,sbvy,sbvz
0,1,2457670.0,-2.5024356687330926,1.3671074353336055,-0.36666817576093425,-1.5896671930856319,-2.5878309463366715,-1.29058601617763
