,flag,epoch,sbx,sby,sbz,sbvx,sbvy,sbvz
0,1.0,2457280.0,-2.6343203686078693,0.5732822586207121,-0.2275122450144087,-0.5550260383427656,-3.530138009981508,-0.12480568750684597
1,1.0,2457280.0,-2.634320360798412,0.57328225940179,-0.22751224120180336,-0.5550260532540555,-3.53013801423638,-0.12480570116676028
