,flag,epoch,sbx,sby,sbz,sbvx,sbvy,sbvz
0,1.0,2455414.5,37.65848740789832,-21.557751552868197,-0.4169454301253817,0.4091702496168274,0.8705565963794861,-0.04094792913179862
