,flag,epoch,sbx,sby,sbz,sbvx,sbvy,sbvz
0,1,2453284.5,28.076664215856624,-32.086018993385,0.3461596090992036,0.6824776908909331,0.6664619373544353,-0.10729833255525313
