,flag,epoch,sbx,sby,sbz,sbvx,sbvy,sbvz
0,1.0,2456960.5,18.75520804511705,41.557493675148756,-1.3725076503993328,-0.8383115829894211,0.35287510817388773,0.06120706763545088
