,flag,epoch,sbx,sby,sbz,sbvx,sbvy,sbvz
0,1.0,2457210.0,1.1370912532666644,-2.366535864922198,-0.3307192982475859,3.715230677657994,1.5924141357871038,-1.0175287596475318
