,flag,epoch,sbx,sby,sbz,sbvx,sbvy,sbvz
0,1.0,2457750.0,1.140402924563844,2.197106612286864,-0.25318595997295085,-3.538369272987376,1.6603784801937036,0.22352218584664532
1,1.0,2457750.0,1.1404029226956958,2.197106614218788,-0.2531859461255188,-3.5383692763420864,1.6603784751861237,0.22352215125256986
