,flag,epoch,sbx,sby,sbz,sbvx,sbvy,sbvz
0,1.0,2457330.5,-37.22806579035898,-15.032795679075003,2.477683604625174,0.25799007033781146,-0.9851201584823218,0.25847636573638283
