,flag,epoch,sbx,sby,sbz,sbvx,sbvy,sbvz
0,1.0,2456889.5,32.95493223840298,18.461174234854152,1.671990978857636,-0.32642417432849125,0.8777523244688769,0.35330619949797015
