,mass_1,radius_1,x_1,y_1,z_1,vx_1,vy_1,vz_1,mass_2,radius_2,x_2,y_2,z_2,vx_2,vy_2,vz_2,mass_3,radius_3,x_3,y_3,z_3,vx_3,vy_3,vz_3,mass_4,radius_4,x_4,y_4,z_4,vx_4,vy_4,vz_4,mass_5,radius_5,x_5,y_5,z_5,vx_5,vy_5,vz_5,mass_6,radius_6,x_6,y_6,z_6,vx_6,vy_6,vz_6,mass_7,radius_7,x_7,y_7,z_7,vx_7,vy_7,vz_7,mass_8,radius_8,x_8,y_8,z_8,vx_8,vy_8,vz_8
0,1.660120825375342e-07,1.631393540950981e-08,-0.0568388992465473,-0.4614838599630954,-0.03249180359438452,8.137676605099697,-0.732648844359003,-0.8064819130093165,2.447838287784771e-06,4.045378434654418e-08,0.7241341218157193,0.03858355000695598,-0.04126078476671228,-0.4234087171583596,7.343713265497729,0.125081166682332,3.040432648020684e-06,4.437104331057835e-07,-0.06189690656077551,-1.014080806682697,3.299422052335075e-05,6.170186907738705,-0.40638892745161187,-2.440274805364201e-06,3.2271560375549955e-07,2.270212793877687e-08,-0.9389372515419521,-1.225880856507323,-0.002639060113147671,4.250632376375662,-2.6698200107195253,-0.16027409860656391,0.0009547919099366768,4.778945025452157e-07,-2.521427908971938,4.60877868912045,0.03728043393250398,-2.4533494714024524,-1.1936828645142339,0.05985566886834472,0.0002858856700231729,4.0286669668487467e-07,-6.236532992317682,-7.70043672175432,0.3821626636960411,1.4707669973395672,-1.2888676426846062,-0.03617527706491486,4.3662496132004074e-05,1.708513622580592e-07,19.49974064242522,4.537115772160284,-0.2356925907595157,-0.33779392135266467,1.3308868464335033,0.009347028235536762,5.151383772628657e-05,1.6553711549585576e-07,27.28161946056513,-12.41117848332775,-0.3730421176241758,0.46530060155042674,1.049057935190074,-0.0323530816953478
