,mass_1,radius_1,x_1,y_1,z_1,vx_1,vy_1,vz_1,mass_2,radius_2,x_2,y_2,z_2,vx_2,vy_2,vz_2,mass_3,radius_3,x_3,y_3,z_3,vx_3,vy_3,vz_3,mass_4,radius_4,x_4,y_4,z_4,vx_4,vy_4,vz_4,mass_5,radius_5,x_5,y_5,z_5,vx_5,vy_5,vz_5,mass_6,radius_6,x_6,y_6,z_6,vx_6,vy_6,vz_6,mass_7,radius_7,x_7,y_7,z_7,vx_7,vy_7,vz_7,mass_8,radius_8,x_8,y_8,z_8,vx_8,vy_8,vz_8
0,1.660120825375342e-07,1.631393540950981e-08,-0.1860100525656531,-0.4252606916204049,-0.01768479787688323,7.3475510099280585,-3.6150226964194068,-0.9694563627608808,2.447838287784771e-06,4.045378434654418e-08,0.4481411449389638,-0.5730346653309719,-0.03372116368609878,5.770079850392415,4.524741548470379,-0.27090349405545805,3.040432648020684e-06,4.437104331057835e-07,-0.509033413978747,0.8422502204306358,-3.344130102470352e-05,-5.480198515744849,-3.2737391899089956,0.0001594109342046889,3.2271560375549955e-07,2.270212793877687e-08,-1.482028958351834,-0.6362599468804155,0.02303893854510683,2.207445837796875,-4.259999622209367,-0.14344052182672637,0.0009547919099366768,4.778945025452157e-07,-4.165498936924054,-3.480188804363919,0.1076601277168152,1.7354456928342932,-1.9870625779465334,-0.03058126429196621,0.0002858856700231729,4.0286669668487467e-07,0.1542927067281201,-10.06245840775883,0.1687567106862486,1.9276773901724122,0.02325820450368157,-0.07712643569037113,4.3662496132004074e-05,1.708513622580592e-07,17.68416651612819,9.12472914004911,-0.1950939747318272,-0.6673640938512229,1.2077349590662771,0.013113854935507452,5.151383772628657e-05,1.6553711549585576e-07,28.69792016084767,-8.535843195362402,-0.4856438814762867,0.32120939651803826,1.10409153998403,-0.03017831715685988
