,flag,epoch,sbx,sby,sbz,sbvx,sbvy,sbvz
0,1,2457400.0,-2.9825782400585847,-1.0284436772581012,0.10038715053957627,1.1748768005535206,-3.1561776618157484,0.09787949646789279
