,mass_1,radius_1,x_1,y_1,z_1,vx_1,vy_1,vz_1,mass_2,radius_2,x_2,y_2,z_2,vx_2,vy_2,vz_2,mass_3,radius_3,x_3,y_3,z_3,vx_3,vy_3,vz_3,mass_4,radius_4,x_4,y_4,z_4,vx_4,vy_4,vz_4,mass_5,radius_5,x_5,y_5,z_5,vx_5,vy_5,vz_5,mass_6,radius_6,x_6,y_6,z_6,vx_6,vy_6,vz_6,mass_7,radius_7,x_7,y_7,z_7,vx_7,vy_7,vz_7,mass_8,radius_8,x_8,y_8,z_8,vx_8,vy_8,vz_8
0,1.660120825375342e-07,1.631393540950981e-08,-0.3471046169925779,-0.2711692273168906,0.0096880929396093,4.224334270904221,-7.639062441824825,-1.0117464580366702,2.447838287784771e-06,4.045378434654418e-08,-0.7183527875828153,-0.0323442770269509,0.04101191369339347,0.2879361089682208,-7.412599220339832,-0.11821495316056432,3.040432648020684e-06,4.437104331057835e-07,-0.5290203057123307,-0.8624473868170527,3.036087727170643e-05,5.25426953947802,-3.3092685271348756,9.381590977584721e-05,3.2271560375549955e-07,2.270212793877687e-08,0.5218462813090136,1.427405213234343,0.01710067311062886,-4.606122690376458,2.189644637345077,0.15893511017529297,0.0009547919099366768,4.778945025452157e-07,-4.416018190891992,3.040701439685046,0.08618682200148084,-1.5974293101144832,-2.142066207271293,0.04463994326477395,0.0002858856700231729,4.0286669668487467e-07,-4.784986180764706,-8.749045025685481,0.3425770224004889,1.675592004100028,-0.985343499133637,-0.04960562073887047,4.3662496132004074e-05,1.708513622580592e-07,19.14890644004031,5.750692126370928,-0.2266161287237502,-0.42464086409325796,1.3066800571809152,0.010377588050641198,5.151383772628657e-05,1.6553711549585576e-07,27.69297523317602,-11.43904514223897,-0.4025739672657039,0.42904117623175425,1.064303338570136,-0.031848010213911884
