,flag,epoch,sbx,sby,sbz,sbvx,sbvy,sbvz
0,1.0,2457524.5,-2.2795326150790967,1.4187536059746153,0.1910505228125683,-1.8522538291753567,-3.3712816267229746,-0.32576254303922847
