,flag,epoch,sbx,sby,sbz,sbvx,sbvy,sbvz
0,1.0,2457060.0,1.4806787032764623,-1.68832819930062,-0.16010313313872604,3.134367477520118,2.660319876725568,-0.24421265557503374
1,1.0,2457060.0,1.4806788180110257,-1.6883281254496194,-0.16010316916019074,3.1343673857856507,2.6603199210947173,-0.24421264300824883
