,flag,epoch,sbx,sby,sbz,sbvx,sbvy,sbvz
0,1.0,2455200.0,-25.72879809148031,26.23558826531112,2.367907531214313,-0.6047810106430292,-0.7517462933856295,0.4127897324295654
