,flag,epoch,sbx,sby,sbz,sbvx,sbvy,sbvz
0,1,2456855.5,1.8946386186830262,-2.246509782797844,0.3205866678186182,2.9815115387403286,1.926589779753201,-0.09540745708841146
