,flag,epoch,sbx,sby,sbz,sbvx,sbvy,sbvz
0,1.0,2457595.5,-2.7935593086586996,0.3279724781405755,0.08918189365913023,-0.3454667721660228,-3.3417651283435714,-0.17914889051440056
