,flag,epoch,sbx,sby,sbz,sbvx,sbvy,sbvz
0,1,2457320.5,0.1317647107811346,3.100604966469916,-0.5002551914144733,-3.522437240102402,0.3535168057627511,-0.2922638359258446
