,flag,epoch,sbx,sby,sbz,sbvx,sbvy,sbvz
0,1.0,2458050.0,-1.2075451064693064,-1.88666050187072,0.17134610903322606,3.8681092108892408,-1.8541327727508004,0.2756547123923626
1,1.0,2458050.0,-1.207545066091722,-1.8866605023738545,0.17134610775556414,3.868109267437993,-1.854132735864689,0.275654714068972
