,flag,epoch,sbx,sby,sbz,sbvx,sbvy,sbvz
0,1.0,2457918.5,2.559632870530267,1.8232287680820414,-0.03193434843410754,-2.283126160807883,2.627263461140742,0.10855796710171052
