,flag,epoch,sbx,sby,sbz,sbvx,sbvy,sbvz
0,1.0,2457040.5,33.3324464665006,21.020718300355995,-14.41034126898019,-0.7383114925817268,0.6317243938644791,-0.05256408817606259
