,flag,epoch,sbx,sby,sbz,sbvx,sbvy,sbvz
0,1,2456980.0,2.6228065993374794,0.43684597652646673,0.09882746058137515,-0.7472481685341222,3.685505707395597,-0.024965524921868983
