,mass_1,radius_1,x_1,y_1,z_1,vx_1,vy_1,vz_1,mass_2,radius_2,x_2,y_2,z_2,vx_2,vy_2,vz_2,mass_3,radius_3,x_3,y_3,z_3,vx_3,vy_3,vz_3,mass_4,radius_4,x_4,y_4,z_4,vx_4,vy_4,vz_4,mass_5,radius_5,x_5,y_5,z_5,vx_5,vy_5,vz_5,mass_6,radius_6,x_6,y_6,z_6,vx_6,vy_6,vz_6,mass_7,radius_7,x_7,y_7,z_7,vx_7,vy_7,vz_7,mass_8,radius_8,x_8,y_8,z_8,vx_8,vy_8,vz_8
0,1.660120825375342e-07,1.631393540950981e-08,-0.3649968303861293,-0.2343052244368689,0.01435388015441875,3.4412047433808826,-8.193959837361469,-0.9852299712665301,2.447838287784771e-06,4.045378434654418e-08,0.0997232746961302,0.7131888302993654,0.004001475115668495,-7.341569075215515,0.9856644978905498,0.43722962039584357,3.040432648020684e-06,4.437104331057835e-07,-0.06379549654204777,0.9814428096017277,-1.293834363701763e-05,-6.37296468925961,-0.4309133337500233,6.233598606084942e-06,3.2271560375549955e-07,2.270212793877687e-08,0.4917736197000874,1.441116481511941,0.01811474539944523,-4.643700709876342,2.0855953482666814,0.15777784439495893,0.0009547919099366768,4.778945025452157e-07,-4.50986103516455,-3.041560848783672,0.1135446459693235,1.508064282120291,-2.157313469268881,-0.024790311574900716,0.0002858856700231729,4.0286669668487467e-07,-5.422669741461536,7.314802480236665,0.08844782460223344,-1.7452807469876177,-1.2198672388790248,0.09067423092805088,4.3662496132004074e-05,1.708513622580592e-07,18.8542913610805,-6.886640762824502,-0.2697919783939748,0.48308887906859854,1.2802155824208392,-0.0014781538304526245,5.151383772628657e-05,1.6553711549585576e-07,21.96574726833992,-20.51817931570313,-0.08370651236200335,0.7759749528941654,0.8423886170320914,-0.03525459981765667
