,mass_1,radius_1,x_1,y_1,z_1,vx_1,vy_1,vz_1,mass_2,radius_2,x_2,y_2,z_2,vx_2,vy_2,vz_2,mass_3,radius_3,x_3,y_3,z_3,vx_3,vy_3,vz_3,mass_4,radius_4,x_4,y_4,z_4,vx_4,vy_4,vz_4,mass_5,radius_5,x_5,y_5,z_5,vx_5,vy_5,vz_5,mass_6,radius_6,x_6,y_6,z_6,vx_6,vy_6,vz_6,mass_7,radius_7,x_7,y_7,z_7,vx_7,vy_7,vz_7,mass_8,radius_8,x_8,y_8,z_8,vx_8,vy_8,vz_8
0,1.660120825375342e-07,1.631393540950981e-08,0.3497025135277042,-0.161370231568834,-0.04527664472070553,2.298792222451755,9.797216333992973,0.5894120488701841,2.447838287784771e-06,4.045378434654418e-08,-0.1146603921148426,0.7098088303499838,0.01632659218102248,-7.318096964631547,-1.2184482215786285,0.40572733949117396,3.040432648020684e-06,4.437104331057835e-07,-0.9409626635374077,0.3112982974672292,-2.610018379411164e-06,-2.0761197344813156,-5.989578582429013,5.943330547676103e-05,3.2271560375549955e-07,2.270212793877687e-08,0.1840662234977146,1.541977952139311,0.02778587010873372,-4.880811083114478,1.040224936017956,0.14170451352563665,0.0009547919099366768,4.778945025452157e-07,-5.198822986602282,1.516592089024118,0.1100390364585213,-0.8066930568844897,-2.5184306355996453,0.028507086113106848,0.0002858856700231729,4.0286669668487467e-07,-1.87640773832868,8.83833266675017,-0.0791377104263509,-2.1034531331520223,-0.4295737829001314,0.09113783004073449,4.3662496132004074e-05,1.708513622580592e-07,17.82912059882635,-9.15009023591533,-0.2649844561030898,0.6441076392042722,1.2086940876562935,-0.003808370758677978,5.151383772628657e-05,1.6553711549585576e-07,20.50655065843455,-21.99756867281136,-0.01955994431971389,0.8298063894638219,0.7860653272732907,-0.03533993636737043
