,mass_1,radius_1,x_1,y_1,z_1,vx_1,vy_1,vz_1,mass_2,radius_2,x_2,y_2,z_2,vx_2,vy_2,vz_2,mass_3,radius_3,x_3,y_3,z_3,vx_3,vy_3,vz_3,mass_4,radius_4,x_4,y_4,z_4,vx_4,vy_4,vz_4,mass_5,radius_5,x_5,y_5,z_5,vx_5,vy_5,vz_5,mass_6,radius_6,x_6,y_6,z_6,vx_6,vy_6,vz_6,mass_7,radius_7,x_7,y_7,z_7,vx_7,vy_7,vz_7,mass_8,radius_8,x_8,y_8,z_8,vx_8,vy_8,vz_8
0,1.660120825375342e-07,1.631393540950981e-08,0.1913840014873824,0.2471070093087858,0.002621149230479399,-10.165346469769085,0.0,0.0,2.447838287784771e-06,4.045378434654418e-08,0.3158559830202143,-0.6554175522135665,-0.02719210468655098,6.605169539397798,0.0,0.0,3.040432648020684e-06,4.437104331057835e-07,-0.4179198486316802,0.8904834374943597,-5.178480405645439e-06,-5.790855028584909,0.0,0.0,3.2271560375549955e-07,2.270212793877687e-08,1.184604501791845,0.8194999774774242,-0.01194671715566958,-2.71180602627524,0.0,0.0,0.0009547919099366768,4.778945025452157e-07,-1.058934615116088,5.066774044389271,0.002656607719292189,-2.735148550300079,-0.4340463992939309,0.06301389799810321,0.0002858856700231729,4.0286669668487467e-07,2.641091906182019,8.663840362449852,-0.2557729360767932,-2.060073751608657,0.5894906568980012,0.07167662068585812,4.3662496132004074e-05,1.708513622580592e-07,16.26928569922001,-11.61071824647799,-0.2540144729297638,0.8211675895688784,1.1020702715647583,-0.006505646554909215,5.151383772628657e-05,1.6553711549585576e-07,18.67937903605539,-23.59678560190313,0.05551503883608119,0.8884948142886567,0.7179643139122643,-0.03525843518927081
