,flag,epoch,sbx,sby,sbz,sbvx,sbvy,sbvz
0,1,2456870.0,-1.2440596217105602,3.504377869135769,-0.03741447461241379,-3.1000383779550518,-0.843792171595679,0.24423044461496105
