,flag,epoch,sbx,sby,sbz,sbvx,sbvy,sbvz
0,1.0,2457270.0,-0.5653968480256439,-2.225321748424553,0.04025273016962713,4.1239131513614184,-0.4148080023962364,0.39955098127128186
1,1.0,2457270.0,-0.5653968412458578,-2.2253217569965815,0.04025271739588315,4.123913137605015,-0.4148079677141626,0.3995510300222279
