,flag,epoch,sbx,sby,sbz,sbvx,sbvy,sbvz
0,1,2457077.5,2.6846774723279223,1.0396922131121422,0.029886221638613666,-0.608363870401955,3.7064651525494288,-0.8269528386917039
