,flag,epoch,sbx,sby,sbz,sbvx,sbvy,sbvz
0,1.0,2457500.0,-1.246907344832097,2.2526863972609323,-0.16467134680844642,-3.2544068532851194,-1.6040031606611955,0.34090726076118566
1,1.0,2457500.0,-1.2469073244684912,2.2526864138363276,-0.1646713626689365,-3.254406858741965,-1.604003125238674,0.34090727851350605
