,flag,epoch,sbx,sby,sbz,sbvx,sbvy,sbvz
0,1.0,2457325.5,-39.20383120923468,-19.834446980155615,1.4247502829363683,0.4510239297461345,-0.8292388586823749,0.0101938855349177
