,flag,epoch,sbx,sby,sbz,sbvx,sbvy,sbvz
0,1,2457540.0,-0.5719838349543405,2.4387219647758016,-0.018862829523650378,-3.5068103290493013,-1.033986601382842,-0.048657685467269444
