,flag,epoch,sbx,sby,sbz,sbvx,sbvy,sbvz
0,1,2456875.5,-1.9706492146816617,-0.918044204777993,0.2172622039310237,1.9345467952974829,-3.9418377199151258,0.15044270898155027
