,flag,epoch,sbx,sby,sbz,sbvx,sbvy,sbvz
0,1.0,2457545.5,14.937899621879653,18.496912374849625,-4.808021894534872,-0.9735729655385472,0.8255799485458761,-0.1082304989887853
