,flag,epoch,sbx,sby,sbz,sbvx,sbvy,sbvz
0,1.0,2457750.0,-2.25576354021933,0.28163374164574373,0.1487900843066351,-0.6043168135750782,-4.25466478762701,-0.39036422392686254
1,1.0,2457750.0,-2.255763539784622,0.2816337361568298,0.1487900915196984,-0.604316804553415,-4.254664790153416,-0.3903642330237299
