,flag,epoch,sbx,sby,sbz,sbvx,sbvy,sbvz
0,1,2457070.0,1.4442518312050012,1.6737573094431901,-0.5530391177292379,-2.8363931966679554,3.354339262536619,0.6838640133341447
