,flag,epoch,sbx,sby,sbz,sbvx,sbvy,sbvz
0,1.0,2457637.5,-1.413840675352923,2.26345529665831,-0.49968217257241504,-3.279610169549687,-2.3869353487959355,0.37163126033335386
