,flag,epoch,sbx,sby,sbz,sbvx,sbvy,sbvz
0,1,2457600.0,2.8981326908395557,-0.4389445079238875,0.2959259076784636,0.24310139725510405,3.6717679893357955,0.45896871048429116
