,mass_1,radius_1,x_1,y_1,z_1,vx_1,vy_1,vz_1,mass_2,radius_2,x_2,y_2,z_2,vx_2,vy_2,vz_2,mass_3,radius_3,x_3,y_3,z_3,vx_3,vy_3,vz_3,mass_4,radius_4,x_4,y_4,z_4,vx_4,vy_4,vz_4,mass_5,radius_5,x_5,y_5,z_5,vx_5,vy_5,vz_5,mass_6,radius_6,x_6,y_6,z_6,vx_6,vy_6,vz_6,mass_7,radius_7,x_7,y_7,z_7,vx_7,vy_7,vz_7,mass_8,radius_8,x_8,y_8,z_8,vx_8,vy_8,vz_8
0,1.660120825375342e-07,1.631393540950981e-08,0.1830498301837074,-0.4007196209327624,-0.04953688694983095,7.290123192456301,4.784333539715718,-0.27773097212784525,2.447838287784771e-06,4.045378434654418e-08,-0.6117493914154991,-0.3832368297578854,0.03003858271741143,3.8701535188060845,-6.2950524861714365,-0.3097313661177986,3.040432648020684e-06,4.437104331057835e-07,-0.9867825058070926,0.1197503444333799,-5.804701615538885e-07,-0.8591921551583682,-6.262134439294815,0.00031657306155601534,3.2271560375549955e-07,2.270212793877687e-08,0.1249175424459784,-1.439606972376437,-0.03323512048604586,5.284400352410649,0.8815065740397184,-0.11115172766792338,0.0009547919099366768,4.778945025452157e-07,4.81794620987452,-1.251480324544443,-0.1025951000499403,0.6609015321105759,2.800113480149797,-0.02641727656745516,0.0002858856700231729,4.0286669668487467e-07,7.218542593528249,-6.779571337266923,-0.1694004199621667,1.2824890856428988,1.4837858776657766,-0.07682308198329311,4.3662496132004074e-05,1.708513622580592e-07,14.20070454993636,13.67143144931623,-0.1332555812141367,-1.0063372465525877,0.9707423394993632,0.01659485179828644,5.151383772628657e-05,1.6553711549585576e-07,29.66202659751389,-3.864661395026623,-0.604042919414572,0.14145052670891517,1.146931309660327,-0.026839807911723936
