,mass_1,radius_1,x_1,y_1,z_1,vx_1,vy_1,vz_1,mass_2,radius_2,x_2,y_2,z_2,vx_2,vy_2,vz_2,mass_3,radius_3,x_3,y_3,z_3,vx_3,vy_3,vz_3,mass_4,radius_4,x_4,y_4,z_4,vx_4,vy_4,vz_4,mass_5,radius_5,x_5,y_5,z_5,vx_5,vy_5,vz_5,mass_6,radius_6,x_6,y_6,z_6,vx_6,vy_6,vz_6,mass_7,radius_7,x_7,y_7,z_7,vx_7,vy_7,vz_7,mass_8,radius_8,x_8,y_8,z_8,vx_8,vy_8,vz_8
0,1.660120825375342e-07,1.631393540950981e-08,0.2294719184084212,0.2182572047610479,-0.003217133743962183,-9.11099267406606,7.881236343133461,1.4798384627231036,2.447838287784771e-06,4.045378434654418e-08,0.6982586931293704,0.1931460575306483,-0.03764454288717187,-1.995874904772179,7.087194399091809,0.212393311256911,3.040432648020684e-06,4.437104331057835e-07,-0.9538477521277574,0.2715314193417863,-7.587728632308261e-06,-1.8226214539669987,-6.067274029565935,0.0002640999628388773,3.2271560375549955e-07,2.270212793877687e-08,-1.134882521865364,-1.079865618783449,0.005224148823334731,3.715173917940062,-3.2656356792942223,-0.1596011190033089,0.0009547919099366768,4.778945025452157e-07,-3.956706925835173,-3.705448108192379,0.1039236490894033,1.8523944689455514,-1.883601442168393,-0.03362623082774942,0.0002858856700231729,4.0286669668487467e-07,0.378538338549898,-10.05710512306006,0.1597388134772772,1.926537794842174,0.06874826846048038,-0.07786843155242389,4.3662496132004074e-05,1.708513622580592e-07,17.60591959274353,9.264954796556546,-0.1935615519211265,-0.6775586808395047,1.202479958714302,0.013225736239968687,5.151383772628657e-05,1.6553711549585576e-07,28.73501554371978,-8.407281371580757,-0.489150631283632,0.3163909761377121,1.105653292807646,-0.03009633895097359
