,flag,epoch,sbx,sby,sbz,sbvx,sbvy,sbvz
0,1.0,2457980.0,1.035341071901796,2.0483630074800234,-0.22509380944663288,-3.7812455189906466,1.6953955585858338,0.3048454985677425
1,1.0,2457980.0,1.0353411119417677,2.0483630086540217,-0.22509381994317626,-3.7812454679413166,1.6953956019062877,0.304845492558502
