,flag,epoch,sbx,sby,sbz,sbvx,sbvy,sbvz
0,1.0,2457200.0,-39.79915407587295,15.286022171473295,1.400443046672997,-0.39168077306960036,-0.897568364301399,0.04131446077499085
