,flag,epoch,sbx,sby,sbz,sbvx,sbvy,sbvz
0,1.0,2458912.5,34.312521161005215,-3.657546083696924,-19.30863753343683,0.29878454696950424,0.9801006658381839,0.30330282351256704
