,flag,epoch,sbx,sby,sbz,sbvx,sbvy,sbvz
0,1.0,2458058.5,2.4259889883585557,2.0094974732611695,-0.12107990419068776,-2.3897886857189823,2.3274294424041058,0.8658035279746885
