,flag,epoch,sbx,sby,sbz,sbvx,sbvy,sbvz
0,1.0,2456950.0,1.7274987545437344,2.2812339095671064,0.1903906004267235,-2.643493644999966,2.602692165296227,0.2391739984353563
1,1.0,2456950.0,1.7274987855047008,2.2812339179973535,0.19039060538024893,-2.643493626314592,2.6026921256892197,0.239174026409078
