,flag,epoch,sbx,sby,sbz,sbvx,sbvy,sbvz
0,1.0,2456770.0,2.395167555923852,0.4756701931613564,-0.08203826385857312,-1.0740555658604747,4.06479148082003,0.3681366271220473
