,flag,epoch,sbx,sby,sbz,sbvx,sbvy,sbvz
0,1.0,2456953.5,-30.350399018086488,-21.716144890614576,10.901473171618768,0.6437345305257407,-0.8762369209048094,0.04514887464801443
