,flag,epoch,sbx,sby,sbz,sbvx,sbvy,sbvz
0,1.0,2457874.5,48.00234579792882,22.26423555667358,-29.297256599309726,-0.3946093493853715,0.6301196979006246,-0.028293765748475763
