,flag,epoch,sbx,sby,sbz,sbvx,sbvy,sbvz
0,1.0,2457860.0,-0.7313333401736328,2.473087858448467,-0.20248034312756327,-3.586758409762967,-0.7952988370301789,0.28098719751434736
1,1.0,2457860.0,-0.731333322601031,2.473087881103349,-0.20248038966126478,-3.5867584116017737,-0.7952987716222096,0.28098713759642785
