,flag,epoch,sbx,sby,sbz,sbvx,sbvy,sbvz
0,1,2457390.0,2.539575536922096,-0.4054799410871002,0.43332697107571716,0.4753167831286045,4.069108559990348,0.1470973252370561
