,flag,epoch,sbx,sby,sbz,sbvx,sbvy,sbvz
0,1,2457781.5,2.196971941556913,-1.6037482333964395,-0.8121873629718833,1.6864135800227733,2.677589140038009,0.9553068503881527
