,flag,epoch,sbx,sby,sbz,sbvx,sbvy,sbvz
0,1,2457049.5,2.187930107471808,-0.8688228675988501,0.347884669369065,1.2623739465173398,4.0372213824235175,-0.3832252921770577
