,flag,epoch,sbx,sby,sbz,sbvx,sbvy,sbvz
0,1.0,2457990.0,2.0205476077093127,-0.3241090390319879,-0.1598938805543616,0.7701472334277621,4.582688295138284,-0.4344410426640969
1,1.0,2457990.0,2.0205475774652033,-0.32410906672577533,-0.15989388086036277,0.7701472911860584,4.582688335559793,-0.4344410502501615
