,flag,epoch,sbx,sby,sbz,sbvx,sbvy,sbvz
0,1.0,2456540.0,-1.86924879723643,1.966315002052102,-1.0500628955637479,-2.8676567975679297,-2.486935004350829,0.25447035165495663
