,flag,epoch,sbx,sby,sbz,sbvx,sbvy,sbvz
0,1,2457680.0,2.2410517923134967,-1.8265688271931804,0.004170547580088335,2.216566681246762,2.912016956350848,-0.1719105587643586
