,flag,epoch,sbx,sby,sbz,sbvx,sbvy,sbvz
0,1,2457082.5,-2.116648961313443,2.073116762690874,0.3461542400226083,-2.2725552339775605,-2.2496094889319167,0.3052952868673517
