,flag,sbx,sby,sbz,sbvx,sbvy,sbvz
0,1.0,0.9792475675607245,-36.9912253254558,-7.773679395663856,0.6217802712127816,-0.2153373289764539,1.1030128770264176
