,flag,epoch,sbx,sby,sbz,sbvx,sbvy,sbvz
0,1.0,2458725.5,25.50700404870755,24.865601567825788,-12.68204917799727,-0.15038232928924855,0.13012457946504155,-0.047324902029050916
