,flag,epoch,sbx,sby,sbz,sbvx,sbvy,sbvz
0,1.0,2457930.0,39.240205609254076,-0.16513800671822798,-6.3219448010780965,-0.07911818394170914,0.9274135778197096,-0.47503539391598065
