,flag,epoch,sbx,sby,sbz,sbvx,sbvy,sbvz
0,1.0,2456372.5,4.803241535598657,2.1415085933399647,0.5992529629656665,-1.2826558017209648,2.4435251016918085,1.2247231282253155
