,flag,epoch,sbx,sby,sbz,sbvx,sbvy,sbvz
0,1.0,2453620.0,29.109394287213604,26.461030544524437,-0.1923922347136842,-0.8626258571350364,0.5640092866240087,-0.0895388031689142
