,mass_1,radius_1,x_1,y_1,z_1,vx_1,vy_1,vz_1,mass_2,radius_2,x_2,y_2,z_2,vx_2,vy_2,vz_2,mass_3,radius_3,x_3,y_3,z_3,vx_3,vy_3,vz_3,mass_4,radius_4,x_4,y_4,z_4,vx_4,vy_4,vz_4,mass_5,radius_5,x_5,y_5,z_5,vx_5,vy_5,vz_5,mass_6,radius_6,x_6,y_6,z_6,vx_6,vy_6,vz_6,mass_7,radius_7,x_7,y_7,z_7,vx_7,vy_7,vz_7,mass_8,radius_8,x_8,y_8,z_8,vx_8,vy_8,vz_8
0,1.660120825375342e-07,1.631393540950981e-08,0.04015221505646157,-0.4574217432075692,-0.04105590801724682,8.175732973409886,1.4268716861953454,-0.6336445746461586,2.447838287784771e-06,4.045378434654418e-08,-0.6222692285303143,0.3572483505620698,0.04080285853799335,-3.709006700031727,-6.442841579854462,0.12585707505818794,3.040432648020684e-06,4.437104331057835e-07,-0.9553601171779592,0.2663687386423304,-2.383590729264066e-06,-1.790197615670092,-6.076621463456091,0.00012244878478927566,3.2271560375549955e-07,2.270212793877687e-08,0.8245021557271064,-1.127139398929075,-0.04386322725854858,4.319243769444132,3.455919043347484,-0.03365999146634547,0.0009547919099366768,4.778945025452157e-07,3.11278366880245,-4.029887312796103,-0.05292742710732398,2.148925186229232,1.817399025833503,-0.05563326016965558,0.0002858856700231729,4.0286669668487467e-07,-9.178424136989142,1.931949426462368,0.3316771492518532,-0.527236935958654,-1.997136875532306,0.05578652725107861,4.3662496132004074e-05,1.708513622580592e-07,19.92024880160224,-2.659916148030868,-0.2678971379584305,0.1813147895040257,1.3582334448205287,0.0026808529309769492,5.151383772628657e-05,1.6553711549585576e-07,24.27629760522451,-17.67961395351581,-0.1954034787477226,0.6692685197027466,0.9348633466641044,-0.03464455038422818
