,flag,epoch,sbx,sby,sbz,sbvx,sbvy,sbvz
0,1.0,2457710.0,1.4293537812712414,-1.9406114837461563,-0.050095404872975965,3.220558668770913,2.226152419075372,0.44545821887448617
1,1.0,2457710.0,1.429353824585418,-1.9406114188292483,-0.05009541061914065,3.22055866060052,2.2261525139727465,0.44545821367412647
