,mass_1,radius_1,x_1,y_1,z_1,vx_1,vy_1,vz_1,mass_2,radius_2,x_2,y_2,z_2,vx_2,vy_2,vz_2,mass_3,radius_3,x_3,y_3,z_3,vx_3,vy_3,vz_3,mass_4,radius_4,x_4,y_4,z_4,vx_4,vy_4,vz_4,mass_5,radius_5,x_5,y_5,z_5,vx_5,vy_5,vz_5,mass_6,radius_6,x_6,y_6,z_6,vx_6,vy_6,vz_6,mass_7,radius_7,x_7,y_7,z_7,vx_7,vy_7,vz_7,mass_8,radius_8,x_8,y_8,z_8,vx_8,vy_8,vz_8
0,1.660120825375342e-07,1.631393540950981e-08,-0.3891130266436472,-0.1523845905418659,0.0232541207264642,1.6215462337621265,-9.12322151543244,-0.8941866002187981,2.447838287784771e-06,4.045378434654418e-08,-0.04385128787679407,0.7179950317603156,0.01236365597615947,-7.39931659093117,-0.49021053474511667,0.4203147351042498,3.040432648020684e-06,4.437104331057835e-07,-0.8424329660545246,-0.5489033170070852,1.569500424900429e-05,3.3282298704408246,-5.2886247300204445,0.00011343945996835111,3.2271560375549955e-07,2.270212793877687e-08,-1.615838332231959,0.3911163989228468,0.04787266510181463,-1.0113535531390896,-4.531674072165697,-0.07012215173996335,0.0009547919099366768,4.778945025452157e-07,4.797031283449742,-1.331743853222382,-0.1018192120829773,0.7036907590699784,2.789278836356758,-0.02732745010859877,0.0002858856700231729,4.0286669668487467e-07,-9.494074023869494,-0.3695225346376868,0.384341245926058,-0.029648855607241037,-2.0383889232034766,0.03668892435990261,4.3662496132004074e-05,1.708513622580592e-07,20.06272819525237,-1.111200627416399,-0.2640079327486218,0.06950719711808806,1.3695581080556127,0.004173963116864642,5.151383772628657e-05,1.6553711549585576e-07,25.01211942713753,-16.60176984304616,-0.2345131466155391,0.6271757503993326,0.9642120040377746,-0.03426601605155823
