,flag,epoch,sbx,sby,sbz,sbvx,sbvy,sbvz
0,1.0,2456710.0,-43.41000890894182,-33.49269705831554,0.47957516914774134,0.5548276278275892,-0.5664356254118708,0.02626924343800534
