,flag,epoch,sbx,sby,sbz,sbvx,sbvy,sbvz
0,1,2457350.0,1.28105626480107,-2.058949167179188,-0.17859396846846748,3.49438054704206,1.169760354038465,1.282371931046785
