,flag,epoch,sbx,sby,sbz,sbvx,sbvy,sbvz
0,1,2456474.5,-1.0560988068883506,2.945033862797576,-0.08325739300832685,-3.3731211650071717,-1.2710390148136663,0.039373370290147806
