,flag,epoch,sbx,sby,sbz,sbvx,sbvy,sbvz
0,1.0,2457536.5,38.33452688392426,19.505051026162043,-11.723307738502537,-0.3666511282122452,0.8322752939809603,-0.1597725460793923
