,flag,epoch,sbx,sby,sbz,sbvx,sbvy,sbvz
0,1.0,2457440.0,-2.3557419664578663,-1.0885273515997975,-0.03240791449063629,1.6999414668445372,-3.2311431676976827,0.366646453195862
1,1.0,2457440.0,-2.355741945254878,-1.0885273804064801,-0.0324079789711441,1.699941489974029,-3.231143161053029,0.36664648989542303
