,flag,epoch,sbx,sby,sbz,sbvx,sbvy,sbvz
0,1.0,2458050.0,24.23021156706578,34.58554003255236,-22.797420067393954,-0.7097351861494048,0.46636800784805255,-0.0799696040261179
