,flag,epoch,sbx,sby,sbz,sbvx,sbvy,sbvz
0,1.0,2457200.0,1.0517759271276161,-1.6770187057006347,0.196439958312693,4.235215497480039,2.2503420018979914,-0.1528086787740806
1,1.0,2457200.0,1.0517757807383228,-1.677018666794801,0.1964398986553088,4.235215754124078,2.250341999305707,-0.1528090054243139
