,mass_1,radius_1,x_1,y_1,z_1,vx_1,vy_1,vz_1,mass_2,radius_2,x_2,y_2,z_2,vx_2,vy_2,vz_2,mass_3,radius_3,x_3,y_3,z_3,vx_3,vy_3,vz_3,mass_4,radius_4,x_4,y_4,z_4,vx_4,vy_4,vz_4,mass_5,radius_5,x_5,y_5,z_5,vx_5,vy_5,vz_5,mass_6,radius_6,x_6,y_6,z_6,vx_6,vy_6,vz_6,mass_7,radius_7,x_7,y_7,z_7,vx_7,vy_7,vz_7,mass_8,radius_8,x_8,y_8,z_8,vx_8,vy_8,vz_8
0,1.660120825375342e-07,1.631393540950981e-08,0.3421177182799222,-0.1892092468654186,-0.04684774795625384,2.960066924205641,9.461617983818323,0.5015337883358479,2.447838287784771e-06,4.045378434654418e-08,-0.3316838720206689,-0.6446962809491238,0.01030467189765394,6.518257785720972,-3.4125213920440047,-0.4229333665547322,3.040432648020684e-06,4.437104331057835e-07,0.07749529629376306,-1.013546722443397,3.34930930328797e-05,6.16342907624954,0.4554952178809646,-3.439551449357236e-05,3.2271560375549955e-07,2.270212793877687e-08,0.02811314710443933,1.566797643458136,0.03213974608286507,-4.916212360949228,0.52567084061473,0.13167887025217526,0.0009547919099366768,4.778945025452157e-07,-4.573998455857511,2.816778415780735,0.09065171061908686,-1.4794514198137394,-2.218899124356289,0.04231900357148843,0.0002858856700231729,4.0286669668487467e-07,-4.611957414652792,-8.84837208752256,0.3374124893368788,1.6948815097864423,-0.9494867073486393,-0.05099534057421119,4.3662496132004074e-05,1.708513622580592e-07,19.10481743186709,5.88469498199637,-0.2255449429134861,-0.4342135207522034,1.3036880217052966,0.010489251558228486,5.151383772628657e-05,1.6553711549585576e-07,27.73681726509867,-11.32968771956763,-0.4058408289333509,0.4249969620361525,1.065980559798864,-0.03179015037508554
