,mass_1,radius_1,x_1,y_1,z_1,vx_1,vy_1,vz_1,mass_2,radius_2,x_2,y_2,z_2,vx_2,vy_2,vz_2,mass_3,radius_3,x_3,y_3,z_3,vx_3,vy_3,vz_3,mass_4,radius_4,x_4,y_4,z_4,vx_4,vy_4,vz_4,mass_5,radius_5,x_5,y_5,z_5,vx_5,vy_5,vz_5,mass_6,radius_6,x_6,y_6,z_6,vx_6,vy_6,vz_6,mass_7,radius_7,x_7,y_7,z_7,vx_7,vy_7,vz_7,mass_8,radius_8,x_8,y_8,z_8,vx_8,vy_8,vz_8
0,1.660120825375342e-07,1.631393540950981e-08,0.3015629446389722,0.1341160854541901,-0.01670927596853804,-6.175591700863976,9.844732950107721,1.3709876927194464,2.447838287784771e-06,4.045378434654418e-08,-0.6842523342828575,-0.2255718372390914,0.03639608428758213,2.2634272465325638,-7.049464522565557,-0.22723673351085355,3.040432648020684e-06,4.437104331057835e-07,0.9151852469843282,0.3948977697078074,-1.525352954392781e-05,-2.5916851336243045,5.7460470315608445,-0.00018143133077572736,3.2271560375549955e-07,2.270212793877687e-08,0.7153163218582429,-1.206656783479577,-0.04283983620879344,4.5906832132841044,3.0452754961952246,-0.04886968852080384,0.0009547919099366768,4.778945025452157e-07,-3.292871549192778,4.147084448439665,0.05646027917459817,-2.1935485666344454,-1.585225659615939,0.0556668645437469,0.0002858856700231729,4.0286669668487467e-07,-5.735801982322765,-8.11008725348323,0.3693397455782685,1.5510566100946959,-1.1834793682271143,-0.04120609074852574,4.3662496132004074e-05,1.708513622580592e-07,19.38261294938507,4.976686807308629,-0.2325333978715472,-0.36927606332988744,1.3227698580130738,0.009723293412992506,5.151383772628657e-05,1.6553711549585576e-07,27.43359948389286,-12.0627160747037,-0.3837304271602857,0.45224609016971523,1.0546521615110827,-0.03217495250325747
