,flag,epoch,sbx,sby,sbz,sbvx,sbvy,sbvz
0,1,2457390.0,-1.2304448568328836,-2.704501890589194,0.1498417612749397,3.371466666619774,-1.2325558241295407,-0.025837703938293786
