,mass_1,radius_1,x_1,y_1,z_1,vx_1,vy_1,vz_1,mass_2,radius_2,x_2,y_2,z_2,vx_2,vy_2,vz_2,mass_3,radius_3,x_3,y_3,z_3,vx_3,vy_3,vz_3,mass_4,radius_4,x_4,y_4,z_4,vx_4,vy_4,vz_4,mass_5,radius_5,x_5,y_5,z_5,vx_5,vy_5,vz_5,mass_6,radius_6,x_6,y_6,z_6,vx_6,vy_6,vz_6,mass_7,radius_7,x_7,y_7,z_7,vx_7,vy_7,vz_7,mass_8,radius_8,x_8,y_8,z_8,vx_8,vy_8,vz_8
0,1.660120825375342e-07,1.631393540950981e-08,-0.2929388612823994,-0.3458205321792254,-0.00137995373433937,5.756428657968521,-6.1663493995706045,-1.0319770412157394,2.447838287784771e-06,4.045378434654418e-08,-0.03922618765150093,-0.7257110222246798,-0.007682518169726742,7.327245219999651,-0.42639697347042693,-0.4286932287175901,3.040432648020684e-06,4.437104331057835e-07,0.3938460581193928,0.9044739746634574,-3.067299812759491e-05,-5.863545259996672,2.48504080100518,-6.722106596226865e-05,3.2271560375549955e-07,2.270212793877687e-08,1.166652300230739,-0.7404661073442167,-0.04414969757189315,2.9342173925651482,4.752938370185925,0.027568533310296607,0.0009547919099366768,4.778945025452157e-07,-3.54490096729617,3.952950735878021,0.06290592444527635,-2.086854828173107,-1.7116071799683918,0.053803391383046,0.0002858856700231729,4.0286669668487467e-07,-5.551613601440575,-8.24715031094069,0.3643860780708738,1.5778486765365838,-1.1449020483769081,-0.04294384276609234,4.3662496132004074e-05,1.708513622580592e-07,19.3384838189411,5.132235089495135,-0.2313809615685862,-0.3804021857368491,1.3197312087666029,0.009854835679404081,5.151383772628657e-05,1.6553711549585576e-07,27.4865686779058,-11.93843857521752,-0.3875145863468463,0.4476131712326186,1.0566209766315753,-0.03211142893008944
