,flag,epoch,sbx,sby,sbz,sbvx,sbvy,sbvz
0,1,2457520.0,1.7896337139842582,-1.368846408384388,0.02070685096181033,3.063098909439436,2.956726475402914,-0.37182820112959863
