,mass_1,radius_1,x_1,y_1,z_1,vx_1,vy_1,vz_1,mass_2,radius_2,x_2,y_2,z_2,vx_2,vy_2,vz_2,mass_3,radius_3,x_3,y_3,z_3,vx_3,vy_3,vz_3,mass_4,radius_4,x_4,y_4,z_4,vx_4,vy_4,vz_4,mass_5,radius_5,x_5,y_5,z_5,vx_5,vy_5,vz_5,mass_6,radius_6,x_6,y_6,z_6,vx_6,vy_6,vz_6,mass_7,radius_7,x_7,y_7,z_7,vx_7,vy_7,vz_7,mass_8,radius_8,x_8,y_8,z_8,vx_8,vy_8,vz_8
0,1.660120825375342e-07,1.631393540950981e-08,-0.03021997925234116,-0.4629053153980866,-0.03503757629102518,8.193329835496495,-0.1427338344867378,-0.7637667026785564,2.447838287784771e-06,4.045378434654418e-08,-0.4054199257209141,-0.6002750463358105,0.01520647324173553,6.070708208182502,-4.168811325809581,-0.4073713735067077,3.040432648020684e-06,4.437104331057835e-07,-0.4191520277387978,-0.92244472988762,-8.745295801643725e-06,5.618526516422209,-2.6230131714736604,-7.374469111821009e-06,3.2271560375549955e-07,2.270212793877687e-08,1.177743610553048,0.8310023107191368,-0.01155008460029198,-2.751171931968811,4.611726152395888,0.16423934105197938,0.0009547919099366768,4.778945025452157e-07,0.8686482201307321,-5.144414227269538,0.001838472125602967,2.683827331311032,0.5878385763922305,-0.06253723394106851,0.0002858856700231729,4.0286669668487467e-07,9.5274339129109,-0.02300089499675653,-0.3784273293022795,-0.10308108416089704,2.0347134455811933,-0.03131265807884595,4.3662496132004074e-05,1.708513622580592e-07,10.47081998990414,-16.76494591612362,-0.1979676235886196,1.2104908246538644,0.6954359853469458,-0.013143748694595097,5.151383772628657e-05,1.6553711549585576e-07,13.26425072218515,-27.08748070084665,0.2519843977041452,1.0249943080797033,0.5118729676776629,-0.03414755639673605
