,flag,epoch,sbx,sby,sbz,sbvx,sbvy,sbvz
0,1.0,2457398.5,-0.8792857415012114,2.8734736513533257,0.07685850221234469,-3.203508838684051,-0.547182913048452,0.7954807995680716
