,mass_1,radius_1,x_1,y_1,z_1,vx_1,vy_1,vz_1,mass_2,radius_2,x_2,y_2,z_2,vx_2,vy_2,vz_2,mass_3,radius_3,x_3,y_3,z_3,vx_3,vy_3,vz_3,mass_4,radius_4,x_4,y_4,z_4,vx_4,vy_4,vz_4,mass_5,radius_5,x_5,y_5,z_5,vx_5,vy_5,vz_5,mass_6,radius_6,x_6,y_6,z_6,vx_6,vy_6,vz_6,mass_7,radius_7,x_7,y_7,z_7,vx_7,vy_7,vz_7,mass_8,radius_8,x_8,y_8,z_8,vx_8,vy_8,vz_8
0,1.660120825375342e-07,1.631393540950981e-08,0.05251877922254167,-0.4550561466319437,-0.04199953398835533,8.147232772451783,1.706048287711526,-0.6081237550214902,2.447838287784771e-06,4.045378434654418e-08,-0.7028189311617659,0.1474027992820873,0.04258149690411785,-1.5543695779708695,-7.263669888979198,-0.009823275723058416,3.040432648020684e-06,4.437104331057835e-07,0.2445127901944324,-0.9868374198108562,3.018507797119835e-05,5.9973693547222995,1.4878528280192151,-5.177860642879772e-05,3.2271560375549955e-07,2.270212793877687e-08,0.4717368457956015,1.450106574159765,0.01879920681628897,-4.66676543248198,2.015189480504867,0.15679395634150567,0.0009547919099366768,4.778945025452157e-07,0.02259093505946742,5.126647075508159,-0.02179724405819278,-2.79204754922423,0.1430870857214257,0.06188381886622467,0.0002858856700231729,4.0286669668487467e-07,-7.510487688677204,-6.342631002727378,0.4092996399104575,1.2019519155041956,-1.5617794325125054,-0.020718314093133794,4.3662496132004074e-05,1.708513622580592e-07,19.7774195662522,3.263070478358524,-0.2440469882822892,-0.24647628551895426,1.3502600582057895,0.008232755251812282,5.151383772628657e-05,1.6553711549585576e-07,26.82186125433343,-13.39991592600165,-0.3420692280418372,0.5025962417372034,1.0322384473786717,-0.032845323145141825
