,flag,epoch,sbx,sby,sbz,sbvx,sbvy,sbvz
0,1.0,2457670.0,-2.424088524552704,1.3248106756683677,-0.030466430991640443,-1.6951906573702928,-3.0310301755332745,0.394312504446816
1,1.0,2457670.0,-2.4240885323931862,1.3248106846191783,-0.030466423395762922,-1.695190673089421,-3.0310301575804677,0.39431249643700744
