,flag,epoch,sbx,sby,sbz,sbvx,sbvy,sbvz
0,1.0,2457660.0,0.8847840274459425,2.0963608432993803,0.12647845451825074,-3.941875829475735,1.4517096230688655,-0.4291934866676269
1,1.0,2457660.0,0.8847840260679434,2.0963608443176422,0.12647845951390846,-3.941875830636728,1.4517096285915605,-0.4291934949165593
