,flag,epoch,sbx,sby,sbz,sbvx,sbvy,sbvz
0,1,2453595.5,-27.991882194798873,-37.31699705781472,-0.5377680856365458,0.6527736289091353,-0.6370668555956075,0.10954178173095297
