,mass_1,radius_1,x_1,y_1,z_1,vx_1,vy_1,vz_1,mass_2,radius_2,x_2,y_2,z_2,vx_2,vy_2,vz_2,mass_3,radius_3,x_3,y_3,z_3,vx_3,vy_3,vz_3,mass_4,radius_4,x_4,y_4,z_4,vx_4,vy_4,vz_4,mass_5,radius_5,x_5,y_5,z_5,vx_5,vy_5,vz_5,mass_6,radius_6,x_6,y_6,z_6,vx_6,vy_6,vz_6,mass_7,radius_7,x_7,y_7,z_7,vx_7,vy_7,vz_7,mass_8,radius_8,x_8,y_8,z_8,vx_8,vy_8,vz_8
0,1.660120825375342e-07,1.631393540950981e-08,0.2010056018897869,0.2405381634191233,0.001215318731414525,-9.92392000916854,7.014532006266783,1.483583524697826,2.447838287784771e-06,4.045378434654418e-08,0.1241488165973349,0.7094836336292184,0.00257061154590261,-7.302056031083456,1.2366236598825242,0.43835275910558236,3.040432648020684e-06,4.437104331057835e-07,0.4573975019453884,0.8748250643906303,-4.108319396462495e-05,-5.671191117534309,2.887929560621745,-0.00011440632663772384,3.2271560375549955e-07,2.270212793877687e-08,1.332426864405085,0.4740674747352546,-0.022761166932557,-1.5182151071401226,5.252175303243752,0.14730826546050763,0.0009547919099366768,4.778945025452157e-07,-2.384248518134069,-4.80051479064714,0.07328678734467256,2.437505654224696,-1.0971465877859625,-0.04998304764651236,0.0002858856700231729,4.0286669668487467e-07,1.767822203127986,-9.90464784593139,0.1018017450608312,1.8965279035355274,0.35091269792891244,-0.08156757984503715,4.3662496132004074e-05,1.708513622580592e-07,17.09150025075014,10.12504662129659,-0.18372097008428,-0.7403285446380313,1.167942415655383,0.0138980867060871,5.151383772628657e-05,1.6553711549585576e-07,28.9536274779964,-7.601652024221178,-0.5108008039854833,0.28609115875579527,1.115044534752858,-0.029577991760978792
