,flag,epoch,sbx,sby,sbz,sbvx,sbvy,sbvz
0,1.0,2457808.5,63.1686054530375,8.00648821612235,3.5058634673070728,-0.563822396554732,0.649373279585028,-0.11292947230388296
