,flag,epoch,sbx,sby,sbz,sbvx,sbvy,sbvz
0,1.0,2458184.5,-2.2043546102339198,0.9302225847256536,0.5530279089095057,1.6019809083179448,-1.5971619741466387,5.081629254387001
