,flag,epoch,sbx,sby,sbz,sbvx,sbvy,sbvz
0,1.0,2459301.5,-7.742980366397034,-5.79083696092791,0.7234370064716428,2.050514716603371,-1.3112214307183618,0.29251956291445336
