,flag,epoch,sbx,sby,sbz,sbvx,sbvy,sbvz
0,1.0,2457840.0,-0.49903755156069857,2.567284008801085,-0.29716798336406547,-3.5904431904104483,-0.6184481050609706,0.005705495351045938
1,1.0,2457840.0,-0.49903751769259896,2.5672840364974125,-0.2971679929904802,-3.5904431560816312,-0.6184480675703548,0.005705491853457414
