,flag,epoch,sbx,sby,sbz,sbvx,sbvy,sbvz
0,1,2456753.5,3.3646891025369206,-0.8264209808701558,-0.10491975722477972,0.9456007593749417,3.018365300710389,-0.10064811098642455
