,flag,epoch,sbx,sby,sbz,sbvx,sbvy,sbvz
0,1.0,2456900.0,-0.08926809210078424,-2.915119349804784,-0.21993912584583852,3.4619328162178724,0.7778873165416426,-0.24346480351833233
