,flag,epoch,sbx,sby,sbz,sbvx,sbvy,sbvz
0,1,2456022.5,0.2888589587364083,-2.7617636211145724,-0.5355649928706725,3.491027669086626,0.5070824669678191,0.27385438773378373
