,flag,epoch,sbx,sby,sbz,sbvx,sbvy,sbvz
0,1,2457492.5,0.8740741346606203,-2.2536148267558445,0.31298466668924235,3.3660746985554826,2.690532538151256,0.8100216323328707
