,flag,epoch,sbx,sby,sbz,sbvx,sbvy,sbvz
0,1.0,2458286.5,-1.5857690225655197,-3.0442877446693233,-0.2879346281345999,2.833860227123942,-1.4853530714074032,-0.5239246872185469
