,mass_1,radius_1,x_1,y_1,z_1,vx_1,vy_1,vz_1,mass_2,radius_2,x_2,y_2,z_2,vx_2,vy_2,vz_2,mass_3,radius_3,x_3,y_3,z_3,vx_3,vy_3,vz_3,mass_4,radius_4,x_4,y_4,z_4,vx_4,vy_4,vz_4,mass_5,radius_5,x_5,y_5,z_5,vx_5,vy_5,vz_5,mass_6,radius_6,x_6,y_6,z_6,vx_6,vy_6,vz_6,mass_7,radius_7,x_7,y_7,z_7,vx_7,vy_7,vz_7,mass_8,radius_8,x_8,y_8,z_8,vx_8,vy_8,vz_8
0,1.660120825375342e-07,1.631393540950981e-08,-0.1213058104127214,-0.4498196193656226,-0.02562436452553567,7.858699328606083,-2.16035629905914,-0.897531146913899,2.447838287784771e-06,4.045378434654418e-08,0.1406690633774867,-0.7135985898898036,-0.01789811333870445,7.198396305871041,1.403479129810267,-0.39617779985821316,3.040432648020684e-06,4.437104331057835e-07,0.2450526633935063,0.9541682005555722,-3.193794528805612e-05,-6.188553959790638,1.5394039192784994,-3.5195566515638014e-05,3.2271560375549955e-07,2.270212793877687e-08,1.233551166962003,-0.620168597936707,-0.04327112158504284,2.4914448077318103,5.003922044357918,0.043695306658523024,0.0009547919099366768,4.778945025452157e-07,-3.596037202283339,3.910460233133557,0.06422660309444604,-2.063654111570938,-1.737152237826783,0.05339039315167012,0.0002858856700231729,4.0286669668487467e-07,-5.512666675164762,-8.275261133823506,0.3633234763580598,1.5833365172419038,-1.1367557581046497,-0.04330377589678097,4.3662496132004074e-05,1.708513622580592e-07,19.32908178583993,5.16474619174626,-0.2311377905203239,-0.38272947065662016,1.3190859463890414,0.009882558977024536,5.151383772628657e-05,1.6553711549585576e-07,27.49758618726181,-11.91239766569952,-0.388305665173761,0.4466411488197845,1.0570327163977036,-0.03209778202703621
