,flag,epoch,sbx,sby,sbz,sbvx,sbvy,sbvz
0,1.0,2456612.5,21.138690492844688,7.768401484083601,3.0482478360489167,-0.30007946864792817,1.3527233429806385,0.15376262605408536
