,flag,epoch,sbx,sby,sbz,sbvx,sbvy,sbvz
0,1,2457470.0,-2.0157241267464783,-2.1923333590589413,-0.05372707937439152,2.5682041333262062,-2.4916506006778327,-0.10353600173639443
