,flag,epoch,sbx,sby,sbz,sbvx,sbvy,sbvz
0,1,2457520.0,2.1485057095360998,-2.2486853960340754,-0.4637778384994566,2.4401638820302507,2.406613094140035,-0.4720575073501883
