,mass_1,radius_1,x_1,y_1,z_1,vx_1,vy_1,vz_1,mass_2,radius_2,x_2,y_2,z_2,vx_2,vy_2,vz_2,mass_3,radius_3,x_3,y_3,z_3,vx_3,vy_3,vz_3,mass_4,radius_4,x_4,y_4,z_4,vx_4,vy_4,vz_4,mass_5,radius_5,x_5,y_5,z_5,vx_5,vy_5,vz_5,mass_6,radius_6,x_6,y_6,z_6,vx_6,vy_6,vz_6,mass_7,radius_7,x_7,y_7,z_7,vx_7,vy_7,vz_7,mass_8,radius_8,x_8,y_8,z_8,vx_8,vy_8,vz_8
0,1.660120825375342e-07,1.631393540950981e-08,0.1220339514288031,0.2829860966830268,0.01192150787131677,-11.491303349282504,4.467429573207839,1.4194669563830984,2.447838287784771e-06,4.045378434654418e-08,-0.5860946985313207,0.4138510325701232,0.03949042288167715,-4.290231235843864,-6.071832124836489,0.16449251722285113,3.040432648020684e-06,4.437104331057835e-07,0.4698463593768313,-0.9010223818164537,1.579777443726347e-05,5.469501385624122,2.8819605674098474,-6.517451801210935e-05,3.2271560375549955e-07,2.270212793877687e-08,-1.633773972363347,-0.1737107699041118,0.03648517347185778,0.7309763875480192,-4.646042658294863,-0.11529377597231628,0.0009547919099366768,4.778945025452157e-07,1.619710121612327,-4.913851691277054,-0.01584611136883982,2.5858577780912113,0.9943416283248472,-0.06199242869666966,0.0002858856700231729,4.0286669668487467e-07,-8.764567622350745,3.156835387507049,0.2938603545816509,-0.7976410277400208,-1.9209772205142706,0.06522129293826423,4.3662496132004074e-05,1.708513622580592e-07,19.78808251029985,-3.504772656400324,-0.2693143944334372,0.2420296513315867,1.3481474969531184,0.0018612119191594742,5.151383772628657e-05,1.6553711549585576e-07,23.8515315744614,-18.25789188114103,-0.1737222544148141,0.6915508481635757,0.9177558916855666,-0.034815671920494756
