,flag,epoch,sbx,sby,sbz,sbvx,sbvy,sbvz
0,1.0,2456910.0,-2.574709843673113,2.114747962936267,0.6264500426952692,-2.114347138360258,-2.3721564360538197,-0.021078838633919763
1,1.0,2456910.0,-2.5747098023940445,2.1147479955366433,0.6264500014685822,-2.1143471926177937,-2.3721564128609574,-0.021078806518133094
