,flag,epoch,sbx,sby,sbz,sbvx,sbvy,sbvz
0,1.0,2457070.0,-1.6137878662674778,-1.5407046187186577,0.2901511095589295,2.844145014426297,-3.1684949607605954,0.5215065930037315
1,1.0,2457070.0,-1.6137878843914588,-1.5407045578061669,0.29015108946579043,2.8441450101537806,-3.1684950402142995,0.5215066032460317
