,flag,epoch,sbx,sby,sbz,sbvx,sbvy,sbvz
0,1,2456910.0,-2.9184582278726503,1.5344473159766583,-0.08539134462337095,-1.6985194359469549,-2.8977908434817374,0.6900498140615927
