,mass_1,radius_1,x_1,y_1,z_1,vx_1,vy_1,vz_1,mass_2,radius_2,x_2,y_2,z_2,vx_2,vy_2,vz_2,mass_3,radius_3,x_3,y_3,z_3,vx_3,vy_3,vz_3,mass_4,radius_4,x_4,y_4,z_4,vx_4,vy_4,vz_4,mass_5,radius_5,x_5,y_5,z_5,vx_5,vy_5,vz_5,mass_6,radius_6,x_6,y_6,z_6,vx_6,vy_6,vz_6,mass_7,radius_7,x_7,y_7,z_7,vx_7,vy_7,vz_7,mass_8,radius_8,x_8,y_8,z_8,vx_8,vy_8,vz_8
0,1.660120825375342e-07,1.631393540950981e-08,-0.3703172817980123,0.05393673215094662,0.0383856733641909,-3.614875287996599,-9.727047250753623,-0.46306907487743343,2.447838287784771e-06,4.045378434654418e-08,-0.6375282419931761,-0.3376589665351857,0.03216754363470573,3.4066432268182996,-6.56270390155461,-0.28652112203408364,3.040432648020684e-06,4.437104331057835e-07,1.002390824407226,0.03352037148282429,-3.380742627435988e-06,-0.3124381336576029,6.256765950543868,-0.00017672135821152643,3.2271560375549955e-07,2.270212793877687e-08,-0.02490982505417248,1.571462781001292,0.03353874997269527,-4.916630147231083,0.35317381084865873,0.12812374521955855,0.0009547919099366768,4.778945025452157e-07,4.202359574324138,2.631094572157021,-0.1049662569674549,-1.4974416735673537,2.4694735053922554,0.02325420097303709,0.0002858856700231729,4.0286669668487467e-07,-9.105524693037578,-3.210976977186962,0.4183480072264124,0.5665347713390244,-1.9242631594234572,0.010930898123086565,4.3662496132004074e-05,1.708513622580592e-07,20.06106724152075,0.8409231892124617,-0.256744261677317,-0.07185877780916121,1.3702450497697485,0.006022638710983759,5.151383772628657e-05,1.6553711549585576e-07,25.86614243889071,-15.20507794200287,-0.2828979379121322,0.5722824552307031,0.9970907596335168,-0.03368804930260071
