,flag,epoch,sbx,sby,sbz,sbvx,sbvy,sbvz
0,1,2456470.0,-2.926523826091445,0.14319061738035155,0.23913627166873444,0.01685435728418714,-3.6743358528581465,-0.3601675010133484
