,mass_1,radius_1,x_1,y_1,z_1,vx_1,vy_1,vz_1,mass_2,radius_2,x_2,y_2,z_2,vx_2,vy_2,vz_2,mass_3,radius_3,x_3,y_3,z_3,vx_3,vy_3,vz_3,mass_4,radius_4,x_4,y_4,z_4,vx_4,vy_4,vz_4,mass_5,radius_5,x_5,y_5,z_5,vx_5,vy_5,vz_5,mass_6,radius_6,x_6,y_6,z_6,vx_6,vy_6,vz_6,mass_7,radius_7,x_7,y_7,z_7,vx_7,vy_7,vz_7,mass_8,radius_8,x_8,y_8,z_8,vx_8,vy_8,vz_8
0,1.660120825375342e-07,1.631393540950981e-08,-0.3251885215296434,0.1406831385116059,0.04132613578577521,-6.197548130904943,-8.995318041513146,-0.16654215245106724,2.447838287784771e-06,4.045378434654418e-08,0.6971851684282454,0.1969943880822236,-0.03752861867226189,-2.0347123370210305,7.076065634641857,0.21452041559234308,3.040432648020684e-06,4.437104331057835e-07,0.850167442623243,-0.5486990485428821,2.317442478873116e-05,3.305279231279799,5.256196492231996,-0.0002546901859633872,3.2271560375549955e-07,2.270212793877687e-08,1.345465507790694,-0.3191680652412027,-0.03969441839748426,1.3754541461283434,5.409848207104236,0.07962221189927719,0.0009547919099366768,4.778945025452157e-07,2.186443479785713,-4.654682906870293,-0.02958564491830107,2.4640747105411083,1.3033017761999015,-0.06054196430100678,0.0002858856700231729,4.0286669668487467e-07,4.892381027167751,-8.729164648139168,-0.04295658037955733,1.6671338958925728,0.9922130989664263,-0.08357915326713267,4.3662496132004074e-05,1.708513622580592e-07,15.67998715473823,12.07219881368109,-0.1582784921194975,-0.8846330886161562,1.0726194547068035,0.015392600224523174,5.151383772628657e-05,1.6553711549585576e-07,29.38593826902936,-5.648657364771867,-0.5609891018854987,0.2114257152765166,1.1344701116031624,-0.028217575933862322
