,mass_1,radius_1,x_1,y_1,z_1,vx_1,vy_1,vz_1,mass_2,radius_2,x_2,y_2,z_2,vx_2,vy_2,vz_2,mass_3,radius_3,x_3,y_3,z_3,vx_3,vy_3,vz_3,mass_4,radius_4,x_4,y_4,z_4,vx_4,vy_4,vz_4,mass_5,radius_5,x_5,y_5,z_5,vx_5,vy_5,vz_5,mass_6,radius_6,x_6,y_6,z_6,vx_6,vy_6,vz_6,mass_7,radius_7,x_7,y_7,z_7,vx_7,vy_7,vz_7,mass_8,radius_8,x_8,y_8,z_8,vx_8,vy_8,vz_8
0,1.660120825375342e-07,1.631393540950981e-08,0.342369565447306,0.04548474596154146,-0.02770356439130451,-3.3386126239194893,10.646985741460169,1.1762217707891258,2.447838287784771e-06,4.045378434654418e-08,0.6924167685927712,0.2128699924838972,-0.03705297525209961,-2.196523565367057,7.028443375793545,0.22293787377809635,3.040432648020684e-06,4.437104331057835e-07,0.600188417867416,0.7862522257266492,-1.054725277602893e-05,-5.097266973637002,3.789664501395105,-4.718411307770964e-05,3.2271560375549955e-07,2.270212793877687e-08,0.9597445803608986,1.11403386621196,-0.0002350110017469981,-3.6780694007954646,3.7721400798658697,0.16939563400355725,0.0009547919099366768,4.778945025452157e-07,-4.670201644257343,-2.797891350331562,0.1161210163432762,1.3833379075180847,-2.2366273801137346,-0.02166970864256108,0.0002858856700231729,4.0286669668487467e-07,-5.227417830365567,7.447697416706086,0.07836605562712906,-1.7763013130509027,-1.1770201184615,0.09116113806839087,4.3662496132004074e-05,1.708513622580592e-07,18.800165955199,-7.028385002143184,-0.2696201541943455,0.4931745256331488,1.2764169470079327,-0.0016213207327569457,5.151383772628657e-05,1.6553711549585576e-07,21.8795151199314,-20.61140024903697,-0.07979681997112358,0.7794010621889198,0.8390377445894107,-0.035264846114830155
