,mass_1,radius_1,x_1,y_1,z_1,vx_1,vy_1,vz_1,mass_2,radius_2,x_2,y_2,z_2,vx_2,vy_2,vz_2,mass_3,radius_3,x_3,y_3,z_3,vx_3,vy_3,vz_3,mass_4,radius_4,x_4,y_4,z_4,vx_4,vy_4,vz_4,mass_5,radius_5,x_5,y_5,z_5,vx_5,vy_5,vz_5,mass_6,radius_6,x_6,y_6,z_6,vx_6,vy_6,vz_6,mass_7,radius_7,x_7,y_7,z_7,vx_7,vy_7,vz_7,mass_8,radius_8,x_8,y_8,z_8,vx_8,vy_8,vz_8
0,1.660120825375342e-07,1.631393540950981e-08,0.337493818019744,0.06001454426193872,-0.02606906149193357,-3.785540026691997,10.5775937897034,1.2115675586750247,2.447838287784771e-06,4.045378434654418e-08,0.689342871428684,0.2224704626311275,-0.03674420814791719,-2.2943718517074627,6.99761556692868,0.22816380244057466,3.040432648020684e-06,4.437104331057835e-07,0.5931877873040982,0.7914098739380158,-1.061145405192519e-05,-5.130590967731242,3.745609078487768,-4.6613384041101325e-05,3.2271560375549955e-07,2.270212793877687e-08,0.9546984359448768,1.119184668842933,-3.119186240474365e-06,-3.6943298423025177,3.753172019105357,0.1693976513840056,0.0009547919099366768,4.778945025452157e-07,-4.668306887360787,-2.800952484717697,0.1160913255160183,1.384901820221404,-2.235689783956069,-0.021708588562213527,0.0002858856700231729,4.0286669668487467e-07,-5.229849196844687,7.446085798388983,0.07849084456219868,-1.7759250853128292,-1.177554222323556,0.09115549454642742,4.3662496132004074e-05,1.708513622580592e-07,18.80084098907762,-7.026637650065406,-0.2696223724406704,0.49304997050226407,1.276464435539761,-0.0016195371998950255,5.151383772628657e-05,1.6553711549585576e-07,21.88058203280507,-20.61025164050357,-0.07984509481927453,0.7793586460438243,0.839079321219509,-0.035264707068074254
