,flag,epoch,sbx,sby,sbz,sbvx,sbvy,sbvz
0,1.0,2456700.0,-1.8105224502606148,2.3448898070927204,0.5626991507804062,-3.0711180934078017,-1.9227197466769228,0.07235644956785259
1,1.0,2456700.0,-1.8105222737116908,2.3448899134601806,0.5626991145287012,-3.0711182158145665,-1.9227196001403564,0.07235646080753966
