,flag,epoch,sbx,sby,sbz,sbvx,sbvy,sbvz
0,1.0,2457190.0,-25.29240859410163,-25.48422857302886,-1.59180509147803,0.876005392834307,-0.721398839695199,-0.22297777452652734
