,flag,epoch,sbx,sby,sbz,sbvx,sbvy,sbvz
0,1,2457380.0,-0.2726739545395927,1.7635468523514113,0.7820479925809148,-4.385240981716829,-0.6913536949854626,-0.06339658734959656
