,flag,epoch,sbx,sby,sbz,sbvx,sbvy,sbvz
0,1.0,2457400.0,0.8556871204871929,2.163971443015656,0.2911498095302201,-3.4889768124470217,2.4184219810225924,0.3222075443908302
1,1.0,2457400.0,0.8556870915507406,2.163971425771476,0.2911498173253132,-3.48897684525872,2.4184220178804314,0.3222075286790977
