,mass_1,radius_1,x_1,y_1,z_1,vx_1,vy_1,vz_1,mass_2,radius_2,x_2,y_2,z_2,vx_2,vy_2,vz_2,mass_3,radius_3,x_3,y_3,z_3,vx_3,vy_3,vz_3,mass_4,radius_4,x_4,y_4,z_4,vx_4,vy_4,vz_4,mass_5,radius_5,x_5,y_5,z_5,vx_5,vy_5,vz_5,mass_6,radius_6,x_6,y_6,z_6,vx_6,vy_6,vz_6,mass_7,radius_7,x_7,y_7,z_7,vx_7,vy_7,vz_7,mass_8,radius_8,x_8,y_8,z_8,vx_8,vy_8,vz_8
0,1.660120825375342e-07,1.631393540950981e-08,0.03914996530575102,0.3044858202598537,0.02128983103210039,-12.253321648462338,1.6884102554682752,1.261990708682591,2.447838287784771e-06,4.045378434654418e-08,0.7229677309975334,-0.06214733707332032,-0.04257262408202452,0.5991407852604638,7.326647778031674,0.06596875603411927,3.040432648020684e-06,4.437104331057835e-07,0.7130785135369704,-0.7211237126164131,3.160123382981668e-05,4.365958632662785,4.39484756887721,-0.00021695139117474852,3.2271560375549955e-07,2.270212793877687e-08,1.283953165966309,-0.5080937203675935,-0.04214437102128554,2.076091761531438,5.1894131945744135,0.05781403564452068,0.0009547919099366768,4.778945025452157e-07,2.098345367767512,-4.700211704478591,-0.02742552286122628,2.4862000494444474,1.2550098918430646,-0.06083643958997055,0.0002858856700231729,4.0286669668487467e-07,4.832921607985551,-8.764259761595083,-0.0399807689383602,1.6740137295050521,0.9798550026903347,-0.08363786524361758,4.3662496132004074e-05,1.708513622580592e-07,15.71142184260194,12.03398400034173,-0.158825827365675,-0.8817536238730848,1.0747575931861344,0.015363406509992452,5.151383772628657e-05,1.6553711549585576e-07,29.37838517152873,-5.689029329091468,-0.5599842488313872,0.21300030029974495,1.1341231271651102,-0.028247435598339376
