,flag,epoch,sbx,sby,sbz,sbvx,sbvy,sbvz
0,1.0,2457230.0,2.7209277920725157,-0.2829743703407941,-0.636246741873195,0.5870749647517702,3.6392121946787843,-0.04699304278072951
1,1.0,2457230.0,2.7209278105766996,-0.28297436701186784,-0.6362467423604283,0.5870749336691726,3.6392121725645223,-0.04699304016121715
