,flag,epoch,sbx,sby,sbz,sbvx,sbvy,sbvz
0,1,2457215.5,1.945093045284561,2.2925728065559867,-0.31896781653493095,-2.47920138654327,2.5620882004561163,0.5414058587010296
