,flag,epoch,sbx,sby,sbz,sbvx,sbvy,sbvz
0,1.0,2457010.5,-32.08163046214759,-17.44468806138752,10.755694242932865,0.3922998258344607,-1.038816641023165,0.13364825228387964
