,flag,epoch,sbx,sby,sbz,sbvx,sbvy,sbvz
0,1.0,2457830.0,2.210312253616904,-0.35928326216426454,-0.09471488682608753,1.0868137884493243,4.085517732901311,0.49738680214888453
1,1.0,2457830.0,2.210312257184895,-0.35928327832753565,-0.09471485937526963,1.0868137902502126,4.085517721336432,0.497386807476343
