,flag,epoch,sbx,sby,sbz,sbvx,sbvy,sbvz
0,1.0,2454360.0,33.80162268760994,13.878615228948643,7.291706685366887,-0.48435554980018347,0.9940911107249911,0.1399145257269601
