,mass_1,radius_1,x_1,y_1,z_1,vx_1,vy_1,vz_1,mass_2,radius_2,x_2,y_2,z_2,vx_2,vy_2,vz_2,mass_3,radius_3,x_3,y_3,z_3,vx_3,vy_3,vz_3,mass_4,radius_4,x_4,y_4,z_4,vx_4,vy_4,vz_4,mass_5,radius_5,x_5,y_5,z_5,vx_5,vy_5,vz_5,mass_6,radius_6,x_6,y_6,z_6,vx_6,vy_6,vz_6,mass_7,radius_7,x_7,y_7,z_7,vx_7,vy_7,vz_7,mass_8,radius_8,x_8,y_8,z_8,vx_8,vy_8,vz_8
0,1.660120825375342e-07,1.631393540950981e-08,0.2909463542482664,-0.2947119637861204,-0.05077366517221197,5.275197529238042,7.707239842662837,0.1457868901736107,2.447838287784771e-06,4.045378434654418e-08,0.6993145656665894,0.1893763691400148,-0.03775844122956978,-1.9569934121110517,7.097796171556555,0.21023970122807087,3.040432648020684e-06,4.437104331057835e-07,1.000490126468236,-0.09530542843441765,-1.380618811141026e-06,0.4936015713296535,6.2321437239090685,-0.00022427619672226945,3.2271560375549955e-07,2.270212793877687e-08,-1.012503533503535,1.296766439479144,0.0520222601079658,-3.8352388010834133,-2.710495948583881,0.03733452402714614,0.0009547919099366768,4.778945025452157e-07,-4.881170477100947,2.291978898014347,0.09970444376576074,-1.2054241684444795,-2.3669669980283627,0.03680280063396311,0.0002858856700231729,4.0286669668487467e-07,-4.21982135787124,-9.056201749958511,0.325408432653392,1.7350931275438266,-0.8684530724261826,-0.054001640958531036,4.3662496132004074e-05,1.708513622580592e-07,19.0031146551524,6.181950212378841,-0.2231185283485612,-0.45552972202136777,1.296788251724641,0.01073838460998101,5.151383772628657e-05,1.6553711549585576e-07,27.83293822241767,-11.08556973091585,-0.4130933119578711,0.41590028343950836,1.0696681483374186,-0.031657255167352794
