,flag,epoch,sbx,sby,sbz,sbvx,sbvy,sbvz
0,1.0,2455858.5,2.4785613537994915,27.00591193011857,-4.422234366531239,-1.3523483816318576,0.05504984099415922,-0.20600578128812677
