,flag,epoch,sbx,sby,sbz,sbvx,sbvy,sbvz
0,1.0,2458196.5,1.733549451604884,0.9796915086699838,-0.24287254545678869,-2.0032795708098745,4.2290531589449225,0.08551008012365191
