,flag,epoch,sbx,sby,sbz,sbvx,sbvy,sbvz
0,1.0,2457750.0,1.4880178098635546,1.6657990910688056,-0.2252409442549647,-2.846975815504931,3.217741170512858,-0.25545382479218626
1,1.0,2457750.0,1.4880177972429107,1.6657990858398175,-0.22524093988047084,-2.8469758339933797,3.2177411888504746,-0.2554538106389109
