,flag,epoch,sbx,sby,sbz,sbvx,sbvy,sbvz
0,1.0,2456860.0,-2.331123786542405,1.5804889975377043,-0.4599745010986424,-1.8970405116517364,-2.8312286932435056,0.7143965052640212
