,flag,epoch,sbx,sby,sbz,sbvx,sbvy,sbvz
0,1.0,2457020.0,-1.584496808705337,2.295801816360629,0.22766087811512314,-3.281946862934574,-1.7330788955425975,0.3044284912531803
1,1.0,2457020.0,-1.5844967497652322,2.2958018133746876,0.22766089031165176,-3.281946910073925,-1.7330789189406435,0.3044283544039337
