,mass_1,radius_1,x_1,y_1,z_1,vx_1,vy_1,vz_1,mass_2,radius_2,x_2,y_2,z_2,vx_2,vy_2,vz_2,mass_3,radius_3,x_3,y_3,z_3,vx_3,vy_3,vz_3,mass_4,radius_4,x_4,y_4,z_4,vx_4,vy_4,vz_4,mass_5,radius_5,x_5,y_5,z_5,vx_5,vy_5,vz_5,mass_6,radius_6,x_6,y_6,z_6,vx_6,vy_6,vz_6,mass_7,radius_7,x_7,y_7,z_7,vx_7,vy_7,vz_7,mass_8,radius_8,x_8,y_8,z_8,vx_8,vy_8,vz_8
0,1.660120825375342e-07,1.631393540950981e-08,-0.2332832370290565,-0.3974426972798953,-0.01107512792770515,6.789217257115538,-4.709887632930958,-1.0076973206326683,2.447838287784771e-06,4.045378434654418e-08,-0.4950384983858483,-0.5275402889009602,0.02133040445370614,5.33495299400198,-5.090070123517088,-0.37768570500454207,3.040432648020684e-06,4.437104331057835e-07,0.3689105174536486,-0.9472148808027568,3.910115510885789e-05,5.753302210143661,2.2569060823185874,-0.00011871608742392981,3.2271560375549955e-07,2.270212793877687e-08,0.6129821907754885,-1.269239502425072,-0.0416364646024275,4.795325518692514,2.6612825671002973,-0.06191051483052178,0.0009547919099366768,4.778945025452157e-07,-3.232650578960495,-4.318212441732666,0.09026719592387966,2.1751913857559564,-1.5233043516523441,-0.04234558613083511,0.0002858856700231729,4.0286669668487467e-07,1.068028863312495,-10.00734180990131,0.1314342152256087,1.9166954360377078,0.2086752158370909,-0.07990295498468054,4.3662496132004074e-05,1.708513622580592e-07,17.35731142972855,9.693257541407306,-0.1887577924940591,-0.7086970950253956,1.1857796850028783,0.013559402569462411,5.151383772628657e-05,1.6553711549585576e-07,28.84582882622794,-8.009884734320398,-0.4999000220465619,0.3015342956973485,1.1103635867432473,-0.029845835645461023
