,flag,epoch,sbx,sby,sbz,sbvx,sbvy,sbvz
0,1.0,2459475.5,1.3809764328386869,1.6130765203759472,-0.16204821362192837,-3.168319864642755,3.5489492022333016,2.9864735453508295
