,flag,epoch,sbx,sby,sbz,sbvx,sbvy,sbvz
0,1.0,2458725.5,37.950947370545585,-6.9609145919925615,-1.0366420159470624,0.026878408935874648,0.15604152432718268,-0.06379313176502026
