,flag,epoch,sbx,sby,sbz,sbvx,sbvy,sbvz
0,1,2457142.5,0.5175158481562555,2.7455589271856318,-0.27865438629654565,-3.865754300678182,0.5430310389011912,0.35150317372829604
