,flag,epoch,sbx,sby,sbz,sbvx,sbvy,sbvz
0,1,2456730.0,-2.7551386003361653,0.37698077474269454,0.02523373667125358,-0.7592354129652927,-3.901361522972747,-0.035638375917986534
