,flag,epoch,sbx,sby,sbz,sbvx,sbvy,sbvz
0,1,2456630.0,-1.39147219340363,3.0431768559718533,0.2830396479359195,-2.710812779432964,-1.860630865987071,-0.491347098022694
