,mass_1,radius_1,x_1,y_1,z_1,vx_1,vy_1,vz_1,mass_2,radius_2,x_2,y_2,z_2,vx_2,vy_2,vz_2,mass_3,radius_3,x_3,y_3,z_3,vx_3,vy_3,vz_3,mass_4,radius_4,x_4,y_4,z_4,vx_4,vy_4,vz_4,mass_5,radius_5,x_5,y_5,z_5,vx_5,vy_5,vz_5,mass_6,radius_6,x_6,y_6,z_6,vx_6,vy_6,vz_6,mass_7,radius_7,x_7,y_7,z_7,vx_7,vy_7,vz_7,mass_8,radius_8,x_8,y_8,z_8,vx_8,vy_8,vz_8
0,1.660120825375342e-07,1.631393540950981e-08,-0.3859441170106472,-0.1681933799832063,0.02166186753218712,1.9820234261800553,-8.974565975767517,-0.9151697034223994,2.447838287784771e-06,4.045378434654418e-08,0.002840328958657016,-0.7268973324491155,-0.01013784003443012,7.338278773520364,0.001734210642404454,-0.42345077648382257,3.040432648020684e-06,4.437104331057835e-07,-0.9959903363301998,-0.0314855070425342,4.267939945942543e-06,0.09617376527464452,-6.304432255405396,0.0002853787590362873,3.2271560375549955e-07,2.270212793877687e-08,0.1419681174436064,1.550004868124624,0.02899455948985059,-4.896772806177501,0.900491760399841,0.13902018430868882,0.0009547919099366768,4.778945025452157e-07,-1.568249692078139,-5.088853911995785,0.05622596464264146,2.6032519511920493,-0.6824488103845379,-0.05541451682364386,0.0002858856700231729,4.0286669668487467e-07,2.376539908129867,-9.771226577650951,0.07526029163513721,1.8705651044656215,0.47485092014211205,-0.08268632166688591,4.3662496132004074e-05,1.708513622580592e-07,16.8478817803049,10.49972936066522,-0.1791843866615881,-0.7677770839828162,1.151526539459131,0.014185825370168692,5.151383772628657e-05,1.6553711549585576e-07,29.04385840558569,-7.240786015242802,-0.5203183135523011,0.27249295769216325,1.11896865748363,-0.029340563519206116
