,flag,epoch,sbx,sby,sbz,sbvx,sbvy,sbvz
0,1.0,2457820.0,1.8622789419694776,-0.7447739802555594,0.1869960459921592,1.8265790406534823,4.377728985363779,0.1024028025729851
1,1.0,2457820.0,1.8622789306500889,-0.7447739684283556,0.1869960526138123,1.82657902642221,4.377729022302539,0.10240279578577555
