,mass_1,radius_1,x_1,y_1,z_1,vx_1,vy_1,vz_1,mass_2,radius_2,x_2,y_2,z_2,vx_2,vy_2,vz_2,mass_3,radius_3,x_3,y_3,z_3,vx_3,vy_3,vz_3,mass_4,radius_4,x_4,y_4,z_4,vx_4,vy_4,vz_4,mass_5,radius_5,x_5,y_5,z_5,vx_5,vy_5,vz_5,mass_6,radius_6,x_6,y_6,z_6,vx_6,vy_6,vz_6,mass_7,radius_7,x_7,y_7,z_7,vx_7,vy_7,vz_7,mass_8,radius_8,x_8,y_8,z_8,vx_8,vy_8,vz_8
0,1.660120825375342e-07,1.631393540950981e-08,0.2056311856848055,-0.3847175932099177,-0.05030075288495452,7.007921087122157,5.354185626974778,-0.20525221984767633,2.447838287784771e-06,4.045378434654418e-08,-0.6830490644702135,-0.2292217657738247,0.03626660749673882,2.3008561969381005,-7.037233884445731,-0.22938306189673194,3.040432648020684e-06,4.437104331057835e-07,-0.3946409700249818,-0.9333956896710639,5.103407108973921e-05,5.685731279846566,-2.471105313844355,9.90426747785597e-05,3.2271560375549955e-07,2.270212793877687e-08,-1.512998379199879,0.6953145522566347,0.05168571091030179,-1.942721997008531,-4.2081608857956825,-0.040540526614903774,0.0009547919099366768,4.778945025452157e-07,4.462611553154013,2.152516772737827,-0.108784180554492,-1.230557118233145,2.614675071754751,0.01667020027543007,0.0002858856700231729,4.0286669668487467e-07,8.53517581766581,-4.803438822562712,-0.256149611803501,0.8854376203733705,1.7743822216638299,-0.06609526824984817,4.3662496132004074e-05,1.708513622580592e-07,12.93246879209284,14.79054039549853,-0.1127151052471187,-1.0932255831708477,0.8814255174766292,0.017408660574268386,5.151383772628657e-05,1.6553711549585576e-07,29.7996357585228,-2.476092664990556,-0.6357598181465717,0.08649052659512689,1.1524976126453073,-0.025689275764548457
