,flag,epoch,sbx,sby,sbz,sbvx,sbvy,sbvz
0,1.0,2457448.5,-20.70027905516787,38.812966326086205,-0.8342295333922483,-0.8162171489098964,-0.4613735026546207,0.009932596806535039
