,flag,epoch,sbx,sby,sbz,sbvx,sbvy,sbvz
0,1,2457551.5,-1.0468915252053175,-2.13420967884064,-1.481188490471596,2.8631719485214577,-2.232539552832516,0.15387661473551473
