,flag,epoch,sbx,sby,sbz,sbvx,sbvy,sbvz
0,1.0,2457780.0,0.8101600463444666,2.513896764894891,0.2861097123606889,-3.4096902380683636,1.2150085201436227,0.17759798103835517
1,1.0,2457780.0,0.8101600543414987,2.5138968021182646,0.28610967780884905,-3.4096901822566266,1.2150085358895337,0.17759799517538272
