,flag,epoch,sbx,sby,sbz,sbvx,sbvy,sbvz
0,1.0,2457640.0,-2.2009318528726793,-0.9573510356967114,-0.24638904906634174,1.259307305483263,-3.812689346787575,0.033262819343972884
1,1.0,2457640.0,-2.200931877350737,-0.9573510156761282,-0.24638903811313767,1.2593072577629671,-3.8126893406196616,0.033262833394346346
