,flag,epoch,sbx,sby,sbz,sbvx,sbvy,sbvz
0,1.0,2457720.0,2.1688126671311077,0.8165780601037714,-0.29587395256180987,-1.7050898303866766,3.7477600572025977,0.1485351225498821
1,1.0,2457720.0,2.1688126610076495,0.8165780545356995,-0.29587396374285835,-1.705089829868209,3.7477600700354072,0.1485351394026064
