,flag,epoch,sbx,sby,sbz,sbvx,sbvy,sbvz
0,1.0,2456970.0,2.121522015019049,0.7608025517624564,0.007858916287341887,-1.4562064099225769,4.363146265727082,0.8138533909262955
