,flag,epoch,sbx,sby,sbz,sbvx,sbvy,sbvz
0,1.0,2457959.5,1.586407315414225,-2.644886357787154,-0.5181912950612249,2.8144722604415553,2.113980527262777,-0.4323568995594273
