,flag,epoch,sbx,sby,sbz,sbvx,sbvy,sbvz
0,1,2457196.5,-39.797279914827044,15.290214781999905,1.4002348055490408,-0.3917758276651315,-0.8975323622714106,0.04131803505409041
