,mass_1,radius_1,x_1,y_1,z_1,vx_1,vy_1,vz_1,mass_2,radius_2,x_2,y_2,z_2,vx_2,vy_2,vz_2,mass_3,radius_3,x_3,y_3,z_3,vx_3,vy_3,vz_3,mass_4,radius_4,x_4,y_4,z_4,vx_4,vy_4,vz_4,mass_5,radius_5,x_5,y_5,z_5,vx_5,vy_5,vz_5,mass_6,radius_6,x_6,y_6,z_6,vx_6,vy_6,vz_6,mass_7,radius_7,x_7,y_7,z_7,vx_7,vy_7,vz_7,mass_8,radius_8,x_8,y_8,z_8,vx_8,vy_8,vz_8
0,1.660120825375342e-07,1.631393540950981e-08,0.3539303258762523,-0.001448825341020189,-0.03259584155207873,-1.9426952074384756,10.736178862897498,1.0554135025284666,2.447838287784771e-06,4.045378434654418e-08,0.4959388299521917,0.5254879388064991,-0.02142901074637618,-5.39528973352468,5.038931362948576,0.38035467127693207,3.040432648020684e-06,4.437104331057835e-07,-0.1632204680356868,0.9696571973594214,-1.78023565617887e-05,-6.299276967901004,-1.066707395423261,3.63895090945746e-05,3.2271560375549955e-07,2.270212793877687e-08,-0.0509290437923706,-1.458291567035259,-0.02930269931295754,5.301362760859591,0.2610358924296901,-0.12472492400430793,0.0009547919099366768,4.778945025452157e-07,2.722593723327946,-4.329437363224445,-0.04295231245644351,2.3010221808243942,1.5995627278139082,-0.05813169047111234,0.0002858856700231729,4.0286669668487467e-07,-9.079327722146576,2.280400976520312,0.3216608508706876,-0.6037830564654916,-1.9796007311306603,0.05852850109689616,4.3662496132004074e-05,1.708513622580592e-07,19.88698179796642,-2.897690550717676,-0.2683468091349476,0.19840184377466008,1.3557095977744498,0.0024513320073135786,5.151383772628657e-05,1.6553711549585576e-07,24.15847526798817,-17.84301121661762,-0.1893286071008577,0.675567644289763,0.9301613414354226,-0.03469448083044583
