,mass_1,radius_1,x_1,y_1,z_1,vx_1,vy_1,vz_1,mass_2,radius_2,x_2,y_2,z_2,vx_2,vy_2,vz_2,mass_3,radius_3,x_3,y_3,z_3,vx_3,vy_3,vz_3,mass_4,radius_4,x_4,y_4,z_4,vx_4,vy_4,vz_4,mass_5,radius_5,x_5,y_5,z_5,vx_5,vy_5,vz_5,mass_6,radius_6,x_6,y_6,z_6,vx_6,vy_6,vz_6,mass_7,radius_7,x_7,y_7,z_7,vx_7,vy_7,vz_7,mass_8,radius_8,x_8,y_8,z_8,vx_8,vy_8,vz_8
0,1.660120825375342e-07,1.631393540950981e-08,0.3587518155509641,-0.03757029658472175,-0.03598379407230005,-0.9165256546893634,10.680095817043727,0.9567423403682084,2.447838287784771e-06,4.045378434654418e-08,0.6204057696048074,-0.3786624152128551,-0.04099279224486952,3.804232524831477,6.276008211404624,-0.13352206223486107,3.040432648020684e-06,4.437104331057835e-07,-0.2733244525999457,0.944581830728706,-3.02866163316573e-05,-6.13849060318041,-1.7703971707434387,7.477512740878585e-05,3.2271560375549955e-07,2.270212793877687e-08,1.373029689739522,-0.1850032611584428,-0.03757653354593687,0.8789895226686433,5.502472808135411,0.09371958648283137,0.0009547919099366768,4.778945025452157e-07,-3.762296877479521,3.764352135220474,0.06855361183904496,-1.9842445093034509,-1.819980674425764,0.05195813615311354,0.0002858856700231729,4.0286669668487467e-07,-5.381876507851248,-8.367508824247599,0.3597177162360159,1.601326338007561,-1.1094331702730493,-0.04449406456482546,4.3662496132004074e-05,1.708513622580592e-07,19.29732756759466,5.273000765383,-0.2303222740336904,-0.390485141336929,1.31690462353468,0.009975336270589188,5.151383772628657e-05,1.6553711549585576e-07,27.53413799261124,-11.82552159477847,-0.3909401406690435,0.44339345140345526,1.0583970261828741,-0.0320515243833758
