,flag,epoch,sbx,sby,sbz,sbvx,sbvy,sbvz
0,1.0,2457850.0,1.529773319829589,2.056634522537812,0.2530329451329285,-2.9330022070512394,2.3702989177318203,0.03305629320719478
1,1.0,2457850.0,1.529773212158208,2.0566345363739185,0.25303293441807784,-2.9330023453033935,2.37029886668845,0.033056269266132136
