,flag,epoch,sbx,sby,sbz,sbvx,sbvy,sbvz
0,1,2456744.5,-2.7783156647978204,-2.735160833578351,1.0895081696690296,1.8663270972359243,-1.708750187496963,-0.7617098266681208
