,flag,epoch,sbx,sby,sbz,sbvx,sbvy,sbvz
0,1.0,2457407.5,22.324293601383534,-25.957550794705213,2.975315164237294,0.5062489183183665,0.6334506559442481,0.853581700769533
