,flag,epoch,sbx,sby,sbz,sbvx,sbvy,sbvz
0,1.0,2457341.5,-41.1755976392668,-17.122368479481814,2.161432009897462,0.33863588396176475,-0.8740434189847678,-0.01428676306939133
