,flag,epoch,sbx,sby,sbz,sbvx,sbvy,sbvz
0,1,2457410.0,-2.5878377317496675,1.7904157836831347,0.6812371845919247,-1.6487529985255187,-2.4422802407870954,0.7549688491952126
