,flag,epoch,sbx,sby,sbz,sbvx,sbvy,sbvz
0,1.0,2457080.0,0.9107585634347715,-2.276631055085408,0.05278122517258875,3.610657313549324,1.7125237700762332,0.06603295969672952
1,1.0,2457080.0,0.910758566643243,-2.276631076209537,0.05278120193949303,3.6106573112074423,1.7125237243714622,0.0660329572512496
