,flag,epoch,sbx,sby,sbz,sbvx,sbvy,sbvz
0,1.0,2451360.0,-18.452727190223314,-24.1257497308543,-0.12918805785482848,0.9939119277963234,-0.765447766392716,-0.13076539738114937
