,mass_1,radius_1,x_1,y_1,z_1,vx_1,vy_1,vz_1,mass_2,radius_2,x_2,y_2,z_2,vx_2,vy_2,vz_2,mass_3,radius_3,x_3,y_3,z_3,vx_3,vy_3,vz_3,mass_4,radius_4,x_4,y_4,z_4,vx_4,vy_4,vz_4,mass_5,radius_5,x_5,y_5,z_5,vx_5,vy_5,vz_5,mass_6,radius_6,x_6,y_6,z_6,vx_6,vy_6,vz_6,mass_7,radius_7,x_7,y_7,z_7,vx_7,vy_7,vz_7,mass_8,radius_8,x_8,y_8,z_8,vx_8,vy_8,vz_8
0,1.660120825375342e-07,1.631393540950981e-08,-0.335371560303537,-0.2910057483611279,0.007010888069779986,4.637567485093953,-7.2978901190804155,-1.0218332284399145,2.447838287784771e-06,4.045378434654418e-08,-0.3366263183862099,-0.6420774696386986,0.01065786879622703,6.491903932641282,-3.4634179433805157,-0.4220447514960538,3.040432648020684e-06,4.437104331057835e-07,0.104553531073792,-1.011192881279234,-2.291449636348038e-06,6.1482913595911945,0.6224819145192598,-2.1070080936283116e-06,3.2271560375549955e-07,2.270212793877687e-08,-0.6014154671503393,-1.384223490395522,-0.01421453734145151,4.8808539821567685,-1.5990639329455736,-0.153482073278012,0.0009547919099366768,4.778945025452157e-07,4.67596767868121,1.623076380985151,-0.11144403672342,-0.9405577271574848,2.7357485028370894,0.009727817371419232,0.0002858856700231729,4.0286669668487467e-07,7.166331628819336,5.79796474776885,-0.3858522894739935,-1.389971244344544,1.583037908493091,0.027707487010387378,4.3662496132004074e-05,1.708513622580592e-07,13.92012084677685,-14.2264216162186,-0.2333363016722768,1.0153871777004366,0.9406963527644462,-0.00967422077622477,5.151383772628657e-05,1.6553711549585576e-07,16.32506705877945,-25.32027901042447,0.1451852218845192,0.9551763212240288,0.6307519577628113,-0.03495027242794058
