,flag,epoch,sbx,sby,sbz,sbvx,sbvy,sbvz
0,1,2457455.5,1.848835324693397,-1.4725581037146305,-0.6227350813293157,2.556161559798207,3.1845355413868406,0.1457705238423704
