,flag,epoch,sbx,sby,sbz,sbvx,sbvy,sbvz
0,1,2456323.5,35.16174369064563,-13.121580789532665,4.909220743233225,0.3824084296289742,0.9251545101965681,-0.5765554724163529
