,flag,epoch,sbx,sby,sbz,sbvx,sbvy,sbvz
0,1.0,2457120.5,41.73212574370362,16.023286402899984,-2.69467379619011,-0.2852432453578591,0.8817445756334031,0.0019487017304975643
