,flag,epoch,sbx,sby,sbz,sbvx,sbvy,sbvz
0,1.0,2457756.5,25.295064116677565,17.52105048457281,-10.43075027750372,-1.1174569628660465,0.5299955011546104,0.22396137655695694
