,mass_1,radius_1,x_1,y_1,z_1,vx_1,vy_1,vz_1,mass_2,radius_2,x_2,y_2,z_2,vx_2,vy_2,vz_2,mass_3,radius_3,x_3,y_3,z_3,vx_3,vy_3,vz_3,mass_4,radius_4,x_4,y_4,z_4,vx_4,vy_4,vz_4,mass_5,radius_5,x_5,y_5,z_5,vx_5,vy_5,vz_5,mass_6,radius_6,x_6,y_6,z_6,vx_6,vy_6,vz_6,mass_7,radius_7,x_7,y_7,z_7,vx_7,vy_7,vz_7,mass_8,radius_8,x_8,y_8,z_8,vx_8,vy_8,vz_8
0,1.660120825375342e-07,1.631393540950981e-08,-0.3945654251788568,-0.06263139395724975,0.03108743898825572,-0.5250908101518317,-9.706759195196854,-0.7448950284851533,2.447838287784771e-06,4.045378434654418e-08,-0.4633529114681322,-0.556024817209722,0.0191259482282107,5.6232369060351655,-4.764203560923923,-0.38977459000543563,3.040432648020684e-06,4.437104331057835e-07,0.4164812747628779,-0.9271140883689922,2.043495619521204e-05,5.629904321422353,2.5514533920583586,-7.980782849141395e-05,3.2271560375549955e-07,2.270212793877687e-08,-1.467041602447362,-0.6642608241381598,0.02210450617259384,2.299142394564246,-4.21983865578454,-0.14487972347874775,0.0009547919099366768,4.778945025452157e-07,4.918222136859619,-0.6768738877894048,-0.1072501688278274,0.34199651016862,2.864050674873087,-0.019545263525399776,0.0002858856700231729,4.0286669668487467e-07,-9.489325666520546,-0.8404462455015076,0.3923551923435758,0.07055216616686578,-2.0319051042440206,0.03258250109591735,4.3662496132004074e-05,1.708513622580592e-07,20.07615934828628,-0.7942154126098134,-0.2630073810461105,0.04659811210563066,1.370715571239863,0.004475322621066293,5.151383772628657e-05,1.6553711549585576e-07,25.15620367725877,-16.37804494810252,-0.242430734940592,0.6184168452119219,0.9698758860539726,-0.03418112902276961
