,flag,epoch,sbx,sby,sbz,sbvx,sbvy,sbvz
0,1.0,2456230.0,-22.183548529676884,35.40193875831201,0.5726797567937327,-0.8782311523092052,-0.47561064871414976,0.010127786859090696
