,flag,epoch,sbx,sby,sbz,sbvx,sbvy,sbvz
0,1.0,2457230.0,-0.462305701943884,3.212690190027535,0.2484875936022454,-3.2171154457457987,-0.36691051356319254,-1.1844687139039958
