,flag,epoch,sbx,sby,sbz,sbvx,sbvy,sbvz
0,1.0,2457802.5,-5.103030511863892,-2.001133694806759,-0.766068421771954,0.7047609148035932,-2.540682626780194,-0.7451574665381536
