,mass_1,radius_1,x_1,y_1,z_1,vx_1,vy_1,vz_1,mass_2,radius_2,x_2,y_2,z_2,vx_2,vy_2,vz_2,mass_3,radius_3,x_3,y_3,z_3,vx_3,vy_3,vz_3,mass_4,radius_4,x_4,y_4,z_4,vx_4,vy_4,vz_4,mass_5,radius_5,x_5,y_5,z_5,vx_5,vy_5,vz_5,mass_6,radius_6,x_6,y_6,z_6,vx_6,vy_6,vz_6,mass_7,radius_7,x_7,y_7,z_7,vx_7,vy_7,vz_7,mass_8,radius_8,x_8,y_8,z_8,vx_8,vy_8,vz_8
0,1.660120825375342e-07,1.631393540950981e-08,0.3268519732260377,-0.2299965054758731,-0.04878049302044697,3.890812169474365,8.879167524834445,0.36852121767743473,2.447838287784771e-06,4.045378434654418e-08,0.592798628848411,0.414393967649983,-0.02853091980997703,-4.255455611150272,6.023519783776274,0.3281343594818161,3.040432648020684e-06,4.437104331057835e-07,0.2731106278348556,-0.9792881695480914,3.103146375779862e-05,5.950877637277306,1.6645250267934708,-6.855093269797805e-05,3.2271560375549955e-07,2.270212793877687e-08,-0.6921558171712873,-1.351287087400942,-0.0113240092151629,4.742434347569814,-1.8914787587305688,-0.1560358628761852,0.0009547919099366768,4.778945025452157e-07,-2.654719278723454,4.541545004392301,0.04054231211144854,-2.414813510120138,-1.261815343848056,0.059276726354645114,0.0002858856700231729,4.0286669668487467e-07,-6.15562055001531,-7.770543856080624,0.3801586580166821,1.4845271343156807,-1.271773782019437,-0.03702012717160849,4.3662496132004074e-05,1.708513622580592e-07,19.48110099579139,4.609956021065868,-0.2351790392004107,-0.34301864178718455,1.3295991699529022,0.009410412273698687,5.151383772628657e-05,1.6553711549585576e-07,27.30703871799568,-12.35370942631266,-0.3748128561506461,0.4631372993673836,1.0499978570734774,-0.03232312844712298
