,mass_1,radius_1,x_1,y_1,z_1,vx_1,vy_1,vz_1,mass_2,radius_2,x_2,y_2,z_2,vx_2,vy_2,vz_2,mass_3,radius_3,x_3,y_3,z_3,vx_3,vy_3,vz_3,mass_4,radius_4,x_4,y_4,z_4,vx_4,vy_4,vz_4,mass_5,radius_5,x_5,y_5,z_5,vx_5,vy_5,vz_5,mass_6,radius_6,x_6,y_6,z_6,vx_6,vy_6,vz_6,mass_7,radius_7,x_7,y_7,z_7,vx_7,vy_7,vz_7,mass_8,radius_8,x_8,y_8,z_8,vx_8,vy_8,vz_8
0,1.660120825375342e-07,1.631393540950981e-08,-0.04536244566254469,0.306361981938202,0.02919504439867929,-12.226584778964725,-1.130986789215136,1.029274474410563,2.447838287784771e-06,4.045378434654418e-08,-0.06125437521162739,-0.7240539581981171,-0.006393251835877672,7.31199965222396,-0.6510562988363966,-0.43087538193953184,3.040432648020684e-06,4.437104331057835e-07,0.9885336281826057,0.1565585807154602,-1.069927905145377e-05,-1.0853482083446362,6.1832016501334195,-0.00022701395896748412,3.2271560375549955e-07,2.270212793877687e-08,1.041797902601661,-0.9141039512261552,-0.0447235582767609,3.564877929048685,4.280162397019789,0.0022039166215636744,0.0009547919099366768,4.778945025452157e-07,-5.438337928564967,-0.3637101993078826,0.1231998037792187,0.15105218015344712,-2.622385775716668,0.00750914358472373,0.0002858856700231729,4.0286669668487467e-07,-2.337257654146319,-9.761282602242165,0.2627022595402495,1.870777530982707,-0.48283814962279953,-0.06609014829601592,4.3662496132004074e-05,1.708513622580592e-07,18.47932807180969,7.513149254459289,-0.2113743373313416,-0.5509899560216805,1.2612597745263914,0.011828018914674924,5.151383772628657e-05,1.6553711549585576e-07,28.24407124176957,-9.964352949414687,-0.4457081192010364,0.3743622421772671,1.0856104160232174,-0.031033137254377886
