,flag,epoch,sbx,sby,sbz,sbvx,sbvy,sbvz
0,1.0,2457200.0,-2.1614007924995016,2.600187900214198,0.329283368815586,-2.6204291316544057,-1.9792066400201476,-0.37902911153456725
