,mass_1,radius_1,x_1,y_1,z_1,vx_1,vy_1,vz_1,mass_2,radius_2,x_2,y_2,z_2,vx_2,vy_2,vz_2,mass_3,radius_3,x_3,y_3,z_3,vx_3,vy_3,vz_3,mass_4,radius_4,x_4,y_4,z_4,vx_4,vy_4,vz_4,mass_5,radius_5,x_5,y_5,z_5,vx_5,vy_5,vz_5,mass_6,radius_6,x_6,y_6,z_6,vx_6,vy_6,vz_6,mass_7,radius_7,x_7,y_7,z_7,vx_7,vy_7,vz_7,mass_8,radius_8,x_8,y_8,z_8,vx_8,vy_8,vz_8
0,1.660120825375342e-07,1.631393540950981e-08,-0.01258836413806334,0.3079441124915585,0.02631322438952076,-12.328517444173668,0.0,0.0,2.447838287784771e-06,4.045378434654418e-08,0.6719727095660033,-0.2761237311024449,-0.04256258403088956,2.766742474982627,0.0,0.0,3.040432648020684e-06,4.437104331057835e-07,-0.9780091121430433,0.1733755004945706,-1.489582674500482e-06,-1.1991503245154373,0.0,0.0,3.2271560375549955e-07,2.270212793877687e-08,-0.3039740641948894,-1.449854366809563,-0.02291136352172197,5.195243229701397,0.0,0.0,0.0009547919099366768,4.778945025452157e-07,-5.334112690764555,-1.141119497388053,0.1240994619519794,0.5428327665150596,-2.5677445179230953,-0.0014874085077783022,0.0002858856700231729,4.0286669668487467e-07,-3.954712927069305,8.157219198931017,0.01538390134899894,-1.9427075846949518,-0.8954983619705957,0.09286706092510776,4.3662496132004074e-05,1.708513622580592e-07,18.44223802606416,-7.89184245543831,-0.2682117539110519,0.5545541616226972,1.251237678804998,-0.0025009026341409574,5.151383772628657e-05,1.6553711549585576e-07,21.34000771318739,-21.17736634336313,-0.05568943087399614,0.800056982342716,0.8180011326332464,-0.03531328119547709
