,flag,epoch,sbx,sby,sbz,sbvx,sbvy,sbvz
0,1.0,2457611.5,-33.28349391369221,-33.34896972488191,6.981102529776095,0.8751993416646678,-0.4295779821553218,0.05250422495498697
