,flag,epoch,sbx,sby,sbz,sbvx,sbvy,sbvz
0,1.0,2457780.0,-0.12529872796368263,-2.1134101475107334,0.17207442545835916,4.523634448500669,-0.18904815256621552,-0.3422633081644569
1,1.0,2457780.0,-0.12529876640136278,-2.113410152586881,0.17207444682165662,4.523634428953803,-0.18904821983248749,-0.3422633066035869
