,flag,epoch,sbx,sby,sbz,sbvx,sbvy,sbvz
0,1.0,2457182.5,13.794854255158704,13.633626978824513,-0.139345290264837,-1.142070371490446,0.7950039317592221,-0.2594299170907075
