,flag,epoch,sbx,sby,sbz,sbvx,sbvy,sbvz
0,1,2456010.0,-0.9300839658071711,2.243387816883358,-0.6311542866581923,-3.627889176547448,-1.4707254001409331,0.44522910219084283
