,flag,epoch,sbx,sby,sbz,sbvx,sbvy,sbvz
0,1,2452743.5,-20.740509586347223,-43.62730010877594,-0.21009439707467403,0.7949897522783306,-0.3364234905851152,0.019921521396700722
