,flag,epoch,sbx,sby,sbz,sbvx,sbvy,sbvz
0,1,2456788.5,-32.07957648888524,-10.33847688224212,0.7181933698648674,0.27362142039966686,-1.1679068618175168,-0.05496341187195627
