,flag,epoch,sbx,sby,sbz,sbvx,sbvy,sbvz
0,1,2457690.0,-2.961000439922488,1.4159825816513847,0.1750507123609539,-1.7658898585883926,-2.8639801624300003,0.3677527870862493
