,flag,epoch,sbx,sby,sbz,sbvx,sbvy,sbvz
0,1.0,2456800.0,-2.9664061983733436,2.1013610428252822,0.5101604874437569,-2.1538675901670086,-2.4010432649569995,-0.07885974892591428
