,flag,epoch,sbx,sby,sbz,sbvx,sbvy,sbvz
0,1.0,2457824.5,3.272156606458332,-1.1782655627046952,-0.9489186623989987,1.288985182375292,2.742328836479518,0.3924042266436433
