,flag,epoch,sbx,sby,sbz,sbvx,sbvy,sbvz
0,1.0,2457553.5,29.47411754992664,16.46748342188573,-18.63799277736873,-0.48593090488364105,1.0375870925216144,-0.1367097438711625
