,flag,epoch,sbx,sby,sbz,sbvx,sbvy,sbvz
0,1,2456770.0,-0.2384115761200627,-2.9952361197260773,-0.011414360366350136,3.532200224333189,-0.19762243260280912,0.06067062198602393
