,flag,epoch,sbx,sby,sbz,sbvx,sbvy,sbvz
0,1.0,2457479.5,19.964683826716506,25.402891026873576,-0.2709062593980278,-0.8549404118158622,0.9379608966103065,-0.04223840331787837
