,flag,epoch,sbx,sby,sbz,sbvx,sbvy,sbvz
0,1.0,2454850.0,-40.534847029416824,3.011308096240384,1.6120075903738742,-0.05396225403359637,-1.004603258624052,-0.0017637001867377047
