,mass_1,radius_1,x_1,y_1,z_1,vx_1,vy_1,vz_1,mass_2,radius_2,x_2,y_2,z_2,vx_2,vy_2,vz_2,mass_3,radius_3,x_3,y_3,z_3,vx_3,vy_3,vz_3,mass_4,radius_4,x_4,y_4,z_4,vx_4,vy_4,vz_4,mass_5,radius_5,x_5,y_5,z_5,vx_5,vy_5,vz_5,mass_6,radius_6,x_6,y_6,z_6,vx_6,vy_6,vz_6,mass_7,radius_7,x_7,y_7,z_7,vx_7,vy_7,vz_7,mass_8,radius_8,x_8,y_8,z_8,vx_8,vy_8,vz_8
0,1.660120825375342e-07,1.631393540950981e-08,-0.160362330939317,-0.4366800962343961,-0.02096902557253634,7.581142407034822,-3.0339941815495908,-0.9434321681809588,2.447838287784771e-06,4.045378434654418e-08,-0.08722303036607236,-0.721266074531146,-0.004855767425985105,7.284823541925021,-0.9157037884061212,-0.4329354321493817,3.040432648020684e-06,4.437104331057835e-07,-0.8520023922379212,0.5009706809699711,-1.41516104054943e-05,-3.2874469647025837,-5.44049269949746,0.00021199090307926277,3.2271560375549955e-07,2.270212793877687e-08,-1.5631807985879,-0.4503032237890561,0.02892812458093642,1.6053611584164686,-4.474836154490485,-0.133172860029195,0.0009547919099366768,4.778945025452157e-07,-5.277470703139658,1.250541233792887,0.1128967784908472,-0.6689839950972352,-2.5542549719081564,0.025575032315012243,0.0002858856700231729,4.0286669668487467e-07,-3.474224645449096,-9.390235518576938,0.3015231591543416,1.7995647877329513,-0.7152294382177868,-0.05922808019992076,4.3662496132004074e-05,1.708513622580592e-07,18.80281629134154,6.725863162234481,-0.218496013750392,-0.49448306808732023,1.283111087234386,0.011185844330909838,5.151383772628657e-05,1.6553711549585576e-07,28.00475521901728,-10.63318730114053,-0.4263890700040569,0.3991434623508573,1.0762033963364117,-0.0314111173792069
