,flag,epoch,sbx,sby,sbz,sbvx,sbvy,sbvz
0,1.0,2457437.5,30.632364884511723,16.91130948618754,-7.49155029003788,-0.37130300587184684,0.9864565926420401,0.5235248047773565
