,flag,epoch,sbx,sby,sbz,sbvx,sbvy,sbvz
0,1,2456534.5,-21.696334999230036,-34.01256750416833,4.875340630550271,0.8594395371675808,-0.5103650148766978,0.1152836381535493
