,flag,epoch,sbx,sby,sbz,sbvx,sbvy,sbvz
0,1.0,2457981.5,-1.993453273278876,2.0005215688524696,-0.0032150136957572045,-2.3671596724248354,-2.515005207935676,-0.32213675370489303
