,flag,epoch,sbx,sby,sbz,sbvx,sbvy,sbvz
0,1.0,2457931.5,-1.28856079488311,-2.048808621646548,0.3310578055170225,3.2625265745829273,-2.4705962379661925,0.6443836530789017
