,flag,epoch,sbx,sby,sbz,sbvx,sbvy,sbvz
0,1,2451357.5,-18.447138524291624,-24.130073741120388,-0.12992432596628645,0.9940584203988959,-0.7652556296650679,-0.13076438935521403
