,flag,epoch,sbx,sby,sbz,sbvx,sbvy,sbvz
0,1.0,2454890.0,3.2290930420161574,0.24578272895811126,0.02699487058185926,-0.4295045203802757,3.1047306079346475,0.6007071239250695
1,1.0,2454890.0,3.2290928980179685,0.24578293641689875,0.026994830882495324,-0.42950468349494514,3.1047306746453662,0.6007074795084835
