,flag,epoch,sbx,sby,sbz,sbvx,sbvy,sbvz
0,1.0,2457151.5,-1.6179577213386258,-1.72070403089822,0.14282421880110469,3.8966632402605264,-3.2512395454775604,-0.7499738510641805
