,flag,epoch,sbx,sby,sbz,sbvx,sbvy,sbvz
0,1.0,2453031.5,18.917055714083343,30.310536580632842,-1.6381062517042682,-0.8604038424235071,0.6503458865157152,-0.19950299040306244
