,flag,epoch,sbx,sby,sbz,sbvx,sbvy,sbvz
0,1.0,2457300.0,0.48902326159641174,-2.2212910612036656,0.24286110849226764,4.026063814511893,1.457222323461022,-0.16111612106949125
1,1.0,2457300.0,0.48902325436330646,-2.221291076485874,0.24286110794478832,4.026063794362854,1.4572223204635868,-0.16111610762703982
