,flag,epoch,sbx,sby,sbz,sbvx,sbvy,sbvz
0,1.0,2457760.0,-2.264555086123961,0.5955168197167804,0.16655268789761965,-1.3302277712402204,-3.850847327031112,0.476649012670134
1,1.0,2457760.0,-2.2645550677551256,0.5955168129173645,0.1665526744031961,-1.330227755242442,-3.8508473650298534,0.47664901601749976
