,flag,epoch,sbx,sby,sbz,sbvx,sbvy,sbvz
0,1.0,2457136.5,-47.86436775161275,0.4052280966186679,-7.713119741811658,-0.04853248325832505,-0.8548903794152799,-0.05870778375446912
