,flag,epoch,sbx,sby,sbz,sbvx,sbvy,sbvz
0,1,2456851.5,2.5760203453242623,-0.399297581257545,0.05733929630801258,0.5814007883776475,4.085360561342742,-0.13048295394838072
