,mass_1,radius_1,x_1,y_1,z_1,vx_1,vy_1,vz_1,mass_2,radius_2,x_2,y_2,z_2,vx_2,vy_2,vz_2,mass_3,radius_3,x_3,y_3,z_3,vx_3,vy_3,vz_3,mass_4,radius_4,x_4,y_4,z_4,vx_4,vy_4,vz_4,mass_5,radius_5,x_5,y_5,z_5,vx_5,vy_5,vz_5,mass_6,radius_6,x_6,y_6,z_6,vx_6,vy_6,vz_6,mass_7,radius_7,x_7,y_7,z_7,vx_7,vy_7,vz_7,mass_8,radius_8,x_8,y_8,z_8,vx_8,vy_8,vz_8
0,1.660120825375342e-07,1.631393540950981e-08,-0.3557311969287335,-0.2546358332686673,0.01183373500890544,3.875425177044731,-7.899849301952908,-1.0010451855598472,2.447838287784771e-06,4.045378434654418e-08,0.7183391330855365,-0.1039070105492519,-0.04288133632413253,1.0226128796561584,7.277778790239706,0.0407048496546295,3.040432648020684e-06,4.437104331057835e-07,-0.9947314252136836,0.03705228357305392,-1.404525710237232e-07,-0.33608761466519593,-6.302900176414972,0.00019303919156549694,3.2271560375549955e-07,2.270212793877687e-08,1.381805606442405,0.2306684628898799,-0.02909393440248683,-0.6455036867199824,5.477443067485822,0.13061163850847438,0.0009547919099366768,4.778945025452157e-07,0.8556255278573609,5.016018295533918,-0.03997895272165496,-2.7528085691826765,0.5949904275919621,0.05912924516221469,0.0002858856700231729,4.0286669668487467e-07,-7.856569373401905,-5.862922753018633,0.4147424070516684,1.10601453644338,-1.6375712509830473,-0.015575041663492922,4.3662496132004074e-05,1.708513622580592e-07,19.84695198109939,2.857518240746742,-0.2464612583984897,-0.217350779456136,1.3551745325239428,0.007871071514887517,5.151383772628657e-05,1.6553711549585576e-07,26.66942645207001,-13.70854864949186,-0.3322001590315655,0.5143474744475949,1.0267013345080516,-0.03299460278833544
