,flag,epoch,sbx,sby,sbz,sbvx,sbvy,sbvz
0,1.0,2457460.0,-1.1913077215758865,-2.2927922366974216,0.2778062216985167,3.5106859447676286,-1.330135258691535,-0.27465175729510416
1,1.0,2457460.0,-1.1913077329472663,-2.2927922356973744,0.2778062381444276,3.510685908905204,-1.3301352869349339,-0.2746517456180299
