,mass_1,radius_1,x_1,y_1,z_1,vx_1,vy_1,vz_1,mass_2,radius_2,x_2,y_2,z_2,vx_2,vy_2,vz_2,mass_3,radius_3,x_3,y_3,z_3,vx_3,vy_3,vz_3,mass_4,radius_4,x_4,y_4,z_4,vx_4,vy_4,vz_4,mass_5,radius_5,x_5,y_5,z_5,vx_5,vy_5,vz_5,mass_6,radius_6,x_6,y_6,z_6,vx_6,vy_6,vz_6,mass_7,radius_7,x_7,y_7,z_7,vx_7,vy_7,vz_7,mass_8,radius_8,x_8,y_8,z_8,vx_8,vy_8,vz_8
0,1.660120825375342e-07,1.631393540950981e-08,0.03488959354693698,0.3050523444921317,0.02172022789371688,-12.270409650691796,1.5460624164434318,1.2523761974918755,2.447838287784771e-06,4.045378434654418e-08,0.5709628568592973,0.443752902846365,-0.02688405734473596,-4.556094189580224,5.801455098597113,0.3423428569189695,3.040432648020684e-06,4.437104331057835e-07,0.4048485959575102,0.8996884587619379,-1.195179768852777e-05,-5.832787650337225,2.5553906391022583,-3.1470059024878276e-05,3.2271560375549955e-07,2.270212793877687e-08,0.8217164534863673,1.239292310068058,0.005780416048107873,-4.065879654213852,3.260208321174101,0.1681958703433185,0.0009547919099366768,4.778945025452157e-07,-4.620244414308765,-2.877059765758214,0.1153317890265995,1.4238073079622993,-2.211911314487537,-0.022677850267908084,0.0002858856700231729,4.0286669668487467e-07,-5.290465342222657,7.405558182912008,0.08160802194169763,-1.7664648377272816,-1.1908667073621888,0.09101136701995607,4.3662496132004074e-05,1.708513622580592e-07,18.81766141636383,-6.982932791351787,-0.2696770369610233,0.4899358860295935,1.2776456095979538,-0.0015751244805296844,5.151383772628657e-05,1.6553711549585576e-07,21.90723598606338,-20.58151796432352,-0.08105190568936899,0.7782986714853521,0.8401158162833362,-0.03526137822038673
