,flag,epoch,sbx,sby,sbz,sbvx,sbvy,sbvz
0,1.0,2457635.5,-0.7704044228226659,2.689900321488681,-0.0582535374041436,-3.4383731066600394,-0.48387161113459465,0.16406799331519567
