,flag,epoch,sbx,sby,sbz,sbvx,sbvy,sbvz
0,1,2457116.5,-2.0341291977659943,-2.2037459931215237,-0.04832421911749238,2.737839080385215,-2.1883076205415355,-0.7761190994098836
