,flag,epoch,sbx,sby,sbz,sbvx,sbvy,sbvz
0,1,2457250.0,-1.0500018214890536,3.1208563622226455,0.048414802109208184,-3.0453799543299964,-1.4331638344703315,0.0139810333465008
