,flag,epoch,sbx,sby,sbz,sbvx,sbvy,sbvz
0,1,2456940.0,-2.5478471924006465,-1.2688009690321427,-0.05850066297316357,1.813300321043289,-3.2693626463104026,-0.05076628016750425
