,flag,epoch,sbx,sby,sbz,sbvx,sbvy,sbvz
0,1.0,2457650.0,-1.0424117266709134,2.195985980061965,-0.2717853629173518,-3.7517876955392007,-1.205498650406324,-0.0864478688764666
1,1.0,2457650.0,-1.0424117355676672,2.1959859925935943,-0.27178535524261804,-3.751787663947707,-1.2054986422073017,-0.08644787500415828
