,flag,epoch,sbx,sby,sbz,sbvx,sbvy,sbvz
0,1.0,2457020.0,0.6988748131504897,2.7098140841760316,0.277863038350817,-3.4132656489330078,1.093571812744092,-0.572712916315487
1,1.0,2457020.0,0.6988748301484573,2.7098139681521713,0.27786304560438013,-3.4132657425637607,1.0935719835468474,-0.5727129884433528
