,flag,epoch,sbx,sby,sbz,sbvx,sbvy,sbvz
0,1.0,2456744.5,-1.174682029539215,2.0561723599790573,2.106785393765953,3.1837056323756565,2.0336831937231916,-2.742158211581121
