,flag,epoch,sbx,sby,sbz,sbvx,sbvy,sbvz
0,1.0,2459680.5,-2.4701257907121876,1.7063702456358503,5.9092466917652295,3.0929857277120516,-0.6018094101232301,-0.5091840560077222
