,flag,epoch,sbx,sby,sbz,sbvx,sbvy,sbvz
0,1,2457450.0,-0.8348736391038906,-2.7133889826033064,-0.5446982463657857,3.485788939992908,-0.41146872020251557,0.4216402778341404
