,flag,epoch,sbx,sby,sbz,sbvx,sbvy,sbvz
0,1.0,2457459.5,33.44968637252674,6.044996703716619,0.10837919871367285,-0.10587777311007238,1.2956813173255102,0.28366048656644316
