,flag,epoch,sbx,sby,sbz,sbvx,sbvy,sbvz
0,1.0,2456790.5,-8.465923974988321,-28.056610698554433,3.4184711683507145,1.3319408372502433,-0.2533239645743767,-0.13175004070877616
