,flag,epoch,sbx,sby,sbz,sbvx,sbvy,sbvz
0,1,2455534.5,37.854499653906615,11.299328083366706,6.829457545048739,-0.15579928286000802,1.0502903284359066,0.04031894599691633
