,mass_1,radius_1,x_1,y_1,z_1,vx_1,vy_1,vz_1,mass_2,radius_2,x_2,y_2,z_2,vx_2,vy_2,vz_2,mass_3,radius_3,x_3,y_3,z_3,vx_3,vy_3,vz_3,mass_4,radius_4,x_4,y_4,z_4,vx_4,vy_4,vz_4,mass_5,radius_5,x_5,y_5,z_5,vx_5,vy_5,vz_5,mass_6,radius_6,x_6,y_6,z_6,vx_6,vy_6,vz_6,mass_7,radius_7,x_7,y_7,z_7,vx_7,vy_7,vz_7,mass_8,radius_8,x_8,y_8,z_8,vx_8,vy_8,vz_8
0,1.660120825375342e-07,1.631393540950981e-08,0.1409993400814139,-0.4246288303583121,-0.0476288317986544,7.69331658742316,3.760748019666961,-0.39895910123293693,2.447838287784771e-06,4.045378434654418e-08,0.3104540433891516,-0.6579745159563267,-0.02690851105969133,6.631290211791286,3.127515649289765,-0.34004495873331064,3.040432648020684e-06,4.437104331057835e-07,-0.6851146200771165,-0.7410241871377061,-2.999525292400913e-06,4.511723537432329,-4.289649587882706,-2.2587130666766062e-05,3.2271560375549955e-07,2.270212793877687e-08,0.9604675476892603,1.113741030375116,-0.0002786067534061113,-3.675311893830694,3.773314026034159,0.16939865970325899,0.0009547919099366768,4.778945025452157e-07,4.723466036316738,-1.609098678495271,-0.09912277901060176,0.8529307095018165,2.740636804758535,-0.030447117815163245,0.0002858856700231729,4.0286669668487467e-07,8.501272747371667,3.827322543377345,-0.4046281794256448,-0.9441800640031154,1.8570346063948884,0.00522233008580726,4.3662496132004074e-05,1.708513622580592e-07,12.71858544649913,-15.25048217139546,-0.2215457919622476,1.093531497355505,0.8562776299490655,-0.01102176578650255,5.151383772628657e-05,1.6553711549585576e-07,15.22121192405012,-26.01487285272838,0.1848671607374786,0.9829615098330107,0.5885739485560758,-0.034722128260780936
