,mass_1,radius_1,x_1,y_1,z_1,vx_1,vy_1,vz_1,mass_2,radius_2,x_2,y_2,z_2,vx_2,vy_2,vz_2,mass_3,radius_3,x_3,y_3,z_3,vx_3,vy_3,vz_3,mass_4,radius_4,x_4,y_4,z_4,vx_4,vy_4,vz_4,mass_5,radius_5,x_5,y_5,z_5,vx_5,vy_5,vz_5,mass_6,radius_6,x_6,y_6,z_6,vx_6,vy_6,vz_6,mass_7,radius_7,x_7,y_7,z_7,vx_7,vy_7,vz_7,mass_8,radius_8,x_8,y_8,z_8,vx_8,vy_8,vz_8
0,1.660120825375342e-07,1.631393540950981e-08,0.1532252936376216,-0.4184209953914776,-0.04824718885842273,7.5904215093613265,4.053239595823007,-0.3651313607193279,2.447838287784771e-06,4.045378434654418e-08,-0.1819228641743069,-0.7028944143789055,0.000856114140560425,7.101886633738367,-1.8816033300443902,-0.4356371261226114,3.040432648020684e-06,4.437104331057835e-07,0.6314120886654339,-0.7947300525180887,3.15620967020427e-05,4.817880377890675,3.8853978806950313,-0.00018497162837840907,3.2271560375549955e-07,2.270212793877687e-08,0.8373792549686602,-1.116985133020037,-0.04395267559670171,4.282655545814139,3.503858469912972,-0.03167238518718434,0.0009547919099366768,4.778945025452157e-07,-3.124476417702986,-4.391954385192929,0.08815295514439904,2.214667205665339,-1.4692154375768562,-0.04345334658989035,0.0002858856700231729,4.0286669668487467e-07,1.162434870271407,-9.996585202923548,0.1274903395091141,1.914583509622954,0.22786108553063117,-0.08015134674930906,4.3662496132004074e-05,1.708513622580592e-07,17.3222809874028,9.751636756989715,-0.1880884461438243,-0.7129551379805212,1.1834413520445508,0.013604948022204603,5.151383772628657e-05,1.6553711549585576e-07,28.86063821720309,-7.955148525675303,-0.501369999141379,0.29947861794615094,1.1110139616394787,-0.029810646934095655
