,flag,epoch,sbx,sby,sbz,sbvx,sbvy,sbvz
0,1.0,2457970.0,2.4354190947857637,0.1755188374474217,-0.23665003025277528,-0.319539927261376,3.9072532186547897,0.31908260330439786
1,1.0,2457970.0,2.4354190859504943,0.17551873702125997,-0.23665002347189373,-0.31953986942756696,3.907253243479095,0.319082588922135
