,flag,epoch,sbx,sby,sbz,sbvx,sbvy,sbvz
0,1.0,2456690.0,-42.72819166082385,1.2417252083555415,1.550621417753772,-0.1352393232340024,-0.9782047430350597,0.03847337867914705
