,flag,epoch,sbx,sby,sbz,sbvx,sbvy,sbvz
0,1.0,2458725.5,-32.92603974230091,25.642413806493764,0.6456200485742559,-0.09605877665574508,-0.12349069451506217,0.005830661936501575
