,flag,epoch,sbx,sby,sbz,sbvx,sbvy,sbvz
0,1.0,2457154.5,-33.465340846705956,-3.3769768017986177,1.3305748531475097,0.02422749747957141,-1.1052926893718351,-0.01012444863852439
