,flag,epoch,sbx,sby,sbz,sbvx,sbvy,sbvz
0,1,2453623.5,38.24148648688922,-19.321435634912834,-0.1646389550515841,0.4782621226814574,0.8513658918897945,0.06082608024489647
