,flag,epoch,sbx,sby,sbz,sbvx,sbvy,sbvz
0,1.0,2457321.5,-3.4470051139207434,11.448378522144797,-4.385856869750897,-1.5105168876539548,-0.45465158516675647,-0.08698170892313556
