,flag,epoch,sbx,sby,sbz,sbvx,sbvy,sbvz
0,1.0,2457810.0,-1.7869990901762356,1.4220508873753945,-0.23699573197119958,-2.408154888205703,-3.433034401927669,0.16536077666268717
1,1.0,2457810.0,-1.786999101978922,1.4220509052862973,-0.23699573718361316,-2.4081549044468793,-3.4330343583091087,0.16536076374722228
