,mass_1,radius_1,x_1,y_1,z_1,vx_1,vy_1,vz_1,mass_2,radius_2,x_2,y_2,z_2,vx_2,vy_2,vz_2,mass_3,radius_3,x_3,y_3,z_3,vx_3,vy_3,vz_3,mass_4,radius_4,x_4,y_4,z_4,vx_4,vy_4,vz_4,mass_5,radius_5,x_5,y_5,z_5,vx_5,vy_5,vz_5,mass_6,radius_6,x_6,y_6,z_6,vx_6,vy_6,vz_6,mass_7,radius_7,x_7,y_7,z_7,vx_7,vy_7,vz_7,mass_8,radius_8,x_8,y_8,z_8,vx_8,vy_8,vz_8
0,1.660120825375342e-07,1.631393540950981e-08,-0.348520087481125,-0.2685924477466562,0.01003020621849245,4.170091802573777,-7.681023397481641,-1.0101980367945333,2.447838287784771e-06,4.045378434654418e-08,0.6718177711435199,-0.2763931913984769,-0.04255840276102606,2.769619349114494,6.800461163917467,-0.06663337738722291,3.040432648020684e-06,4.437104331057835e-07,-0.3267096484721826,-0.960028880403675,3.192065443523416e-05,5.8468123099230125,-2.048019881426227,5.121573450492346e-05,3.2271560375549955e-07,2.270212793877687e-08,-1.114994209166094,-1.096893117279251,0.004385021376303125,3.7769853480586693,-3.205929295125705,-0.15988212719308453,0.0009547919099366768,4.778945025452157e-07,-2.413306926785825,4.659857969181486,0.03464889939907693,-2.4828502732229887,-1.138273883371408,0.06028533938742047,0.0002858856700231729,4.0286669668487467e-07,-6.300717081635831,-7.643679324368842,0.3837324668576355,1.4596166816451508,-1.3024480696231726,-0.03549545759705039,4.3662496132004074e-05,1.708513622580592e-07,19.51444633147157,4.478793217818982,-0.2361009309062953,-0.3336126008494469,1.3318998101910626,0.009296252731529125,5.151383772628657e-05,1.6553711549585576e-07,27.26119882586584,-12.45711652341724,-0.3716243482940163,0.4670284559810304,1.0482998820408038,-0.03237691959217949
