,flag,epoch,sbx,sby,sbz,sbvx,sbvy,sbvz
0,1.0,2457759.5,-1.5239144474709687,2.084209526085175,0.17785724497973654,-3.2144590925151006,-1.909416002490187,0.4000456546113334
