,mass_1,radius_1,x_1,y_1,z_1,vx_1,vy_1,vz_1,mass_2,radius_2,x_2,y_2,z_2,vx_2,vy_2,vz_2,mass_3,radius_3,x_3,y_3,z_3,vx_3,vy_3,vz_3,mass_4,radius_4,x_4,y_4,z_4,vx_4,vy_4,vz_4,mass_5,radius_5,x_5,y_5,z_5,vx_5,vy_5,vz_5,mass_6,radius_6,x_6,y_6,z_6,vx_6,vy_6,vz_6,mass_7,radius_7,x_7,y_7,z_7,vx_7,vy_7,vz_7,mass_8,radius_8,x_8,y_8,z_8,vx_8,vy_8,vz_8
0,1.660120825375342e-07,1.631393540950981e-08,-0.2770773212644653,0.1979970601110992,0.04159833037677541,-8.073435113151366,-7.934783458830879,0.09230230475835123,2.447838287784771e-06,4.045378434654418e-08,0.3855733309078919,0.6102075060961534,-0.013882846321809,-6.268572519780839,3.913762116843969,0.4154013585671318,3.040432648020684e-06,4.437104331057835e-07,-0.2647592527737505,0.9470014312548756,-3.443619091155361e-05,-6.1542063898121455,-1.7153745882542566,9.417331723196031e-05,3.2271560375549955e-07,2.270212793877687e-08,1.336389739887254,0.4595989197644165,-0.0231666769741037,-1.4666730175791536,5.270691014211954,0.14644588629414926,0.0009547919099366768,4.778945025452157e-07,-5.353054724106326,-1.04797338026377,0.1241328947538036,0.4968546005738653,-2.5771682435738223,-0.00041553190804556936,0.0002858856700231729,4.0286669668487467e-07,-1.842596150380325,-9.874973458389979,0.2449847610148771,1.8924303270518563,-0.382138286239402,-0.06869742853706924,4.3662496132004074e-05,1.708513622580592e-07,18.33137805670261,7.843349463106764,-0.2082302263183633,-0.5747937246240418,1.2512667389262375,0.012096349110093331,5.151383772628657e-05,1.6553711549585576e-07,28.3410677703046,-9.678507030516602,-0.4538427560759262,0.3637109259582255,1.0894638229314761,-0.03086556511601333
