,flag,epoch,sbx,sby,sbz,sbvx,sbvy,sbvz
0,1.0,2457443.5,18.779048239593163,22.37553506213871,-1.8652977003603601,-0.8829830506989891,0.9058684553698009,-0.30128103096540354
