,flag,epoch,sbx,sby,sbz,sbvx,sbvy,sbvz
0,1,2457387.5,1.517846076595938,-2.8412260638805393,0.0032040667034665404,2.9109305400374814,1.6225934941319158,0.5450081083863327
