,flag,epoch,sbx,sby,sbz,sbvx,sbvy,sbvz
0,1.0,2457960.0,1.3669573896226368,1.5969475908522135,-0.22817560913529017,-3.4033309479662655,2.9142135221673557,0.3807418300977726
1,1.0,2457960.0,1.3669574252793022,1.59694757932079,-0.2281756245401581,-3.403330889537202,2.9142135461658274,0.3807418442301833
