,flag,epoch,sbx,sby,sbz,sbvx,sbvy,sbvz
0,1.0,2457993.5,-0.5691559968253032,2.772534390162546,-0.27352833702333096,-3.740519987222462,-0.4760007350688234,-0.1288861356313975
