,mass_1,radius_1,x_1,y_1,z_1,vx_1,vy_1,vz_1,mass_2,radius_2,x_2,y_2,z_2,vx_2,vy_2,vz_2,mass_3,radius_3,x_3,y_3,z_3,vx_3,vy_3,vz_3,mass_4,radius_4,x_4,y_4,z_4,vx_4,vy_4,vz_4,mass_5,radius_5,x_5,y_5,z_5,vx_5,vy_5,vz_5,mass_6,radius_6,x_6,y_6,z_6,vx_6,vy_6,vz_6,mass_7,radius_7,x_7,y_7,z_7,vx_7,vy_7,vz_7,mass_8,radius_8,x_8,y_8,z_8,vx_8,vy_8,vz_8
0,1.660120825375342e-07,1.631393540950981e-08,0.353796249816302,-0.1418475360074109,-0.04404800518121579,1.8210876067215669,10.002198951558983,0.6502396989138527,2.447838287784771e-06,4.045378434654418e-08,0.2147777917716065,0.6880032771526429,-0.002956671811193523,-7.076879210232521,2.166236936493311,0.4380956979860363,3.040432648020684e-06,4.437104331057835e-07,0.9128989065143867,-0.4324860111800684,1.394638577749648e-05,2.588087944184416,5.65548188874531,-0.00024582037871131773,3.2271560375549955e-07,2.270212793877687e-08,-1.235358253704208,1.104224142216369,0.05345746738496907,-3.2135540834846834,-3.374727691191747,0.008147211513806462,0.0009547919099366768,4.778945025452157e-07,-4.774842428215686,-2.619792737162901,0.1177219793478736,1.2937043463267395,-2.2885016178570687,-0.01944356610837246,0.0002858856700231729,4.0286669668487467e-07,-0.6185052814955793,-10.04033893232566,0.1991312770215614,1.9237544631911399,-0.1334862595418782,-0.07425164062242727,4.3662496132004074e-05,1.708513622580592e-07,17.94476898580727,8.636769311009834,-0.2002770834242896,-0.6320179108104695,1.2252674523534535,0.012730226232228338,5.151383772628657e-05,1.6553711549585576e-07,28.56577813186746,-8.977592620122387,-0.473484998445199,0.3376822476401007,1.0986168920452168,-0.030448017768297194
