,flag,epoch,sbx,sby,sbz,sbvx,sbvy,sbvz
0,1,2457314.5,0.43376597278437357,-2.4926166568482735,-0.6419008774579158,3.8140150757843982,1.20357741541627,-0.3596706041379102
