,mass_1,radius_1,x_1,y_1,z_1,vx_1,vy_1,vz_1,mass_2,radius_2,x_2,y_2,z_2,vx_2,vy_2,vz_2,mass_3,radius_3,x_3,y_3,z_3,vx_3,vy_3,vz_3,mass_4,radius_4,x_4,y_4,z_4,vx_4,vy_4,vz_4,mass_5,radius_5,x_5,y_5,z_5,vx_5,vy_5,vz_5,mass_6,radius_6,x_6,y_6,z_6,vx_6,vy_6,vz_6,mass_7,radius_7,x_7,y_7,z_7,vx_7,vy_7,vz_7,mass_8,radius_8,x_8,y_8,z_8,vx_8,vy_8,vz_8
0,1.660120825375342e-07,1.631393540950981e-08,0.337860596662235,-0.2020450779089479,-0.04750598910504426,3.2579220366108235,9.29025793684144,0.46020531593338193,2.447838287784771e-06,4.045378434654418e-08,-0.3405744064548286,-0.6399623863347382,0.0108826174684651,6.470600848044918,-3.5035907845696572,-0.42143138960149196,3.040432648020684e-06,4.437104331057835e-07,0.06905539171425197,-1.014134559682174,3.353900033081523e-05,6.167199177184394,0.4033293801063238,-3.267463528326891e-05,3.2271560375549955e-07,2.270212793877687e-08,0.03484278291580959,1.5660629849284,0.03195917925145744,-4.915769725773675,0.5476677833693627,0.1321289344408255,0.0009547919099366768,4.778945025452157e-07,-4.571972105214941,2.819815250644004,0.09059375742097611,-1.4810467718859202,-2.2179164221389867,0.04235061593124298,0.0002858856700231729,4.0286669668487467e-07,-4.61427740841282,-8.84707198219996,0.3374822855837296,1.6946293506943215,-0.9499671588391917,-0.05097697533245751,4.3662496132004074e-05,1.708513622580592e-07,19.10541175039064,5.882910302826887,-0.2255593008931696,-0.4340858425562447,1.3037282430717956,0.010487756784174141,5.151383772628657e-05,1.6553711549585576e-07,27.73623543891485,-11.33114695210368,-0.4057973100526542,0.42505109139742,1.0659581751062457,-0.031790934271064726
