,flag,epoch,sbx,sby,sbz,sbvx,sbvy,sbvz
0,1.0,2456590.0,2.0320844985421918,-1.0781980924036896,-0.12852021236244499,2.03962951305631,3.5781782632514134,0.14128412573609325
