,mass_1,radius_1,x_1,y_1,z_1,vx_1,vy_1,vz_1,mass_2,radius_2,x_2,y_2,z_2,vx_2,vy_2,vz_2,mass_3,radius_3,x_3,y_3,z_3,vx_3,vy_3,vz_3,mass_4,radius_4,x_4,y_4,z_4,vx_4,vy_4,vz_4,mass_5,radius_5,x_5,y_5,z_5,vx_5,vy_5,vz_5,mass_6,radius_6,x_6,y_6,z_6,vx_6,vy_6,vz_6,mass_7,radius_7,x_7,y_7,z_7,vx_7,vy_7,vz_7,mass_8,radius_8,x_8,y_8,z_8,vx_8,vy_8,vz_8
0,1.660120825375342e-07,1.631393540950981e-08,0.3504352623141205,0.01569546345031805,-0.0308703155772514,-2.4444294085304383,10.725744535565271,1.1006398790831384,2.447838287784771e-06,4.045378434654418e-08,-0.64300057589946,-0.3268364702013882,0.03263094501629375,3.296488310537668,-6.620135903312974,-0.28096216536566304,3.040432648020684e-06,4.437104331057835e-07,0.6084314390341317,-0.8126839824946134,2.444965448753776e-05,4.9282387628908735,3.742607612505782,-0.00012041933963325987,3.2271560375549955e-07,2.270212793877687e-08,0.1564018853995655,1.547479748721979,0.02858091631982586,-4.891678366860211,0.9476872471168788,0.13994615302939903,0.0009547919099366768,4.778945025452157e-07,-0.1608453741272008,5.132807741477267,-0.01771805830560253,-2.790709791216042,0.04449204941356526,0.062263065972380974,0.0002858856700231729,4.0286669668487467e-07,-7.430839354354537,-6.444685091954696,0.4079016852484415,1.222301488022561,-1.544449806508103,-0.021830927920218582,4.3662496132004074e-05,1.708513622580592e-07,19.76101504634525,3.351756451732952,-0.2435034563617011,-0.2528362895386922,1.3491153385800116,0.008311013646756916,5.151383772628657e-05,1.6553711549585576e-07,26.85480160866705,-13.33204946280267,-0.3442263698239384,0.5000245836066114,1.0334468405899424,-0.0328126024942892
