,mass_1,radius_1,x_1,y_1,z_1,vx_1,vy_1,vz_1,mass_2,radius_2,x_2,y_2,z_2,vx_2,vy_2,vz_2,mass_3,radius_3,x_3,y_3,z_3,vx_3,vy_3,vz_3,mass_4,radius_4,x_4,y_4,z_4,vx_4,vy_4,vz_4,mass_5,radius_5,x_5,y_5,z_5,vx_5,vy_5,vz_5,mass_6,radius_6,x_6,y_6,z_6,vx_6,vy_6,vz_6,mass_7,radius_7,x_7,y_7,z_7,vx_7,vy_7,vz_7,mass_8,radius_8,x_8,y_8,z_8,vx_8,vy_8,vz_8
0,1.660120825375342e-07,1.631393540950981e-08,-0.1065493665214293,-0.4535511877980855,-0.02727115455399391,7.9415287085482005,0.0,0.0,2.447838287784771e-06,4.045378434654418e-08,-0.2803752224643956,-0.6689848094287753,0.007039748094849699,6.76323113182797,0.0,0.0,3.040432648020684e-06,4.437104331057835e-07,1.003538511770047,-0.003883461032713578,-7.487937316322033e-07,-0.07815371094672362,0.0,0.0,3.2271560375549955e-07,2.270212793877687e-08,-1.228881241097854,1.111003647439564,0.05347712982995152,-3.2342495338184523,0.0,0.0,0.0009547919099366768,4.778945025452157e-07,2.491934910696675,4.354827180260502,-0.0738677881081746,-2.4295902804216523,1.5005349367877552,0.04816486749777553,0.0002858856700231729,4.0286669668487467e-07,5.187190094395804,7.507079919672193,-0.3369051989076317,-1.786152312568762,1.155612959992906,0.05091903255860858,4.3662496132004074e-05,1.708513622580592e-07,15.12200575821867,-13.00862146777103,-0.2443816044571646,0.9239578915835303,1.0237476353536934,-0.008152393332470791,5.151383772628657e-05,1.6553711549585576e-07,17.48877507683984,-24.51171689308953,0.1017706268502969,0.923320671433723,0.6741549893210422,-0.03512896214855117
