,flag,epoch,sbx,sby,sbz,sbvx,sbvy,sbvz
0,1,2457274.5,-1.6877790704505296,-2.189361850514573,0.36064311654060377,2.6939956836250065,-2.375948033914305,0.5974509108812494
