,flag,epoch,sbx,sby,sbz,sbvx,sbvy,sbvz
0,1.0,2455430.0,-31.824748708053818,22.870919696664956,3.435783487854027,-0.6014969304629214,-0.7683497933365927,0.29127321186819666
