,flag,epoch,sbx,sby,sbz,sbvx,sbvy,sbvz
0,1.0,2457477.5,37.46653558268038,8.314712859212895,1.8223013614645742,-0.06788470053566187,1.1112660275647932,-0.16598265422479075
