,mass_1,radius_1,x_1,y_1,z_1,vx_1,vy_1,vz_1,mass_2,radius_2,x_2,y_2,z_2,vx_2,vy_2,vz_2,mass_3,radius_3,x_3,y_3,z_3,vx_3,vy_3,vz_3,mass_4,radius_4,x_4,y_4,z_4,vx_4,vy_4,vz_4,mass_5,radius_5,x_5,y_5,z_5,vx_5,vy_5,vz_5,mass_6,radius_6,x_6,y_6,z_6,vx_6,vy_6,vz_6,mass_7,radius_7,x_7,y_7,z_7,vx_7,vy_7,vz_7,mass_8,radius_8,x_8,y_8,z_8,vx_8,vy_8,vz_8
0,1.660120825375342e-07,1.631393540950981e-08,-0.3935116966163771,-0.04826015349787505,0.03216113151006293,-0.8862028817847989,-9.75785335145666,-0.7159790156543843,2.447838287784771e-06,4.045378434654418e-08,-0.7179960624252869,-0.04044105121172793,0.04088120201562381,0.3709043034087153,-7.4083762457214934,-0.12293429241104652,3.040432648020684e-06,4.437104331057835e-07,-0.9049516396319146,0.4009854435061872,-1.052216208994039e-05,-2.647897989480894,-5.768760213367719,0.00019221668660602325,3.2271560375549955e-07,2.270212793877687e-08,-1.651624453982205,0.01728830039131688,0.04090254212202232,0.13739116742941335,-4.674126783462696,-0.10130922595948536,0.0009547919099366768,4.778945025452157e-07,-1.732680135498165,4.916019633686156,0.0183549956335244,-2.6351131276528883,-0.7865318019843315,0.06223101474702565,0.0002858856700231729,4.0286669668487467e-07,-6.679117441183724,-7.287035051652863,0.3926046716769377,1.3893213158597426,-1.3828433256365913,-0.031299526883653325,4.3662496132004074e-05,1.708513622580592e-07,19.59967770299384,4.124288609204016,-0.2385289462618206,-0.3082582772393102,1.3377826558782753,0.008989122608348778,5.151383772628657e-05,1.6553711549585576e-07,27.13578548098659,-12.73489935596296,-0.3630071871740707,0.477427994522283,1.0436568166366178,-0.03251709091625612
