,flag,epoch,sbx,sby,sbz,sbvx,sbvy,sbvz
0,1.0,2456198.5,-3.476582560251133,5.6512303551063034,0.4447238878493315,-2.8968813013651116,-0.6690994933538326,0.7712511097304282
