,flag,epoch,sbx,sby,sbz,sbvx,sbvy,sbvz
0,1.0,2457670.0,0.00215434969734285,2.1258342428527084,-0.20712711719819846,-4.4441115867423875,0.23337381597892154,-0.2238745120026763
1,1.0,2457670.0,0.0021543502518082125,2.1258342353833313,-0.20712712420453178,-4.444111600048054,0.23337381335378926,-0.22387450251586055
