,flag,epoch,sbx,sby,sbz,sbvx,sbvy,sbvz
0,1,2456977.5,-12.541980345303084,-36.435904859846296,7.236104840721109,0.91993384533183,-0.39987928536356093,0.06567103194421894
