,flag,epoch,sbx,sby,sbz,sbvx,sbvy,sbvz
0,1.0,2459701.5,-6.133503277135776,-0.6124876967991222,1.1294833974313212,1.0850112062283606,-2.142022424687489,0.7014036906725756
