,flag,epoch,sbx,sby,sbz,sbvx,sbvy,sbvz
0,1.0,2457030.0,-0.3029852178154433,-2.3397224738921887,-0.40935671699686227,4.00571803979782,0.4834149737896243,-0.480925423970109
