,flag,epoch,sbx,sby,sbz,sbvx,sbvy,sbvz
0,1,2457129.5,-0.08304056046858294,-3.485959822735038,-0.6817830389673771,3.0592721530339997,-0.11267197055176854,0.39723892240127817
