,mass_1,radius_1,x_1,y_1,z_1,vx_1,vy_1,vz_1,mass_2,radius_2,x_2,y_2,z_2,vx_2,vy_2,vz_2,mass_3,radius_3,x_3,y_3,z_3,vx_3,vy_3,vz_3,mass_4,radius_4,x_4,y_4,z_4,vx_4,vy_4,vz_4,mass_5,radius_5,x_5,y_5,z_5,vx_5,vy_5,vz_5,mass_6,radius_6,x_6,y_6,z_6,vx_6,vy_6,vz_6,mass_7,radius_7,x_7,y_7,z_7,vx_7,vy_7,vz_7,mass_8,radius_8,x_8,y_8,z_8,vx_8,vy_8,vz_8
0,1.660120825375342e-07,1.631393540950981e-08,-0.3721452527334426,0.04897476106523985,0.03816023999626471,-3.4750194129036305,-9.745848833377968,-0.47711537430324885,2.447838287784771e-06,4.045378434654418e-08,-0.7123083671107763,0.09289405390782002,0.04238655287095024,-0.9953536931194364,-7.35877075238515,-0.04304375623908285,3.040432648020684e-06,4.437104331057835e-07,0.3192801240580977,-0.965206071924275,-6.540643415987909e-06,5.8635877384713195,1.9501704692449977,2.3690955207646916e-05,3.2271560375549955e-07,2.270212793877687e-08,-0.9809275491418923,-1.198469404706956,-0.0009897315183752958,4.147883163966897,-2.7998703263063796,-0.16062356414597506,0.0009547919099366768,4.778945025452157e-07,3.548723030478865,-3.623597683863355,-0.06447567869046776,1.9342898226237468,2.05939073349141,-0.051841876673463835,0.0002858856700231729,4.0286669668487467e-07,9.136722793657935,2.240142665183439,-0.4022740917194826,-0.5928413511639361,1.9773714076745041,-0.01083560323166348,4.3662496132004074e-05,1.708513622580592e-07,11.79406530369728,-15.93040154704708,-0.2120608975196365,1.1458723097416283,0.7904562610991005,-0.011952397270442807,5.151383772628657e-05,1.6553711549585576e-07,14.4019979198723,-26.48761996699763,0.2134435064114056,1.001725861166328,0.5566512642560534,-0.03450846320963266
