,flag,epoch,sbx,sby,sbz,sbvx,sbvy,sbvz
0,1.0,2457550.0,1.0599601974224324,-1.9965399270236817,-0.046722470157339185,3.839020507105358,1.778771929998327,-0.571720943261935
1,1.0,2457550.0,1.0599602034710154,-1.9965399371874308,-0.046722470174384245,3.83902048360052,1.7787719165578844,-0.5717209467109843
