,mass_1,radius_1,x_1,y_1,z_1,vx_1,vy_1,vz_1,mass_2,radius_2,x_2,y_2,z_2,vx_2,vy_2,vz_2,mass_3,radius_3,x_3,y_3,z_3,vx_3,vy_3,vz_3,mass_4,radius_4,x_4,y_4,z_4,vx_4,vy_4,vz_4,mass_5,radius_5,x_5,y_5,z_5,vx_5,vy_5,vz_5,mass_6,radius_6,x_6,y_6,z_6,vx_6,vy_6,vz_6,mass_7,radius_7,x_7,y_7,z_7,vx_7,vy_7,vz_7,mass_8,radius_8,x_8,y_8,z_8,vx_8,vy_8,vz_8
0,1.660120825375342e-07,1.631393540950981e-08,0.08456233190525886,0.2952776675111662,0.01637019977230073,-11.938139563376286,3.216462684567528,1.3580305485778492,2.447838287784771e-06,4.045378434654418e-08,-0.1462148427692738,0.7037964287267783,0.01809155549195404,-7.258481971455125,-1.5434734299300044,0.39768904308509995,3.040432648020684e-06,4.437104331057835e-07,0.9961583279781995,-0.1380627338578487,1.366589347776256e-06,0.7603909126486006,6.201040366345591,-0.00026087288734152544,3.2271560375549955e-07,2.270212793877687e-08,-1.380249722695484,0.9269387624717838,0.05329826117272273,-2.657316154815729,-3.8068134953931527,-0.014558325522656004,0.0009547919099366768,4.778945025452157e-07,-4.709675809980728,-2.731784372068211,0.1167289217054038,1.3508533194679464,-2.2562632150289432,-0.020856372881138886,0.0002858856700231729,4.0286669668487467e-07,-0.5236716925630108,-10.04644342222286,0.1954627054820367,1.9248790823485569,-0.1142537569730826,-0.07463015769481321,4.3662496132004074e-05,1.708513622580592e-07,17.91351452224254,8.697100210833561,-0.1996485384456879,-0.636390636087601,1.2231581322313476,0.012778083943419869,5.151383772628657e-05,1.6553711549585576e-07,28.58236962786124,-8.923434634115923,-0.4749847022217907,0.3356564418733108,1.0992932038476657,-0.030415058854177102
