,flag,epoch,sbx,sby,sbz,sbvx,sbvy,sbvz
0,1.0,2456640.0,-0.4596775221863976,-3.0364293203746633,0.2500940564029535,3.297552517188229,-0.611635417062063,0.0556658758821566
