,flag,epoch,sbx,sby,sbz,sbvx,sbvy,sbvz
0,1,2457090.0,1.9746894193605118,-2.763555662875636,0.08296384594516386,2.655166183987887,2.1195339901405537,0.37065254081330784
