,flag,epoch,sbx,sby,sbz,sbvx,sbvy,sbvz
0,1,2457393.5,-1.9560392364706432,-2.909277919018945,0.19665210224635227,2.8645794821674277,-1.5984056568893108,-0.6161212739162886
