,flag,epoch,sbx,sby,sbz,sbvx,sbvy,sbvz
0,1.0,2457787.5,-11.600647675029672,-1.3986637973761775,0.12530614925754033,0.21517962046783473,-2.2114884561764154,-0.0747002583690853
