,mass_1,radius_1,x_1,y_1,z_1,vx_1,vy_1,vz_1,mass_2,radius_2,x_2,y_2,z_2,vx_2,vy_2,vz_2,mass_3,radius_3,x_3,y_3,z_3,vx_3,vy_3,vz_3,mass_4,radius_4,x_4,y_4,z_4,vx_4,vy_4,vz_4,mass_5,radius_5,x_5,y_5,z_5,vx_5,vy_5,vz_5,mass_6,radius_6,x_6,y_6,z_6,vx_6,vy_6,vz_6,mass_7,radius_7,x_7,y_7,z_7,vx_7,vy_7,vz_7,mass_8,radius_8,x_8,y_8,z_8,vx_8,vy_8,vz_8
0,1.660120825375342e-07,1.631393540950981e-08,-0.1602819489464939,0.276863624475368,0.03732827862087847,-10.962108042936615,-4.754430091246413,0.6175776992879946,2.447838287784771e-06,4.045378434654418e-08,-0.02882114667678663,-0.7262216668035312,-0.008271913769154048,7.332343985313134,-0.3209846812016438,-0.4276039228167433,3.040432648020684e-06,4.437104331057835e-07,0.9706273816130928,-0.2709674322860031,2.944321407214382e-06,1.5872876054218756,6.029213396750778,-7.795290236306991e-05,3.2271560375549955e-07,2.270212793877687e-08,1.384194803585426,0.2064374155065775,-0.02967916990807976,-0.5580998665174134,5.492415184994015,0.12879280920560457,0.0009547919099366768,4.778945025452157e-07,-4.910800205512108,-2.363785668335983,0.119702834908223,1.1621312320259036,-2.3558363317719277,-0.016225635138205602,0.0002858856700231729,4.0286669668487467e-07,-4.887049652672068,7.663013353794137,0.0610764259553536,-1.8266371931711056,-1.102128053204311,0.09185588631940543,4.3662496132004074e-05,1.708513622580592e-07,18.70537940295938,-7.268886380523271,-0.2692906500953604,0.5103036670461532,1.2697157312207803,-0.0018664233480648535,5.151383772628657e-05,1.6553711549585576e-07,21.73172649049092,-20.76935844886606,-0.07313314825534499,0.7852142458398172,0.8332442983030695,-0.03528218240010519
