,flag,epoch,sbx,sby,sbz,sbvx,sbvy,sbvz
0,1.0,2457245.5,31.057819446656218,-6.688838132347627,-28.837749665213668,0.1855364622486377,1.1039128837990657,0.044569521811474
