,flag,epoch,sbx,sby,sbz,sbvx,sbvy,sbvz
0,1,2457089.5,-2.9900992078087336,2.300388149014344,-1.2521265731353959,-1.793822505740732,-1.9948892565302492,0.42913307976647697
