,mass_1,radius_1,x_1,y_1,z_1,vx_1,vy_1,vz_1,mass_2,radius_2,x_2,y_2,z_2,vx_2,vy_2,vz_2,mass_3,radius_3,x_3,y_3,z_3,vx_3,vy_3,vz_3,mass_4,radius_4,x_4,y_4,z_4,vx_4,vy_4,vz_4,mass_5,radius_5,x_5,y_5,z_5,vx_5,vy_5,vz_5,mass_6,radius_6,x_6,y_6,z_6,vx_6,vy_6,vz_6,mass_7,radius_7,x_7,y_7,z_7,vx_7,vy_7,vz_7,mass_8,radius_8,x_8,y_8,z_8,vx_8,vy_8,vz_8
0,1.660120825375342e-07,1.631393540950981e-08,0.3581600892985362,-0.0312811562410572,-0.0354143037543349,-1.0922388843316675,10.696983437337465,0.9742737798883936,2.447838287784771e-06,4.045378434654418e-08,-0.3992048365874252,-0.6044715389321741,0.01474827777511187,6.113405319866148,-4.1051400339671416,-0.4090698096188784,3.040432648020684e-06,4.437104331057835e-07,0.9945235351903617,-0.1507496873323943,8.001549125529016e-07,0.8393593437838125,6.189580397438149,-0.00023600717911480132,3.2271560375549955e-07,2.270212793877687e-08,0.8485933641867642,-1.107496158305177,-0.04403457163944529,4.250447938535918,3.547457888446027,-0.029975659747671014,0.0009547919099366768,4.778945025452157e-07,-5.444170654089509,-0.234380478647619,0.122793288551593,0.08563966978253482,-2.6259874509871413,0.008987900634375072,0.0002858856700231729,4.0286669668487467e-07,-2.429338573906392,-9.737024919107144,0.2659467272186839,1.8661429642102279,-0.5016136984632574,-0.06558014323351281,4.3662496132004074e-05,1.708513622580592e-07,18.50637131144888,7.450947808537481,-0.2119559996121944,-0.546514190125176,1.263079106698291,0.011777695067199778,5.151383772628657e-05,1.6553711549585576e-07,28.22557318988305,-10.01783506861817,-0.4441780108118625,0.376349880293637,1.0848711044710098,-0.03106380156521765
