,flag,epoch,sbx,sby,sbz,sbvx,sbvy,sbvz
0,1.0,2457140.0,-32.49446041009867,-6.30945822445503,-1.4463487865976807,0.43085463880495684,-1.0803565653245157,-0.19223309562863292
