,flag,epoch,sbx,sby,sbz,sbvx,sbvy,sbvz
0,1.0,2458962.5,-14.750099274816089,41.85948413339729,-0.6653604953865011,-0.8889708870335445,-0.34062575977019877,0.03745351206800335
