,flag,epoch,sbx,sby,sbz,sbvx,sbvy,sbvz
0,1.0,2457401.5,29.402486676282873,33.863770268718476,-2.0782677368487965,-0.6889396211582275,0.5940974894706136,0.07298097598012536
