,flag,epoch,sbx,sby,sbz,sbvx,sbvy,sbvz
0,1.0,2457319.5,36.26273020604147,3.069010227416337,-2.429591447578609,-0.17314134570738815,0.987779330342529,-0.4169517181470484
