,mass_1,radius_1,x_1,y_1,z_1,vx_1,vy_1,vz_1,mass_2,radius_2,x_2,y_2,z_2,vx_2,vy_2,vz_2,mass_3,radius_3,x_3,y_3,z_3,vx_3,vy_3,vz_3,mass_4,radius_4,x_4,y_4,z_4,vx_4,vy_4,vz_4,mass_5,radius_5,x_5,y_5,z_5,vx_5,vy_5,vz_5,mass_6,radius_6,x_6,y_6,z_6,vx_6,vy_6,vz_6,mass_7,radius_7,x_7,y_7,z_7,vx_7,vy_7,vz_7,mass_8,radius_8,x_8,y_8,z_8,vx_8,vy_8,vz_8
0,1.660120825375342e-07,1.631393540950981e-08,-0.1670986255790772,0.2738146074986017,0.0377036507707037,-10.841722506707887,-4.957829430781045,0.5895774647577973,2.447838287784771e-06,4.045378434654418e-08,-0.5895377665604753,0.4089435830227217,0.03962649203545331,-4.240055065055853,-6.106883424617802,0.1609876093797305,3.040432648020684e-06,4.437104331057835e-07,-0.8118781830809921,-0.5946346597701442,2.231214937529319e-05,3.610797573426082,-5.093238294919005,0.00015880682748302733,3.2271560375549955e-07,2.270212793877687e-08,0.797858721589575,1.258237420951558,0.006781445046823326,-4.121863579056135,3.1724903440797254,0.16764390557978512,0.0009547919099366768,4.778945025452157e-07,-4.313197278094822,3.174019133947921,0.08333242430262532,-1.6680180927166104,-2.091827764287758,0.04601142232341423,0.0002858856700231729,4.0286669668487467e-07,-4.890116420741669,-8.686310080713339,0.3456735447622551,1.663389702857265,-1.007148085731304,-0.048741100367442794,4.3662496132004074e-05,1.708513622580592e-07,19.17546140860739,5.668352488636648,-0.2272674650068845,-0.41876688271554496,1.3084967630953515,0.010309456400998741,5.151383772628657e-05,1.6553711549585576e-07,27.66588045438858,-11.50603273547573,-0.4005673860594398,0.4315121681935019,1.06328253460153,-0.0318826543272197
