,flag,epoch,sbx,sby,sbz,sbvx,sbvy,sbvz
0,1,2457540.0,-2.409025016980377,2.1950857156176897,1.2258125909533004,-2.2625037342815744,-2.308501357903982,0.14773029030570287
