,flag,epoch,sbx,sby,sbz,sbvx,sbvy,sbvz
0,1.0,2457700.0,1.475963019932291,2.169539813860462,-0.08663511328654416,-3.1768997294183077,1.9581753452419037,-0.33372622661382645
1,1.0,2457700.0,1.4759630422881223,2.169539822004103,-0.08663512792612846,-3.176899686794017,1.9581753467449297,-0.33372621665191426
