,flag,epoch,sbx,sby,sbz,sbvx,sbvy,sbvz
0,1.0,2456980.0,-2.573007803180427,1.4506326425089109,-0.3512615072999038,-1.4470309447381648,-2.8092950695541243,-0.14281998865695128
1,1.0,2456980.0,-2.5730079232871153,1.4506326405730094,-0.35126146527754826,-1.4470307802989766,-2.809295005985578,-0.14281998962393075
