,flag,epoch,sbx,sby,sbz,sbvx,sbvy,sbvz
0,1.0,2457760.0,0.15180616630027075,-2.5675107500141516,-0.3151380330970308,3.7352110462404227,0.19979355027970117,-0.01486203672510329
1,1.0,2457760.0,0.15180620581197277,-2.567510739846712,-0.3151380271198829,3.7352110669056646,0.1997935604321966,-0.014861994991932952
