,flag,epoch,sbx,sby,sbz,sbvx,sbvy,sbvz
0,1.0,2457659.5,-0.5604596846748936,2.6987273807780063,0.21511665531188634,-3.7205379752382837,-0.7904943683401828,0.037093312125044034
