,flag,epoch,sbx,sby,sbz,sbvx,sbvy,sbvz
0,1.0,2455710.0,-1.8169049963105537,2.5842235688786266,1.0207476567771077,-2.0785070473158482,-2.0596965270916074,0.05874753504436721
1,1.0,2455710.0,-1.8169049473857877,2.5842235404330482,1.020747712333301,-2.0785070735693383,-2.059696544318128,0.05874762398854855
