,flag,epoch,sbx,sby,sbz,sbvx,sbvy,sbvz
0,1.0,2459107.5,-47.25836817405281,34.57196706358319,9.53525906058517,-0.1797615841944921,-0.7619591713578548,0.041268245163787735
