,flag,epoch,sbx,sby,sbz,sbvx,sbvy,sbvz
0,1.0,2457445.5,-0.9916698864612609,1.9837417259846635,0.07783809969235628,-4.1093785880301645,-1.0404423657897908,0.014382120897187035
