,flag,epoch,sbx,sby,sbz,sbvx,sbvy,sbvz
0,1.0,2457770.0,1.6224846370561294,-1.7958886775850844,0.12662822982044777,3.2124184485021954,2.4209618731385496,-0.3943895138966043
1,1.0,2457770.0,1.6224846222021148,-1.7958887326419979,0.1266282380705194,3.212418438247163,2.4209617971918274,-0.39438952188048826
