,flag,epoch,sbx,sby,sbz,sbvx,sbvy,sbvz
0,1.0,2457110.0,-38.789199219288086,23.640381349372632,2.2417753177677593,-0.6921290341267028,-0.6641987745690165,-0.2983983809403746
