,flag,epoch,sbx,sby,sbz,sbvx,sbvy,sbvz
0,1.0,2457394.5,-42.97960418958377,-6.725839781384899,2.462653028113583,0.28423509517542545,-0.9259493436332334,-0.14372701009049224
