,flag,epoch,sbx,sby,sbz,sbvx,sbvy,sbvz
0,1.0,2456822.5,41.708219770909835,10.558035220940578,-1.4264055816349204,-0.1637897588402426,0.9525445046999658,0.024350217238051218
