,flag,epoch,sbx,sby,sbz,sbvx,sbvy,sbvz
0,1,2457240.5,-22.031702010788905,33.013843133006134,6.024110303999294,-0.7012973026862901,-0.6825105432649412,0.31015715040473424
