,flag,epoch,sbx,sby,sbz,sbvx,sbvy,sbvz
0,1.0,2457545.5,34.032102580394685,9.755126490901345,-12.059340328786629,-0.1307912657454309,0.9988077491962739,0.4118652165249973
