,flag,epoch,sbx,sby,sbz,sbvx,sbvy,sbvz
0,1.0,2456356.5,38.22590254661005,22.407121625188843,4.8647209602735995,-0.3465611589239288,0.8062844867487208,-0.25344930652429437
