,mass_1,radius_1,x_1,y_1,z_1,vx_1,vy_1,vz_1,mass_2,radius_2,x_2,y_2,z_2,vx_2,vy_2,vz_2,mass_3,radius_3,x_3,y_3,z_3,vx_3,vy_3,vz_3,mass_4,radius_4,x_4,y_4,z_4,vx_4,vy_4,vz_4,mass_5,radius_5,x_5,y_5,z_5,vx_5,vy_5,vz_5,mass_6,radius_6,x_6,y_6,z_6,vx_6,vy_6,vz_6,mass_7,radius_7,x_7,y_7,z_7,vx_7,vy_7,vz_7,mass_8,radius_8,x_8,y_8,z_8,vx_8,vy_8,vz_8
0,1.660120825375342e-07,1.631393540950981e-08,0.3139740303376414,-0.2566307430018125,-0.04977573709750117,4.474212740065915,8.436450298931195,0.27879787524961036,2.447838287784771e-06,4.045378434654418e-08,-0.7069193223088339,-0.1351734529924442,0.03894614124363591,1.3403627141411287,-7.289347043023561,-0.1772384582703674,3.040432648020684e-06,4.437104331057835e-07,0.465563191707746,-0.9032164720464059,2.738613444236583e-05,5.483457610367565,2.855629272200174,-9.359227302083242e-05,3.2271560375549955e-07,2.270212793877687e-08,0.2895318974852116,1.515441322237556,0.02464129983742882,-4.826756526730918,1.3929757751372165,0.14768338475457576,0.0009547919099366768,4.778945025452157e-07,-0.08442504723847083,5.131028051990016,-0.01942072970236135,-2.7916938367268753,0.08552633685529881,0.06211476554678846,0.0002858856700231729,4.0286669668487467e-07,-7.46418860427544,-6.402300996789783,0.4084930496929479,1.2138537221966816,-1.5517011518380273,-0.021368071435258016,4.3662496132004074e-05,1.708513622580592e-07,19.76790104910973,3.314813107665893,-0.243730552961557,-0.2501862617126192,1.3495951807372892,0.00827839357106728,5.151383772628657e-05,1.6553711549585576e-07,26.84109699730782,-13.3603368064759,-0.3433278221586805,0.5010970160929962,1.0329434977622685,-0.03282629320328166
