,flag,epoch,sbx,sby,sbz,sbvx,sbvy,sbvz
0,1.0,2457797.5,1.395288215549514,1.6601533474539285,0.1223991501458075,-3.15950317057873,2.864166925965866,-0.24671975071557917
