,flag,epoch,sbx,sby,sbz,sbvx,sbvy,sbvz
0,1.0,2457705.5,21.84277303201822,-30.074185454140334,-17.903319892467607,0.9212504145196594,0.6778284591799515,0.39845158282808196
