,flag,epoch,sbx,sby,sbz,sbvx,sbvy,sbvz
0,1.0,2458324.5,26.53211775480136,23.492577172744355,-16.204550418710475,-0.7263376112559533,0.6906193183400333,-0.032503252161752164
