,flag,epoch,sbx,sby,sbz,sbvx,sbvy,sbvz
0,1.0,2455480.0,-37.063148455664994,-12.639859931121094,5.781800744095576,0.2626959502293454,-0.8541395702203459,-0.39144806920140374
