,mass_1,radius_1,x_1,y_1,z_1,vx_1,vy_1,vz_1,mass_2,radius_2,x_2,y_2,z_2,vx_2,vy_2,vz_2,mass_3,radius_3,x_3,y_3,z_3,vx_3,vy_3,vz_3,mass_4,radius_4,x_4,y_4,z_4,vx_4,vy_4,vz_4,mass_5,radius_5,x_5,y_5,z_5,vx_5,vy_5,vz_5,mass_6,radius_6,x_6,y_6,z_6,vx_6,vy_6,vz_6,mass_7,radius_7,x_7,y_7,z_7,vx_7,vy_7,vz_7,mass_8,radius_8,x_8,y_8,z_8,vx_8,vy_8,vz_8
0,1.660120825375342e-07,1.631393540950981e-08,-0.3950925946271207,-0.0898355239175443,0.02891229650116919,0.1445717024552438,-9.57772252036557,-0.7958050949385991,2.447838287784771e-06,4.045378434654418e-08,0.7105915587513134,0.142462487009639,-0.03905778755449086,-1.4796000756742316,7.2101201724298845,0.1841481721210916,3.040432648020684e-06,4.437104331057835e-07,0.9350626004612513,0.3476145545720173,-1.226002764531763e-05,-2.2917530863337383,5.866548848115989,-0.00014112003695856748,3.2271560375549955e-07,2.270212793877687e-08,-0.5463425962349205,-1.401277882698246,-0.0159472940493658,4.954562725671699,-1.4183298345674094,-0.1513812981082163,0.0009547919099366768,4.778945025452157e-07,4.954137650127032,0.02526807972484202,-0.110969266671276,-0.04810054496378785,2.8898105970545758,-0.010922308144848373,0.0002858856700231729,4.0286669668487467e-07,-9.45938945200664,-1.334191151591047,0.399762838021788,0.17494055501436065,-2.0198191490242237,0.02821143208039008,4.3662496132004074e-05,1.708513622580592e-07,20.08456303159152,-0.4601048835593788,-0.2618779184281458,0.022358007302994528,1.371526932380274,0.004795416191735316,5.151383772628657e-05,1.6553711549585576e-07,25.30575408095667,-16.14099750057215,-0.2507480057241839,0.6090462195804706,0.9757379480855498,-0.034084939814961676
