,flag,epoch,sbx,sby,sbz,sbvx,sbvy,sbvz
0,1.0,2457487.5,23.005041973211256,27.826392216192392,-1.287892473927505,-0.667916057527504,0.8653586344430384,-0.23239193094206642
