,flag,epoch,sbx,sby,sbz,sbvx,sbvy,sbvz
0,1.0,2456910.0,2.242575839425756,-0.1449769454345674,-0.3603824637876493,0.9307705304586609,4.30387800429043,0.45235761924461604
1,1.0,2456910.0,2.2425758478794013,-0.14497693540176126,-0.36038246950839525,0.930770506865556,4.303877983785001,0.4523577157436714
