,flag,epoch,sbx,sby,sbz,sbvx,sbvy,sbvz
0,1.0,2457800.0,1.8382053213714151,-0.9203901674982767,-0.15605803886850378,2.3003230175107414,3.982745655657065,0.36419527742498264
1,1.0,2457800.0,1.8382053078558316,-0.9203902246871727,-0.15605802965818788,2.300323080560817,3.9827455879371914,0.36419529721242255
