,flag,epoch,sbx,sby,sbz,sbvx,sbvy,sbvz
0,1.0,2457750.0,-2.25576354021933,0.28163374164574373,0.1487900843066351,-0.6043168135750782,-4.25466478762701,-0.39036422392686254
1,1.0,2457750.0,-2.255763537718551,0.28163374811878833,0.14879008576181327,-0.6043168147468935,-4.254664788461622,-0.39036422579691393
