,flag,epoch,sbx,sby,sbz,sbvx,sbvy,sbvz
0,1.0,2457050.0,-2.585132704066577,0.5919125521451527,-0.22840293402416162,-1.2487233044077466,-3.369941062649944,0.5503116439626388
1,1.0,2457050.0,-2.58513273409271,0.5919125744933565,-0.22840294482752255,-1.2487232860883108,-3.3699410096578073,0.5503116582332267
