,flag,epoch,sbx,sby,sbz,sbvx,sbvy,sbvz
0,1.0,2457990.0,1.1599011875312364,-2.057828990198725,-0.27395921271580587,3.3165357956686736,2.1828576664572474,-0.19862682358594674
1,1.0,2457990.0,1.1599011838157578,-2.0578289310195372,-0.2739592182406799,3.316535822566238,2.1828577727337786,-0.19862680802099753
