,mass_1,radius_1,x_1,y_1,z_1,vx_1,vy_1,vz_1,mass_2,radius_2,x_2,y_2,z_2,vx_2,vy_2,vz_2,mass_3,radius_3,x_3,y_3,z_3,vx_3,vy_3,vz_3,mass_4,radius_4,x_4,y_4,z_4,vx_4,vy_4,vz_4,mass_5,radius_5,x_5,y_5,z_5,vx_5,vy_5,vz_5,mass_6,radius_6,x_6,y_6,z_6,vx_6,vy_6,vz_6,mass_7,radius_7,x_7,y_7,z_7,vx_7,vy_7,vz_7,mass_8,radius_8,x_8,y_8,z_8,vx_8,vy_8,vz_8
0,1.660120825375342e-07,1.631393540950981e-08,0.3507744137466752,0.0141635378851713,-0.03103043581905066,-2.3990518724197347,10.727904361064265,1.0966156519089718,2.447838287784771e-06,4.045378434654418e-08,-0.7090189171079222,-0.1233323495032531,0.03923008701859865,1.2189966548654063,-7.311349115006069,-0.17045347177431608,3.040432648020684e-06,4.437104331057835e-07,-0.9867527291633194,-0.1528270718362585,6.095273912815202e-06,0.8593499071514086,-6.233417251416703,0.0001275542755873052,3.2271560375549955e-07,2.270212793877687e-08,1.084077202869071,-0.8610033436213262,-0.04466146500185497,3.3735859827765378,4.439843828718837,0.01018104108631234,0.0009547919099366768,4.778945025452157e-07,3.254797622902691,-3.905291610418212,-0.05662265782176275,2.0848806903682493,1.8972357094996586,-0.05453162678082387,0.0002858856700231729,4.0286669668487467e-07,-9.212804025711307,1.797786435350218,0.3353834210916182,-0.4978387681889608,-2.0030354740215124,0.054719359136625,4.3662496132004074e-05,1.708513622580592e-07,19.93219150637048,-2.568778298777047,-0.2677143698017667,0.17477127643522875,1.3591588099574161,0.0027686574882781947,5.151383772628657e-05,1.6553711549585576e-07,24.32110943701347,-17.6168453769063,-0.1977266895930197,0.6668540904543377,0.9366653637249277,-0.034624979533411746
