,flag,epoch,sbx,sby,sbz,sbvx,sbvy,sbvz
0,1,2457592.5,-18.865839443575226,38.980276677501685,1.142430164246584,-0.8587307701806689,-0.4122196174603705,0.012906253572189446
