,flag,epoch,sbx,sby,sbz,sbvx,sbvy,sbvz
0,1,2457168.5,0.8792434780157132,-3.1300274890757174,0.05421020540527294,2.8513211741062907,1.217307114674015,0.5067485073242096
