,mass_1,radius_1,x_1,y_1,z_1,vx_1,vy_1,vz_1,mass_2,radius_2,x_2,y_2,z_2,vx_2,vy_2,vz_2,mass_3,radius_3,x_3,y_3,z_3,vx_3,vy_3,vz_3,mass_4,radius_4,x_4,y_4,z_4,vx_4,vy_4,vz_4,mass_5,radius_5,x_5,y_5,z_5,vx_5,vy_5,vz_5,mass_6,radius_6,x_6,y_6,z_6,vx_6,vy_6,vz_6,mass_7,radius_7,x_7,y_7,z_7,vx_7,vy_7,vz_7,mass_8,radius_8,x_8,y_8,z_8,vx_8,vy_8,vz_8
0,1.660120825375342e-07,1.631393540950981e-08,0.3294368334715385,-0.2239755304016705,-0.04852453570396616,3.7563354439750496,8.972102354578881,0.38850621702809246,2.447838287784771e-06,4.045378434654418e-08,0.08793564553203312,0.7146925201735934,0.004724814051192255,-7.357210897874462,0.8646310832732697,0.43641234814367674,3.040432648020684e-06,4.437104331057835e-07,-0.1713651635739126,-1.000828576107488,3.78790293908626e-05,6.09133895707024,-1.0839884192566112,1.3221439837266234e-05,3.2271560375549955e-07,2.270212793877687e-08,-0.463587811413701,-1.422524587699441,-0.01843239328168249,5.052233043623832,-1.144594652436079,-0.14797987238839075,0.0009547919099366768,4.778945025452157e-07,-5.421437427086853,0.4486843028107996,0.119448055587125,-0.26050080960885125,-2.6191547395360812,0.01670639726040897,0.0002858856700231729,4.0286669668487467e-07,-2.911249997937756,-9.593735897162851,0.2826436141630323,1.8386719027957543,-0.5999829773384291,-0.06278047358614756,4.3662496132004074e-05,1.708513622580592e-07,18.64544271955815,7.121198550256433,-0.2149848013622,-0.5228473916967792,1.2724684057754516,0.01151168086676299,5.151383772628657e-05,1.6553711549585576e-07,28.12632982858965,-10.29949548167776,-0.4360777848472941,0.3867724138008281,1.0809539173484408,-0.031222075280504094
