,flag,epoch,sbx,sby,sbz,sbvx,sbvy,sbvz
0,1.0,2454720.0,-11.2731026267745,-40.04927232005765,-0.5493625016915102,0.9854000592686895,-0.20699820061524352,-0.07056217082507175
