,flag,epoch,sbx,sby,sbz,sbvx,sbvy,sbvz
0,1.0,2457900.0,2.1868468036028097,0.3401765793524077,-0.19912599885473775,-0.1670090525941394,4.2758683098429335,0.34288203710226484
1,1.0,2457900.0,2.1868468081546126,0.3401764689833883,-0.19912597820609662,-0.16700895156843154,4.275868335102155,0.3428820306353651
