,mass_1,radius_1,x_1,y_1,z_1,vx_1,vy_1,vz_1,mass_2,radius_2,x_2,y_2,z_2,vx_2,vy_2,vz_2,mass_3,radius_3,x_3,y_3,z_3,vx_3,vy_3,vz_3,mass_4,radius_4,x_4,y_4,z_4,vx_4,vy_4,vz_4,mass_5,radius_5,x_5,y_5,z_5,vx_5,vy_5,vz_5,mass_6,radius_6,x_6,y_6,z_6,vx_6,vy_6,vz_6,mass_7,radius_7,x_7,y_7,z_7,vx_7,vy_7,vz_7,mass_8,radius_8,x_8,y_8,z_8,vx_8,vy_8,vz_8
0,1.660120825375342e-07,1.631393540950981e-08,-0.348801710639653,0.1018277952850572,0.04032024644146241,-5.006127243334859,-9.424559495663349,-0.3108309548881843,2.447838287784771e-06,4.045378434654418e-08,0.314642791151803,0.6491411111890771,-0.009255852688160033,-6.671661313430002,3.18876415549505,0.428720952950836,3.040432648020684e-06,4.437104331057835e-07,-0.3314416302143939,0.9258744826992017,-3.332039805478642e-05,-6.018616055938437,-2.1413126744230118,0.00010951528029230279,3.2271560375549955e-07,2.270212793877687e-08,1.319214660214331,0.5169200014586803,-0.02154396515238133,-1.6692289795101682,5.196209999819349,0.1498562260819603,0.0009547919099366768,4.778945025452157e-07,-5.347535398094586,-1.076181581529087,0.1241265329203129,0.5111098112195775,-2.5743419881298526,-0.0007462924253331055,0.0002858856700231729,4.0286669668487467e-07,-1.821867034628592,-9.87913533905337,0.2442318543734566,1.8932229997232028,-0.3779249024788255,-0.06880209154002045,4.3662496132004074e-05,1.708513622580592e-07,18.32507785619636,7.857050246926872,-0.2080976941683557,-0.5757802966266692,1.2508388086019029,0.012107334008266975,5.151383772628657e-05,1.6553711549585576e-07,28.34504848983721,-9.666575017083979,-0.4541807393451537,0.3632680161362998,1.0896201297126173,-0.03085862819217471
