,flag,epoch,sbx,sby,sbz,sbvx,sbvy,sbvz
0,1.0,2457615.5,-10.248338517172556,-2.0311663241808104,-1.6096684703489859,0.2155344861806788,-2.2603279132425,0.7077877273630058
