,mass_1,radius_1,x_1,y_1,z_1,vx_1,vy_1,vz_1,mass_2,radius_2,x_2,y_2,z_2,vx_2,vy_2,vz_2,mass_3,radius_3,x_3,y_3,z_3,vx_3,vy_3,vz_3,mass_4,radius_4,x_4,y_4,z_4,vx_4,vy_4,vz_4,mass_5,radius_5,x_5,y_5,z_5,vx_5,vy_5,vz_5,mass_6,radius_6,x_6,y_6,z_6,vx_6,vy_6,vz_6,mass_7,radius_7,x_7,y_7,z_7,vx_7,vy_7,vz_7,mass_8,radius_8,x_8,y_8,z_8,vx_8,vy_8,vz_8
0,1.660120825375342e-07,1.631393540950981e-08,0.2900580230803915,-0.2960092605044706,-0.05079808509404166,5.30179113047341,7.680152761158281,0.14112190012166267,2.447838287784771e-06,4.045378434654418e-08,-0.04177690764207849,0.7181417120310326,0.01225364425642213,-7.400486389276165,-0.46846110845327005,0.4206540732483567,3.040432648020684e-06,4.437104331057835e-07,-0.9938407680352193,-0.0835171452134705,5.819098198675978e-06,0.42392119256644556,-6.2855177132021565,0.0002080559011403905,3.2271560375549955e-07,2.270212793877687e-08,1.115980062904363,0.9259000988280259,-0.007990323262477318,-3.068131922229107,4.369922601149603,0.16687078229323535,0.0009547919099366768,4.778945025452157e-07,-4.162843175367664,3.35408779450594,0.07922020303929567,-1.763798654251428,-2.018059625145621,0.047848670815310475,0.0002858856700231729,4.0286669668487467e-07,-5.035088546250434,-8.59675233753423,0.3498906346014882,1.6459661354324746,-1.0372420994490845,-0.04752471146291934,4.3662496132004074e-05,1.708513622580592e-07,19.21179125006257,5.553603536956881,-0.2281665044145253,-0.4105701802757205,1.3109992638212986,0.01021353599994314,5.151383772628657e-05,1.6553711549585576e-07,27.62792424718015,-11.59912640693437,-0.3977719856296985,0.4349590337951914,1.0618705147436256,-0.03193136867252149
