,flag,epoch,sbx,sby,sbz,sbvx,sbvy,sbvz
0,1,2457100.0,1.6750837473794211,2.6823000703456312,-0.12489551120388026,-2.8388582616271507,1.8916702522831723,0.6596686612249895
