,mass_1,radius_1,x_1,y_1,z_1,vx_1,vy_1,vz_1,mass_2,radius_2,x_2,y_2,z_2,vx_2,vy_2,vz_2,mass_3,radius_3,x_3,y_3,z_3,vx_3,vy_3,vz_3,mass_4,radius_4,x_4,y_4,z_4,vx_4,vy_4,vz_4,mass_5,radius_5,x_5,y_5,z_5,vx_5,vy_5,vz_5,mass_6,radius_6,x_6,y_6,z_6,vx_6,vy_6,vz_6,mass_7,radius_7,x_7,y_7,z_7,vx_7,vy_7,vz_7,mass_8,radius_8,x_8,y_8,z_8,vx_8,vy_8,vz_8
0,1.660120825375342e-07,1.631393540950981e-08,0.2253014879642417,-0.3686189051860836,-0.05079008167608937,6.715861541321304,5.865341740148793,-0.1368839053109193,2.447838287784771e-06,4.045378434654418e-08,-0.6251693080904257,0.3521739339307671,0.04090466211384005,-3.656668709984961,-6.472473807393422,0.12227270714950483,3.040432648020684e-06,4.437104331057835e-07,0.1982426407193515,0.964601731368535,-3.568582507558092e-05,-6.257590882457581,1.241478001616392,-1.6022339121001066e-05,3.2271560375549955e-07,2.270212793877687e-08,-1.60585820051975,0.4335544023958355,0.0484970041463149,-1.1411435409094648,-4.498093184410056,-0.06625000073106478,0.0009547919099366768,4.778945025452157e-07,-5.12542343196377,1.733626240877368,0.1074886361368293,-0.9168269689988982,-2.483151189235219,0.030826377174055394,0.0002858856700231729,4.0286669668487467e-07,-3.816493143899331,-9.246414611428138,0.3126530216116957,1.7718119477871597,-0.7854788244622548,-0.056904824092784315,4.3662496132004074e-05,1.708513622580592e-07,18.89589581071097,6.479346602527719,-0.2206204826015421,-0.47685305058526883,1.2894409582366515,0.01098435043139114,5.151383772628657e-05,1.6553711549585576e-07,27.92753155060477,-10.83915625366385,-0.4203583599107228,0.4067400557660841,1.0732358715553687,-0.03152321518278481
