,mass_1,radius_1,x_1,y_1,z_1,vx_1,vy_1,vz_1,mass_2,radius_2,x_2,y_2,z_2,vx_2,vy_2,vz_2,mass_3,radius_3,x_3,y_3,z_3,vx_3,vy_3,vz_3,mass_4,radius_4,x_4,y_4,z_4,vx_4,vy_4,vz_4,mass_5,radius_5,x_5,y_5,z_5,vx_5,vy_5,vz_5,mass_6,radius_6,x_6,y_6,z_6,vx_6,vy_6,vz_6,mass_7,radius_7,x_7,y_7,z_7,vx_7,vy_7,vz_7,mass_8,radius_8,x_8,y_8,z_8,vx_8,vy_8,vz_8
0,1.660120825375342e-07,1.631393540950981e-08,-0.1821206370470782,-0.4271439747517334,-0.01819326064718073,7.385865869773099,-3.5263733670212183,-0.9657542769108891,2.447838287784771e-06,4.045378434654418e-08,0.6762882206957465,-0.2651931539568653,-0.04266142713668983,2.6563351107016513,6.8458843026888045,-0.05944215144355086,3.040432648020684e-06,4.437104331057835e-07,0.8944845946220766,-0.4706138041100771,1.233844545072011e-05,2.8236253807454275,5.537700103511266,-0.00020484057328318682,3.2271560375549955e-07,2.270212793877687e-08,-0.7545466355776234,1.443533521542476,0.04876642122588974,-4.335885697543489,-1.9332016376799466,0.06591041996700102,0.0009547919099366768,4.778945025452157e-07,-4.802837666639011,2.439857838623881,0.09733752543428015,-1.2823264781879637,-2.3293877409915584,0.03836713990103046,0.0002858856700231729,4.0286669668487467e-07,-4.328745783809275,-9.000806630108215,0.3287833135348776,1.7243938522103388,-0.8909261071493855,-0.05318595455578915,4.3662496132004074e-05,1.708513622580592e-07,19.03161484470667,6.100229494475104,-0.223792565689381,-0.4496603623333748,1.2987271991506915,0.01066961471748251,5.151383772628657e-05,1.6553711549585576e-07,27.80666949584639,-11.15289581816715,-0.4110986623633885,0.41841641710813243,1.0686646300411349,-0.031694500496736756
