,flag,epoch,sbx,sby,sbz,sbvx,sbvy,sbvz
0,1.0,2458246.5,4.421238183810663,-20.10170738695956,-2.6649373871671953,1.4596413902968566,-0.261033160700349,0.19823913212854982
