,flag,epoch,sbx,sby,sbz,sbvx,sbvy,sbvz
0,1.0,2455757.5,-35.28241693620597,-19.61178470610701,0.17664797283549583,0.4763810615860717,-0.909799910791312,-0.025222741159232502
