,flag,epoch,sbx,sby,sbz,sbvx,sbvy,sbvz
0,1.0,2457850.0,2.312912091207036,0.11823363676006593,-0.030168035192243634,-0.5967236393913092,4.145139959906991,-0.44891286187202234
1,1.0,2457850.0,2.3129121222491054,0.1182335562947705,-0.03016802526845331,-0.5967235334204125,4.145139929332976,-0.4489128284194477
