,mass_1,radius_1,x_1,y_1,z_1,vx_1,vy_1,vz_1,mass_2,radius_2,x_2,y_2,z_2,vx_2,vy_2,vz_2,mass_3,radius_3,x_3,y_3,z_3,vx_3,vy_3,vz_3,mass_4,radius_4,x_4,y_4,z_4,vx_4,vy_4,vz_4,mass_5,radius_5,x_5,y_5,z_5,vx_5,vy_5,vz_5,mass_6,radius_6,x_6,y_6,z_6,vx_6,vy_6,vz_6,mass_7,radius_7,x_7,y_7,z_7,vx_7,vy_7,vz_7,mass_8,radius_8,x_8,y_8,z_8,vx_8,vy_8,vz_8
0,1.660120825375342e-07,1.631393540950981e-08,-0.3801947750872594,-0.1909347887571179,0.01927646481500716,2.4925868263221393,-8.735329229061687,-0.9424597893289332,2.447838287784771e-06,4.045378434654418e-08,0.7123533048795575,-0.1398185535596528,-0.04302524472017973,1.3863613812824405,7.216029740741264,0.01898991093469026,3.040432648020684e-06,4.437104331057835e-07,0.9971924794742492,0.09689151533946885,-8.18528206713016e-06,-0.710030618349284,6.230891867825651,-0.00026781572954558206,3.2271560375549955e-07,2.270212793877687e-08,1.329111707195965,-0.3785480105203869,-0.04054566639469967,1.5949271407544852,5.352466048743617,0.07302057831515933,0.0009547919099366768,4.778945025452157e-07,-2.756824110482495,-4.614533559100644,0.08085088470522292,2.3350198921607515,-1.2848545203567459,-0.04691117188483277,0.0002858856700231729,4.0286669668487467e-07,1.471065176033359,-9.954707807802402,0.1144807579078813,1.9063474223568515,0.29059264987950695,-0.08091139103295567,4.3662496132004074e-05,1.708513622580592e-07,17.20598779516289,9.942175844741655,-0.1858786961628498,-0.7269060885587538,1.1756572578819278,0.0137544796619555,5.151383772628657e-05,1.6553711549585576e-07,28.90846611483962,-7.775512911972024,-0.5061759410308659,0.29268634175250735,1.113104938173604,-0.02969323639778851
