,flag,epoch,sbx,sby,sbz,sbvx,sbvy,sbvz
0,1.0,2457811.5,31.492667042525625,14.3058572301775,-16.101530298684008,-0.5706610766360566,0.914549863038101,-0.18549253563562068
