,flag,epoch,sbx,sby,sbz,sbvx,sbvy,sbvz
0,1,2457210.0,-3.438779534001918,0.20205289069476484,0.27230390937518917,0.030134141848238715,-3.349096747377605,-0.03678920486779049
