,flag,epoch,sbx,sby,sbz,sbvx,sbvy,sbvz
0,1,2456640.0,1.0874896600012829,-2.178706693964454,0.3422412542638179,4.0159430731136965,1.1141956421890988,0.5196310140524221
