,flag,epoch,sbx,sby,sbz,sbvx,sbvy,sbvz
0,1.0,2456780.0,2.429611057952911,0.5800403805885549,0.43211922031467975,-0.49620866826750243,4.193427910412849,0.30017372821627414
