,flag,epoch,sbx,sby,sbz,sbvx,sbvy,sbvz
0,1.0,2457130.0,1.892556208111332,0.8347699392755075,0.07357877958078428,-1.9576197622348779,4.198011175940773,0.037106822099711445
1,1.0,2457130.0,1.8925561746150152,0.8347700519393679,0.07357880177443062,-1.9576198271051695,4.198011107809533,0.03710685572046353
