,mass_1,radius_1,x_1,y_1,z_1,vx_1,vy_1,vz_1,mass_2,radius_2,x_2,y_2,z_2,vx_2,vy_2,vz_2,mass_3,radius_3,x_3,y_3,z_3,vx_3,vy_3,vz_3,mass_4,radius_4,x_4,y_4,z_4,vx_4,vy_4,vz_4,mass_5,radius_5,x_5,y_5,z_5,vx_5,vy_5,vz_5,mass_6,radius_6,x_6,y_6,z_6,vx_6,vy_6,vz_6,mass_7,radius_7,x_7,y_7,z_7,vx_7,vy_7,vz_7,mass_8,radius_8,x_8,y_8,z_8,vx_8,vy_8,vz_8
0,1.660120825375342e-07,1.631393540950981e-08,0.3403928354816821,-0.194548345836115,-0.04712914804885694,3.084758453573266,9.391871850349371,0.4842846018987361,2.447838287784771e-06,4.045378434654418e-08,-0.3527235336819393,-0.6332357898222689,0.0116847972322829,6.402581380294466,-3.6284218499534844,-0.4191947643477759,3.040432648020684e-06,4.437104331057835e-07,0.1890396280901449,0.9664095057962779,-2.255264463172003e-05,-6.269156349282583,1.1826647248532147,-9.024190836431417e-06,3.2271560375549955e-07,2.270212793877687e-08,-0.4683021235511801,1.538372491461188,0.04373367594386413,-4.695770166896123,-1.054733105466593,0.09320805448697697,0.0009547919099366768,4.778945025452157e-07,4.440011282700449,-2.315832514225284,-0.08974399690688922,1.2414271089310767,2.577128779459008,-0.038481231389092416,0.0002858856700231729,4.0286669668487467e-07,-9.454097722306697,0.3759129814944415,0.3697635498149754,-0.1893297346819073,-2.0384994257718048,0.04305148934118664,4.3662496132004074e-05,1.708513622580592e-07,20.03070875447953,-1.611335582078098,-0.2654454923635115,0.10568377720712682,1.3669553880268663,0.003691936541051118,5.151383772628657e-05,1.6553711549585576e-07,24.78036385078869,-16.95253189794655,-0.2219643794554432,0.6409437416628503,0.9550636127315537,-0.03439847954788794
