,mass_1,radius_1,x_1,y_1,z_1,vx_1,vy_1,vz_1,mass_2,radius_2,x_2,y_2,z_2,vx_2,vy_2,vz_2,mass_3,radius_3,x_3,y_3,z_3,vx_3,vy_3,vz_3,mass_4,radius_4,x_4,y_4,z_4,vx_4,vy_4,vz_4,mass_5,radius_5,x_5,y_5,z_5,vx_5,vy_5,vz_5,mass_6,radius_6,x_6,y_6,z_6,vx_6,vy_6,vz_6,mass_7,radius_7,x_7,y_7,z_7,vx_7,vy_7,vz_7,mass_8,radius_8,x_8,y_8,z_8,vx_8,vy_8,vz_8
0,1.660120825375342e-07,1.631393540950981e-08,0.1799498811891674,0.2543755844323351,0.004276656748225542,-10.433227339827065,6.352368933910087,1.4762290773787574,2.447838287784771e-06,4.045378434654418e-08,0.6019956569072555,0.4011076498891492,-0.0292389415257776,-4.118990831485922,6.116352766235737,0.32155870624169225,3.040432648020684e-06,4.437104331057835e-07,-0.005743016761191808,0.9836661627136575,-3.706620677180694e-05,-6.3861716386362835,-0.06007946153034388,3.3145763138024286e-05,3.2271560375549955e-07,2.270212793877687e-08,1.380515326883362,0.2385472898279794,-0.02888188914789086,-0.6745471623881146,5.473955980501659,0.1312650490362808,0.0009547919099366768,4.778945025452157e-07,-5.372359792880088,-0.9419273528324225,0.1241244887158475,0.44326954256556367,-2.5870971792638358,0.0008248652415911328,0.0002858856700231729,4.0286669668487467e-07,-1.920251842838257,-9.8589556681388,0.2477979082089342,1.8893821887242053,-0.3979246741574035,-0.06830213634501897,4.3662496132004074e-05,1.708513622580592e-07,18.3549074888142,7.791929871741532,-0.2087261483174935,-0.5710877725514661,1.252865557510994,0.01205496898107823,5.151383772628657e-05,1.6553711549585576e-07,28.32609682750705,-9.723236829368114,-0.4525746417425487,0.36537501145771,1.0888769449320281,-0.03089165793304319
