,flag,epoch,sbx,sby,sbz,sbvx,sbvy,sbvz
0,1.0,2456930.0,1.5240527421695107,-1.1687613092500482,-0.06167073194545006,2.7751060733710307,4.077859683890521,0.4222126595544591
