,flag,epoch,sbx,sby,sbz,sbvx,sbvy,sbvz
0,1,2454041.5,-32.89389823427878,-31.063445952951376,0.7694529278653904,0.5964732686640527,-0.7034500600552116,0.005294654385471957
