,flag,epoch,sbx,sby,sbz,sbvx,sbvy,sbvz
0,1,2456723.5,-1.322840453653844,1.9803602228855328,0.6934422979058873,-3.812423206453616,-0.9756523284113398,-1.0074523933980664
