,flag,epoch,sbx,sby,sbz,sbvx,sbvy,sbvz
0,1.0,2453630.0,-36.214141100045794,25.556356791146516,1.063438648070006,-0.5721241279282203,-0.7472848832885879,0.012758874615336275
