,mass_1,radius_1,x_1,y_1,z_1,vx_1,vy_1,vz_1,mass_2,radius_2,x_2,y_2,z_2,vx_2,vy_2,vz_2,mass_3,radius_3,x_3,y_3,z_3,vx_3,vy_3,vz_3,mass_4,radius_4,x_4,y_4,z_4,vx_4,vy_4,vz_4,mass_5,radius_5,x_5,y_5,z_5,vx_5,vy_5,vz_5,mass_6,radius_6,x_6,y_6,z_6,vx_6,vy_6,vz_6,mass_7,radius_7,x_7,y_7,z_7,vx_7,vy_7,vz_7,mass_8,radius_8,x_8,y_8,z_8,vx_8,vy_8,vz_8
0,1.660120825375342e-07,1.631393540950981e-08,0.2481611207288071,0.2009334848194516,-0.006349012884646219,-8.488311257531366,8.427901415196347,1.467401244787633,2.447838287784771e-06,4.045378434654418e-08,-0.7139028600063622,-0.08891182542034307,0.03997764360488053,0.8672486183535911,-7.363838267186527,-0.15100824853822534,3.040432648020684e-06,4.437104331057835e-07,-0.1925849250093511,0.9642589996136798,-3.38828195413116e-05,-6.264540196312848,-1.2543091875337342,7.389697550354556e-05,3.2271560375549955e-07,2.270212793877687e-08,-1.649651903841646,0.1509196703058812,0.04364921905348454,-0.27500231420700283,-4.653419193950458,-0.09076354890776299,0.0009547919099366768,4.778945025452157e-07,-5.179469854648153,1.579864512823796,0.1093364759539335,-0.8377739854896789,-2.508575622272268,0.02916276186201109,0.0002858856700231729,4.0286669668487467e-07,-3.707061653657359,-9.29410975447273,0.3091242442557,1.7810185491680703,-0.7630065832061971,-0.057661295730104326,4.3662496132004074e-05,1.708513622580592e-07,18.8663459393738,6.558716239957934,-0.2199418231087007,-0.4825311548060826,1.2874233413094023,0.011049411344964443,5.151383772628657e-05,1.6553711549585576e-07,27.9525121667536,-10.77301386931911,-0.4222991350911671,0.4042972847085986,1.0741867632686348,-0.031487274646790235
