,flag,epoch,sbx,sby,sbz,sbvx,sbvy,sbvz
0,1.0,2456923.5,29.962883257891768,17.997967165058487,-10.778735030348635,-0.5606307771515403,0.8530761333098904,0.38175571071802517
