,flag,epoch,sbx,sby,sbz,sbvx,sbvy,sbvz
0,1,2457040.0,-0.6490649221828373,-2.193278614515692,0.015705886642155074,4.23377630715033,-0.5702712971284948,-0.22858210869165937
