,mass_1,radius_1,x_1,y_1,z_1,vx_1,vy_1,vz_1,mass_2,radius_2,x_2,y_2,z_2,vx_2,vy_2,vz_2,mass_3,radius_3,x_3,y_3,z_3,vx_3,vy_3,vz_3,mass_4,radius_4,x_4,y_4,z_4,vx_4,vy_4,vz_4,mass_5,radius_5,x_5,y_5,z_5,vx_5,vy_5,vz_5,mass_6,radius_6,x_6,y_6,z_6,vx_6,vy_6,vz_6,mass_7,radius_7,x_7,y_7,z_7,vx_7,vy_7,vz_7,mass_8,radius_8,x_8,y_8,z_8,vx_8,vy_8,vz_8
0,1.660120825375342e-07,1.631393540950981e-08,0.3170393964131766,-0.2507092776692818,-0.04957451191427673,4.346525826964828,0.0,0.0,2.447838287784771e-06,4.045378434654418e-08,-0.5740791009509757,0.4303912256793796,0.03902839841630412,-4.45986817076175,0.0,0.0,3.040432648020684e-06,4.437104331057835e-07,0.810136894357112,-0.607611531204913,1.508400917716056e-05,3.6679724251395136,0.0,0.0,3.2271560375549955e-07,2.270212793877687e-08,0.5036858487822551,1.435798423631952,0.01771680664152557,-4.62907755497892,0.0,0.0,0.0009547919099366768,4.778945025452157e-07,4.35807606817927,2.355713458479468,-0.1073073282669358,-1.3453452027421273,2.558080556820038,0.019483967071606483,0.0002858856700231729,4.0286669668487467e-07,-9.165177624284171,-2.999422526189676,0.4170412169389321,0.5228056418047277,-1.939089932304977,0.012934249671295313,4.3662496132004074e-05,1.708513622580592e-07,20.0683424469003,0.6908345820490003,-0.2573962208121976,-0.061001427636670706,1.3707345285149428,0.005883438339680694,5.151383772628657e-05,1.6553711549585576e-07,25.80323590636044,-15.31414405637846,-0.2792060712005363,0.5765492844104758,0.9947260343008025,-0.03373484043711167
