,flag,epoch,sbx,sby,sbz,sbvx,sbvy,sbvz
0,1,2457690.0,-0.8104943296274152,-2.2349460416659888,0.1740630642542087,4.137374543690698,-1.2563582001351723,0.23761017244888202
