,mass_1,radius_1,x_1,y_1,z_1,vx_1,vy_1,vz_1,mass_2,radius_2,x_2,y_2,z_2,vx_2,vy_2,vz_2,mass_3,radius_3,x_3,y_3,z_3,vx_3,vy_3,vz_3,mass_4,radius_4,x_4,y_4,z_4,vx_4,vy_4,vz_4,mass_5,radius_5,x_5,y_5,z_5,vx_5,vy_5,vz_5,mass_6,radius_6,x_6,y_6,z_6,vx_6,vy_6,vz_6,mass_7,radius_7,x_7,y_7,z_7,vx_7,vy_7,vz_7,mass_8,radius_8,x_8,y_8,z_8,vx_8,vy_8,vz_8
0,1.660120825375342e-07,1.631393540950981e-08,-0.3731638478458034,-0.2130460202135168,0.01682515136171893,2.9802471778848707,-8.473851944442922,-0.9658326089576408,2.447838287784771e-06,4.045378434654418e-08,0.2664506422074673,0.6700156088080853,-0.006184960781805016,-6.889315204601047,2.6955717174407887,0.43453487436837784,3.040432648020684e-06,4.437104331057835e-07,-0.9577464691145322,-0.2906054444043955,1.625778517532972e-05,1.7224468379481621,-6.0367250244428545,0.0002494722890724718,3.2271560375549955e-07,2.270212793877687e-08,-0.755597653816732,-1.32451196626887,-0.009209960448448691,4.632042135695699,-2.0947374706016983,-0.15756398770334992,0.0009547919099366768,4.778945025452157e-07,-3.785393504226592,-3.871820070493312,0.1007813287012051,1.9392729918160474,-1.798598047259471,-0.035922969911404694,0.0002858856700231729,4.0286669668487467e-07,0.5525324455441178,-10.04929950895834,0.1526784912902644,1.9249594955401919,0.10403635411191049,-0.07841740472314752,4.3662496132004074e-05,1.708513622580592e-07,17.54434635878048,9.373410700435503,-0.1923627578511458,-0.685442690040335,1.1983320636737924,0.013311024930701614,5.151383772628657e-05,1.6553711549585576e-07,28.76343210952213,-8.307332865071603,-0.491866957611549,0.3126499784821968,1.1068422667906532,-0.030033285002504316
