,flag,epoch,sbx,sby,sbz,sbvx,sbvy,sbvz
0,1.0,2458215.5,-2.3926438023260443,-1.4841842427324123,-0.22849105347443205,1.869107181381283,-2.896582053952407,-0.1993179905693097
