,mass_1,radius_1,x_1,y_1,z_1,vx_1,vy_1,vz_1,mass_2,radius_2,x_2,y_2,z_2,vx_2,vy_2,vz_2,mass_3,radius_3,x_3,y_3,z_3,vx_3,vy_3,vz_3,mass_4,radius_4,x_4,y_4,z_4,vx_4,vy_4,vz_4,mass_5,radius_5,x_5,y_5,z_5,vx_5,vy_5,vz_5,mass_6,radius_6,x_6,y_6,z_6,vx_6,vy_6,vz_6,mass_7,radius_7,x_7,y_7,z_7,vx_7,vy_7,vz_7,mass_8,radius_8,x_8,y_8,z_8,vx_8,vy_8,vz_8
0,1.660120825375342e-07,1.631393540950981e-08,-0.3828716789727881,0.01374099477036346,0.03625339279052558,-2.505553917485283,-9.82741841213737,-0.5730566073464275,2.447838287784771e-06,4.045378434654418e-08,-0.6229787143954497,-0.3643042259546001,0.03096278833981074,3.6778957167549153,-6.411647215558148,-0.30010642137400634,3.040432648020684e-06,4.437104331057835e-07,1.000776974416179,0.05920162167588782,-4.105612372895988e-06,-0.47349765750597583,6.249313066135933,-0.00017627039697408698,3.2271560375549955e-07,2.270212793877687e-08,-0.04509861049049114,1.57277863421151,0.03406203940258032,-4.915169011493993,0.2876745408716427,0.12671536938673636,0.0009547919099366768,4.778945025452157e-07,4.196198442421817,2.641228950395976,-0.1048704706190334,-1.5030281056630486,2.465966515151108,0.02339372769935301,0.0002858856700231729,4.0286669668487467e-07,-9.103194711474465,-3.218878315367506,0.4183927437481874,0.5681661409752589,-1.9236883068521506,0.010855788908669308,4.3662496132004074e-05,1.708513622580592e-07,20.06077129816179,0.8465504384661399,-0.256719517355893,-0.07226563980974969,1.3702253219566674,0.006027846320630784,5.151383772628657e-05,1.6553711549585576e-07,25.86849234640106,-15.20098293163629,-0.2830362835778562,0.5721224975727663,0.9971792888282192,-0.03368628919080125
