,flag,epoch,sbx,sby,sbz,sbvx,sbvy,sbvz
0,1.0,2457437.5,15.989341743789794,21.917658885927953,0.7873380588102754,-1.180458146761413,0.7139901924684773,0.020552854586632172
