,flag,epoch,sbx,sby,sbz,sbvx,sbvy,sbvz
0,1,2457640.0,3.188591009630528,-0.3945551885615982,-0.0629492755769181,0.7745239463619656,3.3277187223550904,0.613497981034815
