,flag,epoch,sbx,sby,sbz,sbvx,sbvy,sbvz
0,1.0,2456700.0,-33.08841868751334,-25.690462251069114,-0.13309605443889638,0.6385343270434364,-0.7676340518863632,-0.0866409602777564
