,flag,epoch,sbx,sby,sbz,sbvx,sbvy,sbvz
0,1,2456930.0,-0.941620001888044,2.7263432751250836,0.23762326527679023,-3.5748730809876736,-0.855760691212581,0.8201479785867064
