,flag,epoch,sbx,sby,sbz,sbvx,sbvy,sbvz
0,1,2457002.5,-2.5664490957587067,0.7851573426210317,-0.40453781108799364,-0.8797038684224209,-3.791295783440766,-0.3294773645695318
