,flag,epoch,sbx,sby,sbz,sbvx,sbvy,sbvz
0,1,2453600.5,-28.637913226719412,-36.189954463616566,-0.4039119983511561,0.6250881425594023,-0.6237823121361135,0.06736118058359883
