,flag,epoch,sbx,sby,sbz,sbvx,sbvy,sbvz
0,1,2457290.0,2.0630257448984066,-1.39560671964907,-0.4451258019360048,2.4256279451339093,3.161851981306111,-1.6552034321510416
