,flag,epoch,sbx,sby,sbz,sbvx,sbvy,sbvz
0,1,2457710.0,-2.1104126738474784,-0.4664513708767395,-0.8141480330030625,1.4860401731679096,-3.807369735512369,1.0895385701921303
