,flag,epoch,sbx,sby,sbz,sbvx,sbvy,sbvz
0,1,2456423.5,-29.75253920907838,-8.742704451201043,-3.08058235504683,0.13023033573575135,-1.2185250605004136,-0.17817062502557782
