,mass_1,radius_1,x_1,y_1,z_1,vx_1,vy_1,vz_1,mass_2,radius_2,x_2,y_2,z_2,vx_2,vy_2,vz_2,mass_3,radius_3,x_3,y_3,z_3,vx_3,vy_3,vz_3,mass_4,radius_4,x_4,y_4,z_4,vx_4,vy_4,vz_4,mass_5,radius_5,x_5,y_5,z_5,vx_5,vy_5,vz_5,mass_6,radius_6,x_6,y_6,z_6,vx_6,vy_6,vz_6,mass_7,radius_7,x_7,y_7,z_7,vx_7,vy_7,vz_7,mass_8,radius_8,x_8,y_8,z_8,vx_8,vy_8,vz_8
0,1.660120825375342e-07,1.631393540950981e-08,-0.3894944142488858,-0.1502662950452034,0.02346785934449041,1.5727828629255454,-9.141908836522074,-0.8912073392821851,2.447838287784771e-06,4.045378434654418e-08,0.321235667589339,-0.6527743571882882,-0.02747187456452998,6.5787353987143975,3.2366469029430616,-0.3354349839888123,3.040432648020684e-06,4.437104331057835e-07,1.002305146210549,0.03416260607683187,-9.925801350450103e-07,-0.31641852054306857,6.257007597714288,-8.050753450668511e-05,3.2271560375549955e-07,2.270212793877687e-08,1.33295745030487,0.4719966084771781,-0.02285620222339383,-1.5104328446479698,5.255135460711986,0.14721664542200527,0.0009547919099366768,4.778945025452157e-07,-4.852079737666056,-2.479172443362255,0.118867827207752,1.220829862312996,-2.32670867265217,-0.017660176944979407,0.0002858856700231729,4.0286669668487467e-07,-4.9767535450369,7.608211373783241,0.06559917517374649,-1.8138097523982175,-1.1218920346049457,0.09169051069116273,4.3662496132004074e-05,1.708513622580592e-07,18.73041812316799,-7.206269377464552,-0.2693810686814916,0.5058492663407655,1.2714887664746606,-0.0018029737336760425,5.151383772628657e-05,1.6553711549585576e-07,21.7703858011451,-20.72825765099817,-0.07487180777668488,0.7837080972614703,0.8347629391486497,-0.03527830756399536
