,flag,epoch,sbx,sby,sbz,sbvx,sbvy,sbvz
0,1,2457108.5,0.05325305725230656,2.528419742197017,0.22901274492372697,-3.760390025354294,0.7665085904628056,0.13434547901980035
