,flag,epoch,sbx,sby,sbz,sbvx,sbvy,sbvz
0,1,2457720.0,1.9733854566892886,1.3543085152320344,0.03552698335353906,-2.636665078855713,3.282260847599463,0.1365870898205668
