,flag,epoch,sbx,sby,sbz,sbvx,sbvy,sbvz
0,1.0,2457620.0,-2.140451158295754,0.7278315691171833,0.16889771781730384,-1.1694754772849647,-4.104275107016878,0.3421961359958621
1,1.0,2457620.0,-2.140451160267637,0.7278315530518137,0.16889771773019205,-1.1694754638718994,-4.1042751189694195,0.34219612362204904
