,flag,epoch,sbx,sby,sbz,sbvx,sbvy,sbvz
0,1.0,2457540.0,2.2413187616814625,-0.2906790612277569,-0.08785100369281346,0.9283716413759213,4.097056992099373,-0.5042322454438949
1,1.0,2457540.0,2.241318760137999,-0.29067908963209454,-0.0878510361642294,0.9283716704721747,4.097056973962784,-0.5042322663387572
