,flag,epoch,sbx,sby,sbz,sbvx,sbvy,sbvz
0,1,2452055.5,-30.32703445749937,34.54214235764915,0.31772959171327575,-0.6371884174515976,-0.6312355103540637,0.010103595455686133
