,flag,epoch,sbx,sby,sbz,sbvx,sbvy,sbvz
0,1,2457448.5,-1.7041447287857985,-1.1971768906604827,0.36032404821642083,2.8650084581580577,-3.476400252442102,-0.6312798932563544
