,flag,epoch,sbx,sby,sbz,sbvx,sbvy,sbvz
0,1.0,2456940.0,34.39311038061484,-19.822058969006413,2.029230988807348,0.6286400642113152,0.859070706307318,0.041369488066336085
