,mass_1,radius_1,x_1,y_1,z_1,vx_1,vy_1,vz_1,mass_2,radius_2,x_2,y_2,z_2,vx_2,vy_2,vz_2,mass_3,radius_3,x_3,y_3,z_3,vx_3,vy_3,vz_3,mass_4,radius_4,x_4,y_4,z_4,vx_4,vy_4,vz_4,mass_5,radius_5,x_5,y_5,z_5,vx_5,vy_5,vz_5,mass_6,radius_6,x_6,y_6,z_6,vx_6,vy_6,vz_6,mass_7,radius_7,x_7,y_7,z_7,vx_7,vy_7,vz_7,mass_8,radius_8,x_8,y_8,z_8,vx_8,vy_8,vz_8
0,1.660120825375342e-07,1.631393540950981e-08,-0.3262989425917485,-0.3045813757266566,0.005052832406169971,4.917762047341445,-7.046310562944932,-1.0269471614875512,2.447838287784771e-06,4.045378434654418e-08,0.2030432840024687,0.6915166904801535,-0.002242914061972327,-7.113093623014606,2.045637698909639,0.43854990741819483,3.040432648020684e-06,4.437104331057835e-07,1.001076225005458,0.05482190236687269,-3.334368627461546e-06,-0.44597686697779376,6.251021180327557,-0.00018753561711363668,3.2271560375549955e-07,2.270212793877687e-08,-0.1802494796479642,-1.459165880849558,-0.02614611579760819,5.265978908128099,-0.18808102715998615,-0.1332373160012493,0.0009547919099366768,4.778945025452157e-07,2.119218336179985,4.56598442450941,-0.06638562761898041,-2.5356907315868646,1.2927235410969662,0.051374323340466134,0.0002858856700231729,4.0286669668487467e-07,-8.343942650123372,-5.058665546455456,0.4201666371554962,0.9440443036082234,-1.7462009449040017,-0.0072250584256522855,4.3662496132004074e-05,1.708513622580592e-07,19.93918327236241,2.212177612520194,-0.2500621262879004,-0.17091875679919338,1.3617214239331337,0.007289289430923102,5.151383772628657e-05,1.6553711549585576e-07,26.42068119388412,-14.19410667085394,-0.3164719717455598,0.5329662966885187,1.0176461065295772,-0.033224496630352034
