,flag,epoch,sbx,sby,sbz,sbvx,sbvy,sbvz
0,1.0,2457983.5,29.13048526573773,18.17424242531508,-10.650278132527335,-0.4937258465116483,1.0277890554640592,0.5931852916559257
