,flag,epoch,sbx,sby,sbz,sbvx,sbvy,sbvz
0,1.0,2457600.0,2.14997495872169,0.7333689305803177,-0.18997926029301535,-1.5389602632321002,3.8737788399038187,0.4344408605313029
1,1.0,2457600.0,2.149974964393432,0.7333689396312727,-0.18997926179971752,-1.5389602688523005,3.873778819862902,0.43444084307748765
