,flag,epoch,sbx,sby,sbz,sbvx,sbvy,sbvz
0,1,2457648.5,-33.493476239503416,-21.974790674299694,-1.2986272835176502,0.5775695150785346,-0.8571920462330126,0.040706118726663576
