,mass_1,radius_1,x_1,y_1,z_1,vx_1,vy_1,vz_1,mass_2,radius_2,x_2,y_2,z_2,vx_2,vy_2,vz_2,mass_3,radius_3,x_3,y_3,z_3,vx_3,vy_3,vz_3,mass_4,radius_4,x_4,y_4,z_4,vx_4,vy_4,vz_4,mass_5,radius_5,x_5,y_5,z_5,vx_5,vy_5,vz_5,mass_6,radius_6,x_6,y_6,z_6,vx_6,vy_6,vz_6,mass_7,radius_7,x_7,y_7,z_7,vx_7,vy_7,vz_7,mass_8,radius_8,x_8,y_8,z_8,vx_8,vy_8,vz_8
0,1.660120825375342e-07,1.631393540950981e-08,-0.3316876540338868,-0.2966429965019972,0.00619528579402242,4.754134368999476,0.0,0.0,2.447838287784771e-06,4.045378434654418e-08,-0.5202182984931065,0.4941485157007224,0.03679436503012946,-5.114865993295565,0.0,0.0,3.040432648020684e-06,4.437104331057835e-07,-0.08296653191505059,-1.012480268811979,3.129093845715044e-05,6.160813072463306,0.0,0.0,3.2271560375549955e-07,2.270212793877687e-08,0.7119482911853598,1.319774826448809,0.01017111256811122,-4.304468541651186,0.0,0.0,0.0009547919099366768,4.778945025452157e-07,0.1716230680662974,5.116863832331314,-0.02509153763548263,-2.7905348850900746,0.2234379612559955,0.06151663952177192,0.0002858856700231729,4.0286669668487467e-07,-7.574212010520444,-6.258878993586379,0.4103815210361205,1.1852318679957656,-1.5756712169704892,-0.019809992140609148,4.3662496132004074e-05,1.708513622580592e-07,19.7904404831361,3.190958209896832,-0.2444848227078377,-0.24130666375725868,1.3511741731902167,0.008169185866135176,5.151383772628657e-05,1.6553711549585576e-07,26.7949729052692,-13.45499896598751,-0.3403149761107326,0.5046825218616681,1.0312571519075537,-0.032871622768861755
