,flag,epoch,sbx,sby,sbz,sbvx,sbvy,sbvz
0,1.0,2457300.0,1.5786450018997285,1.902357823909686,0.6018736965425082,-3.691986270156627,2.235606196998008,-0.12984881616561986
