,mass_1,radius_1,x_1,y_1,z_1,vx_1,vy_1,vz_1,mass_2,radius_2,x_2,y_2,z_2,vx_2,vy_2,vz_2,mass_3,radius_3,x_3,y_3,z_3,vx_3,vy_3,vz_3,mass_4,radius_4,x_4,y_4,z_4,vx_4,vy_4,vz_4,mass_5,radius_5,x_5,y_5,z_5,vx_5,vy_5,vz_5,mass_6,radius_6,x_6,y_6,z_6,vx_6,vy_6,vz_6,mass_7,radius_7,x_7,y_7,z_7,vx_7,vy_7,vz_7,mass_8,radius_8,x_8,y_8,z_8,vx_8,vy_8,vz_8
0,1.660120825375342e-07,1.631393540950981e-08,-0.2045594935013972,0.2540982225507803,0.03952932738711013,-10.082086309143115,-6.038427685410328,0.4315125301579873,2.447838287784771e-06,4.045378434654418e-08,-0.3184592555473389,0.6435893347292746,0.02720529676868598,-6.6465529568295985,-3.317602053453737,0.3380408438551042,3.040432648020684e-06,4.437104331057835e-07,1.00307837568746,0.01576086590101872,-5.058388027831801e-06,-0.20100664886001043,6.259762675532115,-0.000259621597175801,3.2271560375549955e-07,2.270212793877687e-08,-1.442082956160369,0.8308077714886116,0.05280128682909759,-2.3594538862101646,-3.9923460167580185,-0.025756420745128336,0.0009547919099366768,4.778945025452157e-07,-4.676040852333746,-2.787175951326289,0.1162063447962737,1.3791531059034172,-2.2396294742849765,-0.02155901223655419,0.0002858856700231729,4.0286669668487467e-07,-0.4762351967860327,-10.04914021515136,0.1936214632871838,1.9253759698229436,-0.10463550687783459,-0.07481706216569024,4.3662496132004074e-05,1.708513622580592e-07,17.89780655774818,8.72722656057686,-0.1993333872812435,-0.6385718250920118,1.2220967405979257,0.012801655442778111,5.151383772628657e-05,1.6553711549585576e-07,28.5906279676809,-8.896343190101177,-0.4757339492246568,0.334645806789697,1.099628969406834,-0.030398842528207688
