,flag,epoch,sbx,sby,sbz,sbvx,sbvy,sbvz
0,1,2456700.0,-1.8105224502606148,2.3448898070927204,0.5626991507804062,-3.0711180934078017,-1.9227197466769228,0.07235644956785259
