,flag,epoch,sbx,sby,sbz,sbvx,sbvy,sbvz
0,1.0,2454030.0,-25.67073284009679,-34.50286000530904,1.2429898724333754,0.7994686455925359,-0.5195752766784264,0.13929878163399598
