,flag,epoch,sbx,sby,sbz,sbvx,sbvy,sbvz
0,1.0,2457710.0,2.50377341232207,-0.22320310088562445,-0.032930235284578196,0.04368291635738873,3.8735351757744865,-0.4313634128588207
1,1.0,2457710.0,2.503773405765181,-0.22320309364726254,-0.03293021712881561,0.043682901746812525,3.87353518546062,-0.43136342170474756
