,flag,epoch,sbx,sby,sbz,sbvx,sbvy,sbvz
0,1,2457165.5,-0.18407132090581824,-2.7905257391606737,0.2886444263125546,3.4282114673615194,0.22375797310786122,-0.38010893714902977
