,flag,epoch,sbx,sby,sbz,sbvx,sbvy,sbvz
0,1,2457040.5,-3.443305196528389,-1.4249945265561144,-0.5384001195529063,1.1689282716902192,-2.5837555981557254,0.09254395553876903
