,mass_1,radius_1,x_1,y_1,z_1,vx_1,vy_1,vz_1,mass_2,radius_2,x_2,y_2,z_2,vx_2,vy_2,vz_2,mass_3,radius_3,x_3,y_3,z_3,vx_3,vy_3,vz_3,mass_4,radius_4,x_4,y_4,z_4,vx_4,vy_4,vz_4,mass_5,radius_5,x_5,y_5,z_5,vx_5,vy_5,vz_5,mass_6,radius_6,x_6,y_6,z_6,vx_6,vy_6,vz_6,mass_7,radius_7,x_7,y_7,z_7,vx_7,vy_7,vz_7,mass_8,radius_8,x_8,y_8,z_8,vx_8,vy_8,vz_8
0,1.660120825375342e-07,1.631393540950981e-08,0.3033555178243219,-0.2754306693493705,-0.05033377935828854,4.874355107027033,8.091256925274656,0.21410701234664462,2.447838287784771e-06,4.045378434654418e-08,-0.5847343827391426,0.4157839954006357,0.03944847026489546,-4.310207432946197,-6.0575749119287545,0.1655488817104842,3.040432648020684e-06,4.437104331057835e-07,0.9907233692419134,-0.1766270623894013,3.557465475240651e-06,1.0007540077449575,6.162633978910692,-0.0003183271825607026,3.2271560375549955e-07,2.270212793877687e-08,1.260596233621274,0.6704538572178739,-0.0168704230712321,-2.204783237661598,4.949717426149899,0.15782022895478223,0.0009547919099366768,4.778945025452157e-07,4.95125582472797,0.1828084158011254,-0.1115348531812913,-0.13421866885642933,2.886771408091117,-0.008987384191353429,0.0002858856700231729,4.0286669668487467e-07,7.82282567295204,-6.002570614664292,-0.2069520470079248,1.1272763218971495,1.6153835625116906,-0.07293937856554764,4.3662496132004074e-05,1.708513622580592e-07,13.68720686849402,14.14888073748948,-0.1248517842702414,-1.0432772260359724,0.9348389621728076,0.01694788534655065,5.151383772628657e-05,1.6553711549585576e-07,29.72719504486181,-3.289280153927905,-0.617372747050265,0.11865030251485678,1.1497359741695394,-0.02636872411531681
