,flag,epoch,sbx,sby,sbz,sbvx,sbvy,sbvz
0,1,2456736.5,-1.7464892307753286,-2.2034647422667266,-0.0808297407334082,3.06481575271221,-2.2896773949805866,-0.4593668374320579
