,flag,epoch,sbx,sby,sbz,sbvx,sbvy,sbvz
0,1.0,2457449.5,-2.8356639872164773,2.3712017939113554,0.2377161249524543,-1.630096347998354,-3.110265292347746,1.6116488841802492
