,flag,epoch,sbx,sby,sbz,sbvx,sbvy,sbvz
0,1,2456776.5,0.5688693619641237,-2.155530530285193,-0.06346372633654224,4.102699021978772,1.5234558774108755,0.16660530444214644
