,flag,epoch,sbx,sby,sbz,sbvx,sbvy,sbvz
0,1.0,2454020.0,32.90909041164319,-26.959492041288044,-1.481964474164072,0.6191731946937227,0.7528553347462443,-0.06803338060801023
