,flag,epoch,sbx,sby,sbz,sbvx,sbvy,sbvz
0,1.0,2457790.0,1.5620435863868778,-1.6065403041018582,0.11509160331652879,3.1905849408566733,2.7412711876348355,-0.40914656506111674
1,1.0,2457790.0,1.562043517689099,-1.6065403222215964,0.11509154206115271,3.1905850242382465,2.7412712108924135,-0.4091464614774816
