,flag,epoch,sbx,sby,sbz,sbvx,sbvy,sbvz
0,1,2457650.0,-1.1901191111064278,1.7920054078887262,-0.11062310818260049,-3.45954711301209,-2.5528522057558765,0.09111364885183279
