,flag,epoch,sbx,sby,sbz,sbvx,sbvy,sbvz
0,1,2454144.5,14.902493484828176,43.07547092000188,-1.3251663178909208,-0.8392170865763451,0.3366123482712627,0.06144996850008432
