,flag,epoch,sbx,sby,sbz,sbvx,sbvy,sbvz
0,1,2457580.0,0.2883783866603884,1.8891340838545736,0.558067017179212,-4.160578075910976,0.7962635857329422,-1.27096395639279
