,flag,epoch,sbx,sby,sbz,sbvx,sbvy,sbvz
0,1.0,2456300.0,-1.961082637287829,-2.10225556262506,0.5458409657337063,3.4006903003714206,-1.6723159095044264,0.9909590850588795
1,1.0,2456300.0,-1.9610826878251642,-2.102255513404093,0.5458409252745215,3.400690276601873,-1.672315986435886,0.9909590840001319
