,flag,epoch,sbx,sby,sbz,sbvx,sbvy,sbvz
0,1,2457820.0,2.8612673120449226,-2.037706294547566,0.14979217332390515,2.0270400297619995,2.3479380675837067,-0.7038091235343601
