,flag,epoch,sbx,sby,sbz,sbvx,sbvy,sbvz
0,1,2457051.5,-19.794920580382406,-22.917143096755773,-0.6354870048825729,1.0231871719724592,-0.6478983028717008,0.375175587082741
