,mass_1,radius_1,x_1,y_1,z_1,vx_1,vy_1,vz_1,mass_2,radius_2,x_2,y_2,z_2,vx_2,vy_2,vz_2,mass_3,radius_3,x_3,y_3,z_3,vx_3,vy_3,vz_3,mass_4,radius_4,x_4,y_4,z_4,vx_4,vy_4,vz_4,mass_5,radius_5,x_5,y_5,z_5,vx_5,vy_5,vz_5,mass_6,radius_6,x_6,y_6,z_6,vx_6,vy_6,vz_6,mass_7,radius_7,x_7,y_7,z_7,vx_7,vy_7,vz_7,mass_8,radius_8,x_8,y_8,z_8,vx_8,vy_8,vz_8
0,1.660120825375342e-07,1.631393540950981e-08,0.2968326463079448,-0.2858391232418687,-0.05059062346764766,5.092344249738258,7.888185522954758,0.17724915369374108,2.447838287784771e-06,4.045378434654418e-08,-0.5578950761631651,-0.4593097828198167,0.02590525699055951,4.643570809636832,-5.738237564238698,-0.34660670404623234,3.040432648020684e-06,4.437104331057835e-07,-0.8632878060736165,0.4817770332937287,-1.064851157776024e-05,-3.1644742375048622,-5.511095047272354,0.00015818593436043647,3.2271560375549955e-07,2.270212793877687e-08,1.133085788769329,-0.7927915551209475,-0.04443567086684601,3.124198142210841,4.625247702720554,0.020203285347646,0.0009547919099366768,4.778945025452157e-07,4.837080676989325,1.038481969613181,-0.1125569079929017,-0.6128759731999056,2.828349535892606,0.0019698750580457525,0.0002858856700231729,4.0286669668487467e-07,-9.371217771377651,-2.043166636099972,0.4085978460704962,0.3238635230970905,-1.9931473849743753,0.02180767799274807,4.3662496132004074e-05,1.708513622580592e-07,20.08625679014451,0.02436697963488236,-0.2601029136088411,-0.01272889703906047,1.3717897968583321,0.005254309173107994,5.151383772628657e-05,1.6553711549585576e-07,25.51845173105082,-15.7949401929052,-0.2627611062310899,0.5954381320775498,0.9838753421055141,-0.0339429739652762
