,flag,epoch,sbx,sby,sbz,sbvx,sbvy,sbvz
0,1.0,2457660.0,-2.1504597953792572,1.4899853322671477,-0.16934062804573452,-1.884918969371272,-3.2198697568276233,0.31545282463522584
1,1.0,2457660.0,-2.150459794158172,1.4899853505309606,-0.16934062536018796,-1.884918983046169,-3.2198697321479997,0.3154528031784749
