,flag,epoch,sbx,sby,sbz,sbvx,sbvy,sbvz
0,1.0,2455421.5,-30.851970371437115,30.268979338959102,2.164649276203087,-0.5712531220099298,-0.7057661648183903,0.2044304091123827
