,flag,epoch,sbx,sby,sbz,sbvx,sbvy,sbvz
0,1.0,2452670.0,27.014044830074823,-33.8285811705169,0.6267240932196598,0.7523941282623806,0.5861720901771941,-0.013819172589725303
