,mass_1,radius_1,x_1,y_1,z_1,vx_1,vy_1,vz_1,mass_2,radius_2,x_2,y_2,z_2,vx_2,vy_2,vz_2,mass_3,radius_3,x_3,y_3,z_3,vx_3,vy_3,vz_3,mass_4,radius_4,x_4,y_4,z_4,vx_4,vy_4,vz_4,mass_5,radius_5,x_5,y_5,z_5,vx_5,vy_5,vz_5,mass_6,radius_6,x_6,y_6,z_6,vx_6,vy_6,vz_6,mass_7,radius_7,x_7,y_7,z_7,vx_7,vy_7,vz_7,mass_8,radius_8,x_8,y_8,z_8,vx_8,vy_8,vz_8
0,1.660120825375342e-07,1.631393540950981e-08,-0.3802192118572953,-0.1909540316820142,0.01929580877575316,2.493028999951417,-8.734444560332673,-0.9423439397251454,2.447838287784771e-06,4.045378434654418e-08,-0.7106173766163701,-0.1133601401354407,0.03946621753931914,1.1172561016816747,-7.328150638317512,-0.16470999900377906,3.040432648020684e-06,4.437104331057835e-07,-0.6679904175545031,0.7244475546836223,-6.150597514150579e-06,-4.722174870100189,-4.2834428874820025,3.272573773758924e-05,3.2271560375549955e-07,2.270212793877687e-08,-1.270264662088671,-0.9447305226967925,0.01141785073405823,3.2425654496550553,-3.663954306762287,-0.15642741375648156,0.0009547919099366768,4.778945025452157e-07,-3.62487616335382,3.883109060901716,0.0649934652932366,-2.0509411335663836,-1.7525798043162713,0.053170710330128476,0.0002858856700231729,4.0286669668487467e-07,0.4277452482791817,9.022111585590979,-0.1739775264031099,-2.1463011471402353,0.09074245087948433,0.08378147723817495,4.3662496132004074e-05,1.708513622580592e-07,17.08468374122305,-10.42697547125803,-0.2601342921297726,0.7355489209993747,1.1576229311828359,-0.00518206723414694,5.151383772628657e-05,1.6553711549585576e-07,19.59500362112207,-22.82711371812221,0.01855610065847161,0.8600398016488093,0.7518069498739107,-0.03532093809761406
