,flag,epoch,sbx,sby,sbz,sbvx,sbvy,sbvz
0,1,2457470.0,-3.4248827227885217,-0.4418269820904177,1.1141524523307518,0.5465588541185415,-2.9562729026276515,-0.5485549669021645
