,flag,epoch,sbx,sby,sbz,sbvx,sbvy,sbvz
0,1.0,2457600.0,-1.10153841769232,2.1384665865641495,-0.04710012955944297,-3.391754744365085,-2.0260582117144947,0.49665816731277906
1,1.0,2457600.0,-1.101538399271813,2.1384665830734653,-0.04710015987466648,-3.3917547624262006,-2.0260582091127137,0.4966582205431583
