,flag,epoch,sbx,sby,sbz,sbvx,sbvy,sbvz
0,1,2457310.5,-0.2002763950094344,2.4941617299242624,-0.17905409616731477,-4.29125565446274,-0.5252283138165451,-0.11786827670084399
