,flag,epoch,sbx,sby,sbz,sbvx,sbvy,sbvz
0,1.0,2457660.0,-2.0867414613986455,1.168818696234718,-0.18059320062710418,-2.255833207526979,-3.3168636906317754,-0.2980466345954083
1,1.0,2457660.0,-2.0867414843094343,1.1688186906322802,-0.18059321393601074,-2.2558332120680675,-3.316863658710377,-0.29804662518251135
