,flag,epoch,sbx,sby,sbz,sbvx,sbvy,sbvz
0,1.0,2454060.0,14.006574960993063,40.3473346426507,1.7570825302310293,-0.8433397021030039,0.40750892331361194,-0.32410629544322617
