,flag,epoch,sbx,sby,sbz,sbvx,sbvy,sbvz
0,1.0,2457617.5,27.81025763344345,-29.62278957341379,-3.1177741980631724,0.7128049952293312,0.64056561265913,0.21957203755079027
