,flag,epoch,sbx,sby,sbz,sbvx,sbvy,sbvz
0,1.0,2453520.0,-3.06551141515914,0.509454494194207,0.3916919753691878,-0.5061634581155726,-3.502981621146944,-0.07171861980012965
1,1.0,2453520.0,-3.0655114321313883,0.5094543716222497,0.39169210752433686,-0.5061633634333246,-3.5029816161863523,-0.07171879254502898
