,flag,epoch,sbx,sby,sbz,sbvx,sbvy,sbvz
0,1.0,2453690.0,-30.863859417328126,-15.732850136272983,-0.17917381147750167,0.5871553670560758,-0.9365151862181615,-0.2593066366373491
