,flag,epoch,sbx,sby,sbz,sbvx,sbvy,sbvz
0,1.0,2457270.0,1.8152856400548751,2.5518492409705997,-1.016022170757812,-2.3803696445631712,1.9799390409283808,0.5639299358658989
1,1.0,2457270.0,1.815285611455819,2.551849272341899,-1.0160221522581963,-2.3803696569721913,1.97993900240932,0.5639299262426144
