,flag,epoch,sbx,sby,sbz,sbvx,sbvy,sbvz
0,1.0,2453440.0,28.195052308960687,-32.47565730868951,-0.15165681609960618,0.7230001004031057,0.6349370929548168,0.008593121358538782
