,flag,epoch,sbx,sby,sbz,sbvx,sbvy,sbvz
0,1.0,2457621.5,30.948817705934932,19.06088877734922,-6.161729133480317,-0.4952582256004063,0.8725614386652438,0.42657634015853346
