,mass_1,radius_1,x_1,y_1,z_1,vx_1,vy_1,vz_1,mass_2,radius_2,x_2,y_2,z_2,vx_2,vy_2,vz_2,mass_3,radius_3,x_3,y_3,z_3,vx_3,vy_3,vz_3,mass_4,radius_4,x_4,y_4,z_4,vx_4,vy_4,vz_4,mass_5,radius_5,x_5,y_5,z_5,vx_5,vy_5,vz_5,mass_6,radius_6,x_6,y_6,z_6,vx_6,vy_6,vz_6,mass_7,radius_7,x_7,y_7,z_7,vx_7,vy_7,vz_7,mass_8,radius_8,x_8,y_8,z_8,vx_8,vy_8,vz_8
0,1.660120825375342e-07,1.631393540950981e-08,-0.3781353669421209,0.03067837783310586,0.03719974090354863,-2.9672198963218226,-9.800764773285607,-0.528562518613267,2.447838287784771e-06,4.045378434654418e-08,-0.1163992189325342,0.7095026671664438,0.01644113775128389,-7.315390233755367,-1.236293288409619,0.40522399114715935,3.040432648020684e-06,4.437104331057835e-07,0.8173946878870986,-0.5975141840158474,1.733323425665609e-05,3.606320457974762,5.049424710560946,-0.00017281156961117378,3.2271560375549955e-07,2.270212793877687e-08,-0.1371303309933551,-1.460008961541111,-0.02722515056944867,5.282420574374324,-0.03839611945199128,-0.13046104855201313,0.0009547919099366768,4.778945025452157e-07,-2.914725138693056,4.396063024852985,0.04696466185504487,-2.3323663072671725,-1.3941577400264746,0.05798097786479685,0.0002858856700231729,4.0286669668487467e-07,-5.991561952008491,-7.90793265739689,0.3760125664736403,1.5114667440903802,-1.2372040374854576,-0.038694670691291504,4.3662496132004074e-05,1.708513622580592e-07,19.4429642360281,4.755421475989955,-0.2341415927504883,-0.35344572949627845,1.326948116186223,0.00953534106664422,5.151383772628657e-05,1.6553711549585576e-07,27.35752183690254,-12.23861832390723,-0.3783494447874142,0.45881477725712305,1.0518480419685328,-0.03226425434377428
