,flag,epoch,sbx,sby,sbz,sbvx,sbvy,sbvz
0,1.0,2457665.5,28.635311572222573,16.939173347608573,-13.094107058245685,-0.7551431070420884,0.746010159767894,-0.3953774196389891
