,flag,epoch,sbx,sby,sbz,sbvx,sbvy,sbvz
0,1.0,2454540.0,-47.15309467407352,7.097122734865377,0.6279359319091236,-0.13791340783577438,-0.8630932965858876,0.009604259288247789
