,flag,epoch,sbx,sby,sbz,sbvx,sbvy,sbvz
0,1,2456854.5,-2.720100402705877,2.0160815692911545,0.1279518160007993,-2.4378649153865726,-1.9920984478401784,-0.7861904841922053
