,mass_1,radius_1,x_1,y_1,z_1,vx_1,vy_1,vz_1,mass_2,radius_2,x_2,y_2,z_2,vx_2,vy_2,vz_2,mass_3,radius_3,x_3,y_3,z_3,vx_3,vy_3,vz_3,mass_4,radius_4,x_4,y_4,z_4,vx_4,vy_4,vz_4,mass_5,radius_5,x_5,y_5,z_5,vx_5,vy_5,vz_5,mass_6,radius_6,x_6,y_6,z_6,vx_6,vy_6,vz_6,mass_7,radius_7,x_7,y_7,z_7,vx_7,vy_7,vz_7,mass_8,radius_8,x_8,y_8,z_8,vx_8,vy_8,vz_8
0,1.660120825375342e-07,1.631393540950981e-08,0.3536426126623301,-0.1426875311481688,-0.04410260321349121,1.841867120445985,9.993842908781927,0.6476472639606283,2.447838287784771e-06,4.045378434654418e-08,0.2788171050935826,-0.6719868133649369,-0.025307094398512,6.773570710421455,2.8062084451340654,-0.35238576625722795,3.040432648020684e-06,4.437104331057835e-07,-0.3390109167910774,-0.9556564116702695,4.117585118758481e-05,5.820112049927827,-2.12439334878478,6.16096396711934e-05,3.2271560375549955e-07,2.270212793877687e-08,-0.2205894508011343,1.572863696758846,0.03837384073485051,-4.868024946895971,-0.27532113173106965,0.11370065007761582,0.0009547919099366768,4.778945025452157e-07,-5.052015428066855,-2.051183627438855,0.1215626421097863,1.0045930204668634,-2.425963598846601,-0.012404753669008011,0.0002858856700231729,4.0286669668487467e-07,-1.081106973120042,-9.996859897776913,0.2167892362178964,1.9156342832498974,-0.22739742902469323,-0.07230159870958824,4.3662496132004074e-05,1.708513622580592e-07,18.09445821123107,8.340345976289708,-0.2033156219396185,-0.6105550637137476,1.2353120577738919,0.012492551811821514,5.151383772628657e-05,1.6553711549585576e-07,28.48322847931599,-9.241875905205951,-0.4661296537185522,0.3475610868327952,1.095210021230436,-0.030609251905366716
