,flag,epoch,sbx,sby,sbz,sbvx,sbvy,sbvz
0,1,2457005.5,0.9274999768239174,-2.4635162819550445,-0.27400465672890506,3.2148088590761623,2.2675243490441455,-0.10531997735468988
