,flag,epoch,sbx,sby,sbz,sbvx,sbvy,sbvz
0,1.0,2457425.5,42.36520531293878,12.852365431050968,-2.6367398523234256,-0.27637127126818606,0.890386396813957,-0.021196630904863217
