,flag,epoch,sbx,sby,sbz,sbvx,sbvy,sbvz
0,1.0,2457800.0,1.101012293917589,2.169215079983713,0.2309066068267036,-3.7115619540072458,1.528459451566235,-0.21323671989331952
1,1.0,2457800.0,1.1010122829926197,2.1692150777338943,0.23090662686034033,-3.7115619652159664,1.5284594423018805,-0.21323675456282418
