,mass_1,radius_1,x_1,y_1,z_1,vx_1,vy_1,vz_1,mass_2,radius_2,x_2,y_2,z_2,vx_2,vy_2,vz_2,mass_3,radius_3,x_3,y_3,z_3,vx_3,vy_3,vz_3,mass_4,radius_4,x_4,y_4,z_4,vx_4,vy_4,vz_4,mass_5,radius_5,x_5,y_5,z_5,vx_5,vy_5,vz_5,mass_6,radius_6,x_6,y_6,z_6,vx_6,vy_6,vz_6,mass_7,radius_7,x_7,y_7,z_7,vx_7,vy_7,vz_7,mass_8,radius_8,x_8,y_8,z_8,vx_8,vy_8,vz_8
0,1.660120825375342e-07,1.631393540950981e-08,0.2116647220408819,0.2327199856902205,-0.0004035205254938508,-9.63697895046223,7.343420796516072,1.4841724429018537,2.447838287784771e-06,4.045378434654418e-08,0.4916577544991872,0.529455379060316,-0.0211128477032188,-5.436010912389703,4.995448228323736,0.3821811133871502,3.040432648020684e-06,4.437104331057835e-07,0.9689090580855769,0.2448327510606805,-1.338875257176183e-05,-1.641799046985149,6.068963862736773,-0.0002096787890615099,3.2271560375549955e-07,2.270212793877687e-08,-1.20827952843672,1.131944701759423,0.05337359603198583,-3.301507798816439,-3.2945758786922,0.011995251915793623,0.0009547919099366768,4.778945025452157e-07,-4.945326650554157,2.161522430217151,0.1016818061787748,-1.1377614991427205,-2.3976447555516733,0.035416343144504536,0.0002858856700231729,4.0286669668487467e-07,-4.124563450063048,-9.103218641769452,0.3224322176087631,1.7441666340862014,-0.8488262874717672,-0.05470351682242667,4.3662496132004074e-05,1.708513622580592e-07,18.97803158475085,6.252911647250865,-0.2225288938244454,-0.4606281658060993,1.2950733063710804,0.010797916045718916,5.151383772628657e-05,1.6553711549585576e-07,27.85565170712673,-11.02697428892865,-0.4148258795877375,0.4137097711735232,1.0705280225347937,-0.03162483033375186
