,flag,epoch,sbx,sby,sbz,sbvx,sbvy,sbvz
0,1.0,2456743.5,5.174542991463296,27.702304268685708,-7.1207271681663205,-1.24400916868314,0.3497818346192986,-0.21994224128060702
