,flag,epoch,sbx,sby,sbz,sbvx,sbvy,sbvz
0,1.0,2457070.0,-2.344412801437999,1.499008217821122,0.21626305703340754,-2.46386147276284,-2.9238200187094483,0.319592269678771
1,1.0,2457070.0,-2.34441276492791,1.499008226379719,0.2162631093971449,-2.463861575581683,-2.9238199590082687,0.3195923181138759
