,flag,epoch,sbx,sby,sbz,sbvx,sbvy,sbvz
0,1,2457165.5,0.7210925724518159,-2.497066439561446,-0.13695308318349458,3.28100575642964,1.789655672123082,-0.037116003866077545
