,mass_1,radius_1,x_1,y_1,z_1,vx_1,vy_1,vz_1,mass_2,radius_2,x_2,y_2,z_2,vx_2,vy_2,vz_2,mass_3,radius_3,x_3,y_3,z_3,vx_3,vy_3,vz_3,mass_4,radius_4,x_4,y_4,z_4,vx_4,vy_4,vz_4,mass_5,radius_5,x_5,y_5,z_5,vx_5,vy_5,vz_5,mass_6,radius_6,x_6,y_6,z_6,vx_6,vy_6,vz_6,mass_7,radius_7,x_7,y_7,z_7,vx_7,vy_7,vz_7,mass_8,radius_8,x_8,y_8,z_8,vx_8,vy_8,vz_8
0,1.660120825375342e-07,1.631393540950981e-08,-0.3538470282309809,-0.2584598608976763,0.01136106983584806,3.9564810880625996,-7.840870463088717,-1.003654471704371,2.447838287784771e-06,4.045378434654418e-08,0.4498536523319897,0.5650303834159708,-0.01823819119132538,-5.802485795168936,4.5695756868183315,0.39740875801046993,3.040432648020684e-06,4.437104331057835e-07,0.6834556967726885,0.7170954753239102,-5.24472605463204e-06,-4.651037676877732,4.311789143666125,-3.7532574317076216e-05,3.2271560375549955e-07,2.270212793877687e-08,-1.652263242105878,0.07033252784963236,0.0420686344902536,-0.026103962931097017,-4.669795325751281,-0.09718866719618802,0.0009547919099366768,4.778945025452157e-07,-3.122745447790769,4.26215696334903,0.05218314891193224,-2.2597957332188834,-1.5004129295072328,0.056799463705221494,0.0002858856700231729,4.0286669668487467e-07,0.926377964459388,8.987874866466688,-0.1932131011453341,-2.1379448270166193,0.2034092227153105,0.08149050293507876,4.3662496132004074e-05,1.708513622580592e-07,16.91126483804156,-10.69500826913677,-0.2588942920338044,0.7548287776333112,1.1458384317586439,-0.0054755489925848696,5.151383772628657e-05,1.6553711549585576e-07,19.39411788328598,-23.00120963660768,0.02677443737052708,0.8664098172886476,0.7443933798810649,-0.03530905465312858
