,flag,epoch,sbx,sby,sbz,sbvx,sbvy,sbvz
0,1.0,2457535.5,-8.075879992013133,25.052565468750387,4.886372722785982,-1.1793061415150339,0.06054922384552802,0.21698405605111049
