,flag,epoch,sbx,sby,sbz,sbvx,sbvy,sbvz
0,1.0,2457760.0,-2.497594018760024,0.7017334967720471,0.1637995171036979,-1.1866263426459709,-3.4356784467183425,0.4396258726036071
1,1.0,2457760.0,-2.4975940042658267,0.7017334389643466,0.16379952846242224,-1.1866262748737841,-3.43567850543337,0.4396259007338653
