,flag,epoch,sbx,sby,sbz,sbvx,sbvy,sbvz
0,1,2457460.5,2.24938536298229,0.26536419415119816,0.06828107604917025,-0.8893336734964515,4.035886357631132,-0.426057142618415
