,mass_1,radius_1,x_1,y_1,z_1,vx_1,vy_1,vz_1,mass_2,radius_2,x_2,y_2,z_2,vx_2,vy_2,vz_2,mass_3,radius_3,x_3,y_3,z_3,vx_3,vy_3,vz_3,mass_4,radius_4,x_4,y_4,z_4,vx_4,vy_4,vz_4,mass_5,radius_5,x_5,y_5,z_5,vx_5,vy_5,vz_5,mass_6,radius_6,x_6,y_6,z_6,vx_6,vy_6,vz_6,mass_7,radius_7,x_7,y_7,z_7,vx_7,vy_7,vz_7,mass_8,radius_8,x_8,y_8,z_8,vx_8,vy_8,vz_8
0,1.660120825375342e-07,1.631393540950981e-08,0.2978810522572446,0.1398832232680308,-0.01589822143939867,-6.369166548024327,9.756001462887715,1.381495408916141,2.447838287784771e-06,4.045378434654418e-08,-0.1739351027320889,0.6973760855750947,0.0195989728236286,-7.192793712993966,-1.828812658719835,0.3899942092184468,3.040432648020684e-06,4.437104331057835e-07,0.04779097478201525,-1.015323754416086,3.744644330161311e-05,6.174527983761781,0.27200645695820647,-3.7449827917148074e-05,3.2271560375549955e-07,2.270212793877687e-08,-0.2807276405293931,-1.452434136324103,-0.02354698921720128,5.210992566976343,-0.5305051314414341,-0.1390068217278862,0.0009547919099366768,4.778945025452157e-07,-5.429866690764458,0.3553982990011422,0.1200240891111259,-0.21315322812528015,-2.6226651821722693,0.0156615311650208,0.0002858856700231729,4.0286669668487467e-07,-2.845735528761305,-9.614852431145293,0.2804021206988891,1.8427219236613392,-0.5865999080310853,-0.06317370402420545,4.3662496132004074e-05,1.708513622580592e-07,18.62677565042936,7.166465835248719,-0.2145744187971667,-0.5260977382120371,1.2712033038111643,0.011548617655241433,5.151383772628657e-05,1.6553711549585576e-07,28.1400704620546,-10.26101255558404,-0.4371886544574577,0.38534547518368223,1.0814900501144373,-0.031200275764414566
