,flag,epoch,sbx,sby,sbz,sbvx,sbvy,sbvz
0,1,2457459.5,-1.7414747306334664,1.610825142588666,0.2015192253533541,-3.1424657325557526,-2.368103141740739,0.2575531375269751
