,flag,epoch,sbx,sby,sbz,sbvx,sbvy,sbvz
0,1.0,2456730.0,0.8883266370881072,2.3884435893304077,0.04051016851315086,-3.7756422073648204,1.5844185748590882,-0.16251793537894277
1,1.0,2456730.0,0.8883267194020051,2.388443425545064,0.04051016228123574,-3.7756422969793726,1.5844188603199971,-0.16251791296121254
