,flag,epoch,sbx,sby,sbz,sbvx,sbvy,sbvz
0,1,2457289.5,-2.4988695595759807,-1.2360936418702675,0.5850935399656852,2.247147310191733,-2.7821556832268093,-0.018461699685431973
