,mass_1,radius_1,x_1,y_1,z_1,vx_1,vy_1,vz_1,mass_2,radius_2,x_2,y_2,z_2,vx_2,vy_2,vz_2,mass_3,radius_3,x_3,y_3,z_3,vx_3,vy_3,vz_3,mass_4,radius_4,x_4,y_4,z_4,vx_4,vy_4,vz_4,mass_5,radius_5,x_5,y_5,z_5,vx_5,vy_5,vz_5,mass_6,radius_6,x_6,y_6,z_6,vx_6,vy_6,vz_6,mass_7,radius_7,x_7,y_7,z_7,vx_7,vy_7,vz_7,mass_8,radius_8,x_8,y_8,z_8,vx_8,vy_8,vz_8
0,1.660120825375342e-07,1.631393540950981e-08,-0.07154058937945192,-0.4598575914240938,-0.03101274466059518,8.092503395376816,-1.0576845908457606,-0.8288458003427238,2.447838287784771e-06,4.045378434654418e-08,-0.2760031439703773,0.6631327270615383,0.02501993848348042,-6.845198604124178,-2.8800516929869118,0.3555182161794039,3.040432648020684e-06,4.437104331057835e-07,-0.7578735842893018,0.6316865371233051,-2.018211945692413e-05,-4.1256601843841,-4.85052526650435,0.00020319630142346483,3.2271560375549955e-07,2.270212793877687e-08,1.124169463858583,0.913779365836957,-0.008440706715003117,-3.029166883764861,4.403017504827869,0.16661019597507268,0.0009547919099366768,4.778945025452157e-07,-5.30117897401865,-1.286686727328383,0.1239634035887763,0.6175137191994132,-2.550757134517972,-0.0032253108757294654,0.0002858856700231729,4.0286669668487467e-07,-1.666130043891571,-9.90887720996276,0.238548827774533,1.8988911418418568,-0.34627542047620796,-0.06957652210209846,4.3662496132004074e-05,1.708513622580592e-07,18.27748245290075,7.959656180913227,-0.207099873865355,-0.5831630059016782,1.247610058170813,0.012189505085262071,5.151383772628657e-05,1.6553711549585576e-07,28.37474943719565,-9.577030375687045,-0.4567131864931662,0.35995149558485606,1.0907917192998189,-0.030806431789390985
