,flag,epoch,sbx,sby,sbz,sbvx,sbvy,sbvz
0,1.0,2458954.5,-23.97814344383951,43.87364048244947,2.2561640355391783,-0.7073075974397987,-0.480752399551272,-0.031828142675441824
