,flag,epoch,sbx,sby,sbz,sbvx,sbvy,sbvz
0,1,2457190.0,-0.49989480039435485,-2.7696607927253645,0.2922361580524535,3.550469097447033,-0.4563735555182004,-0.5478223556753519
