,flag,epoch,sbx,sby,sbz,sbvx,sbvy,sbvz
0,1.0,2458179.5,-0.42971464331290543,-2.5925887347326357,-0.3929126491923491,3.137392651947346,-0.988536416972427,1.2566391933073717
