,mass_1,radius_1,x_1,y_1,z_1,vx_1,vy_1,vz_1,mass_2,radius_2,x_2,y_2,z_2,vx_2,vy_2,vz_2,mass_3,radius_3,x_3,y_3,z_3,vx_3,vy_3,vz_3,mass_4,radius_4,x_4,y_4,z_4,vx_4,vy_4,vz_4,mass_5,radius_5,x_5,y_5,z_5,vx_5,vy_5,vz_5,mass_6,radius_6,x_6,y_6,z_6,vx_6,vy_6,vz_6,mass_7,radius_7,x_7,y_7,z_7,vx_7,vy_7,vz_7,mass_8,radius_8,x_8,y_8,z_8,vx_8,vy_8,vz_8
0,1.660120825375342e-07,1.631393540950981e-08,0.2856363176332347,-0.302260373713199,-0.05090535319127937,5.429440150030165,7.547855388993519,0.11844162432643095,2.447838287784771e-06,4.045378434654418e-08,0.6374878975133801,0.3426235567691021,-0.03210139915638234,-3.5206672751724173,6.475250446888299,0.29182555044516373,3.040432648020684e-06,4.437104331057835e-07,0.03710339151258137,0.9831319022929894,-1.856909335494425e-05,-6.3819720997759335,0.21335939896942552,1.2147715746660492e-05,3.2271560375549955e-07,2.270212793877687e-08,-0.217181489879671,-1.457412212512705,-0.0252013262495287,5.2486173948643104,-0.31404404247081913,-0.1354797870870619,0.0009547919099366768,4.778945025452157e-07,2.649750618615604,-4.379164412798785,-0.04111582163787886,2.325976020119048,1.5591246371171668,-0.05852241449762756,0.0002858856700231729,4.0286669668487467e-07,-9.060101653902896,2.342674888480393,0.3198104244617993,-0.6174877540568784,-1.9761305531875761,0.059013412093291834,4.3662496132004074e-05,1.708513622580592e-07,19.88068666622523,-2.94036796233115,-0.2684233327777006,0.2014757653622793,1.3552322893271662,0.002409571486551883,5.151383772628657e-05,1.6553711549585576e-07,24.13718695444727,-17.87228421525617,-0.1882360953569943,0.6767029429881161,0.9293097919587767,-0.0347037661841536
