,mass_1,radius_1,x_1,y_1,z_1,vx_1,vy_1,vz_1,mass_2,radius_2,x_2,y_2,z_2,vx_2,vy_2,vz_2,mass_3,radius_3,x_3,y_3,z_3,vx_3,vy_3,vz_3,mass_4,radius_4,x_4,y_4,z_4,vx_4,vy_4,vz_4,mass_5,radius_5,x_5,y_5,z_5,vx_5,vy_5,vz_5,mass_6,radius_6,x_6,y_6,z_6,vx_6,vy_6,vz_6,mass_7,radius_7,x_7,y_7,z_7,vx_7,vy_7,vz_7,mass_8,radius_8,x_8,y_8,z_8,vx_8,vy_8,vz_8
0,1.660120825375342e-07,1.631393540950981e-08,-0.0002894071003670563,0.307776311623708,0.02517400548385769,-12.337418935928458,0.3645781690531134,1.1617376665237265,2.447838287784771e-06,4.045378434654418e-08,-0.6359391467622711,0.3324302103107395,0.041255683200819,-3.4540569284371947,-6.582360832699603,0.10912884130320438,3.040432648020684e-06,4.437104331057835e-07,-0.7201508733015638,0.6735861456222515,-1.970965857834428e-05,-4.394781870772884,-4.612870323056033,0.00015725478521875396,3.2271560375549955e-07,2.270212793877687e-08,-1.639326810577602,0.2592785014200382,0.04567108114484358,-0.6074519702368498,-4.611681491671796,-0.08171724429631444,0.0009547919099366768,4.778945025452157e-07,-1.594965568102517,4.955070869874302,0.0151112344316731,-2.659331347746224,-0.7147407170170954,0.06247539907585143,0.0002858856700231729,4.0286669668487467e-07,-6.751017536059378,-7.214701365481935,0.3942111053423523,1.3750206528564435,-1.3981721629651014,-0.030462852887436668,4.3662496132004074e-05,1.708513622580592e-07,19.61558378444952,4.054669204652776,-0.2389949995189977,-0.30328720605099935,1.3388992430525257,0.008929404656386032,5.151383772628657e-05,1.6553711549585576e-07,27.11089739866228,-12.78916599840789,-0.3613149903999585,0.47945391602963555,1.0427541035755612,-0.03254337629888324
