,flag,epoch,sbx,sby,sbz,sbvx,sbvy,sbvz
0,1.0,2457569.5,25.67489014867839,34.69219011520677,-0.38732927020791696,-0.7464926566938124,0.599193284926957,0.022245028217052844
