,flag,epoch,sbx,sby,sbz,sbvx,sbvy,sbvz
0,1.0,2457780.0,-1.630288218977554,1.4448300403450451,-0.20440451140307764,-2.9945452701127615,-3.1803198634104475,-0.19227203140906812
1,1.0,2457780.0,-1.630288231604574,1.4448300532851772,-0.20440451573092835,-2.9945452407399267,-3.1803198347032087,-0.1922720306147002
