,flag,epoch,sbx,sby,sbz,sbvx,sbvy,sbvz
0,1.0,2457260.0,1.49251193198447,1.4084727495309433,0.07834760943187953,-2.7746114002707656,3.638818615832837,-0.39007884300516066
1,1.0,2457260.0,1.4925119417086812,1.4084727517564233,0.07834759918375511,-2.774611394291966,3.6388186017134156,-0.39007875161850863
