,flag,epoch,sbx,sby,sbz,sbvx,sbvy,sbvz
0,1.0,2457506.5,40.96782470097759,7.564920350689629,0.868277169287085,-0.12112301494072444,0.9883755285648211,-0.014498048810243407
