,flag,epoch,sbx,sby,sbz,sbvx,sbvy,sbvz
0,1.0,2457650.0,-1.6930149586047645,1.927651020859325,0.30724728957999625,-2.929344858636819,-2.2205451662091136,-0.07622261378168137
1,1.0,2457650.0,-1.693014938140485,1.9276510299777616,0.30724731567471475,-2.9293448798476613,-2.220545153074665,-0.07622260800842426
