,mass_1,radius_1,x_1,y_1,z_1,vx_1,vy_1,vz_1,mass_2,radius_2,x_2,y_2,z_2,vx_2,vy_2,vz_2,mass_3,radius_3,x_3,y_3,z_3,vx_3,vy_3,vz_3,mass_4,radius_4,x_4,y_4,z_4,vx_4,vy_4,vz_4,mass_5,radius_5,x_5,y_5,z_5,vx_5,vy_5,vz_5,mass_6,radius_6,x_6,y_6,z_6,vx_6,vy_6,vz_6,mass_7,radius_7,x_7,y_7,z_7,vx_7,vy_7,vz_7,mass_8,radius_8,x_8,y_8,z_8,vx_8,vy_8,vz_8
0,1.660120825375342e-07,1.631393540950981e-08,-0.376077804952353,-0.204438730736498,0.01779875908976065,2.7915111127823367,-8.579000066206067,-0.9570933621863774,2.447838287784771e-06,4.045378434654418e-08,-0.7181552067764526,0.02858240704477306,0.04183558378683148,-0.33615223384757725,-7.414229762380002,-0.08222177233625226,3.040432648020684e-06,4.437104331057835e-07,-0.5714775866376397,-0.8341689230053212,2.955144419706213e-05,5.081808124541887,-3.575141943938353,0.00010324308106022693,3.2271560375549955e-07,2.270212793877687e-08,0.5594757004251457,1.408880015874803,0.01578891457747137,-4.555994774085557,2.3211244241628934,0.1604597934711994,0.0009547919099366768,4.778945025452157e-07,-4.402859468855163,3.058269077406894,0.08581942493433076,-1.6067156256746247,-2.1356468821744072,0.04482112910729323,0.0002858856700231729,4.0286669668487467e-07,-4.798742275145767,-8.740940139210538,0.3429839999108097,1.6740161806784022,-0.9881959476243163,-0.04949337695587585,4.3662496132004074e-05,1.708513622580592e-07,19.15239110484387,5.739958665456978,-0.2267013290300247,-0.42387500679948725,1.306917638583063,0.010368687224905958,5.151383772628657e-05,1.6553711549585576e-07,27.68944995645086,-11.44778630443097,-0.4023123632572198,0.42936368885927767,1.0641696751199727,-0.03185256410326432
