,flag,epoch,sbx,sby,sbz,sbvx,sbvy,sbvz
0,1,2457230.0,2.6964473204553063,-0.5214991512616312,-0.07344181997183272,0.5716445945972641,3.7363393257756603,-0.22412373017820353
