,flag,epoch,sbx,sby,sbz,sbvx,sbvy,sbvz
0,1.0,2457760.0,1.2580858755733746,-2.1323368725415612,-0.046913695348943255,3.4878689849069304,1.7616608294870786,0.37597135959852385
1,1.0,2457760.0,1.2580859036111398,-2.1323368473676156,-0.04691367727186381,3.487868985125925,1.7616608624542787,0.37597137761320487
