,flag,epoch,sbx,sby,sbz,sbvx,sbvy,sbvz
0,1,2455703.5,0.6083658226891373,-2.232635782671234,0.2019757787519202,3.864557304731093,2.0545525320758657,0.02007362997618494
