,mass_1,radius_1,x_1,y_1,z_1,vx_1,vy_1,vz_1,mass_2,radius_2,x_2,y_2,z_2,vx_2,vy_2,vz_2,mass_3,radius_3,x_3,y_3,z_3,vx_3,vy_3,vz_3,mass_4,radius_4,x_4,y_4,z_4,vx_4,vy_4,vz_4,mass_5,radius_5,x_5,y_5,z_5,vx_5,vy_5,vz_5,mass_6,radius_6,x_6,y_6,z_6,vx_6,vy_6,vz_6,mass_7,radius_7,x_7,y_7,z_7,vx_7,vy_7,vz_7,mass_8,radius_8,x_8,y_8,z_8,vx_8,vy_8,vz_8
0,1.660120825375342e-07,1.631393540950981e-08,-0.3899351163744751,-0.02021379453370478,0.03411672316075742,-1.6058680039395383,-9.82092889898136,-0.6552327999859994,2.447838287784771e-06,4.045378434654418e-08,-0.4573835438812599,-0.5609952443775916,0.01869420138883653,5.673982858945541,-4.703013500383407,-0.391963362163341,3.040432648020684e-06,4.437104331057835e-07,0.7782693013602111,-0.6487444687518454,2.816670757613582e-05,3.9213479954037997,4.803367425165749,-0.00024329482562865663,3.2271560375549955e-07,2.270212793877687e-08,-1.6340257291681,0.2956314400935171,0.04627796891655316,-0.7196056949991076,-4.593035055595849,-0.0786048279043032,0.0009547919099366768,4.778945025452157e-07,4.181686645879341,-2.788425438946299,-0.08197645927083398,1.4976790937411602,2.425462578658276,-0.04358170930161005,0.0002858856700231729,4.0286669668487467e-07,6.422444572157837,-7.596047182161147,-0.1235320725438809,1.444358557774694,1.3134383818497417,-0.08029948597717851,4.3662496132004074e-05,1.708513622580592e-07,14.77471308550376,13.09359813361726,-0.1428088323603681,-0.9619868171450278,1.0105761096929293,0.016163125657998878,5.151383772628657e-05,1.6553711549585576e-07,29.57185432907299,-4.532399767470165,-0.5882357939053148,0.16781631066652064,1.1429490168953886,-0.027370803749357624
