,flag,epoch,sbx,sby,sbz,sbvx,sbvy,sbvz
0,1.0,2457269.5,27.192532637720205,13.926143067024778,-4.144962235193033,-0.448520986902692,1.1638713961427793,-0.005679258342882206
