,flag,epoch,sbx,sby,sbz,sbvx,sbvy,sbvz
0,1,2457090.5,-3.5655512724059997,-0.8077871390922204,-0.4395471591287987,1.146199062365194,-2.7386638651471147,-0.23247906368188404
