,flag,epoch,sbx,sby,sbz,sbvx,sbvy,sbvz
0,1.0,2457725.5,-2.2273286674091834,-0.7926938296262586,0.05760105656377627,1.279407826557788,-4.006477579062174,0.03678698512063722
