,flag,epoch,sbx,sby,sbz,sbvx,sbvy,sbvz
0,1.0,2457460.0,-44.96036026296414,13.344520031412642,3.87909228906312,-0.26558917432559964,-0.799212091956632,0.3827226066909125
