,flag,epoch,sbx,sby,sbz,sbvx,sbvy,sbvz
0,1.0,2457610.0,-37.844865390329026,23.378806748684184,-10.325939926964889,-0.29874429200511543,-0.8486099969033799,-0.29728948903861546
