,flag,epoch,sbx,sby,sbz,sbvx,sbvy,sbvz
0,1.0,2457639.5,34.2870305962764,8.941870858800991,-15.612265875070747,-0.19957276857029824,1.0188404701061478,0.43665487020621596
