,flag,epoch,sbx,sby,sbz,sbvx,sbvy,sbvz
0,1.0,2453550.5,-32.98876446371909,-5.581976485858361,0.8716264666364761,0.3986112040356198,-1.0834217954150511,-0.18937638384153874
