,flag,epoch,sbx,sby,sbz,sbvx,sbvy,sbvz
0,1,2457168.5,-0.638187399566827,-2.709320776523085,0.056702632979592126,3.9492828217457596,-0.38943368959314567,-0.0156307061730858
