,flag,epoch,sbx,sby,sbz,sbvx,sbvy,sbvz
0,1,2457620.0,-2.294218049104273,-1.2821147119982785,-0.24828655724458504,2.169940522884619,-2.9509251539198904,0.0590084609614209
