,flag,epoch,sbx,sby,sbz,sbvx,sbvy,sbvz
0,1.0,2457060.0,1.771918394908333,-1.2299660483651282,-0.005204149882911527,1.6204385858296642,4.2764243801970885,0.43356063843614184
1,1.0,2457060.0,1.771918402073072,-1.2299660420199345,-0.0052041446240903705,1.620438565614274,4.276424384196533,0.43356064011651796
