,flag,epoch,sbx,sby,sbz,sbvx,sbvy,sbvz
0,1,2452330.0,-2.132539334708786,0.4788864008323821,0.057642179550113366,-1.6272287501077909,-4.078842205954967,0.05429722319544642
