,flag,epoch,sbx,sby,sbz,sbvx,sbvy,sbvz
0,1,2457112.5,2.073356741565126,0.5218131206455006,-0.10312029833449349,-1.534940141248578,4.335135786311161,0.8227247481420343
