,mass_1,radius_1,x_1,y_1,z_1,vx_1,vy_1,vz_1,mass_2,radius_2,x_2,y_2,z_2,vx_2,vy_2,vz_2,mass_3,radius_3,x_3,y_3,z_3,vx_3,vy_3,vz_3,mass_4,radius_4,x_4,y_4,z_4,vx_4,vy_4,vz_4,mass_5,radius_5,x_5,y_5,z_5,vx_5,vy_5,vz_5,mass_6,radius_6,x_6,y_6,z_6,vx_6,vy_6,vz_6,mass_7,radius_7,x_7,y_7,z_7,vx_7,vy_7,vz_7,mass_8,radius_8,x_8,y_8,z_8,vx_8,vy_8,vz_8
0,1.660120825375342e-07,1.631393540950981e-08,0.3057806201126304,-0.271300074502464,-0.05022448459018021,4.7876291009045255,8.169831784019472,0.22813909240785632,2.447838287784771e-06,4.045378434654418e-08,-0.2344324916016134,0.6791261203753004,0.02282584222143831,-7.00807630217701,-2.4519738956239903,0.37089872819143765,3.040432648020684e-06,4.437104331057835e-07,0.1161665504786782,-1.00996009263487,1.854988152694556e-05,6.140376716508689,0.6945547009356162,-2.5290730613972598e-05,3.2271560375549955e-07,2.270212793877687e-08,-1.65148872724068,0.1074217346656909,0.04281034888296604,-0.1411190254290963,-4.663939579088346,-0.09424972799380231,0.0009547919099366768,4.778945025452157e-07,1.46314703852701,-4.971194541922572,-0.01210461180040888,2.612280580857878,0.9096038700076667,-0.06223159811846547,0.0002858856700231729,4.0286669668487467e-07,-8.715749431460395,3.272260272848787,0.2899059850417995,-0.8233293056538987,-1.9115943948577045,0.06607998985957607,4.3662496132004074e-05,1.708513622580592e-07,19.77332918542213,-3.585941855071582,-0.2694241337722708,0.2478470644322704,1.3470344252625075,0.0017825243975455604,5.151383772628657e-05,1.6553711549585576e-07,23.80981401881101,-18.31312019210396,-0.1716247669779248,0.6936609714283887,0.9160738260383061,-0.03483051710963771
