,flag,epoch,sbx,sby,sbz,sbvx,sbvy,sbvz
0,1.0,2457338.5,-36.748778928739654,-4.206210787648169,-10.781239020785991,0.07014699180137415,-1.0761562703000658,-0.05448113620657492
