,flag,epoch,sbx,sby,sbz,sbvx,sbvy,sbvz
0,1.0,2457410.0,1.3623237067956684,-1.844753736627584,0.41930849594512243,3.652331752039286,2.398787461632774,0.27545863706677715
1,1.0,2457410.0,1.3623237868945435,-1.8447536694106854,0.41930840990834073,3.652331712584018,2.398787592444936,0.2754585144312737
