,flag,epoch,sbx,sby,sbz,sbvx,sbvy,sbvz
0,1.0,2457408.5,-20.95688242817824,-29.20179662638241,1.928282165921464,0.9243419609098924,-0.7209301304060114,0.03152563802071621
