,flag,epoch,sbx,sby,sbz,sbvx,sbvy,sbvz
0,1.0,2457466.5,32.84562353477696,9.279787730735148,-7.588537187644473,-0.22157668486277068,1.0285955174310677,-0.7601780453903045
