,mass_1,radius_1,x_1,y_1,z_1,vx_1,vy_1,vz_1,mass_2,radius_2,x_2,y_2,z_2,vx_2,vy_2,vz_2,mass_3,radius_3,x_3,y_3,z_3,vx_3,vy_3,vz_3,mass_4,radius_4,x_4,y_4,z_4,vx_4,vy_4,vz_4,mass_5,radius_5,x_5,y_5,z_5,vx_5,vy_5,vz_5,mass_6,radius_6,x_6,y_6,z_6,vx_6,vy_6,vz_6,mass_7,radius_7,x_7,y_7,z_7,vx_7,vy_7,vz_7,mass_8,radius_8,x_8,y_8,z_8,vx_8,vy_8,vz_8
0,1.660120825375342e-07,1.631393540950981e-08,-0.3572442727122962,0.08501245952244549,0.03972942762615955,-4.508423313342036,-9.555867648810452,-0.36695790235869874,2.447838287784771e-06,4.045378434654418e-08,0.6985636779540071,-0.1982548938355919,-0.04303148276058402,1.9783718878809067,7.074436400329821,-0.01737911591810115,3.040432648020684e-06,4.437104331057835e-07,-0.2447271038276506,-0.9848760871187703,1.533453469731085e-05,5.996268854899492,-1.5390456216055401,1.4422647654850833e-05,3.2271560375549955e-07,2.270212793877687e-08,-1.407604242423749,0.8862643443139225,0.05314866488457479,-2.5311244592296176,-3.8890212711270395,-0.019308892752562704,0.0009547919099366768,4.778945025452157e-07,-3.729456702454598,-3.924551525311458,0.09974688982345375,1.965378050174694,-1.7705326749664139,-0.036629092102687937,0.0002858856700231729,4.0286669668487467e-07,-6.174143782414529,6.731551822563928,0.1285018919025846,-1.609547373152595,-1.3834388744862578,0.08813277846927679,4.3662496132004074e-05,1.708513622580592e-07,19.06140869743703,-6.310233789346866,-0.2703247997604181,0.442189102048697,1.2949596425891372,-0.000900859365850711,5.151383772628657e-05,1.6553711549585576e-07,22.31000921212869,-20.13805992723224,-0.0994781063960432,0.7620810750006144,0.8559670811935156,-0.035207962757340505
