,mass_1,radius_1,x_1,y_1,z_1,vx_1,vy_1,vz_1,mass_2,radius_2,x_2,y_2,z_2,vx_2,vy_2,vz_2,mass_3,radius_3,x_3,y_3,z_3,vx_3,vy_3,vz_3,mass_4,radius_4,x_4,y_4,z_4,vx_4,vy_4,vz_4,mass_5,radius_5,x_5,y_5,z_5,vx_5,vy_5,vz_5,mass_6,radius_6,x_6,y_6,z_6,vx_6,vy_6,vz_6,mass_7,radius_7,x_7,y_7,z_7,vx_7,vy_7,vz_7,mass_8,radius_8,x_8,y_8,z_8,vx_8,vy_8,vz_8
0,1.660120825375342e-07,1.631393540950981e-08,-0.3621131599921176,0.07429649998291035,0.03930128429340012,-4.196446370760615,-9.624829397192316,-0.40121299760388995,2.447838287784771e-06,4.045378434654418e-08,0.1606860943062602,-0.7093946755414253,-0.01897979706114937,7.155444533195492,1.6063724745211712,-0.391025580168059,3.040432648020684e-06,4.437104331057835e-07,0.9990644695856709,-0.11129723758099,8.818617681676658e-07,0.5933675794212145,6.222013230317922,-8.028527062025865e-05,3.2271560375549955e-07,2.270212793877687e-08,1.363002258917077,0.3480636678340133,-0.02619105757281752,-1.068878766211372,5.389390284542645,0.13918214892663908,0.0009547919099366768,4.778945025452157e-07,-4.880169291152126,-2.424863203956345,0.1192709457049797,1.1931942755315967,-2.340639048444259,-0.016983940475977937,0.0002858856700231729,4.0286669668487467e-07,-4.934472161996703,7.634211450542613,0.06346444873101095,-1.8198940702062003,-1.1125791793626645,0.09176998095866447,4.3662496132004074e-05,1.708513622580592e-07,18.71862163831791,-7.235849406293901,-0.2693387606877303,0.5079540889118022,1.2706531574958866,-0.0018330047865181961,5.151383772628657e-05,1.6553711549585576e-07,21.75213926498605,-20.74767568802796,-0.07405079793420133,0.7844203551475281,0.8340459153239743,-0.03528021984448999
