,mass_1,radius_1,x_1,y_1,z_1,vx_1,vy_1,vz_1,mass_2,radius_2,x_2,y_2,z_2,vx_2,vy_2,vz_2,mass_3,radius_3,x_3,y_3,z_3,vx_3,vy_3,vz_3,mass_4,radius_4,x_4,y_4,z_4,vx_4,vy_4,vz_4,mass_5,radius_5,x_5,y_5,z_5,vx_5,vy_5,vz_5,mass_6,radius_6,x_6,y_6,z_6,vx_6,vy_6,vz_6,mass_7,radius_7,x_7,y_7,z_7,vx_7,vy_7,vz_7,mass_8,radius_8,x_8,y_8,z_8,vx_8,vy_8,vz_8
0,1.660120825375342e-07,1.631393540950981e-08,-0.06333487647947349,-0.4608453270675537,-0.03184761133333076,8.118838277473433,-0.8765463545868156,-0.8164089808390527,2.447838287784771e-06,4.045378434654418e-08,0.7232003000354648,0.05254837843508311,-0.04101276226074742,-0.5651387400082024,7.334704940718117,0.13325520893800996,3.040432648020684e-06,4.437104331057835e-07,-0.1663140687089495,0.9691124049817259,-4.405338868884805e-05,-6.295978113121931,-1.0866020557826557,6.5581645359976e-05,3.2271560375549955e-07,2.270212793877687e-08,-1.320107605296693,-0.8857574639923312,0.01382907541253436,3.039192186776055,-3.8069203018026307,-0.15434068584048916,0.0009547919099366768,4.778945025452157e-07,0.5261471201345119,-5.201023241257166,0.009830478782064833,2.71173784326921,0.40791759099438957,-0.06236724315346555,0.0002858856700231729,4.0286669668487467e-07,3.797242852861221,-9.288096228306491,0.01033320838200824,1.776358701673653,0.765761696420272,-0.08399050614922841,4.3662496132004074e-05,1.708513622580592e-07,16.22549730128772,11.37903666302659,-0.1678884431170323,-0.8328395880246741,1.1095929686457933,0.014863382457814345,5.151383772628657e-05,1.6553711549585576e-07,29.24281319646788,-6.36718862383517,-0.542899385992102,0.23913178442768154,1.127912606408407,-0.02873691137790499
