,flag,epoch,sbx,sby,sbz,sbvx,sbvy,sbvz
0,1,2457790.0,-0.586576696742615,3.0339923123486727,-0.002834788735432066,-3.5666953300757323,0.003142583635661647,-0.0007966049790387763
