,flag,epoch,sbx,sby,sbz,sbvx,sbvy,sbvz
0,1.0,2457580.0,-2.3486968766935163,0.7339512026012253,0.10194764624814878,-1.509304499231804,-3.55305040753923,-0.4490475186111223
1,1.0,2457580.0,-2.3486968788418205,0.7339511372306816,0.10194767243342084,-1.509304487994953,-3.5530504583092326,-0.449047520348162
