,flag,epoch,sbx,sby,sbz,sbvx,sbvy,sbvz
0,1,2454242.5,39.03041975747823,16.05105321710111,-0.11399955928490635,-0.2879160941109713,0.9394320242770384,0.12684476431960864
