,mass_1,radius_1,x_1,y_1,z_1,vx_1,vy_1,vz_1,mass_2,radius_2,x_2,y_2,z_2,vx_2,vy_2,vz_2,mass_3,radius_3,x_3,y_3,z_3,vx_3,vy_3,vz_3,mass_4,radius_4,x_4,y_4,z_4,vx_4,vy_4,vz_4,mass_5,radius_5,x_5,y_5,z_5,vx_5,vy_5,vz_5,mass_6,radius_6,x_6,y_6,z_6,vx_6,vy_6,vz_6,mass_7,radius_7,x_7,y_7,z_7,vx_7,vy_7,vz_7,mass_8,radius_8,x_8,y_8,z_8,vx_8,vy_8,vz_8
0,1.660120825375342e-07,1.631393540950981e-08,0.1934061378593748,0.2457783022014208,0.002342748322883944,-10.116239067791568,6.776955975544129,1.4817586226995128,2.447838287784771e-06,4.045378434654418e-08,0.0009025637758038001,-0.7269129753845275,-0.01002764887165627,7.338151969134347,-0.018364618449835283,-0.423706109948559,3.040432648020684e-06,4.437104331057835e-07,-0.5638356076481524,0.8069887774885621,-3.631993835728288e-05,-5.253583248800507,-3.622730768025979,0.00018506140958429328,3.2271560375549955e-07,2.270212793877687e-08,0.3148104612456573,1.507781524207502,0.02387443391665661,-4.809907104927992,1.4786113407787536,0.14897756788336958,0.0009547919099366768,4.778945025452157e-07,3.182760974138611,-3.968784935064911,-0.05472525520945256,2.119260022664809,1.8562636951920821,-0.05512473887184388,0.0002858856700231729,4.0286669668487467e-07,5.594439510193608,-8.268013390540528,-0.07890670116465609,1.576686260402327,1.1387429890787453,-0.08252934749293701,4.3662496132004074e-05,1.708513622580592e-07,15.28980705218579,12.53046528204134,-0.1515445410388841,-0.9191973093095854,1.045955746124084,0.01573893486521575,5.151383772628657e-05,1.6553711549585576e-07,29.47325648883019,-5.157038522546349,-0.5731165579286486,0.19228198627353826,1.1384383803130542,-0.027851436136380688
