,mass_1,radius_1,x_1,y_1,z_1,vx_1,vy_1,vz_1,mass_2,radius_2,x_2,y_2,z_2,vx_2,vy_2,vz_2,mass_3,radius_3,x_3,y_3,z_3,vx_3,vy_3,vz_3,mass_4,radius_4,x_4,y_4,z_4,vx_4,vy_4,vz_4,mass_5,radius_5,x_5,y_5,z_5,vx_5,vy_5,vz_5,mass_6,radius_6,x_6,y_6,z_6,vx_6,vy_6,vz_6,mass_7,radius_7,x_7,y_7,z_7,vx_7,vy_7,vz_7,mass_8,radius_8,x_8,y_8,z_8,vx_8,vy_8,vz_8
0,1.660120825375342e-07,1.631393540950981e-08,-0.292808713001301,0.1815979747187795,0.04169843363212557,-7.520765232713873,-8.303438554728029,0.011296676578386344,2.447838287784771e-06,4.045378434654418e-08,-0.6641042844429744,-0.2805398449053718,0.03446889687737314,2.824248649029511,-6.839110353457409,-0.2568564116890623,3.040432648020684e-06,4.437104331057835e-07,0.9008534867700487,0.4253511247244547,-2.67116430396743e-05,-2.785073138551647,5.658607451847298,-0.00027613975952550066,3.2271560375549955e-07,2.270212793877687e-08,0.9678941252612165,1.105576000689048,-0.0005711189998204933,-3.651288069110965,3.802954392931131,0.16926809273857227,0.0009547919099366768,4.778945025452157e-07,4.930224627494646,0.4668971865866923,-0.1122443343466515,-0.29246237871689756,2.8763449974937068,-0.005404790269981462,0.0002858856700231729,4.0286669668487467e-07,7.932351162305022,-5.842160872352876,-0.2140990684997367,1.095092381694169,1.6394976057925488,-0.07208062990390245,4.3662496132004074e-05,1.708513622580592e-07,13.58402725200902,14.24066330872519,-0.123178091213169,-1.0503992867424703,0.9275722908665988,0.017013757995559018,5.151383772628657e-05,1.6553711549585576e-07,29.73866831206234,-3.17593625107406,-0.6199671406773309,0.11416314473922602,1.1501967309766712,-0.026276026556689154
