,flag,epoch,sbx,sby,sbz,sbvx,sbvy,sbvz
0,1.0,2457370.0,-39.29020930256535,-17.669723274043754,2.4106804432569513,0.43796826014723056,-0.8820738468654522,-0.02250113048649066
