,flag,epoch,sbx,sby,sbz,sbvx,sbvy,sbvz
0,1,2457800.0,1.5160846182711283,1.6021536297437085,-0.1273229810636315,-2.659102663560251,3.5557848675364556,-0.28612854497947304
