,flag,epoch,sbx,sby,sbz,sbvx,sbvy,sbvz
0,1.0,2457520.0,2.1328233401495433,0.4681586328609135,0.14933540534871198,-0.43322462784985,4.358823190233258,-0.2949706390350298
1,1.0,2457520.0,2.132823339302341,0.46815862332260805,0.1493354078499553,-0.4332246225457586,4.358823191920323,-0.29497064256576944
