,Name,obs_ecc,obs_sinI,calc_ecc,calc_sinI,ast_ecc,ast_sinI,calc_sma
0,23,0.2568824649546849,-0.1187900277056726,0.25465777614052565,0.1674370650730287,0.254656,0.1675274,2.6243863753719237
