,Name,obs_ecc,obs_sinI,calc_ecc,calc_sinI,ast_ecc,ast_sinI,calc_sma
0,52,0.1209506887521328,0.10607778067303314,0.1184575542612013,0.11087001688327769,0.11882960000000001,0.1111604,3.092679318498055
1,53,0.21489230089528286,-0.4424431281720523,0.21195290395032823,0.0805414444917824,0.2194475,0.0800986,2.6148343743213354
