,Name,obs_ecc,obs_sinI,calc_ecc,calc_sinI,ast_ecc,ast_sinI,calc_sma
0,52,0.12105951271246802,0.10832874266404627,0.12055245443669749,0.1100167806553282,0.11882960000000001,0.1111604,3.092661535802451
1,53,0.1963573484863525,-0.4393760267921352,0.19331886560764888,0.07987188330157312,0.2194475,0.0800986,2.615280577719193
