,Name,obs_ecc,obs_sinI,calc_ecc,calc_sinI,ast_ecc,ast_sinI,calc_sma
0,52,0.12110597838875098,0.10543123361101732,0.11862391488288503,0.11086896173397622,0.11882960000000001,0.1111604,3.0926738843460284
1,53,0.19190013298767689,-0.44272936956036196,0.18926401240616839,0.07943214260059275,0.2194475,0.0800986,2.615172100593125
