,flag,epoch,sbx,sby,sbz,sbvx,sbvy,sbvz
0,1,2457097.5,39.74786392287199,-2.6025620859857916,-2.8669636587124603,0.12029354883894504,1.037289926890623,-0.11042021230139458
