,flag,epoch,sbx,sby,sbz,sbvx,sbvy,sbvz
0,1.0,2459152.5,2.567598277390689,1.2168422734082642,0.26448208354174,-2.155700635022543,3.839213418670106,-1.7358723112266463
