,flag,epoch,sbx,sby,sbz,sbvx,sbvy,sbvz
0,1.0,2456530.0,40.71655104604201,18.438507960164685,-8.817740899027575,-0.34965895465831315,0.8304703567327069,-0.09285684068285817
