,flag,epoch,sbx,sby,sbz,sbvx,sbvy,sbvz
0,1.0,2457304.5,-34.13250907368445,-13.699996400217296,1.8073362237393429,0.36143727443943474,-1.0547308868296892,0.02033079626932127
