,mass_1,radius_1,x_1,y_1,z_1,vx_1,vy_1,vz_1,mass_2,radius_2,x_2,y_2,z_2,vx_2,vy_2,vz_2,mass_3,radius_3,x_3,y_3,z_3,vx_3,vy_3,vz_3,mass_4,radius_4,x_4,y_4,z_4,vx_4,vy_4,vz_4,mass_5,radius_5,x_5,y_5,z_5,vx_5,vy_5,vz_5,mass_6,radius_6,x_6,y_6,z_6,vx_6,vy_6,vz_6,mass_7,radius_7,x_7,y_7,z_7,vx_7,vy_7,vz_7,mass_8,radius_8,x_8,y_8,z_8,vx_8,vy_8,vz_8
0,1.660120825375342e-07,1.631393540950981e-08,0.3284792005732213,-0.2262288536641851,-0.04862135124863004,3.8068376006073086,8.937678792861906,0.3810405154587214,2.447838287784771e-06,4.045378434654418e-08,0.6808208631718528,0.2469463086053761,-0.03590196687965672,-2.54375455351722,6.912281527113504,0.2415568748347763,3.040432648020684e-06,4.437104331057835e-07,1.003229376959704,-0.04401469869969447,-3.221604254165201e-06,0.17312839272520095,6.2544240531636115,-0.0002238931725497276,3.2271560375549955e-07,2.270212793877687e-08,-1.043699430757904,1.274119122431452,0.0523133648686074,-3.7606257648675054,-2.803800612990826,0.03354804116110977,0.0009547919099366768,4.778945025452157e-07,-4.891029809051173,2.272518276005841,0.1000058780963112,-1.1953204250451808,-2.3716874786254465,0.03659636823367225,0.0002858856700231729,4.0286669668487467e-07,-4.205564431173221,-9.0633227655949,0.3249644531173364,1.7364677199473686,-0.8655139391056794,-0.05410735002048866,4.3662496132004074e-05,1.708513622580592e-07,18.99936999539999,6.192600402004092,-0.2230302912665654,-0.45629490914348464,1.2965328215707594,0.01074734406907522,5.151383772628657e-05,1.6553711549585576e-07,27.8363528920265,-11.07678342218451,-0.4133533104601997,0.41557175721114253,1.0697979836324016,-0.031652379868646295
