,flag,epoch,sbx,sby,sbz,sbvx,sbvy,sbvz
0,1,2457430.0,-1.0083949926833315,1.652392186489748,0.18409778644141134,-4.279445815956085,-2.2908988249494464,0.8306733908283263
