,flag,epoch,sbx,sby,sbz,sbvx,sbvy,sbvz
0,1.0,2456920.0,-0.8914089748997523,-2.852166634880814,-0.048184440250786775,3.6763978083807207,-0.368584691749208,-0.10475394120495425
1,1.0,2456920.0,-0.8914088551517348,-2.8521666744607557,-0.04818439967887675,3.6763978123902077,-0.36858462758565264,-0.10475398105535175
