,flag,epoch,sbx,sby,sbz,sbvx,sbvy,sbvz
0,1.0,2457647.5,-1.551712674843707,2.2696978340610947,0.1913585659924571,-3.120313864021459,-2.154697392547114,-0.21086858958576343
