,flag,epoch,sbx,sby,sbz,sbvx,sbvy,sbvz
0,1.0,2457925.5,2.8327715806601748,0.15586149696978935,-0.05265152987584512,-0.026116601982061123,3.814991620991899,-0.5746151245372576
