,flag,epoch,sbx,sby,sbz,sbvx,sbvy,sbvz
0,1.0,2460093.5,-3.1070973184059882,-4.085506658426893,0.6462483594910778,3.357630203480731,-0.8882510113706823,0.12425975261843239
