,flag,epoch,sbx,sby,sbz,sbvx,sbvy,sbvz
0,1.0,2457975.5,20.038595070508897,-17.367301995041515,0.9823238932728526,0.8956850847314753,0.7301789208038076,-0.27788112719144825
