,flag,epoch,sbx,sby,sbz,sbvx,sbvy,sbvz
0,1,2457510.0,-3.8277755229813946,1.2707671597357035,0.013691575865708364,-1.0435899838966713,-2.443354622468841,0.22526308761908626
