,flag,epoch,sbx,sby,sbz,sbvx,sbvy,sbvz
0,1.0,2457300.0,25.403672025820935,33.74744826875758,-0.5139307948022347,-0.8067638341679673,0.561854034847734,-0.019068285157423908
