,flag,epoch,sbx,sby,sbz,sbvx,sbvy,sbvz
0,1,2457110.5,-2.8362609660218454,-0.39672219037758655,0.15214093140736848,-0.25143076876692577,-3.8522154372879034,0.03881999089804884
