,flag,epoch,sbx,sby,sbz,sbvx,sbvy,sbvz
0,1.0,2457250.0,1.2966900345344103,2.5947448387884173,0.8537795678438517,-2.798703602796575,2.333477171272102,-0.17693709088556067
1,1.0,2457250.0,1.2966900470975682,2.594744784458461,0.8537795421745059,-2.79870365869168,2.3334771935637524,-0.1769370374262315
