,flag,epoch,sbx,sby,sbz,sbvx,sbvy,sbvz
0,1.0,2457920.5,-0.5583931763323823,2.239265984333764,0.3223018918667292,-4.326360590825902,-0.645595197155305,0.4123078516853994
