,flag,epoch,sbx,sby,sbz,sbvx,sbvy,sbvz
0,1.0,2457200.0,-2.94462789761312,0.5091033515456829,0.16117862867919114,-0.9856987500383528,-3.4643329615594585,-0.5865784782885395
1,1.0,2457200.0,-2.944627855031076,0.5091033897284433,0.16117864322510198,-0.9856988376130695,-3.4643329768660265,-0.5865785043274608
