,mass_1,radius_1,x_1,y_1,z_1,vx_1,vy_1,vz_1,mass_2,radius_2,x_2,y_2,z_2,vx_2,vy_2,vz_2,mass_3,radius_3,x_3,y_3,z_3,vx_3,vy_3,vz_3,mass_4,radius_4,x_4,y_4,z_4,vx_4,vy_4,vz_4,mass_5,radius_5,x_5,y_5,z_5,vx_5,vy_5,vz_5,mass_6,radius_6,x_6,y_6,z_6,vx_6,vy_6,vz_6,mass_7,radius_7,x_7,y_7,z_7,vx_7,vy_7,vz_7,mass_8,radius_8,x_8,y_8,z_8,vx_8,vy_8,vz_8
0,1.660120825375342e-07,1.631393540950981e-08,-0.3030506361274705,-0.3345421662384386,0.0004708843727455951,5.528600914550919,-6.426306776994432,-1.0323231270243156,2.447838287784771e-06,4.045378434654418e-08,0.1388578567912601,-0.7139302456493402,-0.01779648714964142,7.202260613932845,1.3846232186212182,-0.39668998486893897,3.040432648020684e-06,4.437104331057835e-07,0.9951446436260598,-0.1461424635581072,3.46522936853265e-06,0.8108925206103138,6.193763390458442,-0.00019227291476724696,3.2271560375549955e-07,2.270212793877687e-08,-0.4624097578292482,1.539647677427564,0.04360811028864926,-4.701634565420777,-1.0361075382139493,0.09370882025005059,0.0009547919099366768,4.778945025452157e-07,-0.5154727401535499,5.126376884190466,-0.009755895897516676,-2.7782104742859794,-0.14516581953739932,0.06277025738246518,0.0002858856700231729,4.0286669668487467e-07,-7.272754537829541,-6.639136930188061,0.4049859789658028,1.2609985489573108,-1.510172089253126,-0.02396996118965319,4.3662496132004074e-05,1.708513622580592e-07,19.72804233679821,3.523367408154425,-0.2424357691963796,-0.26515290669840846,1.3468218431360313,0.008462070191209778,5.151383772628657e-05,1.6553711549585576e-07,26.91814185190502,-13.20033290604169,-0.3483996969244719,0.49502700862429483,1.0357761864575363,-0.03274872586297692
