,flag,epoch,sbx,sby,sbz,sbvx,sbvy,sbvz
0,1.0,2457960.0,1.3669573896226368,1.5969475908522135,-0.22817560913529017,-3.4033309479662655,2.9142135221673557,0.3807418300977726
1,1.0,2457960.0,1.3669574205255068,1.5969475556646031,-0.22817564978928365,-3.4033309210804625,2.9142135586629045,0.380741791938769
