,flag,epoch,sbx,sby,sbz,sbvx,sbvy,sbvz
0,1,2457290.0,2.4169209219633374,-0.22938313073568029,-0.21030117096816142,0.11858501992411964,4.025028991407888,0.23853325122311642
