,flag,epoch,sbx,sby,sbz,sbvx,sbvy,sbvz
0,1,2457330.5,1.3249114492360317,2.0206246327897786,0.10148405570373142,-3.5548840963617026,2.6878095457486144,-0.14843555369523714
