,mass_1,radius_1,x_1,y_1,z_1,vx_1,vy_1,vz_1,mass_2,radius_2,x_2,y_2,z_2,vx_2,vy_2,vz_2,mass_3,radius_3,x_3,y_3,z_3,vx_3,vy_3,vz_3,mass_4,radius_4,x_4,y_4,z_4,vx_4,vy_4,vz_4,mass_5,radius_5,x_5,y_5,z_5,vx_5,vy_5,vz_5,mass_6,radius_6,x_6,y_6,z_6,vx_6,vy_6,vz_6,mass_7,radius_7,x_7,y_7,z_7,vx_7,vy_7,vz_7,mass_8,radius_8,x_8,y_8,z_8,vx_8,vy_8,vz_8
0,1.660120825375342e-07,1.631393540950981e-08,0.3208220155807087,0.09953293122874789,-0.02129978268156079,-5.036924101880752,0.0,0.0,2.447838287784771e-06,4.045378434654418e-08,-0.3209452031397863,-0.6501643526988097,0.009605684837462951,6.573894399482808,0.0,0.0,3.040432648020684e-06,4.437104331057835e-07,1.001924757948415,-0.07412285178661267,-2.10784593055178e-06,0.36122475539257115,0.0,0.0,3.2271560375549955e-07,2.270212793877687e-08,0.9000046256185837,-1.062584290851292,-0.04435515477936927,4.093624845672715,0.0,0.0,0.0009547919099366768,4.778945025452157e-07,-5.443014733388758,-0.2667289533750934,0.1229017477805426,0.10200365299677415,-2.625232135948953,0.00861860468892858,0.0002858856700231729,4.0286669668487467e-07,-2.40633982511116,-9.743176071910925,0.2651379688900823,1.8673186637595363,-0.4969230646139368,-0.06570822460494168,4.3662496132004074e-05,1.708513622580592e-07,18.49963118248596,7.466506568380389,-0.2118108167878192,-0.5476334122628571,1.2626260526721627,0.011790315523973475,5.151383772628657e-05,1.6553711549585576e-07,28.2302068856946,-10.00446795712679,-0.4445606797325552,0.3758533342680567,1.085056596429198,-0.031056118614488617
