,mass_1,radius_1,x_1,y_1,z_1,vx_1,vy_1,vz_1,mass_2,radius_2,x_2,y_2,z_2,vx_2,vy_2,vz_2,mass_3,radius_3,x_3,y_3,z_3,vx_3,vy_3,vz_3,mass_4,radius_4,x_4,y_4,z_4,vx_4,vy_4,vz_4,mass_5,radius_5,x_5,y_5,z_5,vx_5,vy_5,vz_5,mass_6,radius_6,x_6,y_6,z_6,vx_6,vy_6,vz_6,mass_7,radius_7,x_7,y_7,z_7,vx_7,vy_7,vz_7,mass_8,radius_8,x_8,y_8,z_8,vx_8,vy_8,vz_8
0,1.660120825375342e-07,1.631393540950981e-08,0.2340242465553417,0.214256015891942,-0.003962559187952313,-8.966299526677624,8.016186868244647,1.477602474810539,2.447838287784771e-06,4.045378434654418e-08,-0.2376476701268229,-0.6856526408288617,0.00431229323160629,6.930242397195127,-2.450798670648188,-0.4335228704931895,3.040432648020684e-06,4.437104331057835e-07,1.003408308151842,0.002941524304670274,-5.00508495634537e-06,-0.12081404308674244,6.260528057260436,-0.0002342603646506275,3.2271560375549955e-07,2.270212793877687e-08,0.9494220438895367,-1.015318516732704,-0.04457747699983604,3.9268377419278617,3.929473044476686,-0.014028183588216857,0.0009547919099366768,4.778945025452157e-07,-5.441657245887539,-0.2990675260475151,0.1230056555644672,0.11836061903233207,-2.6243800445509953,0.00824904813421672,0.0002858856700231729,4.0286669668487467e-07,-2.383326662262308,-9.749269420981019,0.2643276350146816,1.8684828696911437,-0.4922302467621234,-0.06583591013146707,4.3662496132004074e-05,1.708513622580592e-07,18.49287726457219,7.482059739241201,-0.211665478559216,-0.5487525716937244,1.2621718115770695,0.011802919126623831,5.151383772628657e-05,1.6553711549585576e-07,28.23483446148768,-9.991098562941163,-0.4449432539878571,0.37535642196579905,1.0852416447704438,-0.031048437441969296
