,flag,epoch,sbx,sby,sbz,sbvx,sbvy,sbvz
0,1.0,2457790.0,0.10392348901463144,-2.226599084901221,0.2602927295455113,4.292139994270638,-0.029387520279713836,-0.09792267047713966
1,1.0,2457790.0,0.10392344998913527,-2.226599080642067,0.2602927296409719,4.292139996089314,-0.0293875584107145,-0.0979226525142149
