,flag,epoch,sbx,sby,sbz,sbvx,sbvy,sbvz
0,1.0,2457369.5,2.8743356641711673,15.973262300857712,-7.920597223466536,-1.509909666781218,-0.4765223569254912,-0.09271777159800301
