,flag,epoch,sbx,sby,sbz,sbvx,sbvy,sbvz
0,1.0,2458115.5,0.42540399396001927,-1.7026265748417613,-0.038069548805070706,5.000810497338733,1.2681861392197766,-0.3686720573574893
