,flag,epoch,sbx,sby,sbz,sbvx,sbvy,sbvz
0,1,2457260.0,0.06565965172117483,2.2144127781732745,0.04782311602602275,-4.12244433391258,0.7138650151732532,-0.059572438438322425
