,flag,epoch,sbx,sby,sbz,sbvx,sbvy,sbvz
0,1.0,2457541.5,18.695353216548344,19.207151237906896,-1.2509451558938116,-0.9147954429459829,0.9387677858754588,-0.013256983162734116
