,flag,epoch,sbx,sby,sbz,sbvx,sbvy,sbvz
0,1.0,2457290.0,1.1046148188126337,1.8302454721676753,-0.4786126261245845,-3.9167585405619243,2.433049800222133,0.46221174991111913
