,flag,epoch,sbx,sby,sbz,sbvx,sbvy,sbvz
0,1.0,2457865.5,21.11493539764577,16.457035799912838,-11.829470538886545,-0.8793946788620831,0.9398912624931199,0.17836551385749455
