,flag,epoch,sbx,sby,sbz,sbvx,sbvy,sbvz
0,1.0,2458725.5,42.505343722412576,-5.602390737047383,-2.12005656076317,0.02354349917715591,0.15900003318160835,0.051859093715359704
