,flag,sbx,sby,sbz,sbvx,sbvy,sbvz
0,1.0,33.67667922784909,11.45231464807175,24.027305969208154,-0.06121555681213691,0.987037770649463,-0.3846594562177217
