,flag,epoch,sbx,sby,sbz,sbvx,sbvy,sbvz
0,1.0,2452410.5,-15.311895999854187,-31.187759193081753,-1.1115872936806364,1.1580322816459492,-0.4114959028229897,0.3411527043296858
