,flag,epoch,sbx,sby,sbz,sbvx,sbvy,sbvz
0,1.0,2458184.5,-2.1944814903408494,0.20256833878598768,1.0576454417713241,-1.2512251847568046,-3.699841815075198,0.5146525274253273
