,flag,epoch,sbx,sby,sbz,sbvx,sbvy,sbvz
0,1.0,2457700.0,-0.09555230462852238,2.403870257245938,-0.12307205558642624,-3.959757615563122,-0.34943654454931056,0.4782620851909038
1,1.0,2457700.0,-0.09555231115845209,2.40387026323301,-0.12307205198669167,-3.9597576023107806,-0.34943654671468294,0.4782620895187718
