,mass_1,radius_1,x_1,y_1,z_1,vx_1,vy_1,vz_1,mass_2,radius_2,x_2,y_2,z_2,vx_2,vy_2,vz_2,mass_3,radius_3,x_3,y_3,z_3,vx_3,vy_3,vz_3,mass_4,radius_4,x_4,y_4,z_4,vx_4,vy_4,vz_4,mass_5,radius_5,x_5,y_5,z_5,vx_5,vy_5,vz_5,mass_6,radius_6,x_6,y_6,z_6,vx_6,vy_6,vz_6,mass_7,radius_7,x_7,y_7,z_7,vx_7,vy_7,vz_7,mass_8,radius_8,x_8,y_8,z_8,vx_8,vy_8,vz_8
0,1.660120825375342e-07,1.631393540950981e-08,0.3543566094376575,-0.00389998438278514,-0.0328392444383948,-1.8715324206072306,0.0,0.0,2.447838287784771e-06,4.045378434654418e-08,-0.2468114540515187,-0.6823647210425605,0.00491177232224385,6.896932665186485,0.0,0.0,3.040432648020684e-06,4.437104331057835e-07,-0.2935023533202681,-0.9710685741764813,1.02722934186641e-05,5.912733345892112,0.0,0.0,3.2271560375549955e-07,2.270212793877687e-08,-0.9953833587102285,1.308827483678042,0.05187674565269377,-3.87453194540969,0.0,0.0,0.0009547919099366768,4.778945025452157e-07,-5.362594087429976,0.8613407141263418,0.1164239641644206,-0.4715881645657582,-2.593880243211462,0.021320833121541167,0.0002858856700231729,4.0286669668487467e-07,-2.411224659882339,8.712911930659233,-0.05568312051474838,-2.073768848895171,-0.5499634711429356,0.09205544985077342,4.3662496132004074e-05,1.708513622580592e-07,17.99117972190258,-8.839240627910542,-0.2659178430688616,0.6220019726594569,1.219889890155123,-0.003483539115574524,5.151383772628657e-05,1.6553711549585576e-07,20.71804175325189,-21.79531713888459,-0.02860665120547877,0.8225245601831125,0.7941142705395473,-0.03533958698439623
