,flag,epoch,sbx,sby,sbz,sbvx,sbvy,sbvz
0,1.0,2453160.0,-39.55165973848074,-17.314812569412247,4.091944638473649,0.42033765566328357,-0.8498520449672198,0.1405990498338611
