,flag,epoch,sbx,sby,sbz,sbvx,sbvy,sbvz
0,1.0,2453157.5,-39.55898893062262,-17.30000498627208,4.089561277180623,0.4200041882456944,-0.8499979708070425,0.14063322285743873
