,flag,epoch,sbx,sby,sbz,sbvx,sbvy,sbvz
0,1,2457230.0,-2.891946351109078,-0.9285743396310872,-0.12453264726514485,1.5175660354847216,-3.3557868326889033,0.24921363984857406
