,flag,epoch,sbx,sby,sbz,sbvx,sbvy,sbvz
0,1.0,2458493.5,2.5941455938582343,1.4738812022016266,-0.5269513281150626,-1.0874785347470157,3.032737757858294,-0.9416725094975296
