,flag,epoch,sbx,sby,sbz,sbvx,sbvy,sbvz
0,1.0,2456930.0,-3.074503292979534,-0.35133172099607657,-0.045576041527333674,0.1670964445069656,-3.530667605005727,-0.4982226464911315
