,flag,epoch,sbx,sby,sbz,sbvx,sbvy,sbvz
0,1.0,2457318.5,-2.116711981850548,-0.9157134116434126,-0.02783538194413343,1.1834175437083538,-4.061672136866347,-0.08691641216707724
