,flag,epoch,sbx,sby,sbz,sbvx,sbvy,sbvz
0,1.0,2456810.0,-0.3434673815310816,-2.6026921744870832,-0.3128243198006527,3.923164447416436,0.2631874213321636,-0.5015218644244828
