,flag,epoch,sbx,sby,sbz,sbvx,sbvy,sbvz
0,1.0,2457950.0,-2.591184288282427,0.3918563830310915,-0.15338176678356624,-0.5137017755221885,-3.545486374566059,0.3622295429566433
1,1.0,2457950.0,-2.591184303422117,0.3918564072349849,-0.1533817744658894,-0.5137017981145467,-3.5454863431195873,0.36222954810873936
