,mass_1,radius_1,x_1,y_1,z_1,vx_1,vy_1,vz_1,mass_2,radius_2,x_2,y_2,z_2,vx_2,vy_2,vz_2,mass_3,radius_3,x_3,y_3,z_3,vx_3,vy_3,vz_3,mass_4,radius_4,x_4,y_4,z_4,vx_4,vy_4,vz_4,mass_5,radius_5,x_5,y_5,z_5,vx_5,vy_5,vz_5,mass_6,radius_6,x_6,y_6,z_6,vx_6,vy_6,vz_6,mass_7,radius_7,x_7,y_7,z_7,vx_7,vy_7,vz_7,mass_8,radius_8,x_8,y_8,z_8,vx_8,vy_8,vz_8
0,1.660120825375342e-07,1.631393540950981e-08,-0.3843449902681377,-0.1751412000942514,0.02094867163706495,2.1391470183942753,-8.904522817155598,-0.9238564918522977,2.447838287784771e-06,4.045378434654418e-08,0.7241601959408999,0.03847027607363957,-0.0412609395722297,-0.4224513380121999,7.343572540159923,0.1251096280470205,3.040432648020684e-06,4.437104331057835e-07,0.3963828908085033,-0.9359561709556651,3.708347746763289e-05,5.684147995084488,2.4271335082281933,-0.00012571877740534215,3.2271560375549955e-07,2.270212793877687e-08,-0.7844567639284233,1.429735499173626,0.04921282027749742,-4.287586496713126,-2.0234746654284614,0.06282178993937965,0.0009547919099366768,4.778945025452157e-07,-4.920561291723136,-2.342861097440328,0.1198324901392959,1.1527076188253333,-2.3606785697684325,-0.015989422205113384,0.0002858856700231729,4.0286669668487467e-07,-0.8474219443174824,-10.0216745125906,0.2079186428258539,1.9202891661908947,-0.17993981164900127,-0.07330870604546676,4.3662496132004074e-05,1.708513622580592e-07,18.01940942560705,8.490544325523377,-0.2017862426706701,-0.6214212195635391,1.23028561545094,0.012613055294697221,5.151383772628657e-05,1.6553711549585576e-07,28.52526985577082,-9.108335268968606,-0.4698539707233764,0.3425754659608852,1.0969509973451812,-0.030528148617868515
