,flag,epoch,sbx,sby,sbz,sbvx,sbvy,sbvz
0,1.0,2457884.5,0.5385494539915965,3.0428916281970446,0.08066605817325635,-3.304842987098751,0.5720980904258758,-0.11192100773831706
