,flag,epoch,sbx,sby,sbz,sbvx,sbvy,sbvz
0,1.0,2457590.0,0.2611179462998573,2.175731994438065,-0.10130576200951233,-4.3410254149576835,0.7481312332395839,-0.3942716701234676
1,1.0,2457590.0,0.2611179326175723,2.175732001688241,-0.10130575750394602,-4.341025407509184,0.7481312376372325,-0.3942716755698514
