,flag,epoch,sbx,sby,sbz,sbvx,sbvy,sbvz
0,1.0,2457850.0,-0.7605635383876364,-2.209739582634527,-0.009629254729821943,3.831949704561155,-1.5794204659638253,-0.5169999123382174
1,1.0,2457850.0,-0.7605636487510656,-2.2097395825394437,-0.009629250749466578,3.8319495926543117,-1.5794206082426558,-0.516999914194725
