,flag,epoch,sbx,sby,sbz,sbvx,sbvy,sbvz
0,1,2457330.5,1.9799997902208173,1.029210955075766,-0.1641503633941082,-1.9959698878393248,3.6244096270832316,0.23633290997281484
