,flag,epoch,sbx,sby,sbz,sbvx,sbvy,sbvz
0,1.0,2457730.0,-1.5702189596609921,1.5609560857158535,0.26035526002719495,-3.155505041888918,-2.979097895266014,-0.14656139521270733
1,1.0,2457730.0,-1.5702189712406742,1.5609561184127603,0.2603552581571086,-3.155505030391689,-2.97909782161519,-0.14656137788514417
