,flag,epoch,sbx,sby,sbz,sbvx,sbvy,sbvz
0,1.0,2457240.0,-0.696255546980045,-2.581382068608679,1.1266752544606327,3.4919967698973915,-0.6579471952058391,-0.40745864782180535
1,1.0,2457240.0,-0.6962555112444891,-2.581382021601674,1.1266752420435917,3.491996822727934,-0.6579473475274141,-0.4074586281193987
