,flag,epoch,sbx,sby,sbz,sbvx,sbvy,sbvz
0,1.0,2457513.5,25.45426761142224,30.51123354870142,-0.20513690600212175,-0.5890181722533148,0.9965313774962572,-0.11726170547496552
