,flag,epoch,sbx,sby,sbz,sbvx,sbvy,sbvz
0,1.0,2458161.5,-1.7918818111979413,1.7441873880255816,0.026409080081726773,-3.141922619410065,-2.2688094703589528,-0.21330688248118232
