,mass_1,radius_1,x_1,y_1,z_1,vx_1,vy_1,vz_1,mass_2,radius_2,x_2,y_2,z_2,vx_2,vy_2,vz_2,mass_3,radius_3,x_3,y_3,z_3,vx_3,vy_3,vz_3,mass_4,radius_4,x_4,y_4,z_4,vx_4,vy_4,vz_4,mass_5,radius_5,x_5,y_5,z_5,vx_5,vy_5,vz_5,mass_6,radius_6,x_6,y_6,z_6,vx_6,vy_6,vz_6,mass_7,radius_7,x_7,y_7,z_7,vx_7,vy_7,vz_7,mass_8,radius_8,x_8,y_8,z_8,vx_8,vy_8,vz_8
0,1.660120825375342e-07,1.631393540950981e-08,-0.375495735376422,-0.2062606979107064,0.01760625678402439,2.831346035571333,-8.556808311347481,-0.9588996879756333,2.447838287784771e-06,4.045378434654418e-08,-0.004831961938674851,-0.7268602980789463,-0.009670302540777524,7.338160126863126,-0.07660040678213581,-0.4245631969994092,3.040432648020684e-06,4.437104331057835e-07,-0.8941076469493858,0.4238019071705709,-5.926617097501198e-06,-2.794059487350777,-5.701839523411095,0.00011010387251269154,3.2271560375549955e-07,2.270212793877687e-08,-0.8465119220371401,1.398585277157381,0.05009143625273767,-4.179453800362619,-2.212047509034203,0.05630356894513036,0.0009547919099366768,4.778945025452157e-07,0.5499774417009904,-5.199078088822598,0.009275755473500525,2.7092479134154908,0.4206499999983588,-0.06237340400724186,0.0002858856700231729,4.0286669668487467e-07,-8.409238519448627,3.916517021544055,0.2664807679815699,-0.9673408654897871,-1.8515416581078872,0.070759508008728,4.3662496132004074e-05,1.708513622580592e-07,19.68286482475441,-4.045798224016045,-0.2699571750993323,0.2807851279830076,1.3402215340586021,0.0013320687566631447,5.151383772628657e-05,1.6553711549585576e-07,23.57038121854957,-18.62497952567792,-0.1596902533915901,0.7055466193294844,0.9063900249315197,-0.03491412386536638
