,flag,epoch,sbx,sby,sbz,sbvx,sbvy,sbvz
0,1.0,2457123.5,35.4253565456856,-0.40249056648088377,1.2054183663713323,-0.05799725893685394,1.2920470732134397,-0.31857248202046734
