,flag,epoch,sbx,sby,sbz,sbvx,sbvy,sbvz
0,1,2457770.0,-2.74451678060253,-1.6765981111477446,0.020775814315259267,2.372430026916727,-2.343498820108581,0.8999085635724379
