,flag,epoch,sbx,sby,sbz,sbvx,sbvy,sbvz
0,1,2457130.5,-3.5427290613357805,-0.4158600601075553,0.04076346728778499,-0.011581988027109148,-2.954212671768065,0.3194933228312454
