,flag,epoch,sbx,sby,sbz,sbvx,sbvy,sbvz
0,1.0,2457740.5,-3.3749157412893354,-0.2135348912210353,0.3881805081471785,-0.20265194369620712,-3.2304101784173684,0.03845963565486064
