,flag,epoch,sbx,sby,sbz,sbvx,sbvy,sbvz
0,1.0,2457418.5,-59.61067342659149,34.33998691003576,-23.521938405338638,-0.35538901924900107,-0.4867790804069822,-0.03443115105654834
