,mass_1,radius_1,x_1,y_1,z_1,vx_1,vy_1,vz_1,mass_2,radius_2,x_2,y_2,z_2,vx_2,vy_2,vz_2,mass_3,radius_3,x_3,y_3,z_3,vx_3,vy_3,vz_3,mass_4,radius_4,x_4,y_4,z_4,vx_4,vy_4,vz_4,mass_5,radius_5,x_5,y_5,z_5,vx_5,vy_5,vz_5,mass_6,radius_6,x_6,y_6,z_6,vx_6,vy_6,vz_6,mass_7,radius_7,x_7,y_7,z_7,vx_7,vy_7,vz_7,mass_8,radius_8,x_8,y_8,z_8,vx_8,vy_8,vz_8
0,1.660120825375342e-07,1.631393540950981e-08,-0.3739360786093548,-0.2109151050678878,0.01709032952366678,2.9334633949197144,-8.499711623072272,-0.9635860913799471,2.447838287784771e-06,4.045378434654418e-08,-0.6490711047291142,-0.3144020002215752,0.03316574851872289,3.1693613528760833,-6.6829702305266245,-0.27430622597951,3.040432648020684e-06,4.437104331057835e-07,0.5278616165966439,0.8352986923529103,-4.568378043848338e-06,-5.414346513419085,3.3334123117935386,-2.028428036362027e-05,3.2271560375549955e-07,2.270212793877687e-08,1.391603784420156,0.01023430891605875,-0.0339851749398246,0.15940388590250754,5.547061573087637,0.11227440191262342,0.0009547919099366768,4.778945025452157e-07,-0.6326966319835565,5.116510616241402,-0.00708902415516412,-2.7727006167587875,-0.20818624852642592,0.06291771905280391,0.0002858856700231729,4.0286669668487467e-07,2.958008843537561,8.567146440668818,-0.2666948987203618,-2.0369854202609567,0.6605311432290693,0.06952171281703044,4.3662496132004074e-05,1.708513622580592e-07,16.1413023058265,-11.78052266849596,-0.2529929955843934,0.8335379801706212,1.0933443382894419,-0.0067006796877320295,5.151383772628657e-05,1.6553711549585576e-07,18.54161821397896,-23.7074538969973,0.06096822829984418,0.8926347977306148,0.7128859734814521,-0.0352463041065536
