,flag,epoch,sbx,sby,sbz,sbvx,sbvy,sbvz
0,1.0,2457900.0,-1.780046587390712,1.225848032281067,-0.21642287380718706,-2.5443203982056635,-3.5506784958548168,-0.21247236652712345
1,1.0,2457900.0,-1.7800466379836437,1.2258479896905552,-0.21642287965000517,-2.5443203100036214,-3.55067852418754,-0.2124722776665655
