,flag,epoch,sbx,sby,sbz,sbvx,sbvy,sbvz
0,1.0,2458539.5,-2.121670436764318,-1.5199098092871095,0.6848578547613118,1.0823721054134197,-3.331548644757691,-1.4232046742045708
