,mass_1,radius_1,x_1,y_1,z_1,vx_1,vy_1,vz_1,mass_2,radius_2,x_2,y_2,z_2,vx_2,vy_2,vz_2,mass_3,radius_3,x_3,y_3,z_3,vx_3,vy_3,vz_3,mass_4,radius_4,x_4,y_4,z_4,vx_4,vy_4,vz_4,mass_5,radius_5,x_5,y_5,z_5,vx_5,vy_5,vz_5,mass_6,radius_6,x_6,y_6,z_6,vx_6,vy_6,vz_6,mass_7,radius_7,x_7,y_7,z_7,vx_7,vy_7,vz_7,mass_8,radius_8,x_8,y_8,z_8,vx_8,vy_8,vz_8
0,1.660120825375342e-07,1.631393540950981e-08,-0.3462373460351703,0.1065706136617784,0.04047330534601527,-5.14845403492052,-9.381962916239752,-0.2942537529269095,2.447838287784771e-06,4.045378434654418e-08,0.3529379382912722,-0.636181168834874,-0.02908706419808831,6.410394635347364,3.558841211639276,-0.32115077020791283,3.040432648020684e-06,4.437104331057835e-07,0.6283483816459687,-0.7971862339970207,2.4514899937075e-05,4.832953991991672,3.866413880529426,-0.00014648146998110856,3.2271560375549955e-07,2.270212793877687e-08,-0.4436449658791801,1.543746334892403,0.04323557035350665,-4.718301708295145,-0.9776422518094432,0.09532000881474025,0.0009547919099366768,4.778945025452157e-07,-4.712239700562905,2.597819321670375,0.09465431039805067,-1.36473371006256,-2.285766659243527,0.040029729714845745,0.0002858856700231729,4.0286669668487467e-07,-4.44636691197068,-8.938993638579262,0.3323930479153998,1.7124386002089955,-0.9152266442976917,-0.05228857829614796,4.3662496132004074e-05,1.708513622580592e-07,19.06217401220205,6.011265370525708,-0.2245203052248833,-0.44327865729167926,1.3007987968009675,0.01059500614672214,5.151383772628657e-05,1.6553711549585576e-07,27.77793709271732,-11.22600419870166,-0.408927920975475,0.4211423658975183,1.0675604640773197,-0.03173441740294595
