,flag,epoch,sbx,sby,sbz,sbvx,sbvy,sbvz
0,1.0,2457710.0,1.485070826113667,1.443971270429595,0.23323913164824,-2.8298583791370673,3.5494883788343494,0.24442534242475428
1,1.0,2457710.0,1.4850708366342498,1.4439712815400148,0.2332391244066575,-2.8298583570807003,3.5494883545668747,0.2444252979358158
