,mass_1,radius_1,x_1,y_1,z_1,vx_1,vy_1,vz_1,mass_2,radius_2,x_2,y_2,z_2,vx_2,vy_2,vz_2,mass_3,radius_3,x_3,y_3,z_3,vx_3,vy_3,vz_3,mass_4,radius_4,x_4,y_4,z_4,vx_4,vy_4,vz_4,mass_5,radius_5,x_5,y_5,z_5,vx_5,vy_5,vz_5,mass_6,radius_6,x_6,y_6,z_6,vx_6,vy_6,vz_6,mass_7,radius_7,x_7,y_7,z_7,vx_7,vy_7,vz_7,mass_8,radius_8,x_8,y_8,z_8,vx_8,vy_8,vz_8
0,1.660120825375342e-07,1.631393540950981e-08,0.185189802263198,0.2511233465127187,0.003528982202935714,-10.313200359426277,6.518575538913056,1.4788133012214826,2.447838287784771e-06,4.045378434654418e-08,-0.01310273971399098,-0.7267522381230525,-0.009204896201144482,7.336873364121193,-0.16049109387819932,-0.4255999349204507,3.040432648020684e-06,4.437104331057835e-07,0.3494294030986772,-0.9546236270543593,3.068321273076873e-05,5.798815221915664,2.136449042068057,-8.935035801583503e-05,3.2271560375549955e-07,2.270212793877687e-08,-0.1935055622636321,1.57430270288947,0.03773643265741108,-4.878881762469857,-0.18961169588348492,0.11577436656725759,0.0009547919099366768,4.778945025452157e-07,-4.639637907216284,2.715817899728167,0.09253973804521717,-1.426482574256618,-2.2506924779510977,0.04126592195929698,0.0002858856700231729,4.0286669668487467e-07,-4.535205149069685,-8.89090608546437,0.3350951466437471,1.703125812252898,-0.9335989791092653,-0.051598978830434565,4.3662496132004074e-05,1.708513622580592e-07,19.08510684966893,5.943558399161017,-0.2250699812966714,-0.4384279376999423,1.302353465804498,0.010538571450618478,5.151383772628657e-05,1.6553711549585576e-07,27.75597590311822,-11.28151588102171,-0.4072763481294195,0.42320715525719327,1.0667172949784849,-0.03176419061279648
