,flag,epoch,sbx,sby,sbz,sbvx,sbvy,sbvz
0,1.0,2458102.5,-2.3697534845216888,0.516508405141936,0.551973809639624,-1.3655936984610964,-3.883883870271418,0.2772629655371591
