,mass_1,radius_1,x_1,y_1,z_1,vx_1,vy_1,vz_1,mass_2,radius_2,x_2,y_2,z_2,vx_2,vy_2,vz_2,mass_3,radius_3,x_3,y_3,z_3,vx_3,vy_3,vz_3,mass_4,radius_4,x_4,y_4,z_4,vx_4,vy_4,vz_4,mass_5,radius_5,x_5,y_5,z_5,vx_5,vy_5,vz_5,mass_6,radius_6,x_6,y_6,z_6,vx_6,vy_6,vz_6,mass_7,radius_7,x_7,y_7,z_7,vx_7,vy_7,vz_7,mass_8,radius_8,x_8,y_8,z_8,vx_8,vy_8,vz_8
0,1.660120825375342e-07,1.631393540950981e-08,0.336499391151798,0.06282206693618224,-0.02573683368073402,-3.87286555468622,10.560963153220838,1.2182658865173044,2.447838287784771e-06,4.045378434654418e-08,-0.6063475103600255,0.383567267433404,0.04025184905578094,-3.9796372268576024,-6.279739878268675,0.14350882013952657,3.040432648020684e-06,4.437104331057835e-07,-0.4366135344826279,-0.9140235242911101,4.076721937788124e-05,5.568059966771123,-2.732168846720539,9.537942164899458e-05,3.2271560375549955e-07,2.270212793877687e-08,-0.07846831149284478,-1.459590761114103,-0.02865708345184901,5.29652470819418,0.16452073013009613,-0.12652808930867696,0.0009547919099366768,4.778945025452157e-07,-3.516937710898875,-4.10425161841771,0.0957397584269011,2.061526595069266,-1.6651076757628789,-0.03921260938386521,0.0002858856700231729,4.0286669668487467e-07,0.8105577324218979,-10.03183012436912,0.1421061875282229,1.9214999787921414,0.15639010147948504,-0.0791871805154968,4.3662496132004074e-05,1.708513622580592e-07,17.45160872363357,9.533755265243993,-0.1905685970955073,-0.6970958525506492,1.1920963178158992,0.013436328396071307,5.151383772628657e-05,1.6553711549585576e-07,28.80500317558268,-8.158726748021856,-0.4958897682432836,0.3070972440567321,1.1086014307041732,-0.02993940265270676
