,mass_1,radius_1,x_1,y_1,z_1,vx_1,vy_1,vz_1,mass_2,radius_2,x_2,y_2,z_2,vx_2,vy_2,vz_2,mass_3,radius_3,x_3,y_3,z_3,vx_3,vy_3,vz_3,mass_4,radius_4,x_4,y_4,z_4,vx_4,vy_4,vz_4,mass_5,radius_5,x_5,y_5,z_5,vx_5,vy_5,vz_5,mass_6,radius_6,x_6,y_6,z_6,vx_6,vy_6,vz_6,mass_7,radius_7,x_7,y_7,z_7,vx_7,vy_7,vz_7,mass_8,radius_8,x_8,y_8,z_8,vx_8,vy_8,vz_8
0,1.660120825375342e-07,1.631393540950981e-08,-0.1271055607398029,-0.4481764121401086,-0.02495244760650646,7.822997853032788,0.0,0.0,2.447838287784771e-06,4.045378434654418e-08,0.7241087453280556,-0.04571086316105476,-0.04241628806242733,0.4325354033207353,0.0,0.0,3.040432648020684e-06,4.437104331057835e-07,0.3771109642451451,0.9113388469069225,-1.806210275798615e-05,-5.9089349752504186,0.0,0.0,3.2271560375549955e-07,2.270212793877687e-08,-0.4989204612633342,-1.413909700879399,-0.01737063429551539,5.01301948299172,0.0,0.0,0.0009547919099366768,4.778945025452157e-07,2.521236858192488,-4.46259349689736,-0.03789362881370486,2.367615573841187,1.4879471946304237,-0.05915908615617054,0.0002858856700231729,4.0286669668487467e-07,-9.025638096337358,2.450711750731533,0.316556056237931,-0.6412859423210276,-1.9698675659351477,0.05985122693393407,4.3662496132004074e-05,1.708513622580592e-07,19.86950813528045,-3.014553252850316,-0.2685532840598879,0.20681948199322414,1.3543809969331577,0.002336905688591206,5.151383772628657e-05,1.6553711549585576e-07,24.10007870977688,-17.9231297099702,-0.1863353805116907,0.6786750907969227,0.927820085093684,-0.03471980574031172
