,mass_1,radius_1,x_1,y_1,z_1,vx_1,vy_1,vz_1,mass_2,radius_2,x_2,y_2,z_2,vx_2,vy_2,vz_2,mass_3,radius_3,x_3,y_3,z_3,vx_3,vy_3,vz_3,mass_4,radius_4,x_4,y_4,z_4,vx_4,vy_4,vz_4,mass_5,radius_5,x_5,y_5,z_5,vx_5,vy_5,vz_5,mass_6,radius_6,x_6,y_6,z_6,vx_6,vy_6,vz_6,mass_7,radius_7,x_7,y_7,z_7,vx_7,vy_7,vz_7,mass_8,radius_8,x_8,y_8,z_8,vx_8,vy_8,vz_8
0,1.660120825375342e-07,1.631393540950981e-08,-0.1173358227314762,-0.4508833852164157,-0.02607749979245137,7.88214007019338,-2.0722215685826897,-0.8924491537415908,2.447838287784771e-06,4.045378434654418e-08,0.5019624167059368,0.519805450878742,-0.02183924107914529,-5.336655210789543,5.1002997869609406,0.37788892815827746,3.040432648020684e-06,4.437104331057835e-07,-0.5327164861091991,-0.8601452637856017,3.427421674310794e-05,5.239868431516377,-3.3321781212298944,9.988566614824889e-05,3.2271560375549955e-07,2.270212793877687e-08,-0.7687516930818636,-1.318531352411149,-0.00876364237697229,4.607795240742955,-2.1359823843211823,-0.15784853699240925,0.0009547919099366768,4.778945025452157e-07,-5.402398592153724,0.6133688722752982,0.1183381093635464,-0.34416206663491405,-2.610944381205579,0.018544052295572343,0.0002858856700231729,4.0286669668487467e-07,-3.026800996419799,-9.555210595692728,0.286574840144988,1.831280104315238,-0.6236011420623002,-0.062077019463930065,4.3662496132004074e-05,1.708513622580592e-07,18.67818546389635,7.041000534749366,-0.2157076295944255,-0.5170889961696692,1.2746859744756434,0.01144589964916301,5.151383772628657e-05,1.6553711549585576e-07,28.1018950789801,-10.36753376294717,-0.4341104949422259,0.38929633201952707,1.0799999909125173,-0.03126077070016689
