,mass_1,radius_1,x_1,y_1,z_1,vx_1,vy_1,vz_1,mass_2,radius_2,x_2,y_2,z_2,vx_2,vy_2,vz_2,mass_3,radius_3,x_3,y_3,z_3,vx_3,vy_3,vz_3,mass_4,radius_4,x_4,y_4,z_4,vx_4,vy_4,vz_4,mass_5,radius_5,x_5,y_5,z_5,vx_5,vy_5,vz_5,mass_6,radius_6,x_6,y_6,z_6,vx_6,vy_6,vz_6,mass_7,radius_7,x_7,y_7,z_7,vx_7,vy_7,vz_7,mass_8,radius_8,x_8,y_8,z_8,vx_8,vy_8,vz_8
0,1.660120825375342e-07,1.631393540950981e-08,0.2232784399036527,0.2234926693137818,-0.002219842556744127,-9.301171692038853,7.695765403437945,1.4820961045445717,2.447838287784771e-06,4.045378434654418e-08,0.3238205180021178,0.6446578501863286,-0.009841116535806967,-6.625432114367759,3.282787260254129,0.42737890330687645,3.040432648020684e-06,4.437104331057835e-07,-0.7256985809934177,0.6676363882746688,-2.877645696225077e-05,-4.35715505822852,-4.648250701160563,0.00022497045983385598,3.2271560375549955e-07,2.270212793877687e-08,-0.949805466543273,-1.219199843433636,-0.002243497466947527,4.2243699216741595,-2.70296474219611,-0.16028377257200965,0.0009547919099366768,4.778945025452157e-07,0.7999689805544048,-5.152323782062793,0.00350172387231928,2.693087581210742,0.5535246424824238,-0.06255359633684829,0.0002858856700231729,4.0286669668487467e-07,3.976409101363366,-9.208654312152767,0.001823477570821002,1.7608431111239182,0.8026315637007337,-0.08401364686877966,4.3662496132004074e-05,1.708513622580592e-07,16.14070663876033,11.49114820779941,-0.1663783643419765,-0.8411963275965155,1.1038391167050936,0.014950260166436394,5.151383772628657e-05,1.6553711549585576e-07,29.26681434712055,-6.252875967612062,-0.5458062831717626,0.23472857031406452,1.1289840331449312,-0.028654683543277642
