,flag,epoch,sbx,sby,sbz,sbvx,sbvy,sbvz
0,1.0,2457090.0,-2.6943873956101267,2.2154067884887807,-0.6199200756008694,-2.1353161409168826,-2.2922742712803985,-0.038282139866065996
1,1.0,2457090.0,-2.694387408497709,2.21540678467775,-0.6199200766102079,-2.135316123027888,-2.292274264800669,-0.0382821278386908
