,flag,epoch,sbx,sby,sbz,sbvx,sbvy,sbvz
0,1.0,2457309.5,42.680487007190045,2.9288028683679306,0.47047295296498953,0.018954003591128706,0.9697258852652314,0.005611356001182642
