,flag,epoch,sbx,sby,sbz,sbvx,sbvy,sbvz
0,1,2456722.5,0.850527098269704,1.9217269952167195,-0.12499815225888829,-4.1569184403125625,1.9673752508817468,-1.0117668620123943
