,mass_1,radius_1,x_1,y_1,z_1,vx_1,vy_1,vz_1,mass_2,radius_2,x_2,y_2,z_2,vx_2,vy_2,vz_2,mass_3,radius_3,x_3,y_3,z_3,vx_3,vy_3,vz_3,mass_4,radius_4,x_4,y_4,z_4,vx_4,vy_4,vz_4,mass_5,radius_5,x_5,y_5,z_5,vx_5,vy_5,vz_5,mass_6,radius_6,x_6,y_6,z_6,vx_6,vy_6,vz_6,mass_7,radius_7,x_7,y_7,z_7,vx_7,vy_7,vz_7,mass_8,radius_8,x_8,y_8,z_8,vx_8,vy_8,vz_8
0,1.660120825375342e-07,1.631393540950981e-08,-0.3116028372878677,-0.324211435975428,0.002090478549301835,5.319178051434331,-6.651158248925117,-1.0314413706196497,2.447838287784771e-06,4.045378434654418e-08,-0.7115299370501323,-0.1069688326113974,0.03959157381491635,1.0517620931823202,-7.338639265749659,-0.16140271337172749,3.040432648020684e-06,4.437104331057835e-07,0.2877773511698159,0.9424955127031305,-4.502582253196914e-05,-6.112408350738208,1.8113747886802138,-6.832160270105737e-05,3.2271560375549955e-07,2.270212793877687e-08,0.9275458365672913,1.146209175455588,0.001266183573445437,-3.7790709454230713,3.6505587431836304,0.16920752379477022,0.0009547919099366768,4.778945025452157e-07,2.87786321354041,-4.216162595947607,-0.04687617288623822,2.245615014269907,1.685630740985398,-0.05724331779697492,0.0002858856700231729,4.0286669668487467e-07,5.372136652060964,-8.423775115745075,-0.06735385241520345,1.607252952360248,1.0921908926650101,-0.082936942273919,4.3662496132004074e-05,1.708513622580592e-07,15.41738243916818,12.38380821325834,-0.1537344236383293,-0.9081253357133262,1.054673451594095,0.015628108627998693,5.151383772628657e-05,1.6553711549585576e-07,29.44597584646761,-5.315911723450305,-0.5692192615453492,0.19846590582216825,1.1371825297988807,-0.0279710289617989
