,flag,epoch,sbx,sby,sbz,sbvx,sbvy,sbvz
0,1,2454403.5,-39.12237703283092,-15.44964099184244,-1.5313690893971985,0.48258079869230147,-0.8745412212397342,-0.08871636390037824
