,flag,epoch,sbx,sby,sbz,sbvx,sbvy,sbvz
0,1.0,2458725.5,-32.059643686775786,-27.182695790779253,1.6923347988117325,0.10232695433629094,-0.12075282441418293,-0.0010763806044355275
