,flag,epoch,sbx,sby,sbz,sbvx,sbvy,sbvz
0,1,2457247.5,-0.4526746324636894,-3.2851405437745687,0.37305540230156775,3.2839529250893267,-0.42090893108470173,0.07170513467532175
