,flag,sbx,sby,sbz,sbvx,sbvy,sbvz,epoch
0,1.0,-16.338417412722414,30.134533650896095,-24.383389816409853,0.6012114153823459,0.6691173875977684,0.4240877684773352,2458725.5
