,flag,epoch,sbx,sby,sbz,sbvx,sbvy,sbvz
0,1,2457432.5,-2.7127657306818453,0.1340535690900696,-0.28706327999697756,0.40494408137372545,-3.8128685618183487,-0.6459962617140836
