,flag,epoch,sbx,sby,sbz,sbvx,sbvy,sbvz
0,1.0,2457418.5,46.201063408338186,9.192227262354379,1.2284768992846153,-0.1261239726746358,0.8095648605659542,0.362760606585572
