,flag,epoch,sbx,sby,sbz,sbvx,sbvy,sbvz
0,1,2457465.5,43.800035742598,-11.533074342678796,-5.276850042580884,0.2376773129918444,0.8189217316332871,0.060129260430578604
