,flag,epoch,sbx,sby,sbz,sbvx,sbvy,sbvz
0,1,2457410.0,-1.12399106845064,2.076284159180055,0.2173379035210888,-3.7435695524590478,-1.794734064199467,-0.024687214128922635
