,mass_1,radius_1,x_1,y_1,z_1,vx_1,vy_1,vz_1,mass_2,radius_2,x_2,y_2,z_2,vx_2,vy_2,vz_2,mass_3,radius_3,x_3,y_3,z_3,vx_3,vy_3,vz_3,mass_4,radius_4,x_4,y_4,z_4,vx_4,vy_4,vz_4,mass_5,radius_5,x_5,y_5,z_5,vx_5,vy_5,vz_5,mass_6,radius_6,x_6,y_6,z_6,vx_6,vy_6,vz_6,mass_7,radius_7,x_7,y_7,z_7,vx_7,vy_7,vz_7,mass_8,radius_8,x_8,y_8,z_8,vx_8,vy_8,vz_8
0,1.660120825375342e-07,1.631393540950981e-08,-0.01688905314757275,0.3078907360870521,0.02670805352351628,-12.32209468345785,-0.18926239055726998,1.114961080612775,2.447838287784771e-06,4.045378434654418e-08,-0.2640328574099574,-0.6757840777128208,0.005966440544727458,6.830438924383836,-2.720450856457404,-0.4314776322291567,3.040432648020684e-06,4.437104331057835e-07,0.1207898189504851,0.9768402926734383,-4.160277600840299e-05,-6.3386487960899105,0.747777683115876,-5.8311332040062525e-06,3.2271560375549955e-07,2.270212793877687e-08,-1.633636952115373,-0.1752129466808565,0.03642081914026122,0.7358734186567447,-4.645398784359934,-0.11540427035602877,0.0009547919099366768,4.778945025452157e-07,-4.3381840275068,-3.271742927780106,0.1106586080438857,1.6277856358524831,-2.072537491154386,-0.02781758461509345,0.0002858856700231729,4.0286669668487467e-07,-0.04363521358276776,-10.06278498577807,0.1766401103136767,1.927824287896938,-0.016895216270851065,-0.07643658959602707,4.3662496132004074e-05,1.708513622580592e-07,17.75222198997588,9.000496867772567,-0.1964353253053777,-0.6583543290646711,1.2123010218981551,0.013015902930285993,5.151383772628657e-05,1.6553711549585576e-07,28.66472452032969,-8.649127986874237,-0.4825418561323911,0.3254380806268315,1.1026958101319386,-0.03024870384185472
