,flag,epoch,sbx,sby,sbz,sbvx,sbvy,sbvz
0,1.0,2458102.5,-0.3903939167186704,-2.282757584406438,-0.30922574331314134,4.2138847616054065,-0.8970195344264587,0.15855782621985717
