,flag,epoch,sbx,sby,sbz,sbvx,sbvy,sbvz
0,1,2455381.5,1.3203181931987715,2.8262469164892456,-0.057806653270270444,-2.6302973151077915,1.7675855861382408,-0.21594800302203873
