,flag,epoch,sbx,sby,sbz,sbvx,sbvy,sbvz
0,1.0,2457528.5,36.71814230539503,-2.428531595765037,-23.640129248853768,0.10128642579103266,1.0366204457270225,-0.5951565805080368
