,mass_1,radius_1,x_1,y_1,z_1,vx_1,vy_1,vz_1,mass_2,radius_2,x_2,y_2,z_2,vx_2,vy_2,vz_2,mass_3,radius_3,x_3,y_3,z_3,vx_3,vy_3,vz_3,mass_4,radius_4,x_4,y_4,z_4,vx_4,vy_4,vz_4,mass_5,radius_5,x_5,y_5,z_5,vx_5,vy_5,vz_5,mass_6,radius_6,x_6,y_6,z_6,vx_6,vy_6,vz_6,mass_7,radius_7,x_7,y_7,z_7,vx_7,vy_7,vz_7,mass_8,radius_8,x_8,y_8,z_8,vx_8,vy_8,vz_8
0,1.660120825375342e-07,1.631393540950981e-08,0.3537013565259715,-0.000117549188953858,-0.03245871756459955,-1.9812234783374296,10.73590140947726,1.05901636333984,2.447838287784771e-06,4.045378434654418e-08,-0.6732289794896807,0.2489260265776265,0.04226238775318931,-2.596384235079901,-6.9633300932743145,0.054336561595428566,3.040432648020684e-06,4.437104331057835e-07,-0.9760522190259202,0.1831996687936836,-2.012658347960547e-06,-1.2614927615896006,-6.199576356222381,0.00024614526976637674,3.2271560375549955e-07,2.270212793877687e-08,0.8421882019176292,1.222511219863699,0.004949382618405044,-4.0150329093216355,3.335647081219512,0.16843797830308807,0.0009547919099366768,4.778945025452157e-07,-5.248097824464582,-1.488173429320687,0.1236123419866452,0.7194131067036122,-2.5239728117425893,-0.005616715228908062,0.0002858856700231729,4.0286669668487467e-07,-1.515160499821136,-9.935153407279088,0.2329954789217048,1.903902124164595,-0.3155997404211048,-0.07030750877255525,4.3662496132004074e-05,1.708513622580592e-07,18.23089819899103,8.05858863879637,-0.2061289197603909,-0.5902749553115971,1.2444601652584986,0.012268421359691039,5.151383772628657e-05,1.6553711549585576e-07,28.40320169023774,-9.490379031356536,-0.4591571385217258,0.35675114094897326,1.0919265765124562,-0.030755843430476194
