,flag,epoch,sbx,sby,sbz,sbvx,sbvy,sbvz
0,1,2457600.0,2.1762510435667775,-0.3251402138117805,-0.4813082079139398,1.6402856028895858,4.202379754888747,-0.6604070104656627
