,flag,epoch,sbx,sby,sbz,sbvx,sbvy,sbvz
0,1.0,2457445.5,-33.24329482824011,-18.479465455796692,-6.29610467686655,0.6182440499935108,-1.0052860124719136,0.29251248866702145
