,flag,epoch,sbx,sby,sbz,sbvx,sbvy,sbvz
0,1.0,2458725.5,40.908382766143035,11.776943577412716,-0.44242282861034826,-0.042660791580376,0.1480753630686787,-0.0029582447543515145
