,flag,sbx,sby,sbz,sbvx,sbvy,sbvz,epoch
0,1.0,2.2655824943644167,-22.939657046283234,35.791440165020525,0.4949504960521081,0.7145999230480206,0.4266753701493751,2458725.5
