,mass_1,radius_1,x_1,y_1,z_1,vx_1,vy_1,vz_1,mass_2,radius_2,x_2,y_2,z_2,vx_2,vy_2,vz_2,mass_3,radius_3,x_3,y_3,z_3,vx_3,vy_3,vz_3,mass_4,radius_4,x_4,y_4,z_4,vx_4,vy_4,vz_4,mass_5,radius_5,x_5,y_5,z_5,vx_5,vy_5,vz_5,mass_6,radius_6,x_6,y_6,z_6,vx_6,vy_6,vz_6,mass_7,radius_7,x_7,y_7,z_7,vx_7,vy_7,vz_7,mass_8,radius_8,x_8,y_8,z_8,vx_8,vy_8,vz_8
0,1.660120825375342e-07,1.631393540950981e-08,0.3543937205732856,-0.1384911436918451,-0.04382807554982721,1.737842834123247,10.03508382156687,0.660573926649708,2.447838287784771e-06,4.045378434654418e-08,0.0970722999755883,-0.7207318238044889,-0.01548844145415032,7.271762262299475,0.9599859098169603,-0.406459940108948,3.040432648020684e-06,4.437104331057835e-07,0.796911768181348,-0.625201404364495,2.366124234799321e-05,3.7764887974102406,4.920409615696181,-0.00022541424483798204,3.2271560375549955e-07,2.270212793877687e-08,0.9919956009972255,-0.9712236007968741,-0.04469248554904101,3.7691449973532913,4.089778241097401,-0.0067919880754745456,0.0009547919099366768,4.778945025452157e-07,-3.03901432579683,-4.447451318112893,0.08647115467751812,2.2444934168704096,-1.426432502208612,-0.044298114585077444,0.0002858856700231729,4.0286669668487467e-07,1.235787062416314,-9.987565521854439,0.1244145327579725,1.9128099527582911,0.24277090353283215,-0.08033905707665065,4.3662496132004074e-05,1.708513622580592e-07,17.29488999794152,9.796962945594524,-0.1875662877769405,-0.716267715908252,1.1816127936798666,0.013640553911696317,5.151383772628657e-05,1.6553711549585576e-07,28.87208645544226,-7.912553795263476,-0.5025121081017213,0.29787308104424515,1.1115177309101294,-0.029782916500159816
