,flag,epoch,sbx,sby,sbz,sbvx,sbvy,sbvz
0,1,2457377.5,-0.09929165786731392,2.415153424539177,-0.6416618748098959,-4.259094990805835,-0.08661092073856308,0.8963487493593142
