,flag,epoch,sbx,sby,sbz,sbvx,sbvy,sbvz
0,1.0,2457020.0,-1.0939434752662902,2.0926782026413204,0.06621019305014834,-3.7682343279712938,-0.9183078838723767,0.5960223741018269
