,mass_1,radius_1,x_1,y_1,z_1,vx_1,vy_1,vz_1,mass_2,radius_2,x_2,y_2,z_2,vx_2,vy_2,vz_2,mass_3,radius_3,x_3,y_3,z_3,vx_3,vy_3,vz_3,mass_4,radius_4,x_4,y_4,z_4,vx_4,vy_4,vz_4,mass_5,radius_5,x_5,y_5,z_5,vx_5,vy_5,vz_5,mass_6,radius_6,x_6,y_6,z_6,vx_6,vy_6,vz_6,mass_7,radius_7,x_7,y_7,z_7,vx_7,vy_7,vz_7,mass_8,radius_8,x_8,y_8,z_8,vx_8,vy_8,vz_8
0,1.660120825375342e-07,1.631393540950981e-08,0.2749695270470232,-0.3164277693625985,-0.05108215875520447,5.7143399085575695,7.233141035695063,0.06674748538909585,2.447838287784771e-06,4.045378434654418e-08,-0.02150156903430265,0.719138856938476,0.01109724125434281,-7.4096673499938746,-0.259917424027827,0.42404219132214577,3.040432648020684e-06,4.437104331057835e-07,-0.9948530818575824,-0.06629673120281052,5.24867979799397e-06,0.3155402284994666,-6.293683062101384,0.0002086242768460692,3.2271560375549955e-07,2.270212793877687e-08,1.124325820545222,0.9138911313594523,-0.008446795148293662,-3.02837863772606,4.402570270572395,0.16657911262676964,0.0009547919099366768,4.778945025452157e-07,-4.158010124730608,3.359609687987497,0.07908912378759889,-1.7667443460506504,-2.01568284526149,0.04790470855541114,0.0002858856700231729,4.0286669668487467e-07,-5.039594199223081,-8.593911241988199,0.3500206978030064,1.6454132761955884,-1.038178151799369,-0.047486454650562615,4.3662496132004074e-05,1.708513622580592e-07,19.21291497873525,5.550014110513614,-0.2281944634098895,-0.4103136113511876,1.311076746043992,0.01021050996483602,5.151383772628657e-05,1.6553711549585576e-07,27.62673324660563,-11.6020335894243,-0.3976845601996359,0.4350668868081112,1.0618262935310219,-0.03193290802089021
