,flag,epoch,sbx,sby,sbz,sbvx,sbvy,sbvz
0,1.0,2456677.5,-33.10284950277254,-25.947083473458576,1.2262903033311632,0.6223327503414997,-0.7641659716874041,-0.06130709570283099
