,flag,epoch,sbx,sby,sbz,sbvx,sbvy,sbvz
0,1.0,2457752.5,-12.962693629004121,-8.634190594899078,1.2635470485924383,0.35830732840619334,-1.8248339456319287,-0.5389308001444795
