,flag,epoch,sbx,sby,sbz,sbvx,sbvy,sbvz
0,1.0,2458020.0,0.2299631241524649,2.6798291197204063,-0.5269005185726272,-3.836492400464405,0.6536469183008282,0.15152833701430835
1,1.0,2458020.0,0.22996308046713798,2.6798292143015483,-0.5269005264376174,-3.8364922800039394,0.6536468327162104,0.15152835374972212
