,flag,epoch,sbx,sby,sbz,sbvx,sbvy,sbvz
0,1.0,2457446.5,-3.411749735933464,0.09068258450339695,-0.26468205319943855,2.2008252823457157,-3.9604383780163075,-1.386384927304322
