,flag,epoch,sbx,sby,sbz,sbvx,sbvy,sbvz
0,1.0,2457498.5,34.01951448406182,7.0656945199151115,1.5151467346365095,-0.11033129424401493,1.0578130776414756,-0.012777867325880213
