,flag,epoch,sbx,sby,sbz,sbvx,sbvy,sbvz
0,1,2457045.5,-0.13703533683912317,2.390181004734893,0.012874541602018508,-4.176334055727814,0.6634076621283094,0.8997375928108927
