,flag,epoch,sbx,sby,sbz,sbvx,sbvy,sbvz
0,1.0,2457898.5,48.597027539876194,15.164418034468103,-11.134644063390462,0.22550369031368156,1.0528804286321136,-0.0018858809740255093
