,flag,epoch,sbx,sby,sbz,sbvx,sbvy,sbvz
0,1.0,2456747.5,-11.879050284882277,-37.40940327550124,-0.15584281655951793,0.9607452324660685,-0.2619181249523157,0.005996487860853936
