,mass_1,radius_1,x_1,y_1,z_1,vx_1,vy_1,vz_1,mass_2,radius_2,x_2,y_2,z_2,vx_2,vy_2,vz_2,mass_3,radius_3,x_3,y_3,z_3,vx_3,vy_3,vz_3,mass_4,radius_4,x_4,y_4,z_4,vx_4,vy_4,vz_4,mass_5,radius_5,x_5,y_5,z_5,vx_5,vy_5,vz_5,mass_6,radius_6,x_6,y_6,z_6,vx_6,vy_6,vz_6,mass_7,radius_7,x_7,y_7,z_7,vx_7,vy_7,vz_7,mass_8,radius_8,x_8,y_8,z_8,vx_8,vy_8,vz_8
0,1.660120825375342e-07,1.631393540950981e-08,0.07795461231263705,-0.4487782513276471,-0.04381614127784277,8.063766890672083,2.2862063930350387,-0.5533063760782485,2.447838287784771e-06,4.045378434654418e-08,0.02898237932563644,0.719166657565036,0.008162386573995125,-7.406762188652341,0.25898818919869837,0.43106033275655514,3.040432648020684e-06,4.437104331057835e-07,0.3520514014379249,0.9210690853145675,-7.160354718675605e-06,-5.972072686890541,2.219845863930776,-2.2832056943553176e-05,3.2271560375549955e-07,2.270212793877687e-08,-1.626403496662525,-0.2169011120515908,0.03541584099184562,0.8668946285458061,-4.629538995163951,-0.11828647056224978,0.0009547919099366768,4.778945025452157e-07,-3.260344438057475,4.167581701122765,0.05565500890562591,-2.207244359771423,-1.5698211879241897,0.05591135061762635,0.0002858856700231729,4.0286669668487467e-07,0.7945875631417,8.999488516959591,-0.1881736572543351,-2.1407762090806255,0.17363895531634935,0.08212065436131938,4.3662496132004074e-05,1.708513622580592e-07,16.95760646058178,-10.62432567830604,-0.259229186496037,0.7497286316386678,1.1489856743137274,-0.005397384314563418,5.151383772628657e-05,1.6553711549585576e-07,19.44743795860014,-22.95529323415132,0.0245992548630284,0.8647160222130228,0.7463581889468505,-0.03531187863872919
