,flag,epoch,sbx,sby,sbz,sbvx,sbvy,sbvz
0,1,2457001.5,-43.03512416558338,3.14068772593442,-6.94672453363443,-0.0777605198049067,-0.9467910322723095,-0.21835590817629383
