,flag,epoch,sbx,sby,sbz,sbvx,sbvy,sbvz
0,1.0,2457620.0,-1.4618559291970699,1.8684941143360114,-0.05141847970676787,-3.454278909788819,-2.0435568964368858,0.4499975590362729
1,1.0,2457620.0,-1.4618559230383137,1.868494123170825,-0.051418478205532844,-3.45427890424932,-2.043556887191846,0.44999757532784523
