,flag,epoch,sbx,sby,sbz,sbvx,sbvy,sbvz
0,1.0,2459374.5,-0.8631278011875322,-2.7573066817283736,1.856450151715117,-2.9432488086270845,2.070361516288986,2.915689375086703
