,flag,epoch,sbx,sby,sbz,sbvx,sbvy,sbvz
0,1.0,2456580.0,1.2786545079318383,-2.8942720761666116,0.2514357482903421,2.6853565316312773,1.9861522051375753,-0.7434872279447113
1,1.0,2456580.0,1.2786545681048318,-2.8942721960767432,0.2514361098573705,2.685356365366205,1.9861520766457081,-0.7434873106451139
