,mass_1,radius_1,x_1,y_1,z_1,vx_1,vy_1,vz_1,mass_2,radius_2,x_2,y_2,z_2,vx_2,vy_2,vz_2,mass_3,radius_3,x_3,y_3,z_3,vx_3,vy_3,vz_3,mass_4,radius_4,x_4,y_4,z_4,vx_4,vy_4,vz_4,mass_5,radius_5,x_5,y_5,z_5,vx_5,vy_5,vz_5,mass_6,radius_6,x_6,y_6,z_6,vx_6,vy_6,vz_6,mass_7,radius_7,x_7,y_7,z_7,vx_7,vy_7,vz_7,mass_8,radius_8,x_8,y_8,z_8,vx_8,vy_8,vz_8
0,1.660120825375342e-07,1.631393540950981e-08,-0.3229330551746357,-0.3093161221264634,0.004354858627493848,5.014921795828146,-6.954533499090842,-1.0283474142954925,2.447838287784771e-06,4.045378434654418e-08,-0.3805875304105783,0.6086772548158317,0.0303054698508569,-6.289238493361733,-3.957252128356614,0.3087131831552157,3.040432648020684e-06,4.437104331057835e-07,0.9315424505473183,-0.3891136824334399,1.02787467817199e-05,2.319987190652807,5.774776957494011,-0.00019358596883703823,3.2271560375549955e-07,2.270212793877687e-08,0.06598723549839207,-1.447919339388323,-0.03195733584092191,5.299536403048529,0.6723535959315945,-0.1159886513919401,0.0009547919099366768,4.778945025452157e-07,-3.003542673563455,4.34175989424755,0.04917763329185206,-2.301867078000175,-1.4391878258835276,0.05748514080663785,0.0002858856700231729,4.0286669668487467e-07,-5.933450016210783,-7.955120526444668,0.3745182568494237,1.5207151298272836,-1.2249807923649174,-0.03927580605669301,4.3662496132004074e-05,1.708513622580592e-07,19.42934694260447,4.806265180893811,-0.2337752751538289,-0.35708452078449937,1.3260024358796332,0.009578577177981154,5.151383772628657e-05,1.6553711549585576e-07,27.37507926233729,-12.19828873357361,-0.3795857405763534,0.4573067601289537,1.0524922831888914,-0.03224388233663009
