,flag,epoch,sbx,sby,sbz,sbvx,sbvy,sbvz
0,1.0,2457680.0,1.7950191165198195,-0.9301107806129603,-0.22799016823154336,2.0565806251471357,4.209164989117469,0.313163013987041
1,1.0,2457680.0,1.7950191105353754,-0.9301107764110522,-0.22799016982699494,2.0565806172468766,4.209165002872614,0.3131630315155574
