,mass_1,radius_1,x_1,y_1,z_1,vx_1,vy_1,vz_1,mass_2,radius_2,x_2,y_2,z_2,vx_2,vy_2,vz_2,mass_3,radius_3,x_3,y_3,z_3,vx_3,vy_3,vz_3,mass_4,radius_4,x_4,y_4,z_4,vx_4,vy_4,vz_4,mass_5,radius_5,x_5,y_5,z_5,vx_5,vy_5,vz_5,mass_6,radius_6,x_6,y_6,z_6,vx_6,vy_6,vz_6,mass_7,radius_7,x_7,y_7,z_7,vx_7,vy_7,vz_7,mass_8,radius_8,x_8,y_8,z_8,vx_8,vy_8,vz_8
0,1.660120825375342e-07,1.631393540950981e-08,-0.3895411930469939,-0.1498747840438042,0.02349532333990991,1.5636524715418452,-9.145851755636013,-0.89074121570851,2.447838287784771e-06,4.045378434654418e-08,-0.4209594868931052,0.5813159085774964,0.03226025804943251,-6.008933595620393,-4.373561101298296,0.2868645724873586,3.040432648020684e-06,4.437104331057835e-07,-0.1918920370628496,-0.9969147788814292,3.091291202551977e-05,6.068528640391361,-1.2111728465528753,3.170506062156316e-05,3.2271560375549955e-07,2.270212793877687e-08,0.7871761689259226,1.266430749870025,0.007206519436537014,-4.146908623973184,3.1328425318985014,0.1674508375539212,0.0009547919099366768,4.778945025452157e-07,0.2212747683270455,5.112648910042598,-0.02618510426000065,-2.789508719593048,0.25025690035485165,0.0613824404397701,0.0002858856700231729,4.0286669668487467e-07,-7.595254544989549,-6.230797408457246,0.4107313594346557,1.1796222799601879,-1.580263738818074,-0.019506393720363432,4.3662496132004074e-05,1.708513622580592e-07,19.79471944279819,3.166909987225541,-0.244630013099765,-0.23958247564450977,1.351475829682622,0.008147979006519456,5.151383772628657e-05,1.6553711549585576e-07,26.78598537267517,-13.47334834073231,-0.3397299140167732,0.5053778814999343,1.0309302926498276,-0.032880352646199505
