,flag,epoch,sbx,sby,sbz,sbvx,sbvy,sbvz
0,1.0,2456220.0,37.29606917321705,23.874920985174548,2.399319497644991,-0.555941903957714,0.7756163576082479,0.07302946352121928
