,flag,epoch,sbx,sby,sbz,sbvx,sbvy,sbvz
0,1.0,2457756.5,-2.4843532638938384,-0.6972159889185557,0.1903058778795238,0.6446610559241451,-3.582600012956634,-0.13578065109990964
