,flag,epoch,sbx,sby,sbz,sbvx,sbvy,sbvz
0,1.0,2454730.0,41.628493914844626,-10.818580428580612,-4.892682181873569,0.10272923852341238,0.9207550757948029,-0.3052781185791096
