,flag,epoch,sbx,sby,sbz,sbvx,sbvy,sbvz
0,1.0,2457850.0,0.15522328263410778,-2.485662495686403,0.2710795171592155,3.8511445929109605,0.12383689098643189,-0.0244991631963983
1,1.0,2457850.0,0.15522331378249665,-2.485662514215069,0.27107950287377575,3.851144567298378,0.12383689988889575,-0.024499155145097918
