,flag,epoch,sbx,sby,sbz,sbvx,sbvy,sbvz
0,1.0,2456480.0,1.0201573156751016,-2.950959442956381,0.5549584944157718,3.2768842126707454,1.2252809589267284,-0.25982251293199915
1,1.0,2456480.0,1.0201574381059844,-2.950959365815513,0.5549584722545219,3.276884202087939,1.2252811002671131,-0.2598225134794095
