,flag,epoch,sbx,sby,sbz,sbvx,sbvy,sbvz
0,1.0,2457470.0,2.257455555326537,-0.5856847486770653,0.22444890492809116,1.332501467404053,3.875226012927614,0.24207667033655195
1,1.0,2457470.0,2.2574555880958815,-0.585684573278727,0.22444894087968642,1.3325013092590452,3.875226091365437,0.24207660883657087
