,mass_1,radius_1,x_1,y_1,z_1,vx_1,vy_1,vz_1,mass_2,radius_2,x_2,y_2,z_2,vx_2,vy_2,vz_2,mass_3,radius_3,x_3,y_3,z_3,vx_3,vy_3,vz_3,mass_4,radius_4,x_4,y_4,z_4,vx_4,vy_4,vz_4,mass_5,radius_5,x_5,y_5,z_5,vx_5,vy_5,vz_5,mass_6,radius_6,x_6,y_6,z_6,vx_6,vy_6,vz_6,mass_7,radius_7,x_7,y_7,z_7,vx_7,vy_7,vz_7,mass_8,radius_8,x_8,y_8,z_8,vx_8,vy_8,vz_8
0,1.660120825375342e-07,1.631393540950981e-08,-0.1457729214365306,0.2827992214773189,0.03648121351068926,-11.200853472014868,-4.318197359918954,0.6749764514671397,2.447838287784771e-06,4.045378434654418e-08,-0.5691824831546697,0.4367584670818003,0.03882962219867681,-4.526124800871207,-5.898577206367865,0.18043832252170086,3.040432648020684e-06,4.437104331057835e-07,0.9512170728153835,0.3031799740943505,-9.68580996747279e-06,-2.010344207032383,5.963603513477756,-0.00012838701653025125,3.2271560375549955e-07,2.270212793877687e-08,0.3426843516474956,1.499107576830764,0.02299635280744491,-4.78863263340819,1.5728951837664493,0.15054848281507596,0.0009547919099366768,4.778945025452157e-07,4.213584985092678,-2.735490679620512,-0.08293462009303154,1.4677877892904458,2.4450090104228606,-0.042996791785612005,0.0002858856700231729,4.0286669668487467e-07,-9.416355297789304,0.7160521061931956,0.3623350284007821,-0.26267700949660566,-2.0343557577814266,0.04590184161638426,4.3662496132004074e-05,1.708513622580592e-07,20.01168290103032,-1.83950487563408,-0.2660438144828813,0.12215201539620772,1.365438856475342,0.0034737684586403908,5.151383772628657e-05,1.6553711549585576e-07,24.67280115476398,-17.11167935301217,-0.216214827358376,0.6471554634895119,0.9507903146077925,-0.03445389829287752
