,flag,epoch,sbx,sby,sbz,sbvx,sbvy,sbvz
0,1.0,2457280.0,-2.4804989156912205,0.30499439021709285,0.16237624353652105,-0.7653748210174248,-3.616365732804738,-0.22540433906465174
1,1.0,2457280.0,-2.4804988965812984,0.3049943684782509,0.16237620358444538,-0.7653747826596354,-3.6163657844278467,-0.22540434936476125
