,flag,epoch,sbx,sby,sbz,sbvx,sbvy,sbvz
0,1.0,2457890.0,1.9633475893772985,0.48995629695912307,-0.181384530877315,-1.0606159608072856,4.571616016340479,-0.387333560775963
1,1.0,2457890.0,1.9633475938338845,0.4899562773356471,-0.18138452652331805,-1.0606159359742058,4.571616022453213,-0.3873335629973706
