,flag,epoch,sbx,sby,sbz,sbvx,sbvy,sbvz
0,1.0,2457250.0,-0.8585360947361378,-2.2960448849705295,0.2043609744912746,3.7485978086521956,-0.9265626725493314,-0.433517176569863
1,1.0,2457250.0,-0.8585360558321442,-2.2960448717723057,0.20436097334278636,3.7485978567224496,-0.9265626659693567,-0.43351717846242827
