,mass_1,radius_1,x_1,y_1,z_1,vx_1,vy_1,vz_1,mass_2,radius_2,x_2,y_2,z_2,vx_2,vy_2,vz_2,mass_3,radius_3,x_3,y_3,z_3,vx_3,vy_3,vz_3,mass_4,radius_4,x_4,y_4,z_4,vx_4,vy_4,vz_4,mass_5,radius_5,x_5,y_5,z_5,vx_5,vy_5,vz_5,mass_6,radius_6,x_6,y_6,z_6,vx_6,vy_6,vz_6,mass_7,radius_7,x_7,y_7,z_7,vx_7,vy_7,vz_7,mass_8,radius_8,x_8,y_8,z_8,vx_8,vy_8,vz_8
0,1.660120825375342e-07,1.631393540950981e-08,-0.3950787495415758,-0.076289965370782,0.03002708194195272,-0.18673381700118782,-9.646952453283154,-0.7709429428431825,2.447838287784771e-06,4.045378434654418e-08,0.5582507692053928,0.4594797601202372,-0.02593825976752382,-4.7173791996555945,5.672511849017747,0.34985647237477047,3.040432648020684e-06,4.437104331057835e-07,0.7728557238682664,0.6226902048136898,-4.451246177468441e-06,-4.044704208240925,4.869671404534604,-3.9475264728595664e-05,3.2271560375549955e-07,2.270212793877687e-08,-1.648697449023737,0.1660341119052321,0.04398592476623211,-0.32080207835597707,-4.648713075572303,-0.08950607268310193,0.0009547919099366768,4.778945025452157e-07,-3.076167529467454,4.292724872158342,0.05101390839881889,-2.276854881093107,-1.4768676781185335,0.05708356037566659,0.0002858856700231729,4.0286669668487467e-07,0.9702676526249685,8.983596312291864,-0.1948842260745242,-2.136902634880332,0.21332091449443272,0.08127676136814381,4.3662496132004074e-05,1.708513622580592e-07,16.89574782873185,-10.71852595630546,-0.2587815900529971,0.7565278170661762,1.1447838264273291,-0.005501622847767776,5.151383772628657e-05,1.6553711549585576e-07,19.37632132306433,-23.01648818374869,0.02749945960281558,0.8669751850438818,0.7437369776054554,-0.03530810763725506
