,flag,epoch,sbx,sby,sbz,sbvx,sbvy,sbvz
0,1.0,2457456.5,38.87016741551971,2.256512770807925,-3.0815706907950995,0.12845964094566725,0.9481761838403352,-0.5085481649586528
