,mass_1,radius_1,x_1,y_1,z_1,vx_1,vy_1,vz_1,mass_2,radius_2,x_2,y_2,z_2,vx_2,vy_2,vz_2,mass_3,radius_3,x_3,y_3,z_3,vx_3,vy_3,vz_3,mass_4,radius_4,x_4,y_4,z_4,vx_4,vy_4,vz_4,mass_5,radius_5,x_5,y_5,z_5,vx_5,vy_5,vz_5,mass_6,radius_6,x_6,y_6,z_6,vx_6,vy_6,vz_6,mass_7,radius_7,x_7,y_7,z_7,vx_7,vy_7,vz_7,mass_8,radius_8,x_8,y_8,z_8,vx_8,vy_8,vz_8
0,1.660120825375342e-07,1.631393540950981e-08,-0.05387028382498626,0.3054721698390123,0.02990196883775047,-12.181471247362675,-1.409900302201443,1.0024185033689252,2.447838287784771e-06,4.045378434654418e-08,-0.5667524873880556,-0.4482030847583798,0.02656399316456313,4.530287527937961,-5.829155950025103,-0.34133082070579984,3.040432648020684e-06,4.437104331057835e-07,0.8058254362358706,0.5807954979390816,-2.106463225268106e-05,-3.776329672171693,5.074134110134243,-0.0001568379541756087,3.2271560375549955e-07,2.270212793877687e-08,0.8659691534105951,-1.09258785757344,-0.04414749161595254,4.1998821222816485,3.6132659428978555,-0.027376482275893628,0.0009547919099366768,4.778945025452157e-07,-3.367425079294839,4.092190240451243,0.05835647866937626,-2.1632584356775806,-1.6226938770717816,0.05514432317910514,0.0002858856700231729,4.0286669668487467e-07,-5.68258483976817,-8.150398896259999,0.3679208443805376,1.5589404444429829,-1.1723250880112477,-0.04171415588151569,4.3662496132004074e-05,1.708513622580592e-07,19.36991975715267,5.021941161560828,-0.232199981065584,-0.3725134320054603,1.3218933315824415,0.009761530471839117,5.151383772628657e-05,1.6553711549585576e-07,27.44905371367905,-12.02661278149149,-0.3848312405499764,0.45089934147394994,1.0552240156782955,-0.032156618492335025
