,flag,epoch,sbx,sby,sbz,sbvx,sbvy,sbvz
0,1,2457100.5,-3.0122467167023284,1.3485548924998179,-0.17543818010089934,-1.3597908001650636,-2.943147741303138,0.540193354547015
