,flag,epoch,sbx,sby,sbz,sbvx,sbvy,sbvz
0,1.0,2457680.0,24.829920061277093,-33.77743216045501,5.028008321391569,0.7210880078963955,0.5131923105180677,-0.2917803203897551
