,flag,epoch,sbx,sby,sbz,sbvx,sbvy,sbvz
0,1.0,2456770.0,-9.153416436135434,-29.11103056421004,3.194064306998365,1.198141886335916,-0.35648760538942276,0.08952087314960033
