,flag,epoch,sbx,sby,sbz,sbvx,sbvy,sbvz
0,1.0,2456046.5,5.576980366597713,-40.095977276592194,1.8017606282871172,1.0187418218978506,0.23027322618082854,-0.08947438775337788
