,flag,epoch,sbx,sby,sbz,sbvx,sbvy,sbvz
0,1,2456800.0,-3.681154156439024,0.21843937273482217,0.0751591005121868,-0.24715976090977548,-3.116484258878144,0.1509098492747703
