,flag,epoch,sbx,sby,sbz,sbvx,sbvy,sbvz
0,1,2457025.5,-1.9453393298216068,-0.902600264290063,0.0780574856316469,1.7381249409930966,-3.983605009902432,0.2838816962402393
