,flag,epoch,sbx,sby,sbz,sbvx,sbvy,sbvz
0,1.0,2457412.5,35.53849167792401,6.338743730478058,-1.8312650821495922,-0.19128090282055968,0.8751998199368064,0.5901116124125024
