,flag,epoch,sbx,sby,sbz,sbvx,sbvy,sbvz
0,1.0,2457524.5,44.13897252083642,14.160575253549208,9.232146258162064,-0.2468989535380926,0.7441452737113362,0.37543567298464103
