,flag,epoch,sbx,sby,sbz,sbvx,sbvy,sbvz
0,1,2457487.5,-1.661719554713155,-1.3236856897822578,-0.42385668352720457,2.658802895101118,-3.7935518910934127,-0.5016344125889628
