,flag,epoch,sbx,sby,sbz,sbvx,sbvy,sbvz
0,1.0,2457880.0,1.0181967592161465,2.062830281687054,-0.07888791848989359,-3.5157676451786353,2.369564377886811,-0.39622533848558733
1,1.0,2457880.0,1.018196782946489,2.0628302910736007,-0.07888791946416542,-3.515767591854583,2.3695644110472456,-0.3962253501043504
