,flag,epoch,sbx,sby,sbz,sbvx,sbvy,sbvz
0,1.0,2456770.0,-0.3623857175249878,-2.9784489621943546,-0.03431498264755814,3.3287695584605164,-0.8578451055060812,0.028573854266179317
