,flag,epoch,sbx,sby,sbz,sbvx,sbvy,sbvz
0,1,2457176.5,47.330087395281645,-4.660251574299016,-1.501125054587082,0.11032088610204174,0.8147886136489519,0.23409594472914905
