,flag,epoch,sbx,sby,sbz,sbvx,sbvy,sbvz
0,1,2457167.5,-0.9870136589526802,-2.057796974097303,0.0702564566731901,3.8919672606839883,-1.4709889487448324,-0.017656606973963013
