,flag,epoch,sbx,sby,sbz,sbvx,sbvy,sbvz
0,1.0,2457810.0,2.448206854719408,-0.23327466472750613,-0.30434228164107124,0.6891154452064102,3.8498801293451876,-0.12033395968056879
1,1.0,2457810.0,2.4482068516471758,-0.2332746348088791,-0.3043422948621314,0.6891154100539543,3.849880140312556,-0.12033396038152998
