,flag,epoch,sbx,sby,sbz,sbvx,sbvy,sbvz
0,1,2457219.5,-1.6740952182461348,-1.3918643621100761,-0.15504059031135023,2.282759818337334,-3.661563402278985,-0.4224010229909406
