,flag,epoch,sbx,sby,sbz,sbvx,sbvy,sbvz
0,1.0,2457310.0,40.875156249525425,-7.320144060289522,0.18096794296782265,0.25969523151401785,0.9671922841882089,0.023402994997199285
