,flag,epoch,sbx,sby,sbz,sbvx,sbvy,sbvz
0,1.0,2457360.5,-41.45864306938332,-17.23479586485176,1.7808862190949903,0.2962668894938102,-0.8804596258315546,-0.004383156330894173
