,mass_1,radius_1,x_1,y_1,z_1,vx_1,vy_1,vz_1,mass_2,radius_2,x_2,y_2,z_2,vx_2,vy_2,vz_2,mass_3,radius_3,x_3,y_3,z_3,vx_3,vy_3,vz_3,mass_4,radius_4,x_4,y_4,z_4,vx_4,vy_4,vz_4,mass_5,radius_5,x_5,y_5,z_5,vx_5,vy_5,vz_5,mass_6,radius_6,x_6,y_6,z_6,vx_6,vy_6,vz_6,mass_7,radius_7,x_7,y_7,z_7,vx_7,vy_7,vz_7,mass_8,radius_8,x_8,y_8,z_8,vx_8,vy_8,vz_8
0,1.660120825375342e-07,1.631393540950981e-08,0.1834348562010155,0.2522266249851164,0.003780435232831187,-10.353847722036454,6.463041734096334,1.478004143849426,2.447838287784771e-06,4.045378434654418e-08,-0.7062083640226261,-0.1390534312579948,0.0388461513907048,1.380055007880685,-7.281521936761345,-0.1794719515092387,3.040432648020684e-06,4.437104331057835e-07,-0.2352621802320541,0.9547387603260044,-3.334426787253175e-05,-6.20373201683535,-1.5270544645899218,8.344071798765745e-05,3.2271560375549955e-07,2.270212793877687e-08,-1.651198648817893,0.1190402341750179,0.04301914320448694,-0.17690944307586565,-4.66143883060229,-0.09333920860069259,0.0009547919099366768,4.778945025452157e-07,-5.185173916942749,1.562685075661029,0.1095354466088984,-0.8289517725200316,-2.5112509253081448,0.02897641324935371,0.0002858856700231729,4.0286669668487467e-07,-3.69486780043799,-9.299323684391668,0.3087292883523001,1.7820248139072346,-0.7605035398494884,-0.05774480226253336,4.3662496132004074e-05,1.708513622580592e-07,18.86304103665142,6.567527400966163,-0.2198661693844654,-0.4831613891488396,1.2871978590955977,0.01105660440508106,5.151383772628657e-05,1.6553711549585576e-07,27.95527850216085,-10.7656611004859,-0.4225146401137005,0.40402593278373855,1.074292282481106,-0.03148329465772411
