,flag,epoch,sbx,sby,sbz,sbvx,sbvy,sbvz
0,1.0,2457473.5,39.54112704216811,5.576918283586427,1.7382650944481086,-0.09123864697649878,0.8500430736948631,-0.5338533424912763
