,flag,epoch,sbx,sby,sbz,sbvx,sbvy,sbvz
0,1,2457340.0,-1.320282291640596,2.4891546089033323,0.06804252139395912,-3.2980434423536362,-1.7978484283364924,0.19014771226760452
