,flag,epoch,sbx,sby,sbz,sbvx,sbvy,sbvz
0,1.0,2459105.5,3.595418857648404,-1.6993496469620542,0.1709402097188819,1.0845659502658211,3.4256977249482463,2.0321492624046
