,flag,epoch,sbx,sby,sbz,sbvx,sbvy,sbvz
0,1.0,2457330.0,1.0847849340193558,1.5487683259743603,-0.13403640064289143,-3.9248634945534073,2.889001441189635,-0.23318961886296913
