,flag,epoch,sbx,sby,sbz,sbvx,sbvy,sbvz
0,1,2457690.0,-2.8849328800346696,1.7251910718275563,0.19408676850146017,-1.664339510762876,-2.8587859863182112,0.4871240381367826
