,flag,epoch,sbx,sby,sbz,sbvx,sbvy,sbvz
0,1.0,2457490.0,1.9977514219578352,0.803072538439492,0.15585187017843105,-1.217008008770958,4.256029385386104,0.4794589332194173
1,1.0,2457490.0,1.9977514083962271,0.8030725747539075,0.15585187405801632,-1.2170080545787518,4.256029367020546,0.47945893066437734
