,flag,epoch,sbx,sby,sbz,sbvx,sbvy,sbvz
0,1.0,2457530.0,-2.245486268393854,1.2400358956865332,-0.15478898762114585,-1.611565101452246,-3.2789843761331587,0.3509055877678673
1,1.0,2457530.0,-2.2454862643920723,1.240035892588298,-0.15478900824996553,-1.6115651048891915,-3.278984390674929,0.3509055634786408
