,flag,epoch,sbx,sby,sbz,sbvx,sbvy,sbvz
0,1,2457340.0,-2.071189744127939,-2.2610496184703464,0.10322944173100923,2.8110555187023682,-2.1066807005458723,0.5362127334646617
