,mass_1,radius_1,x_1,y_1,z_1,vx_1,vy_1,vz_1,mass_2,radius_2,x_2,y_2,z_2,vx_2,vy_2,vz_2,mass_3,radius_3,x_3,y_3,z_3,vx_3,vy_3,vz_3,mass_4,radius_4,x_4,y_4,z_4,vx_4,vy_4,vz_4,mass_5,radius_5,x_5,y_5,z_5,vx_5,vy_5,vz_5,mass_6,radius_6,x_6,y_6,z_6,vx_6,vy_6,vz_6,mass_7,radius_7,x_7,y_7,z_7,vx_7,vy_7,vz_7,mass_8,radius_8,x_8,y_8,z_8,vx_8,vy_8,vz_8
0,1.660120825375342e-07,1.631393540950981e-08,-0.2909960426120983,-0.3478844156979223,-0.001728423084817267,5.798059130105442,-6.116939899708148,-1.0317567662695564,2.447838287784771e-06,4.045378434654418e-08,-0.2457010423254014,0.6750826598773652,0.02343410391951798,-6.966856851033022,-2.5680023559677894,0.3668245434448919,3.040432648020684e-06,4.437104331057835e-07,0.594118430714431,0.7907540029296692,-3.124900386005464e-05,-5.126238950911139,3.7511305675164395,-0.0001112850109069228,3.2271560375549955e-07,2.270212793877687e-08,-1.49622069011822,0.7307293171182012,0.05203339353803455,-2.05125138081396,-4.156550600330088,-0.036754803168125044,0.0009547919099366768,4.778945025452157e-07,-5.059686124164597,1.902541772635699,0.1053162495504155,-1.0038701398072853,-2.4520639710084766,0.03264543047404908,0.0002858856700231729,4.0286669668487467e-07,-3.937408060122166,-9.19180043542192,0.3165188754164808,1.7612671313544908,-0.8103257077747904,-0.05605355706542486,4.3662496132004074e-05,1.708513622580592e-07,18.92831833464153,6.391013063097346,-0.2213698399608586,-0.47053022633854164,1.2916611934528424,0.010911820618488262,5.151383772628657e-05,1.6553711549585576e-07,27.89959876771654,-10.91257910809006,-0.4181993523500959,0.40945675791971536,1.072179961275415,-0.03156296190424096
