,flag,epoch,sbx,sby,sbz,sbvx,sbvy,sbvz
0,1.0,2457342.5,-35.98639581204164,-18.68730089334121,0.36745252493611247,0.6670528330729278,-0.8686181241668893,-0.3504499062885977
