,flag,epoch,sbx,sby,sbz,sbvx,sbvy,sbvz
0,1.0,2458263.5,-2.519383997796053,-0.9892854909402158,0.25911391045805965,1.8011768111550281,-2.9850137986925507,0.12235205442009574
