,mass_1,radius_1,x_1,y_1,z_1,vx_1,vy_1,vz_1,mass_2,radius_2,x_2,y_2,z_2,vx_2,vy_2,vz_2,mass_3,radius_3,x_3,y_3,z_3,vx_3,vy_3,vz_3,mass_4,radius_4,x_4,y_4,z_4,vx_4,vy_4,vz_4,mass_5,radius_5,x_5,y_5,z_5,vx_5,vy_5,vz_5,mass_6,radius_6,x_6,y_6,z_6,vx_6,vy_6,vz_6,mass_7,radius_7,x_7,y_7,z_7,vx_7,vy_7,vz_7,mass_8,radius_8,x_8,y_8,z_8,vx_8,vy_8,vz_8
0,1.660120825375342e-07,1.631393540950981e-08,0.3458791194823368,0.03371606684591261,-0.02897567273328548,-2.9819559616750713,10.687315265255924,1.14685906759811,2.447838287784771e-06,4.045378434654418e-08,-0.5952115539973566,0.4006050443670179,0.03984294707872958,-4.154642748758553,-6.1655261322968755,0.15517452072774204,3.040432648020684e-06,4.437104331057835e-07,-0.4517951666099421,-0.9064134759742503,4.050034469057007e-05,5.52185498706424,-2.826847962500426,9.956811125170133e-05,3.2271560375549955e-07,2.270212793877687e-08,-0.09296546780357333,-1.459972135681493,-0.02830931798709849,5.293565748035776,0.11409229332725394,-0.12751216892547523,0.0009547919099366768,4.778945025452157e-07,-3.522578563389219,-4.099688956160413,0.0958470268918691,2.05911555275903,-1.667916527161683,-0.039146993508327864,0.0002858856700231729,4.0286669668487467e-07,0.8052968369842765,-10.03225683542113,0.142322969453739,1.9215840445159809,0.15532231572690242,-0.07917201242462889,4.3662496132004074e-05,1.708513622580592e-07,17.45351694319802,9.530491307971873,-0.1906053802833662,-0.6968585361782633,1.1922244623062508,0.013433790081541832,5.151383772628657e-05,1.6553711549585576e-07,28.80416223386444,-8.16176188423824,-0.4958077960032426,0.30721067990779877,1.1085655740274567,-0.02994131881804822
