,flag,epoch,sbx,sby,sbz,sbvx,sbvy,sbvz
0,1.0,2457934.5,-54.2784354464569,-18.469302229987093,14.553969345166514,-0.06357272479708834,-0.7663437591572227,-0.16814193229468954
