,flag,epoch,sbx,sby,sbz,sbvx,sbvy,sbvz
0,1.0,2457490.0,1.166223902465564,1.8056423132736146,-0.12090669737553214,-3.4774182837317142,2.781152686114124,-0.4046078231017768
1,1.0,2457490.0,1.1662239441856386,1.8056423035091662,-0.12090669091928363,-3.4774182318377718,2.7811527016477493,-0.40460783328570143
