,flag,epoch,sbx,sby,sbz,sbvx,sbvy,sbvz
0,1.0,2457850.0,2.128654097527597,0.08180163063381074,-0.27720985398382947,-0.4770731201901678,4.4167115690278544,0.020217683307898745
1,1.0,2457850.0,2.1286540537508896,0.08180165547553009,-0.27720985953182886,-0.4770731972972859,4.416711632377555,0.02021768916205993
