,flag,epoch,sbx,sby,sbz,sbvx,sbvy,sbvz
0,1,2457130.0,2.128001660277447,1.4771976307214332,-0.11553258678199792,-2.086733448459019,3.1275819359604236,0.27679999727309684
