,flag,epoch,sbx,sby,sbz,sbvx,sbvy,sbvz
0,1.0,2457768.5,0.6500696194303272,2.5688085090941986,0.05293585611255795,-3.3418359543208127,1.3823342031196542,0.04831996439563235
