,mass_1,radius_1,x_1,y_1,z_1,vx_1,vy_1,vz_1,mass_2,radius_2,x_2,y_2,z_2,vx_2,vy_2,vz_2,mass_3,radius_3,x_3,y_3,z_3,vx_3,vy_3,vz_3,mass_4,radius_4,x_4,y_4,z_4,vx_4,vy_4,vz_4,mass_5,radius_5,x_5,y_5,z_5,vx_5,vy_5,vz_5,mass_6,radius_6,x_6,y_6,z_6,vx_6,vy_6,vz_6,mass_7,radius_7,x_7,y_7,z_7,vx_7,vy_7,vz_7,mass_8,radius_8,x_8,y_8,z_8,vx_8,vy_8,vz_8
0,1.660120825375342e-07,1.631393540950981e-08,-0.02827372585268364,-0.4629379580982981,-0.03523352423372605,8.195942149958695,-0.10067164637848579,-0.7601383227162153,2.447838287784771e-06,4.045378434654418e-08,-0.6960558116868563,-0.1845794094077754,0.03763580578335279,1.8453182281019707,-7.174110837317318,-0.20485412447277287,3.040432648020684e-06,4.437104331057835e-07,0.8411618366498715,-0.5627125331182271,1.695031425659474e-05,3.3916019981593517,5.1995898522088915,-0.00021035854779581802,3.2271560375549955e-07,2.270212793877687e-08,0.5190383752911375,-1.317041615272606,-0.04033775479744254,4.948107768647937,2.313484184680621,-0.0729565403456509,0.0009547919099366768,4.778945025452157e-07,-5.446898688446955,-0.04734500112954663,0.1220776804921837,-0.009020561162564684,-2.6284483476820513,0.011116383955558109,0.0002858856700231729,4.0286669668487467e-07,-2.561930768137691,-9.700354623054587,0.2705884447041856,1.8591235327796491,-0.5286658187920672,-0.06483191877739089,4.3662496132004074e-05,1.708513622580592e-07,18.54504429922185,7.360943942747254,-0.2127917921495282,-0.5400480075925164,1.2656788351981072,0.011704923084870408,5.151383772628657e-05,1.6553711549585576e-07,28.19868117277883,-10.09502241311715,-0.441965191968309,0.3792100141325152,1.0837960248433365,-0.031107750951278403
