,flag,epoch,sbx,sby,sbz,sbvx,sbvy,sbvz
0,1.0,2457003.5,-11.072451663463069,-0.7806519015247404,-1.6546102280182957,-0.1471623438223366,-2.3999020592121463,-0.012776730551467266
