,flag,epoch,sbx,sby,sbz,sbvx,sbvy,sbvz
0,1.0,2456660.0,0.9933498763708604,3.448200892735342,-0.2561821394989472,-2.928099631788074,0.5947132222719884,0.7603299150293794
1,1.0,2456660.0,0.9933496815848153,3.4482009654064845,-0.25618223235667376,-2.928099611804729,0.5947131206392522,0.7603299648628377
