,flag,epoch,sbx,sby,sbz,sbvx,sbvy,sbvz
0,1,2457770.0,0.5202472869821239,-2.6140507081635302,-0.22227695832746563,3.6109841597416477,0.5670218966786243,0.38721131431278377
