,flag,epoch,sbx,sby,sbz,sbvx,sbvy,sbvz
0,1.0,2457084.5,-12.51194628548671,-5.147902496779071,0.637994989683971,0.5571566870405423,-1.8308715491802383,0.05715283130956374
