,flag,epoch,sbx,sby,sbz,sbvx,sbvy,sbvz
0,1.0,2457470.0,2.257455555326537,-0.5856847486770653,0.22444890492809116,1.332501467404053,3.875226012927614,0.24207667033655195
1,1.0,2457470.0,2.25745556236248,-0.5856847426517042,0.22444888471975558,1.3325014871874268,3.875225996591914,0.2420766319877197
