,flag,epoch,sbx,sby,sbz,sbvx,sbvy,sbvz
0,1.0,2457710.0,2.50377341232207,-0.22320310088562445,-0.032930235284578196,0.04368291635738873,3.8735351757744865,-0.4313634128588207
1,1.0,2457710.0,2.503773442891555,-0.22320312513914675,-0.032930220433681226,0.04368296670957629,3.8735351233267608,-0.4313634016116045
