,flag,epoch,sbx,sby,sbz,sbvx,sbvy,sbvz
0,1.0,2457640.0,-19.059421815785853,-29.786630765971424,16.992293816729052,0.9356195646229521,-0.4184088319766414,0.15453701068903272
