,flag,epoch,sbx,sby,sbz,sbvx,sbvy,sbvz
0,1,2456440.0,-2.82826949729003,-0.24830344625857836,0.40851520927365476,-0.04888920783046599,-3.6442674069599237,0.0915474192210452
