,flag,epoch,sbx,sby,sbz,sbvx,sbvy,sbvz
0,1.0,2457270.0,15.845689523374698,24.813029359975413,1.6159122290607533,-1.0647052468482865,0.7345915658226156,0.08298700314907513
