,flag,epoch,sbx,sby,sbz,sbvx,sbvy,sbvz
0,1.0,2456580.0,-1.361293141984603,2.506574199242224,0.07925661211737434,-3.294043706811244,-1.7831546175647193,-0.046652455435462654
1,1.0,2456580.0,-1.3612928299123164,2.5065743241504888,0.07925661906530349,-3.2940439162725177,-1.7831543589637087,-0.04665243072920835
