,flag,epoch,sbx,sby,sbz,sbvx,sbvy,sbvz
0,1.0,2457917.5,4.15548333388488,0.18563861253249248,0.9560985327504226,-0.5447589793835119,3.3627375321784463,0.31480719533134055
