,mass_1,radius_1,x_1,y_1,z_1,vx_1,vy_1,vz_1,mass_2,radius_2,x_2,y_2,z_2,vx_2,vy_2,vz_2,mass_3,radius_3,x_3,y_3,z_3,vx_3,vy_3,vz_3,mass_4,radius_4,x_4,y_4,z_4,vx_4,vy_4,vz_4,mass_5,radius_5,x_5,y_5,z_5,vx_5,vy_5,vz_5,mass_6,radius_6,x_6,y_6,z_6,vx_6,vy_6,vz_6,mass_7,radius_7,x_7,y_7,z_7,vx_7,vy_7,vz_7,mass_8,radius_8,x_8,y_8,z_8,vx_8,vy_8,vz_8
0,1.660120825375342e-07,1.631393540950981e-08,0.2132962458720876,0.2314742066224882,-0.0006554038806634836,-9.591301981754379,7.393133831707633,1.4840435256269982,2.447838287784771e-06,4.045378434654418e-08,-0.4193456881103953,0.582494170825819,0.03218357781889169,-6.021159471517817,-4.356522384892749,0.2877643865567868,3.040432648020684e-06,4.437104331057835e-07,-0.9127114668594603,-0.4160421442924384,1.666081258802682e-05,2.5041134857316916,-5.741550358406319,0.00018399639185672726,3.2271560375549955e-07,2.270212793877687e-08,0.9277960509938514,1.146052948926243,0.001241535793774219,-3.7776592911374927,3.651774442308052,0.16923842476781037,0.0009547919099366768,4.778945025452157e-07,-4.257799142683882,3.242300371050596,0.08180924102842495,-1.704276359687378,-2.064687205656572,0.04671038333007013,0.0002858856700231729,4.0286669668487467e-07,-4.944659627166523,-8.65303501358781,0.3472674352976924,1.6569161401367323,-1.018465049514098,-0.04828664957089108,4.3662496132004074e-05,1.708513622580592e-07,19.18916924849009,5.625347348343385,-0.2276055891219517,-0.415696888928052,1.3094404026079038,0.010273785014514843,5.151383772628657e-05,1.6553711549585576e-07,27.65168226722689,-11.54095735244559,-0.3995196108785974,0.4328030413122325,1.0627536826382857,-0.03190070713776653
