,flag,epoch,sbx,sby,sbz,sbvx,sbvy,sbvz
0,1,2456178.5,-1.4455241112354071,-2.4360054521501895,0.028690678435830078,3.2549631654160307,-1.6636609143183543,-0.3803979282388077
