,mass_1,radius_1,x_1,y_1,z_1,vx_1,vy_1,vz_1,mass_2,radius_2,x_2,y_2,z_2,vx_2,vy_2,vz_2,mass_3,radius_3,x_3,y_3,z_3,vx_3,vy_3,vz_3,mass_4,radius_4,x_4,y_4,z_4,vx_4,vy_4,vz_4,mass_5,radius_5,x_5,y_5,z_5,vx_5,vy_5,vz_5,mass_6,radius_6,x_6,y_6,z_6,vx_6,vy_6,vz_6,mass_7,radius_7,x_7,y_7,z_7,vx_7,vy_7,vz_7,mass_8,radius_8,x_8,y_8,z_8,vx_8,vy_8,vz_8
0,1.660120825375342e-07,1.631393540950981e-08,0.3564465180091917,-0.1252654333185083,-0.04293840595527216,1.4073000169459813,10.157933094551494,0.7008638750387444,2.447838287784771e-06,4.045378434654418e-08,0.5425932436650163,0.4776367415259637,-0.02476682978310639,-4.903995908817366,5.51396825298157,0.3585779500483896,3.040432648020684e-06,4.437104331057835e-07,0.3376170719573886,-0.9588674971909339,3.021184196643501e-05,5.825182047441008,2.0634173055178935,-8.107672950786695e-05,3.2271560375549955e-07,2.270212793877687e-08,-0.6397615322012726,-1.371079704845339,-0.01302474778607767,4.825130365094824,-1.7224466954870452,-0.15452371336258966,0.0009547919099366768,4.778945025452157e-07,-2.681121545433233,4.527652536552059,0.04119081280526554,-2.4068884514347557,-1.2752879473471097,0.05915540680876324,0.0002858856700231729,4.0286669668487467e-07,-6.139347947726583,-7.784452763201688,0.379752313792772,1.4872555487424854,-1.2683395334411913,-0.03718845148505376,4.3662496132004074e-05,1.708513622580592e-07,19.47733874076304,4.624515571994743,-0.2350759127103799,-0.3440631542660114,1.329338645405701,0.009423060554256893,5.151383772628657e-05,1.6553711549585576e-07,27.31210835060519,-12.34220945302,-0.3751668069346449,0.46270434393150117,1.0501846948076452,-0.032317134102458685
