,flag,epoch,sbx,sby,sbz,sbvx,sbvy,sbvz
0,1,2452676.5,-16.663098474705013,-31.903656108235296,-1.3518942334862964,1.0007992404971415,-0.5311344570265203,-0.05016332358232116
