,mass_1,radius_1,x_1,y_1,z_1,vx_1,vy_1,vz_1,mass_2,radius_2,x_2,y_2,z_2,vx_2,vy_2,vz_2,mass_3,radius_3,x_3,y_3,z_3,vx_3,vy_3,vz_3,mass_4,radius_4,x_4,y_4,z_4,vx_4,vy_4,vz_4,mass_5,radius_5,x_5,y_5,z_5,vx_5,vy_5,vz_5,mass_6,radius_6,x_6,y_6,z_6,vx_6,vy_6,vz_6,mass_7,radius_7,x_7,y_7,z_7,vx_7,vy_7,vz_7,mass_8,radius_8,x_8,y_8,z_8,vx_8,vy_8,vz_8
0,1.660120825375342e-07,1.631393540950981e-08,-0.3242042334740096,-0.3075444094903615,0.004617188509854001,4.978633038162659,-6.989142621415812,-1.0278489164604956,2.447838287784771e-06,4.045378434654418e-08,0.3769211511204619,0.61553165889104,-0.01331869927844853,-6.323680839744129,3.82513681183798,0.4173713647920827,3.040432648020684e-06,4.437104331057835e-07,0.2066145777444553,0.9629156668914058,-2.998141499300181e-05,-6.246344569551082,1.2948503966898688,-3.4977497610459085e-05,3.2271560375549955e-07,2.270212793877687e-08,-1.37237947285355,0.9380550697533612,0.05334072192703028,-2.6920819172749217,-3.7834804074946025,-0.013192442227513089,0.0009547919099366768,4.778945025452157e-07,-1.167520623220845,5.050867472981004,0.005148517959825915,-2.721193816218893,-0.49062377027673787,0.06292948734862557,0.0002858856700231729,4.0286669668487467e-07,-6.965839125994757,-6.989014738883045,0.3988442267392437,1.3303697471309481,-1.4440957417567133,-0.02788429474433879,4.3662496132004074e-05,1.708513622580592e-07,19.66253518816434,3.841792372482121,-0.2403982693384407,-0.28804161732646244,1.3422215514503402,0.008743890897872192,5.151383772628657e-05,1.6553711549585576e-07,27.03426883694447,-12.95453206744542,-0.3561407659634657,0.4856778503252414,1.0399984916636082,-0.03262536709448578
