,flag,epoch,sbx,sby,sbz,sbvx,sbvy,sbvz
0,1.0,2457320.0,-0.29121340061163403,-2.492503567140582,-0.24843442471156127,3.7637078889826565,0.15696419470479056,-0.10756378745392407
1,1.0,2457320.0,-0.2912134966444151,-2.492503588032278,-0.24843442354230272,3.763707842293294,0.15696412896437528,-0.1075637684264252
