,flag,epoch,sbx,sby,sbz,sbvx,sbvy,sbvz
0,1.0,2457340.0,45.29427216166684,-3.4464954901621354,-0.794216732095385,-0.0003919643549884429,0.9148148203064461,-0.009107665832760688
