,mass_1,radius_1,x_1,y_1,z_1,vx_1,vy_1,vz_1,mass_2,radius_2,x_2,y_2,z_2,vx_2,vy_2,vz_2,mass_3,radius_3,x_3,y_3,z_3,vx_3,vy_3,vz_3,mass_4,radius_4,x_4,y_4,z_4,vx_4,vy_4,vz_4,mass_5,radius_5,x_5,y_5,z_5,vx_5,vy_5,vz_5,mass_6,radius_6,x_6,y_6,z_6,vx_6,vy_6,vz_6,mass_7,radius_7,x_7,y_7,z_7,vx_7,vy_7,vz_7,mass_8,radius_8,x_8,y_8,z_8,vx_8,vy_8,vz_8
0,1.660120825375342e-07,1.631393540950981e-08,-0.3844177897182106,0.007507150047420633,0.03589167582002022,-2.337864635252997,-9.831772037308697,-0.5886835344609396,2.447838287784771e-06,4.045378434654418e-08,0.2092377761922935,-0.6967065577665734,-0.0216085469501373,7.025696149492666,2.0995598893975043,-0.37678941297564683,3.040432648020684e-06,4.437104331057835e-07,1.002214663520684,-0.06862143436610989,3.313867387183782e-07,0.32688864446258403,6.245970684456391,-8.053748288848051e-05,3.2271560375549955e-07,2.270212793877687e-08,1.35523514766712,0.3848325775340457,-0.02522983025277498,-1.2004498615822112,5.353917779398553,0.1416711520167571,0.0009547919099366768,4.778945025452157e-07,-4.87197444360153,-2.440870110131058,0.1191540154206142,1.2013380212984601,-2.3365744094566576,-0.017183057711573895,0.0002858856700231729,4.0286669668487467e-07,-4.946922553161262,7.626586872603544,0.06409250102086221,-1.8181095362419828,-1.1153219759558586,0.09174686273673592,4.3662496132004074e-05,1.708513622580592e-07,18.72209627698174,-7.227151417015227,-0.2693512767437543,0.5073352917709288,1.2708992651926727,-0.0018241849159535033,5.151383772628657e-05,1.6553711549585576e-07,21.75750761357384,-20.74196623293599,-0.0742922760136969,0.7842110739340181,0.8342568578886979,-0.03527967276084778
