,flag,epoch,sbx,sby,sbz,sbvx,sbvy,sbvz
0,1,2455699.5,39.66641505158153,-15.077581913632107,-0.5714437775988739,0.4548022669800724,0.9038223978254863,-0.009249144703767101
