,flag,epoch,sbx,sby,sbz,sbvx,sbvy,sbvz
0,1,2457450.0,-2.9088537991110197,1.2534496989098247,-0.06548319481681625,-1.4254970812538141,-2.875809252145579,1.0356176630825842
