,mass_1,radius_1,x_1,y_1,z_1,vx_1,vy_1,vz_1,mass_2,radius_2,x_2,y_2,z_2,vx_2,vy_2,vz_2,mass_3,radius_3,x_3,y_3,z_3,vx_3,vy_3,vz_3,mass_4,radius_4,x_4,y_4,z_4,vx_4,vy_4,vz_4,mass_5,radius_5,x_5,y_5,z_5,vx_5,vy_5,vz_5,mass_6,radius_6,x_6,y_6,z_6,vx_6,vy_6,vz_6,mass_7,radius_7,x_7,y_7,z_7,vx_7,vy_7,vz_7,mass_8,radius_8,x_8,y_8,z_8,vx_8,vy_8,vz_8
0,1.660120825375342e-07,1.631393540950981e-08,0.3316087861265829,-0.2186795555361559,-0.04829058627033415,3.637076545566409,9.051949406692476,0.40599885780908884,2.447838287784771e-06,4.045378434654418e-08,0.7148731745428178,-0.1259850678224626,-0.0429809719669822,1.246055061590566,7.24212501219839,0.027437905633027445,3.040432648020684e-06,4.437104331057835e-07,-0.8381004440668264,0.5233489481130145,-1.869549676860281e-05,-3.430500737130901,-5.353525336604505,0.00023968493925144137,3.2271560375549955e-07,2.270212793877687e-08,-1.286075337602615,-0.9267797499298047,0.01214232600548816,3.1797639851072055,-3.709778689683041,-0.1557700810303414,0.0009547919099366768,4.778945025452157e-07,-4.036905124155559,-3.6220615227004,0.1053718559791471,1.8090206604247672,-1.9233571404946168,-0.03249117631877415,0.0002858856700231729,4.0286669668487467e-07,0.2941326018199588,-10.05974172987887,0.163143895588738,1.9270875439309763,0.05162780517765459,-0.07759391939278572,4.3662496132004074e-05,1.708513622580592e-07,17.63551647932688,9.212235773946418,-0.194139993154153,-0.6737234117990197,1.2044701951530616,0.013183666719459607,5.151383772628657e-05,1.6553711549585576e-07,28.72111604719866,-8.455702436805982,-0.4878315646481541,0.3182075976666841,1.1050697470816462,-0.03012731802196068
