,mass_1,radius_1,x_1,y_1,z_1,vx_1,vy_1,vz_1,mass_2,radius_2,x_2,y_2,z_2,vx_2,vy_2,vz_2,mass_3,radius_3,x_3,y_3,z_3,vx_3,vy_3,vz_3,mass_4,radius_4,x_4,y_4,z_4,vx_4,vy_4,vz_4,mass_5,radius_5,x_5,y_5,z_5,vx_5,vy_5,vz_5,mass_6,radius_6,x_6,y_6,z_6,vx_6,vy_6,vz_6,mass_7,radius_7,x_7,y_7,z_7,vx_7,vy_7,vz_7,mass_8,radius_8,x_8,y_8,z_8,vx_8,vy_8,vz_8
0,1.660120825375342e-07,1.631393540950981e-08,-0.3209359095744159,-0.3120837346228143,0.003958035930579975,5.071679652119136,-6.899436704625282,-1.029095880294762,2.447838287784771e-06,4.045378434654418e-08,0.5503865428311367,0.4687459155947396,-0.02535638736946605,-4.81247316986588,5.5930370937305,0.354270068679922,3.040432648020684e-06,4.437104331057835e-07,-0.5617918974608861,0.8084099326927853,-7.523838769825744e-06,-5.262593484600139,-3.6096888618894227,3.5549599374385696e-05,3.2271560375549955e-07,2.270212793877687e-08,0.6530169426667398,1.357054838186337,0.0123903736593138,-4.41108394470011,2.6515566274871296,0.16392511705320162,0.0009547919099366768,4.778945025452157e-07,-5.111780041514295,1.766272544052821,0.1070546951228731,-0.9350803073513432,-2.477535433111556,0.031209958565880765,0.0002858856700231729,4.0286669668487467e-07,-1.665718384345462,8.878888576866892,-0.08822333325673737,-2.113029676642016,-0.38205885119554417,0.0906908271912344,4.3662496132004074e-05,1.708513622580592e-07,17.76432405554621,-9.270655379056032,-0.264597495827133,0.6527090017940559,1.204251212082047,-0.003936215080026018,5.151383772628657e-05,1.6553711549585576e-07,20.42348478280879,-22.07596525189593,-0.01602834478156997,0.8326499406724677,0.7829392943032442,-0.035340451173721935
