,flag,epoch,sbx,sby,sbz,sbvx,sbvy,sbvz
0,1.0,2453030.0,-43.076144599145515,12.79794854166876,0.2966465012262459,-0.21259632777122603,-0.9063646150497495,0.03710944892043764
