,flag,epoch,sbx,sby,sbz,sbvx,sbvy,sbvz
0,1.0,2451388.5,-1.46710390503632,-2.050401593034345,0.8058623197177419,-3.0014698608261763,4.375344030472424,0.24848159418779953
