,flag,epoch,sbx,sby,sbz,sbvx,sbvy,sbvz
0,1.0,2456510.0,-2.196646424570001,2.1221214849404886,-0.3160437820491062,-2.2905012759219843,-2.365634622389879,0.48737654414014925
