,flag,epoch,sbx,sby,sbz,sbvx,sbvy,sbvz
0,1.0,2457900.0,1.083396616064209,-1.6929187096575733,-0.2500384948861788,3.8855098629037768,2.639596861657644,-0.17172669236900176
1,1.0,2457900.0,1.0833966392075436,-1.6929186974098236,-0.2500384870669031,3.8855098468196174,2.639596887066479,-0.17172666935181605
