,mass_1,radius_1,x_1,y_1,z_1,vx_1,vy_1,vz_1,mass_2,radius_2,x_2,y_2,z_2,vx_2,vy_2,vz_2,mass_3,radius_3,x_3,y_3,z_3,vx_3,vy_3,vz_3,mass_4,radius_4,x_4,y_4,z_4,vx_4,vy_4,vz_4,mass_5,radius_5,x_5,y_5,z_5,vx_5,vy_5,vz_5,mass_6,radius_6,x_6,y_6,z_6,vx_6,vy_6,vz_6,mass_7,radius_7,x_7,y_7,z_7,vx_7,vy_7,vz_7,mass_8,radius_8,x_8,y_8,z_8,vx_8,vy_8,vz_8
0,1.660120825375342e-07,1.631393540950981e-08,-0.3212363586095513,-0.311645864354227,0.004007217051766535,5.062757149469158,-6.908519150347103,-1.0289756238361447,2.447838287784771e-06,4.045378434654418e-08,0.6020402914590214,-0.4074266200387328,-0.04032656069629794,4.095278104517321,6.088814923391291,-0.15286238728463927,3.040432648020684e-06,4.437104331057835e-07,0.8246506100093948,-0.5872331860872555,1.666170076251776e-05,3.5427832836494955,5.095223727239013,-0.00018927782967425552,3.2271560375549955e-07,2.270212793877687e-08,-0.6579912638532073,1.482674480916988,0.04721675082289216,-4.477886762174664,-1.6389335110820056,0.07556201299038912,0.0009547919099366768,4.778945025452157e-07,-4.774460582076066,2.490729072391825,0.09649129592109658,-1.3088348348422112,-2.3157425275054675,0.03890351688589305,0.0002858856700231729,4.0286669668487467e-07,-4.366473421914303,-8.98120750102937,0.3299451060632591,1.720605300974779,-0.8987171029841096,-0.052900033995775766,4.3662496132004074e-05,1.708513622580592e-07,19.04144130368105,6.071776415834105,-0.224025998239878,-0.4476181534669431,1.2993939073666498,0.010645698230729876,5.151383772628657e-05,1.6553711549585576e-07,27.79749543302565,-11.17629871919692,-0.4104043228688658,0.41929001919116615,1.0683125346467577,-0.03170736384868057
