,flag,epoch,sbx,sby,sbz,sbvx,sbvy,sbvz
0,1.0,2457870.0,2.2299213052177542,-0.14106541882614598,-0.25231026266840095,0.6679739036102205,4.190850621827974,0.208958698357944
1,1.0,2457870.0,2.229921273698678,-0.14106537213239995,-0.2523102559329746,0.6679737957397712,4.190850694330978,0.20895871739878147
