,flag,epoch,sbx,sby,sbz,sbvx,sbvy,sbvz
0,1.0,2457056.5,-40.93653791511933,-17.291010922527974,1.4408042828422143,0.45225105568302776,-0.8338873764071222,0.0638548332776386
