,mass_1,radius_1,x_1,y_1,z_1,vx_1,vy_1,vz_1,mass_2,radius_2,x_2,y_2,z_2,vx_2,vy_2,vz_2,mass_3,radius_3,x_3,y_3,z_3,vx_3,vy_3,vz_3,mass_4,radius_4,x_4,y_4,z_4,vx_4,vy_4,vz_4,mass_5,radius_5,x_5,y_5,z_5,vx_5,vy_5,vz_5,mass_6,radius_6,x_6,y_6,z_6,vx_6,vy_6,vz_6,mass_7,radius_7,x_7,y_7,z_7,vx_7,vy_7,vz_7,mass_8,radius_8,x_8,y_8,z_8,vx_8,vy_8,vz_8
0,1.660120825375342e-07,1.631393540950981e-08,0.006484432278975005,0.3075059341202603,0.02453289964522177,-12.335417009120887,0.5910551963849324,1.1798762437084744,2.447838287784771e-06,4.045378434654418e-08,-0.5765841189008619,-0.4352148899153686,0.02730082040321008,4.39873509428914,-5.931137704201058,-0.33522506470086827,3.040432648020684e-06,4.437104331057835e-07,-0.6294369357359674,-0.7901879732492402,3.801280152985256e-05,4.812693427942309,-3.938845484358397,0.00017111662257139054,3.2271560375549955e-07,2.270212793877687e-08,0.3537259359303941,-1.382818469917996,-0.03765305377610486,5.144961245098666,1.7059827193232249,-0.09047494948977629,0.0009547919099366768,4.778945025452157e-07,1.490639873532649,-4.959993568350184,-0.01275003423716493,2.609099522708301,0.9243121745954723,-0.062214357704175424,0.0002858856700231729,4.0286669668487467e-07,4.428894307091149,-8.987707790534392,-0.02002106906723776,1.7177360781772215,0.8960323095044634,-0.08392204826040145,4.3662496132004074e-05,1.708513622580592e-07,15.9191484028349,11.77630337808954,-0.1624617064924574,-0.8624288931523334,1.0888084808728422,0.015166119669697189,5.151383772628657e-05,1.6553711549585576e-07,29.32640075114707,-5.958881467427349,-0.5532321157134509,0.22345388064401953,1.1316822459709073,-0.028445436951635476
