,flag,epoch,sbx,sby,sbz,sbvx,sbvy,sbvz
0,1.0,2456910.0,-0.9206139590095643,2.495804275884964,-0.27580395086480797,-3.791779271288037,-0.9190798005290431,-0.3015160257245367
1,1.0,2456910.0,-0.9206138450344348,2.4958042762425587,-0.2758039100300606,-3.791779353459335,-0.9190796932532204,-0.3015161336401586
