,flag,epoch,sbx,sby,sbz,sbvx,sbvy,sbvz
0,1,2456450.0,-3.1481158027378555,1.0306665852408303,-0.3835698716225437,-1.1604548973591011,-3.2800955069308384,0.05566341206086103
