,flag,epoch,sbx,sby,sbz,sbvx,sbvy,sbvz
0,1.0,2457300.0,-1.4530841238401548,1.650826706454363,-0.030336660928099425,-3.3449289415263816,-2.9179473739303945,-0.18337477309159986
1,1.0,2457300.0,-1.4530841399127883,1.650826710154955,-0.030336682008020706,-3.34492895524087,-2.9179473254439823,-0.18337475658481306
