,mass_1,radius_1,x_1,y_1,z_1,vx_1,vy_1,vz_1,mass_2,radius_2,x_2,y_2,z_2,vx_2,vy_2,vz_2,mass_3,radius_3,x_3,y_3,z_3,vx_3,vy_3,vz_3,mass_4,radius_4,x_4,y_4,z_4,vx_4,vy_4,vz_4,mass_5,radius_5,x_5,y_5,z_5,vx_5,vy_5,vz_5,mass_6,radius_6,x_6,y_6,z_6,vx_6,vy_6,vz_6,mass_7,radius_7,x_7,y_7,z_7,vx_7,vy_7,vz_7,mass_8,radius_8,x_8,y_8,z_8,vx_8,vy_8,vz_8
0,1.660120825375342e-07,1.631393540950981e-08,0.0600799722772996,-0.4533875712393901,-0.04255835386297114,8.12611588807622,1.8774744500302118,-0.5921063171761153,2.447838287784771e-06,4.045378434654418e-08,0.1130136850108559,-0.7184042446199457,-0.01637145499584184,7.248494480107982,1.1221748217893261,-0.4028980980680532,3.040432648020684e-06,4.437104331057835e-07,-0.9285561293030863,0.3451347902960589,-8.152188326542834e-06,-2.291694747232549,-5.913789120286291,0.0002251687877358676,3.2271560375549955e-07,2.270212793877687e-08,-1.513883941508819,-0.5711216408224141,0.02518641871282358,1.9947488947246497,-4.345504746952911,-0.14001947855265118,0.0009547919099366768,4.778945025452157e-07,-5.295296429264891,1.180495794484268,0.1135864940571957,-0.6331710075419407,-2.5624839167164963,0.024808050821804335,0.0002858856700231729,4.0286669668487467e-07,-3.424903843316542,-9.409679010063327,0.2998971405568795,1.8033104887314173,-0.705114560145822,-0.0595522477845903,4.3662496132004074e-05,1.708513622580592e-07,18.78924366159728,6.760980292503517,-0.2181893656655375,-0.49699753053868345,1.282194635653669,0.011214811591544974,5.151383772628657e-05,1.6553711549585576e-07,28.01566826981283,-10.60371661706031,-0.4272488341961893,0.39805457554058793,1.0766300527017638,-0.031394631430107935
