,flag,epoch,sbx,sby,sbz,sbvx,sbvy,sbvz
0,1.0,2454370.0,-27.67522584982367,20.53296612432454,0.13545454589165593,-0.6808848837665648,-0.8626948354485288,0.006565871472853203
