,flag,epoch,sbx,sby,sbz,sbvx,sbvy,sbvz
0,1,2457124.5,2.977060254338307,0.028145114359855422,-0.4764298403722068,0.016821810331344927,3.304871094291475,0.03286425093310919
