,mass_1,radius_1,x_1,y_1,z_1,vx_1,vy_1,vz_1,mass_2,radius_2,x_2,y_2,z_2,vx_2,vy_2,vz_2,mass_3,radius_3,x_3,y_3,z_3,vx_3,vy_3,vz_3,mass_4,radius_4,x_4,y_4,z_4,vx_4,vy_4,vz_4,mass_5,radius_5,x_5,y_5,z_5,vx_5,vy_5,vz_5,mass_6,radius_6,x_6,y_6,z_6,vx_6,vy_6,vz_6,mass_7,radius_7,x_7,y_7,z_7,vx_7,vy_7,vz_7,mass_8,radius_8,x_8,y_8,z_8,vx_8,vy_8,vz_8
0,1.660120825375342e-07,1.631393540950981e-08,0.2533216436786005,0.1957074327528972,-0.00724770830892314,-8.302352481299428,8.574989207096994,1.4623429876070955,2.447838287784771e-06,4.045378434654418e-08,0.7034518668080737,0.1736700518035227,-0.03821138421397111,-1.7975102922791295,7.139104711055083,0.2016584483625703,3.040432648020684e-06,4.437104331057835e-07,-0.9487132242680578,0.2881006725187029,-8.309542988013469e-06,-1.9280695911534136,-6.036255403710349,0.00026317170450972587,3.2271560375549955e-07,2.270212793877687e-08,-1.145010344536588,-1.070883386782369,0.00566090656605006,3.6831654497109962,-3.2958311511548986,-0.15944842700366768,0.0009547919099366768,4.778945025452157e-07,-3.961774827537055,-3.700287647786439,0.1040156161400276,1.8497071974726482,-1.8861142633790176,-0.0335556908287948,0.0002858856700231729,4.0286669668487467e-07,0.3732637126133365,-10.05729188116867,0.1599519823606056,1.9265763601112433,0.06767852298454403,-0.07785143435668981,4.3662496132004074e-05,1.708513622580592e-07,17.60777431940062,9.261662414884881,-0.1935977584328479,-0.6773191368441311,1.2026048411214538,0.01322312008588486,5.151383772628657e-05,1.6553711549585576e-07,28.73414915697271,-8.410308435712125,-0.4890682293582768,0.3165045437048084,1.1056170497073199,-0.030098267875333387
