,flag,epoch,sbx,sby,sbz,sbvx,sbvy,sbvz
0,1,2457491.5,-0.057654501630089006,2.5657795181271696,0.3444440713326474,-3.7683337606242446,0.8576939737303889,0.11246004167894134
