,flag,epoch,sbx,sby,sbz,sbvx,sbvy,sbvz
0,1.0,2457796.5,-59.59623656650871,-10.100510227978834,-12.323495271794709,-0.5069070040941269,-0.9237760132101116,-0.39420960371010516
