,mass_1,radius_1,x_1,y_1,z_1,vx_1,vy_1,vz_1,mass_2,radius_2,x_2,y_2,z_2,vx_2,vy_2,vz_2,mass_3,radius_3,x_3,y_3,z_3,vx_3,vy_3,vz_3,mass_4,radius_4,x_4,y_4,z_4,vx_4,vy_4,vz_4,mass_5,radius_5,x_5,y_5,z_5,vx_5,vy_5,vz_5,mass_6,radius_6,x_6,y_6,z_6,vx_6,vy_6,vz_6,mass_7,radius_7,x_7,y_7,z_7,vx_7,vy_7,vz_7,mass_8,radius_8,x_8,y_8,z_8,vx_8,vy_8,vz_8
0,1.660120825375342e-07,1.631393540950981e-08,-0.3928897501746816,-0.04210146666241916,0.03260127475706535,-1.0426650786411205,-9.776120661781516,-0.7032027957171817,2.447838287784771e-06,4.045378434654418e-08,-0.1895977040457029,0.6931882259081017,0.02045262812540268,-7.150838666299437,-1.9899976538946265,0.38534755380331104,3.040432648020684e-06,4.437104331057835e-07,-0.9512329427652948,0.2799451205799021,-1.0383354614866e-05,-1.8766937474452996,-6.051975014277247,0.00028263791379543176,3.2271560375549955e-07,2.270212793877687e-08,-0.6257141742053396,-1.37621417641575,-0.01348513953990822,4.845662424997835,-1.6766298678547216,-0.15401898996975275,0.0009547919099366768,4.778945025452157e-07,0.9910635586003995,-5.109287114313998,-0.0009525375847592992,2.6752880729748343,0.6555921535309267,-0.06257939722467633,0.0002858856700231729,4.0286669668487467e-07,4.101352070619777,-9.150602840222566,-0.004156954929679641,1.7495164922987216,0.828369786087886,-0.08401083405476684,4.3662496132004074e-05,1.708513622580592e-07,16.0806188228478,11.56957869885477,-0.1653120197922885,-0.8470346393261524,1.099752209990127,0.015009749067298206,5.151383772628657e-05,1.6553711549585576e-07,29.28341340973111,-6.172484030777118,-0.547844013180776,0.23164333586329705,1.1297200532277447,-0.02859776792748021
