,flag,epoch,sbx,sby,sbz,sbvx,sbvy,sbvz
0,1.0,2457329.5,-41.31441393730803,-20.46775524144089,2.3461314414122314,0.43724895366608924,-0.8035405336528603,0.049260306438942865
