,flag,epoch,sbx,sby,sbz,sbvx,sbvy,sbvz
0,1,2456910.0,2.407503093473004,-1.8757401592101226,0.4439844556049743,1.8437859118789182,3.1402837849502165,0.2016570984526917
