,flag,epoch,sbx,sby,sbz,sbvx,sbvy,sbvz
0,1.0,2457319.5,33.13786327228578,17.450449096701753,-7.225841401001162,-0.46624192560098865,0.8605867710308889,0.37049277258160446
