,flag,epoch,sbx,sby,sbz,sbvx,sbvy,sbvz
0,1,2456747.5,1.28029656121665,2.496953865501423,0.28354160283615976,-3.430127340434783,1.564251294360154,0.24124191265884973
