,flag,epoch,sbx,sby,sbz,sbvx,sbvy,sbvz
0,1.0,2457800.0,1.3381018637770556,2.2076191113476336,0.19571705995091093,-3.0298728170699203,2.221609704282885,-0.1872150144423823
1,1.0,2457800.0,1.3381018288102748,2.2076191038681423,0.19571705683552293,-3.0298728670475317,2.2216096898342452,-0.18721502671201493
