,flag,epoch,sbx,sby,sbz,sbvx,sbvy,sbvz
0,1,2453262.5,-14.238954606775483,-33.35427234170815,-0.2819265645001865,1.0088150439400136,-0.2778846685701828,0.29074749523809
