,flag,epoch,sbx,sby,sbz,sbvx,sbvy,sbvz
0,1,2457410.5,-1.2993903083632716,2.278510783743515,0.3225582797897135,-3.595325083036175,-1.8733149737359707,-0.16025488905416432
