,flag,epoch,sbx,sby,sbz,sbvx,sbvy,sbvz
0,1.0,2451880.0,0.779628851018101,2.525917476907591,-0.13946571715691158,-3.7166798817445623,1.5838373826884238,0.02475076601290604
