,flag,epoch,sbx,sby,sbz,sbvx,sbvy,sbvz
0,1,2457384.5,1.7567127245267176,0.880580263187636,0.1082991562839173,-2.8306700889260794,4.137219519615265,0.5934553722551804
