,flag,epoch,sbx,sby,sbz,sbvx,sbvy,sbvz
0,1.0,2457270.0,-44.86163787479187,-11.93766015409666,-11.7291429528874,0.36659623000057046,-0.7133778016512206,-0.32044686221145624
