,flag,epoch,sbx,sby,sbz,sbvx,sbvy,sbvz
0,1.0,2457273.5,-44.86186238234621,-11.937146167259273,-11.728851130120198,0.36658487858838373,-0.7133813740139613,-0.3204501322292
