,flag,epoch,sbx,sby,sbz,sbvx,sbvy,sbvz
0,1,2457365.5,-30.170228455844867,-30.49775547509748,0.029252285589598512,0.7283602358099583,-0.6465870976624016,-0.006231465545085661
