,flag,epoch,sbx,sby,sbz,sbvx,sbvy,sbvz
0,1.0,2453970.0,30.437713162741215,-27.11978760121589,-0.9530764208642646,0.6827178021625794,0.6225120276520116,-0.40821786332318066
