,mass_1,radius_1,x_1,y_1,z_1,vx_1,vy_1,vz_1,mass_2,radius_2,x_2,y_2,z_2,vx_2,vy_2,vz_2,mass_3,radius_3,x_3,y_3,z_3,vx_3,vy_3,vz_3,mass_4,radius_4,x_4,y_4,z_4,vx_4,vy_4,vz_4,mass_5,radius_5,x_5,y_5,z_5,vx_5,vy_5,vz_5,mass_6,radius_6,x_6,y_6,z_6,vx_6,vy_6,vz_6,mass_7,radius_7,x_7,y_7,z_7,vx_7,vy_7,vz_7,mass_8,radius_8,x_8,y_8,z_8,vx_8,vy_8,vz_8
0,1.660120825375342e-07,1.631393540950981e-08,-0.1639390582922564,0.2752470908522867,0.03753159439576977,-10.898287300720057,-4.863559319413613,0.6027796791334845,2.447838287784771e-06,4.045378434654418e-08,-0.2555323591379707,0.6713546173849908,0.02393515938794607,-6.929509803620998,-2.669028212932209,0.3634237647204535,3.040432648020684e-06,4.437104331057835e-07,0.8890922946756932,-0.4810604068856385,6.2601106730578e-06,2.888053053958645,5.503164327811815,-8.704225023344773e-05,3.2271560375549955e-07,2.270212793877687e-08,-1.646358565661698,-0.07139881341220318,0.0389478521015,0.412359701253947,-4.669787977901747,-0.10797514184349416,0.0009547919099366768,4.778945025452157e-07,-3.283440299045859,-4.283860854385699,0.0912581151967369,2.155135711458323,-1.5483739834737453,-0.04179727532134396,0.0002858856700231729,4.0286669668487467e-07,-6.514648018304991,6.424323957509304,0.1474006833096821,-1.538466412645975,-1.456821443812604,0.0865867593492989,4.3662496132004074e-05,1.708513622580592e-07,19.15488927695281,-6.029416157413613,-0.2704891839383889,0.42219363856437975,1.3016549362899297,-0.0006197319693229051,5.151383772628657e-05,1.6553711549585576e-07,22.47409658043228,-19.95221733125463,-0.1070901718498964,0.755197358855736,0.8624692530026091,-0.035179722155764585
