,flag,epoch,sbx,sby,sbz,sbvx,sbvy,sbvz
0,1.0,2457465.5,29.886654113734778,34.91435255328902,5.057779045034476,-0.646455741038573,0.6584253442576743,-0.15677955122927958
