,flag,epoch,sbx,sby,sbz,sbvx,sbvy,sbvz
0,1.0,2457198.5,26.62836054545962,23.319915560259034,-16.98511000574392,-0.3890548359908248,1.0462936880869962,0.16369701435783324
