,mass_1,radius_1,x_1,y_1,z_1,vx_1,vy_1,vz_1,mass_2,radius_2,x_2,y_2,z_2,vx_2,vy_2,vz_2,mass_3,radius_3,x_3,y_3,z_3,vx_3,vy_3,vz_3,mass_4,radius_4,x_4,y_4,z_4,vx_4,vy_4,vz_4,mass_5,radius_5,x_5,y_5,z_5,vx_5,vy_5,vz_5,mass_6,radius_6,x_6,y_6,z_6,vx_6,vy_6,vz_6,mass_7,radius_7,x_7,y_7,z_7,vx_7,vy_7,vz_7,mass_8,radius_8,x_8,y_8,z_8,vx_8,vy_8,vz_8
0,1.660120825375342e-07,1.631393540950981e-08,-0.08058203732536748,0.3014003300106942,0.03202086994168742,-11.989386378158283,-2.2767196194653723,0.9138890797718024,2.447838287784771e-06,4.045378434654418e-08,-0.7109623264877017,-0.111075860192149,0.039502742167329,1.0937507726800255,-7.331969796411391,-0.16367282876586547,3.040432648020684e-06,4.437104331057835e-07,-0.9900622636488755,-0.1262506766957134,1.022580570200421e-05,0.6926409866054564,-6.256957319233361,0.0002467842233044825,3.2271560375549955e-07,2.270212793877687e-08,0.6331452181100247,1.368519201553336,0.01313942203635131,-4.445017158594289,2.5816010172351516,0.16318883757116148,0.0009547919099366768,4.778945025452157e-07,-5.211097158590481,-1.612106424079508,0.1232990459635306,0.782125519533541,-2.505392721265305,-0.007097391653595042,0.0002858856700231729,4.0286669668487467e-07,-1.421262107768142,-9.950236610314604,0.2295196381958511,1.9067780443316429,-0.2965224378782387,-0.07075265964507692,4.3662496132004074e-05,1.708513622580592e-07,18.20170010149604,8.119868791622151,-0.2055231173522961,-0.594679568965419,1.2424907882841933,0.012316937420404517,5.151383772628657e-05,1.6553711549585576e-07,28.42073390387443,-9.43655007258765,-0.4606720547748489,0.35476490971454144,1.0926320415581472,-0.03072458906727811
