,flag,epoch,sbx,sby,sbz,sbvx,sbvy,sbvz
0,1.0,2458060.0,-0.9775345209713264,2.0527657190253796,-0.2549009585180989,-3.9728377993330675,-1.3732135267783954,-0.06974638166377033
1,1.0,2458060.0,-0.9775344766081978,2.0527657490492257,-0.2549009546089844,-3.9728378169979632,-1.3732134459214251,-0.06974639852013816
