,flag,epoch,sbx,sby,sbz,sbvx,sbvy,sbvz
0,1.0,2456710.0,-2.837288408523488,-0.7767851259722774,-0.505012271140186,0.9977874482057675,-3.215850629979351,-0.02737284707039318
1,1.0,2456710.0,-2.8372883933961788,-0.7767850763011691,-0.5050123009635588,0.997787412389207,-3.2158506714895365,-0.027372839839274566
