,flag,epoch,sbx,sby,sbz,sbvx,sbvy,sbvz
0,1.0,2457911.5,0.7787651056909451,-2.6100419715998555,0.015298047412294652,3.219955443793864,1.4790163970344254,-0.19584546404317266
