,mass_1,radius_1,x_1,y_1,z_1,vx_1,vy_1,vz_1,mass_2,radius_2,x_2,y_2,z_2,vx_2,vy_2,vz_2,mass_3,radius_3,x_3,y_3,z_3,vx_3,vy_3,vz_3,mass_4,radius_4,x_4,y_4,z_4,vx_4,vy_4,vz_4,mass_5,radius_5,x_5,y_5,z_5,vx_5,vy_5,vz_5,mass_6,radius_6,x_6,y_6,z_6,vx_6,vy_6,vz_6,mass_7,radius_7,x_7,y_7,z_7,vx_7,vy_7,vz_7,mass_8,radius_8,x_8,y_8,z_8,vx_8,vy_8,vz_8
0,1.660120825375342e-07,1.631393540950981e-08,0.04598354942792197,-0.4563498290309203,-0.04150088236315453,8.163401991546895,1.5588019261944097,-0.6218650153537647,2.447838287784771e-06,4.045378434654418e-08,0.7192005425362474,0.09103062859737493,-0.04026676972062105,-0.9561890019283172,7.295786873821264,0.15497244234534213,3.040432648020684e-06,4.437104331057835e-07,-0.4541042400030253,-0.9052559814874676,7.510400141535367e-06,5.514469501885667,-2.8411011316417625,2.667846449218458e-05,3.2271560375549955e-07,2.270212793877687e-08,0.150936030594569,-1.434620015605089,-0.03376308167471432,5.277069871016346,0.9745510974104136,-0.10923558082108065,0.0009547919099366768,4.778945025452157e-07,-4.206668683638688,3.300207368580279,0.08043247676994392,-1.7369848248313937,-2.040567992383256,0.047341697564955355,0.0002858856700231729,4.0286669668487467e-07,-0.230890809459522,9.027127299848063,-0.1478698021216886,-2.147742818064995,-0.0580460429830291,0.08643091570552525,4.3662496132004074e-05,1.708513622580592e-07,17.30631222679717,-10.06966076828055,-0.2616637062008225,0.7099160928285871,1.1728204043328823,-0.004792084651417199,5.151383772628657e-05,1.6553711549585576e-07,19.85743486396451,-22.59507142561343,0.007723547802451806,0.8515849083376802,0.7616456126895336,-0.03533078266856447
