,mass_1,radius_1,x_1,y_1,z_1,vx_1,vy_1,vz_1,mass_2,radius_2,x_2,y_2,z_2,vx_2,vy_2,vz_2,mass_3,radius_3,x_3,y_3,z_3,vx_3,vy_3,vz_3,mass_4,radius_4,x_4,y_4,z_4,vx_4,vy_4,vz_4,mass_5,radius_5,x_5,y_5,z_5,vx_5,vy_5,vz_5,mass_6,radius_6,x_6,y_6,z_6,vx_6,vy_6,vz_6,mass_7,radius_7,x_7,y_7,z_7,vx_7,vy_7,vz_7,mass_8,radius_8,x_8,y_8,z_8,vx_8,vy_8,vz_8
0,1.660120825375342e-07,1.631393540950981e-08,-0.1257568436455123,0.289883380459465,0.03522346097247867,-11.491824715118387,-3.7037189987155,0.7520644560696421,2.447838287784771e-06,4.045378434654418e-08,0.3504682636635266,0.6307677067119742,-0.01159972016940873,-6.48144377493419,3.5548872095836295,0.4227283617748439,3.040432648020684e-06,4.437104331057835e-07,1.00243598657585,-0.06421361595514138,-4.404160919450054e-08,0.2993507016103495,6.247808239422449,-6.915028303428043e-05,3.2271560375549955e-07,2.270212793877687e-08,-1.649176338418816,0.1590924431966271,0.0438482527097988,-0.2996937623374109,-4.650976404981595,-0.09008920661774734,0.0009547919099366768,4.778945025452157e-07,-5.443914186164979,0.09147155620673704,0.1214397973133668,-0.08053328769716891,-2.6283556971057584,0.012714220708617677,0.0002858856700231729,4.0286669668487467e-07,-3.015486673020274,8.53100976307245,-0.02848213293838103,-2.0308536600642917,-0.6856041482306519,0.09271353827008758,4.3662496132004074e-05,1.708513622580592e-07,18.17046565046347,-8.478355968686634,-0.2668875155769755,0.5962516052797188,1.2323439387653874,-0.0031051398534870573,5.151383772628657e-05,1.6553711549585576e-07,20.95886872398578,-21.56022988559496,-0.03900668912987171,0.8139436431553726,0.8033545730813109,-0.03533114995412476
