,flag,epoch,sbx,sby,sbz,sbvx,sbvy,sbvz
0,1.0,2456660.0,0.9933498763708604,3.448200892735342,-0.2561821394989472,-2.928099631788074,0.5947132222719884,0.7603299150293794
