,flag,epoch,sbx,sby,sbz,sbvx,sbvy,sbvz
0,1.0,2457590.0,2.037943196394728,-0.14249258499935125,0.19541626448733923,0.4135169650007644,4.6359939797577665,0.10345808716852639
1,1.0,2457590.0,2.0379432057759246,-0.14249256763316143,0.19541626715300459,0.41351694265839767,4.6359939650049125,0.10345807425509528
