,mass_1,radius_1,x_1,y_1,z_1,vx_1,vy_1,vz_1,mass_2,radius_2,x_2,y_2,z_2,vx_2,vy_2,vz_2,mass_3,radius_3,x_3,y_3,z_3,vx_3,vy_3,vz_3,mass_4,radius_4,x_4,y_4,z_4,vx_4,vy_4,vz_4,mass_5,radius_5,x_5,y_5,z_5,vx_5,vy_5,vz_5,mass_6,radius_6,x_6,y_6,z_6,vx_6,vy_6,vz_6,mass_7,radius_7,x_7,y_7,z_7,vx_7,vy_7,vz_7,mass_8,radius_8,x_8,y_8,z_8,vx_8,vy_8,vz_8
0,1.660120825375342e-07,1.631393540950981e-08,-0.2797669442134558,0.1953181512866315,0.04162577124805161,-7.982481260908951,-7.999266636345152,0.07866709866650201,2.447838287784771e-06,4.045378434654418e-08,-0.0892481824611798,-0.721057984375621,-0.004740801237589872,7.281827476347267,-0.9363367293508139,-0.43305263185229725,3.040432648020684e-06,4.437104331057835e-07,-0.03626038447064305,0.9829280151083157,-4.122848307157418e-05,-6.381866090699587,-0.25504226105469224,3.6178184058746514e-05,3.2271560375549955e-07,2.270212793877687e-08,-1.611095732666791,-0.2891007048141058,0.03348109746852269,1.0935741797185716,-4.594209608349478,-0.12310977608183542,0.0009547919099366768,4.778945025452157e-07,-4.297751001150455,-3.322565799095281,0.1099649076478825,1.6539906682437944,-2.052531569178799,-0.028487134724345466,0.0002858856700231729,4.0286669668487467e-07,0.003868204496909987,-10.06308258270398,0.1747545811711089,1.9278622698480627,-0.007259504012918725,-0.07660521550302658,4.3662496132004074e-05,1.708513622580592e-07,17.7359730447162,9.030355319706905,-0.1961143169932536,-0.6605180808553706,1.2112096013634304,0.013039274682786527,5.151383772628657e-05,1.6553711549585576e-07,28.67273104677384,-8.62195271290677,-0.4832869990373989,0.32442496302559753,1.1030306798365879,-0.03023204841976554
