,flag,epoch,sbx,sby,sbz,sbvx,sbvy,sbvz
0,1.0,2457890.0,2.1653042744023994,1.1231627563465287,0.24035005919701966,-1.5352821012673408,3.6174004047074395,-0.11332645095029542
1,1.0,2457890.0,2.1653043846824183,1.1231626210506616,0.2403500404446353,-1.5352819056828646,3.617400427590299,-0.11332644034171027
