,flag,epoch,sbx,sby,sbz,sbvx,sbvy,sbvz
0,1.0,2456420.0,30.948038429460908,25.44649390106397,-10.829452403067764,-0.7378832752825215,0.671049771038651,0.08960775325681683
