,mass_1,radius_1,x_1,y_1,z_1,vx_1,vy_1,vz_1,mass_2,radius_2,x_2,y_2,z_2,vx_2,vy_2,vz_2,mass_3,radius_3,x_3,y_3,z_3,vx_3,vy_3,vz_3,mass_4,radius_4,x_4,y_4,z_4,vx_4,vy_4,vz_4,mass_5,radius_5,x_5,y_5,z_5,vx_5,vy_5,vz_5,mass_6,radius_6,x_6,y_6,z_6,vx_6,vy_6,vz_6,mass_7,radius_7,x_7,y_7,z_7,vx_7,vy_7,vz_7,mass_8,radius_8,x_8,y_8,z_8,vx_8,vy_8,vz_8
0,1.660120825375342e-07,1.631393540950981e-08,0.3279613119793013,0.08408707097167209,-0.02322499954954866,-4.541598224941273,10.413323298516483,1.2675136917963488,2.447838287784771e-06,4.045378434654418e-08,-0.4626805825747988,0.5485590206373093,0.03421165054975638,-5.672997557134814,-4.802912113405083,0.26166634346089573,3.040432648020684e-06,4.437104331057835e-07,0.3302332313667261,-0.9615003817576334,1.721327388192172e-05,5.840782785890689,2.017692715908212,-4.953479488817986e-05,3.2271560375549955e-07,2.270212793877687e-08,-1.647375149810048,-0.05886436194778064,0.03922540630455323,0.3730902422464319,-4.671440938881074,-0.10703603117677142,0.0009547919099366768,4.778945025452157e-07,1.555854571539039,-4.937926922714798,-0.01431725354223807,2.5970062288290934,0.9597474793511536,-0.06209807450535107,0.0002858856700231729,4.0286669668487467e-07,-8.744783579661506,3.204122888477765,0.2922489115559498,-0.8081611101842515,-1.9171817208875532,0.06557385881924704,4.3662496132004074e-05,1.708513622580592e-07,19.78208941363576,-3.537986335942738,-0.2693598607522063,0.24441001530522857,1.3476953893546586,0.0018291052093927411,5.151383772628657e-05,1.6553711549585576e-07,23.83448066621439,-18.28049752594389,-0.17286429958885,0.6924145376433712,0.9170687072555295,-0.03482168775477013
