,flag,epoch,sbx,sby,sbz,sbvx,sbvy,sbvz
0,1.0,2458859.5,5.046917955189145,-2.224232506652987,-2.0565584686148126,-1.710080507979235,-2.0134061909053833,1.2554281983156776
