,flag,epoch,sbx,sby,sbz,sbvx,sbvy,sbvz
0,1.0,2457330.0,-2.5658351145968963,0.14544095085957887,-0.1686848801560945,-0.4620852119951283,-3.5799054725197834,-0.11786467662327219
1,1.0,2457330.0,-2.5658350662517724,0.14544093132552627,-0.1686849142951364,-0.4620851615092124,-3.5799055457373266,-0.11786475080079399
