,mass_1,radius_1,x_1,y_1,z_1,vx_1,vy_1,vz_1,mass_2,radius_2,x_2,y_2,z_2,vx_2,vy_2,vz_2,mass_3,radius_3,x_3,y_3,z_3,vx_3,vy_3,vz_3,mass_4,radius_4,x_4,y_4,z_4,vx_4,vy_4,vz_4,mass_5,radius_5,x_5,y_5,z_5,vx_5,vy_5,vz_5,mass_6,radius_6,x_6,y_6,z_6,vx_6,vy_6,vz_6,mass_7,radius_7,x_7,y_7,z_7,vx_7,vy_7,vz_7,mass_8,radius_8,x_8,y_8,z_8,vx_8,vy_8,vz_8
0,1.660120825375342e-07,1.631393540950981e-08,-0.3943495557494142,-0.05914174034316466,0.03134995894468846,-0.6125262587175224,0.0,0.0,2.447838287784771e-06,4.045378434654418e-08,-0.3614172207436995,0.6203187033600344,0.02935833364179067,-6.408244868501025,0.0,0.0,3.040432648020684e-06,4.437104331057835e-07,-0.2496775455850973,-0.983588409248452,3.055550287987203e-05,5.988631215888521,0.0,0.0,3.2271560375549955e-07,2.270212793877687e-08,0.8264749719221688,1.235721573155473,0.005598267077247729,-4.054422021957837,0.0,0.0,0.0009547919099366768,4.778945025452157e-07,0.2480020669096552,5.110181614365002,-0.02677294355534119,-2.7888476374081574,0.2647035674398164,0.06130773280637393,0.0002858856700231729,4.0286669668487467e-07,-7.606543745642396,-6.21564275168812,0.4109174950501565,1.1765943069103018,-1.5827286950423738,-0.0193427485665577,4.3662496132004074e-05,1.708513622580592e-07,19.79701078726194,3.153958724546538,-0.2447080362021128,-0.23865381668522861,1.3516376379852537,0.008136556793006065,5.151383772628657e-05,1.6553711549585576e-07,26.7811408062741,-13.48322636430931,-0.3394148162801026,0.5057523401052,1.0307543504823051,-0.032885045373812066
