,flag,epoch,sbx,sby,sbz,sbvx,sbvy,sbvz
0,1.0,2457078.5,-40.4434832275967,-8.614299083432181,1.6406625580825136,0.20910463079462538,-0.9727441751319094,-0.04009056736029433
