,flag,epoch,sbx,sby,sbz,sbvx,sbvy,sbvz
0,1.0,2457530.0,-2.3135796625598037,-0.5917257041428696,0.2900668283564173,0.6816987275315686,-4.023246092230732,-0.055628095172325816
1,1.0,2457530.0,-2.3135796473145196,-0.5917257169455425,0.29006683942879924,0.6816987644975802,-4.02324610270384,-0.05562812740715196
