,flag,epoch,sbx,sby,sbz,sbvx,sbvy,sbvz
0,1.0,2457329.5,-2.745919070281758,-6.233819084413473,0.7103188317739663,2.9989582564086392,-0.008913712236245758,-0.4584693428432126
