,mass_1,radius_1,x_1,y_1,z_1,vx_1,vy_1,vz_1,mass_2,radius_2,x_2,y_2,z_2,vx_2,vy_2,vz_2,mass_3,radius_3,x_3,y_3,z_3,vx_3,vy_3,vz_3,mass_4,radius_4,x_4,y_4,z_4,vx_4,vy_4,vz_4,mass_5,radius_5,x_5,y_5,z_5,vx_5,vy_5,vz_5,mass_6,radius_6,x_6,y_6,z_6,vx_6,vy_6,vz_6,mass_7,radius_7,x_7,y_7,z_7,vx_7,vy_7,vz_7,mass_8,radius_8,x_8,y_8,z_8,vx_8,vy_8,vz_8
0,1.660120825375342e-07,1.631393540950981e-08,-0.1086774913728962,-0.4530541946646911,-0.02705107866648657,7.930049462746901,-1.8800470948277048,-0.8811006151458708,2.447838287784771e-06,4.045378434654418e-08,0.1380887255604235,0.7069834762941473,0.00173192497756637,-7.275503488558322,1.3797491162024091,0.43878265723054366,3.040432648020684e-06,4.437104331057835e-07,0.252231416544752,-0.9849415178592735,4.438560649608032e-05,5.9851178078769625,1.5351519300951708,-8.430652959207602e-05,3.2271560375549955e-07,2.270212793877687e-08,-1.153097276649834,1.184177265363491,0.05310559162800631,-3.4695713901007896,-3.1299428526741844,0.019545834028252346,0.0009547919099366768,4.778945025452157e-07,-0.7981877972810489,-5.229845512475675,0.03958156590617884,2.694082194624838,-0.2861139767553373,-0.05909017535318656,0.0002858856700231729,4.0286669668487467e-07,2.91520141185749,-9.6174170266971,0.05115340290944246,1.8405813949137753,0.5848675242483674,-0.08340162237441205,4.3662496132004074e-05,1.708513622580592e-07,16.62150641778365,10.83172319266895,-0.1750298593232113,-0.7922609606614819,1.1363120286798836,0.01444400055366675,5.151383772628657e-05,1.6553711549585576e-07,29.1211467300286,-6.91554030041935,-0.5288010415189718,0.260116610080719,1.1224283254869254,-0.029117827223090885
