,flag,epoch,sbx,sby,sbz,sbvx,sbvy,sbvz
0,1,2457034.5,-2.6797143182722953,1.6337917997518203,-0.21553901587223037,-2.0380435842095097,-2.762001290394955,-0.5085353083553771
