,flag,epoch,sbx,sby,sbz,sbvx,sbvy,sbvz
0,1,2452264.5,2.3580561422451085,-1.29067802443987,-0.05862737647633603,1.399779645103474,3.3273106121747915,-0.21073389060227177
