,flag,epoch,sbx,sby,sbz,sbvx,sbvy,sbvz
0,1.0,2458373.5,-7.139390028760088,8.92347654356833,0.7023632029356102,-1.1634137463957206,-1.4142794739221278,-0.3413926634315074
