,mass_1,radius_1,x_1,y_1,z_1,vx_1,vy_1,vz_1,mass_2,radius_2,x_2,y_2,z_2,vx_2,vy_2,vz_2,mass_3,radius_3,x_3,y_3,z_3,vx_3,vy_3,vz_3,mass_4,radius_4,x_4,y_4,z_4,vx_4,vy_4,vz_4,mass_5,radius_5,x_5,y_5,z_5,vx_5,vy_5,vz_5,mass_6,radius_6,x_6,y_6,z_6,vx_6,vy_6,vz_6,mass_7,radius_7,x_7,y_7,z_7,vx_7,vy_7,vz_7,mass_8,radius_8,x_8,y_8,z_8,vx_8,vy_8,vz_8
0,1.660120825375342e-07,1.631393540950981e-08,0.3463050941527963,0.03216617071359709,-0.02914505138248587,-2.935228978941183,0.0,0.0,2.447838287784771e-06,4.045378434654418e-08,-0.4500465344338612,0.5590189478143687,0.03363285826991575,-5.780363178564401,0.0,0.0,3.040432648020684e-06,4.437104331057835e-07,-0.5242812314795047,0.832948735724009,-2.51697113794732e-05,-5.420385441508581,0.0,0.0,3.2271560375549955e-07,2.270212793877687e-08,-1.604165451027852,0.4401885575959339,0.04859857770732118,-1.161312328208136,0.0,0.0,0.0009547919099366768,4.778945025452157e-07,-1.48904833964616,4.982348035855398,0.01262786575061011,-2.6765169360742713,-0.6593849410357338,0.06263038698847266,0.0002858856700231729,4.0286669668487467e-07,-6.8053857905681,-7.15896499598685,0.3954077247237187,1.3639990515944955,-1.4097743558613842,-0.02982166842353843,4.3662496132004074e-05,1.708513622580592e-07,19.62754848474821,4.001499653090968,-0.2393485762556286,-0.29948482996717607,1.3397444868692292,0.008883448222593347,5.151383772628657e-05,1.6553711549585576e-07,27.0918328591511,-12.83054850294456,-0.3600226551483336,0.4810052590657135,1.0420676795738808,-0.03256365865997104
