,flag,epoch,sbx,sby,sbz,sbvx,sbvy,sbvz
0,1.0,2457910.0,2.0039888496613867,0.4480946216597246,0.18530064284133038,-0.7942093491946922,4.594439092054314,-0.11181959589191214
1,1.0,2457910.0,2.0039889242866797,0.4480944019066932,0.1853006147303964,-0.7942090046208251,4.594439104436009,-0.11181955957583771
