,flag,epoch,sbx,sby,sbz,sbvx,sbvy,sbvz
0,1.0,2457374.5,34.947188862738855,-4.699133387089341,-23.017064505530925,0.2744029670604766,0.9389872335662058,0.235033276516926
