,flag,epoch,sbx,sby,sbz,sbvx,sbvy,sbvz
0,1.0,2457760.0,0.4607332274640174,2.094713184657431,-0.1661997592330179,-4.102765615535804,1.542634181210064,0.3699897690035273
1,1.0,2457760.0,0.46073319214518904,2.0947131558681558,-0.166199757730972,-4.102765698657437,1.5426341574947553,0.3699897444759204
