,flag,epoch,sbx,sby,sbz,sbvx,sbvy,sbvz
0,1,2457420.0,2.6934054400521417,-0.3741006773157163,0.0276132719608063,0.6914048658253366,3.839697121547585,-0.10103433713827448
