,mass_1,radius_1,x_1,y_1,z_1,vx_1,vy_1,vz_1,mass_2,radius_2,x_2,y_2,z_2,vx_2,vy_2,vz_2,mass_3,radius_3,x_3,y_3,z_3,vx_3,vy_3,vz_3,mass_4,radius_4,x_4,y_4,z_4,vx_4,vy_4,vz_4,mass_5,radius_5,x_5,y_5,z_5,vx_5,vy_5,vz_5,mass_6,radius_6,x_6,y_6,z_6,vx_6,vy_6,vz_6,mass_7,radius_7,x_7,y_7,z_7,vx_7,vy_7,vz_7,mass_8,radius_8,x_8,y_8,z_8,vx_8,vy_8,vz_8
0,1.660120825375342e-07,1.631393540950981e-08,-0.3923117306654099,-0.1308262255977122,0.02530298157001497,1.1217875550381156,-9.304607568967938,-0.8631928214764389,2.447838287784771e-06,4.045378434654418e-08,-0.7128352339076364,0.08930514671679742,0.04236085028323989,-0.9586133162664345,-7.362946890125223,-0.04559724647148035,3.040432648020684e-06,4.437104331057835e-07,-0.6124629391010074,-0.8037420203694572,2.866554422868745e-05,4.895920948136883,-3.832299294414425,0.00011243190961226154,3.2271560375549955e-07,2.270212793877687e-08,0.5966774444628238,1.389277931073847,0.01446508785123967,-4.501980662014307,2.4518473810180685,0.16187323258490754,0.0009547919099366768,4.778945025452157e-07,-4.389624569035391,3.075783824748082,0.08545054248846286,-1.6159785702609955,-2.1291874082589533,0.045001632439594166,0.0002858856700231729,4.0286669668487467e-07,-4.812485406798843,-8.73281183412644,0.3433900548586018,1.6724355822038757,-0.9910459272411107,-0.04938097675983038,4.3662496132004074e-05,1.708513622580592e-07,19.15586947900671,5.729223254046206,-0.2267864562463888,-0.4231090911354414,1.307155005159359,0.010359790697362387,5.151383772628657e-05,1.6553711549585576e-07,27.68592203116632,-11.4565263692785,-0.4020507218885113,0.42968610242108013,1.0640361372038791,-0.03185710738883543
