,flag,epoch,sbx,sby,sbz,sbvx,sbvy,sbvz
0,1.0,2457156.5,-39.08628534507725,4.525962753041025,6.854011527570552,-0.2058713964847479,-1.018014968823,0.0012194723835347652
