,flag,epoch,sbx,sby,sbz,sbvx,sbvy,sbvz
0,1.0,2456840.0,-0.3652123357118726,-3.3755123578910418,0.0006301654950881886,3.2553909130830627,0.17923159417938894,0.014730935498693217
1,1.0,2456840.0,-0.3652121780364641,-3.375512357993761,0.0006302075353965325,3.25539092445123,0.17923164945278808,0.014730964695360133
