,mass_1,radius_1,x_1,y_1,z_1,vx_1,vy_1,vz_1,mass_2,radius_2,x_2,y_2,z_2,vx_2,vy_2,vz_2,mass_3,radius_3,x_3,y_3,z_3,vx_3,vy_3,vz_3,mass_4,radius_4,x_4,y_4,z_4,vx_4,vy_4,vz_4,mass_5,radius_5,x_5,y_5,z_5,vx_5,vy_5,vz_5,mass_6,radius_6,x_6,y_6,z_6,vx_6,vy_6,vz_6,mass_7,radius_7,x_7,y_7,z_7,vx_7,vy_7,vz_7,mass_8,radius_8,x_8,y_8,z_8,vx_8,vy_8,vz_8
0,1.660120825375342e-07,1.631393540950981e-08,-0.3565856028541809,0.08640967563926154,0.03978633921641224,-4.549381254666232,-9.545903433683877,-0.3622730994138876,2.447838287784771e-06,4.045378434654418e-08,0.6121522898794901,-0.3920305442688724,-0.0406931444793654,3.939112949511035,6.191158721708529,-0.14271712588750124,3.040432648020684e-06,4.437104331057835e-07,-0.7028228389079823,0.6913380552520719,-4.120016320527584e-06,-4.508908160169752,-4.503273460303058,2.4542724229550686e-05,3.2271560375549955e-07,2.270212793877687e-08,1.014055646692192,1.055964434145329,-0.002802285577266708,-3.491096613841025,3.9753993033315207,0.16906587439444876,0.0009547919099366768,4.778945025452157e-07,-1.208229958590487,5.040849583645327,0.006105416986569253,-2.7174886058982954,-0.5127211358618639,0.06294495865069004,0.0002858856700231729,4.0286669668487467e-07,2.528080072545366,8.695425118116535,-0.2518277765236512,-2.067628428451869,0.5641247685161026,0.07241846266625714,4.3662496132004074e-05,1.708513622580592e-07,16.31412996345855,-11.55028849813805,-0.2543688088894421,0.8167682126160335,1.1051236724833253,-0.006436478938886341,5.151383772628657e-05,1.6553711549585576e-07,18.72799004907834,-23.55742302744794,0.05358428168837021,0.8870226815169081,0.7197534545965381,-0.03526246198372996
