,flag,epoch,sbx,sby,sbz,sbvx,sbvy,sbvz
0,1,2457385.5,1.7747760980478624,-0.7597114176219815,-0.02359026870601927,1.5971233596879562,4.662418103490459,0.4148964650655515
