,flag,epoch,sbx,sby,sbz,sbvx,sbvy,sbvz
0,1.0,2456821.5,-9.66659144105071,-29.03212496075713,0.7920958468683609,1.0950222131567262,-0.22722461096169713,-0.12997544240913483
