,flag,epoch,sbx,sby,sbz,sbvx,sbvy,sbvz
0,1.0,2457896.5,-2.6187426353325387,0.13778706375944316,0.20935685343419158,-0.8765317361067053,-3.447089602043603,-0.05688942534729053
