,flag,epoch,sbx,sby,sbz,sbvx,sbvy,sbvz
0,1.0,2457495.5,29.20524206490356,18.092798156943175,-13.402493947100883,-0.5162970687307291,0.9251197267629052,-0.11731447144706385
