,flag,epoch,sbx,sby,sbz,sbvx,sbvy,sbvz
0,1.0,2458170.5,-39.677492325092715,4.4650272142227525,-12.713394324094523,-0.0494389271276128,-0.895641389194372,0.400941346734963
