,flag,epoch,sbx,sby,sbz,sbvx,sbvy,sbvz
0,1.0,2457508.5,27.13779792187352,33.19813962004856,-0.8652430244446864,-0.7212377049504829,0.6330805574721796,0.03239440359521923
