,flag,epoch,sbx,sby,sbz,sbvx,sbvy,sbvz
0,1.0,2457999.5,30.624205983350983,1.4206849461488247,-12.901383513486255,-0.29299518297393956,1.3763499705610378,-0.14296359181084276
