,flag,sbx,sby,sbz,sbvx,sbvy,sbvz,epoch
0,1.0,-30.94649801224491,7.92142309249241,-23.494900283498875,-0.6328840956781623,-0.4035464642245689,0.6975506995360128,2458725.5
