,flag,epoch,sbx,sby,sbz,sbvx,sbvy,sbvz
0,1.0,2458725.5,-32.579694282638116,-21.092790088466696,-8.130359715130957,0.09271073772092984,-0.12905363609230966,-0.0367002501576865
