,mass_1,radius_1,x_1,y_1,z_1,vx_1,vy_1,vz_1,mass_2,radius_2,x_2,y_2,z_2,vx_2,vy_2,vz_2,mass_3,radius_3,x_3,y_3,z_3,vx_3,vy_3,vz_3,mass_4,radius_4,x_4,y_4,z_4,vx_4,vy_4,vz_4,mass_5,radius_5,x_5,y_5,z_5,vx_5,vy_5,vz_5,mass_6,radius_6,x_6,y_6,z_6,vx_6,vy_6,vz_6,mass_7,radius_7,x_7,y_7,z_7,vx_7,vy_7,vz_7,mass_8,radius_8,x_8,y_8,z_8,vx_8,vy_8,vz_8
0,1.660120825375342e-07,1.631393540950981e-08,-0.1009806115620832,-0.4547904496257715,-0.02789496821090229,7.969519158861661,-1.709119101099295,-0.8708390356645611,2.447838287784771e-06,4.045378434654418e-08,0.7253335852623278,-0.001667303155508599,-0.04188164753856585,-0.014641514436867191,7.354126395015986,0.1016339894397204,3.040432648020684e-06,4.437104331057835e-07,-0.09564171603348419,-1.011283619756243,3.298907060640114e-05,6.153943747740766,-0.6152051551220974,4.321319335634594e-06,3.2271560375549955e-07,2.270212793877687e-08,-0.962060523311504,-1.211065781090804,-0.001761070203525774,4.194962660569292,-2.7411830479713206,-0.1604030395538058,0.0009547919099366768,4.778945025452157e-07,-2.507983816635029,4.615296101936218,0.03695253041508608,-2.4571021721501007,-1.186800084509603,0.05991101322343388,0.0002858856700231729,4.0286669668487467e-07,-6.244582677374931,-7.693374606198794,0.3823605166160722,1.469380140482244,-1.2905698442877822,-0.036090492846679284,4.3662496132004074e-05,1.708513622580592e-07,19.50158887027515,4.529827883948701,-0.2357437549217427,-0.3372712976283341,1.3310142832205616,0.009340681885855682,5.151383772628657e-05,1.6553711549585576e-07,27.27907102152289,-12.41692255288609,-0.3728649536208199,0.46551675182031627,1.048963456974848,-0.03235607021531776
