,flag,epoch,sbx,sby,sbz,sbvx,sbvy,sbvz
0,1.0,2456824.5,34.317032916877295,18.37562608539084,2.905203241670657,-0.5792075052315102,0.8058039794220418,0.4229087007308529
