,flag,epoch,sbx,sby,sbz,sbvx,sbvy,sbvz
0,1.0,2457210.0,-34.738931298624834,20.12313012389145,1.0246374357875547,-0.3454606327642519,-0.9924554453395308,-0.14126915270844595
