,flag,epoch,sbx,sby,sbz,sbvx,sbvy,sbvz
0,1.0,2457320.0,37.651368194181714,12.179958572389161,-0.7115679375283053,-0.3767432554484197,0.988288886719954,-0.1229422982602943
