,flag,epoch,sbx,sby,sbz,sbvx,sbvy,sbvz
0,1.0,2457350.0,-2.2306175006886546,-0.832270149636294,0.1674694119863087,2.0903947123081097,-3.5684455598919134,0.17382749378146953
