,flag,epoch,sbx,sby,sbz,sbvx,sbvy,sbvz
0,1,2457390.0,-1.2586518344938744,-2.8325107461294357,-0.2571402120863383,3.196366597179764,-1.5721574754158425,0.3168485965742022
