,flag,epoch,sbx,sby,sbz,sbvx,sbvy,sbvz
0,1.0,2457490.0,-18.342060359971825,-29.150201300030826,2.6604577280471697,1.0640367514914386,-0.3909019459548948,-0.0526833932974356
