,mass_1,radius_1,x_1,y_1,z_1,vx_1,vy_1,vz_1,mass_2,radius_2,x_2,y_2,z_2,vx_2,vy_2,vz_2,mass_3,radius_3,x_3,y_3,z_3,vx_3,vy_3,vz_3,mass_4,radius_4,x_4,y_4,z_4,vx_4,vy_4,vz_4,mass_5,radius_5,x_5,y_5,z_5,vx_5,vy_5,vz_5,mass_6,radius_6,x_6,y_6,z_6,vx_6,vy_6,vz_6,mass_7,radius_7,x_7,y_7,z_7,vx_7,vy_7,vz_7,mass_8,radius_8,x_8,y_8,z_8,vx_8,vy_8,vz_8
0,1.660120825375342e-07,1.631393540950981e-08,0.3405316811344737,0.05126263649223837,-0.02705358053958907,-3.5155083965567466,10.621195019999016,1.1903791023053796,2.447838287784771e-06,4.045378434654418e-08,-0.296531273504071,0.6540960732834837,0.02607745812288795,-6.7535366423790535,-3.091458005362099,0.34736833698573966,3.040432648020684e-06,4.437104331057835e-07,-0.954025773042233,-0.3032785951505279,1.302371177692072e-05,1.8014530333948382,-6.01226595020466,0.0001950923006415333,3.2271560375549955e-07,2.270212793877687e-08,0.9980298183429757,1.073513788176764,-0.002002269784787332,-3.5482654340313053,3.9161133335533735,0.16914682653330998,0.0009547919099366768,4.778945025452157e-07,-4.224935658813473,3.281715856672353,0.08091017805751947,-1.7252397243817996,-2.0485647627142396,0.04711257706606159,0.0002858856700231729,4.0286669668487467e-07,-4.976377888146041,-8.633453065557946,0.3481902988895353,1.653106828426518,-1.025048985101822,-0.048020644368746784,4.3662496132004074e-05,1.708513622580592e-07,19.19711887902532,5.600246729060471,-0.227802284667994,-0.4139036062081453,1.3099881092588033,0.010252778301540694,5.151383772628657e-05,1.6553711549585576e-07,27.64338038889446,-11.5613220219856,-0.3989081330329488,0.43355735539985746,1.0624449547556643,-0.03191138994081278
