,flag,epoch,sbx,sby,sbz,sbvx,sbvy,sbvz
0,1,2457120.5,1.7600726182467437,-1.69989568628747,-0.1460608863603954,2.661458326985299,2.7535688498765474,-0.17030348719744443
