,flag,epoch,sbx,sby,sbz,sbvx,sbvy,sbvz
0,1.0,2457780.0,-0.7316864571538824,-2.3517208298653722,0.2932844041313688,3.79797805371655,-0.749538143071642,-0.026087474058549436
1,1.0,2457780.0,-0.7316864697118411,-2.3517208220766403,0.29328439438759746,3.797978054491509,-0.7495381350628327,-0.026087478174265
