,flag,epoch,sbx,sby,sbz,sbvx,sbvy,sbvz
0,1.0,2457830.0,1.5979449418565275,-1.8063634414881584,-0.28786985118188535,2.8553732840909327,2.7169820959938833,0.18638114486731958
1,1.0,2457830.0,1.5979449745077712,-1.8063634302428264,-0.2878698320861435,2.855373270659545,2.7169820894466707,0.18638114508580733
