,flag,epoch,sbx,sby,sbz,sbvx,sbvy,sbvz
0,1,2457060.5,-3.350663423324381,1.4758450055381909,0.09719953552168785,-1.2662093066138593,-2.702224683028903,-0.02691900768950319
