,flag,epoch,sbx,sby,sbz,sbvx,sbvy,sbvz
0,1.0,2457550.0,0.2047542969321342,-2.396369820330681,0.20249491197336497,3.960828394943563,0.1381025126269132,0.271371510749522
1,1.0,2457550.0,0.20475426370255945,-2.3963698350372593,0.20249492631496002,3.960828378424759,0.1381024647304673,0.27137147906891684
