,flag,epoch,sbx,sby,sbz,sbvx,sbvy,sbvz
0,1.0,2457450.0,-0.8348736391038906,-2.7133889826033064,-0.5446982463657857,3.485788939992908,-0.41146872020251557,0.4216402778341404
1,1.0,2457450.0,-0.8348737153722333,-2.7133889290493554,-0.5446982236871355,3.485788984174248,-0.41146873588846333,0.4216402634283245
