,flag,epoch,sbx,sby,sbz,sbvx,sbvy,sbvz
0,1.0,2457492.5,15.86902854544502,20.98361320067122,-0.3779779864214253,-1.0834821521856144,0.8072024368342776,-0.4096908764532086
