,mass_1,radius_1,x_1,y_1,z_1,vx_1,vy_1,vz_1,mass_2,radius_2,x_2,y_2,z_2,vx_2,vy_2,vz_2,mass_3,radius_3,x_3,y_3,z_3,vx_3,vy_3,vz_3,mass_4,radius_4,x_4,y_4,z_4,vx_4,vy_4,vz_4,mass_5,radius_5,x_5,y_5,z_5,vx_5,vy_5,vz_5,mass_6,radius_6,x_6,y_6,z_6,vx_6,vy_6,vz_6,mass_7,radius_7,x_7,y_7,z_7,vx_7,vy_7,vz_7,mass_8,radius_8,x_8,y_8,z_8,vx_8,vy_8,vz_8
0,1.660120825375342e-07,1.631393540950981e-08,-0.3925014315211794,-0.0383883016465329,0.03287784908295094,-1.1370291435495559,-9.785224281867096,-0.69517259053096,2.447838287784771e-06,4.045378434654418e-08,0.2603078819217504,-0.6793178177816053,-0.02432972160574094,6.848830831633952,2.618522970554123,-0.35939300658001644,3.040432648020684e-06,4.437104331057835e-07,-0.9631749076327867,-0.27066467109091,1.012975127574049e-05,1.5977769941835553,-6.073439945509266,0.00016175861724363895,3.2271560375549955e-07,2.270212793877687e-08,1.377472414151864,-0.155987713566643,-0.0370929096978949,0.7706524680512393,5.515615637530326,0.09665141368858032,0.0009547919099366768,4.778945025452157e-07,4.74966979312849,1.384088359647641,-0.1120359874175503,-0.8055121023087657,2.779681375607635,0.006482909022034045,0.0002858856700231729,4.0286669668487467e-07,-9.328160286465407,-2.288011726601668,0.4111463248577295,0.3750266193155893,-1.9812890319108059,0.019561817964017573,4.3662496132004074e-05,1.708513622580592e-07,20.08393552225968,0.1933713919549283,-0.259445725225645,-0.024954354277807553,1.3716981179808916,0.005413940774579642,5.151383772628657e-05,1.6553711549585576e-07,25.59151889915906,-15.67355022329058,-0.2669398412088124,0.590682094617308,0.9866847387047695,-0.03389174457262637
