,flag,epoch,sbx,sby,sbz,sbvx,sbvy,sbvz
0,1.0,2457200.0,29.687817896254096,24.76991307884802,-11.777328566699122,-0.4952563527696628,0.8031836663867948,0.3237877869446557
