,flag,epoch,sbx,sby,sbz,sbvx,sbvy,sbvz
0,1.0,2456619.5,-15.77572583002281,-18.621064469646228,-4.071011992067135,1.2651982093947842,-0.6189663954622605,-0.1384589943082661
