,flag,epoch,sbx,sby,sbz,sbvx,sbvy,sbvz
0,1.0,2457185.5,35.808594079799036,15.79183808262,-3.918941954364188,-0.23941638307604246,1.1607407672684744,0.06730964892510138
