,flag,epoch,sbx,sby,sbz,sbvx,sbvy,sbvz
0,1.0,2457540.0,0.2301998613720272,2.635960576887079,-0.2878886569313738,-3.5730408647950123,0.5211842413358553,0.14641426385637718
1,1.0,2457540.0,0.23019985182438363,2.635960581749815,-0.2878886197982704,-3.57304085742902,0.521184262565874,0.1464142238137053
