,flag,epoch,sbx,sby,sbz,sbvx,sbvy,sbvz
0,1,2457740.0,-0.36222573360859,2.323072342056686,-0.478554355847881,-4.128894617574585,-1.01295577772672,0.06452818895144305
