,flag,epoch,sbx,sby,sbz,sbvx,sbvy,sbvz
0,1.0,2456930.0,-2.1750439731647746,-1.0819018245933076,0.07258977389793973,2.2076685635209072,-3.160150006907905,0.09778633472915145
1,1.0,2456930.0,-2.175044039411656,-1.081901847681272,0.07258972467408262,2.2076685734352606,-3.1601498449361256,0.09778631921629596
