,flag,epoch,sbx,sby,sbz,sbvx,sbvy,sbvz
0,1.0,2457160.0,23.537502118654444,-30.530117978084583,-5.922855377003913,0.7430684824846443,0.6401194156770795,-0.47307241104283543
