,flag,epoch,sbx,sby,sbz,sbvx,sbvy,sbvz
0,1,2456330.0,-0.5467236878128162,-2.092168262800501,0.2879704871362571,4.527757563551123,-0.6414352136713231,0.3938543764073682
