,mass_1,radius_1,x_1,y_1,z_1,vx_1,vy_1,vz_1,mass_2,radius_2,x_2,y_2,z_2,vx_2,vy_2,vz_2,mass_3,radius_3,x_3,y_3,z_3,vx_3,vy_3,vz_3,mass_4,radius_4,x_4,y_4,z_4,vx_4,vy_4,vz_4,mass_5,radius_5,x_5,y_5,z_5,vx_5,vy_5,vz_5,mass_6,radius_6,x_6,y_6,z_6,vx_6,vy_6,vz_6,mass_7,radius_7,x_7,y_7,z_7,vx_7,vy_7,vz_7,mass_8,radius_8,x_8,y_8,z_8,vx_8,vy_8,vz_8
0,1.660120825375342e-07,1.631393540950981e-08,0.2552161156187241,0.1937268127666699,-0.00758758660509026,-8.23228094456097,8.628892430659462,1.4603539932645129,2.447838287784771e-06,4.045378434654418e-08,-0.5740239298399192,-0.4385925426440825,0.02711876837840301,4.4333077072045475,-5.905242292686424,-0.33677541644899145,3.040432648020684e-06,4.437104331057835e-07,0.6923254658247263,-0.7413588583965555,2.216471805563558e-05,4.490575036480466,4.265463872094804,-0.00013612571661333143,3.2271560375549955e-07,2.270212793877687e-08,0.06913890903206998,1.561780093096701,0.03102282595040024,-4.9125906101304055,0.6597478886503677,0.13442568113298392,0.0009547919099366768,4.778945025452157e-07,-0.2105007235122416,5.133362503366304,-0.01660922284221919,-2.789744906896325,0.017860205875807892,0.062351996865166716,0.0002858856700231729,4.0286669668487467e-07,-7.409038567252371,-6.472128050612822,0.4075105085514173,1.2277684385824983,-1.5397135951152925,-0.02213124889735887,4.3662496132004074e-05,1.708513622580592e-07,19.7565002361661,3.375762553027037,-0.2433553647770551,-0.2545589058687777,1.348800727666809,0.008332194306637682,5.151383772628657e-05,1.6553711549585576e-07,26.86369385236172,-13.31365530503968,-0.3448102245675763,0.49932672456024546,1.0337733839819552,-0.032803691632910824
