,flag,epoch,sbx,sby,sbz,sbvx,sbvy,sbvz
0,1.0,2457280.0,-18.529458287978304,-42.00969706798704,14.684280362596477,0.8738579940839886,-0.20403693170681525,0.008321521979624468
