,flag,epoch,sbx,sby,sbz,sbvx,sbvy,sbvz
0,1.0,2458283.5,0.936303412760928,2.364743262367504,-0.23486166885182574,-3.829798030110437,1.4047433543182257,0.0764865515091493
