,flag,epoch,sbx,sby,sbz,sbvx,sbvy,sbvz
0,1.0,2457980.0,-1.7786673668924744,1.2599479442079744,-0.013214990612003485,-2.4710261093972523,-3.528088126376433,0.48984366666156076
1,1.0,2457980.0,-1.7786674540211118,1.259948076287692,-0.013214649913652968,-2.4710260389360297,-3.528087931371613,0.48984297830384976
