,mass_1,radius_1,x_1,y_1,z_1,vx_1,vy_1,vz_1,mass_2,radius_2,x_2,y_2,z_2,vx_2,vy_2,vz_2,mass_3,radius_3,x_3,y_3,z_3,vx_3,vy_3,vz_3,mass_4,radius_4,x_4,y_4,z_4,vx_4,vy_4,vz_4,mass_5,radius_5,x_5,y_5,z_5,vx_5,vy_5,vz_5,mass_6,radius_6,x_6,y_6,z_6,vx_6,vy_6,vz_6,mass_7,radius_7,x_7,y_7,z_7,vx_7,vy_7,vz_7,mass_8,radius_8,x_8,y_8,z_8,vx_8,vy_8,vz_8
0,1.660120825375342e-07,1.631393540950981e-08,-0.3553307056074708,0.08902382583609061,0.03988212252737929,-4.625955409307807,-9.527036528288393,-0.3537964737479209,2.447838287784771e-06,4.045378434654418e-08,0.7253327747745403,-0.01145880324411583,-0.04202172416454,0.08478322519140523,7.352783224614285,0.09569544190053576,3.040432648020684e-06,4.437104331057835e-07,-0.9952359773093513,-0.05882825538790482,1.283889574774704e-06,0.26850074333547685,-6.296407624901512,7.527670285036438e-05,3.2271560375549955e-07,2.270212793877687e-08,-0.1099461008871042,-1.460177764391228,-0.02789425310577689,5.289602842632595,0.05563592063182851,-0.12878104177436472,0.0009547919099366768,4.778945025452157e-07,-5.313163842505092,-1.235831011125422,0.1240238707048189,0.5907006451462224,-2.5570588444110833,-0.0026027790496202397,0.0002858856700231729,4.0286669668487467e-07,-4.026372507494597,8.123825702780644,0.01881574757910769,-1.9348490386443478,-0.9114482406874972,0.09283283924562202,4.3662496132004074e-05,1.708513622580592e-07,18.46267409919235,-7.845569067562909,-0.2683033100745328,0.551264050931385,1.2526656182982667,-0.002453295102960959,5.151383772628657e-05,1.6553711549585576e-07,21.36955826298203,-21.14711109086702,-0.05699460586618975,0.7989559818185197,0.8191442144264975,-0.03531117010572755
