,flag,epoch,sbx,sby,sbz,sbvx,sbvy,sbvz
0,1.0,2453453.5,38.65911739502059,-16.311592810749033,-1.5830330091737768,0.3954954234428329,0.8986198896684016,-0.009543876708728742
