,flag,epoch,sbx,sby,sbz,sbvx,sbvy,sbvz
0,1.0,2453960.5,36.9394847879659,-0.6766697101241896,0.8434973737351179,0.040865163221860706,1.032959978784829,-0.022905152309614367
1,1.0,2453960.5,36.94146367735087,-0.6766406915627146,0.8436127008189936,0.0407589045903336,1.0330317475017476,-0.022901384471360944
