,mass_1,radius_1,x_1,y_1,z_1,vx_1,vy_1,vz_1,mass_2,radius_2,x_2,y_2,z_2,vx_2,vy_2,vz_2,mass_3,radius_3,x_3,y_3,z_3,vx_3,vy_3,vz_3,mass_4,radius_4,x_4,y_4,z_4,vx_4,vy_4,vz_4,mass_5,radius_5,x_5,y_5,z_5,vx_5,vy_5,vz_5,mass_6,radius_6,x_6,y_6,z_6,vx_6,vy_6,vz_6,mass_7,radius_7,x_7,y_7,z_7,vx_7,vy_7,vz_7,mass_8,radius_8,x_8,y_8,z_8,vx_8,vy_8,vz_8
0,1.660120825375342e-07,1.631393540950981e-08,-0.02743536985455256,-0.4629520278734764,-0.03530865343130406,8.196979842722984,-0.08191131904462634,-0.758786162809987,2.447838287784771e-06,4.045378434654418e-08,-0.3527865698921939,-0.6331519080280372,0.01168480078360383,6.402549730505345,-3.629389927926383,-0.41924293552587477,3.040432648020684e-06,4.437104331057835e-07,-0.2903790406085208,0.9395007940235789,-2.835831474394943e-05,-6.106006029733921,-1.878939704903399,6.337528127753032e-05,3.2271560375549955e-07,2.270212793877687e-08,1.137856035607646,-0.7858166316813371,-0.0444016094214885,3.0992137333589,4.6422947667176855,0.021170254949409932,0.0009547919099366768,4.778945025452157e-07,1.377496780768157,4.874474104520167,-0.051069064244936,-2.688113932278011,0.8814050446518772,0.056491128549487436,0.0002858856700231729,4.0286669668487467e-07,-8.062443634526531,-5.544677339151398,0.4174078737089063,1.0420972361107248,-1.6831657008237089,-0.012234402583805669,4.3662496132004074e-05,1.708513622580592e-07,19.88681591193485,2.597526562467941,-0.2479472646899594,-0.1986523817620554,1.3579801233536728,0.0076362411594785295,5.151383772628657e-05,1.6553711549585576e-07,26.57013126612955,-13.90496876415638,-0.3258676177801492,0.5218647768365169,1.0230705328076326,-0.03308970362290195
