,flag,epoch,sbx,sby,sbz,sbvx,sbvy,sbvz
0,1.0,2454030.0,17.269461786406808,46.598895663232554,-1.3024134189075758,-0.7927186542447929,0.2579183201952334,0.10773526069889769
