,flag,epoch,sbx,sby,sbz,sbvx,sbvy,sbvz
0,1.0,2457547.5,19.534014447362967,23.194925104888462,-1.0229811757517409,-0.8957196487426081,0.8536828845760634,-0.253050421895889
