,flag,epoch,sbx,sby,sbz,sbvx,sbvy,sbvz
0,1.0,2456516.5,21.55998970712605,4.706850691923478,2.7971389916315474,0.20376182957478456,1.3977498736955363,0.04511204278120099
