,mass_1,radius_1,x_1,y_1,z_1,vx_1,vy_1,vz_1,mass_2,radius_2,x_2,y_2,z_2,vx_2,vy_2,vz_2,mass_3,radius_3,x_3,y_3,z_3,vx_3,vy_3,vz_3,mass_4,radius_4,x_4,y_4,z_4,vx_4,vy_4,vz_4,mass_5,radius_5,x_5,y_5,z_5,vx_5,vy_5,vz_5,mass_6,radius_6,x_6,y_6,z_6,vx_6,vy_6,vz_6,mass_7,radius_7,x_7,y_7,z_7,vx_7,vy_7,vz_7,mass_8,radius_8,x_8,y_8,z_8,vx_8,vy_8,vz_8
0,1.660120825375342e-07,1.631393540950981e-08,-0.2383904225398413,-0.3938288155499758,-0.01030968076248258,6.717359010030523,-4.830664578782271,-1.010984846138591,2.447838287784771e-06,4.045378434654418e-08,0.5821658862382323,0.4291124215525925,-0.02771097969930214,-4.405728379786367,5.915205055756899,0.3353416884515771,3.040432648020684e-06,4.437104331057835e-07,-0.6159038375693099,-0.8010757797730923,3.246169628958719e-05,4.879265304982818,-3.8536830852764705,0.00012060557309231174,3.2271560375549955e-07,2.270212793877687e-08,-0.8432614406807933,-1.281495939877884,-0.006158870817365385,4.461889330548004,-2.371364274760073,-0.1592003846472419,0.0009547919099366768,4.778945025452157e-07,-5.396565971852799,0.6562383224470136,0.1180295653757642,-0.3659571174238728,-2.608382189353142,0.019021004184432803,0.0002858856700231729,4.0286669668487467e-07,-3.05686742459113,-9.544916126900356,0.2875930660166712,1.8293042387515113,-0.6297495379671728,-0.06189186664818699,4.3662496132004074e-05,1.708513622580592e-07,18.6866673885879,7.0200564162971,-0.2158955111285679,-0.5155852357068038,1.2752601429599133,0.011428673376755754,5.151383772628657e-05,1.6553711549585576e-07,28.09549466087891,-10.3852729835212,-0.4335968880544865,0.38995454971443905,1.079750031981676,-0.03127086723744771
