,flag,epoch,sbx,sby,sbz,sbvx,sbvy,sbvz
0,1.0,2456910.0,-0.7236509018464639,-2.853224708455289,0.07670825448832547,3.544536967714268,-0.974357959686198,0.4523282745503252
1,1.0,2456910.0,-0.7236508832317203,-2.853224638858798,0.07670813571628199,3.544537050363366,-0.9743580322126754,0.4523282611877265
