,flag,epoch,sbx,sby,sbz,sbvx,sbvy,sbvz
0,1.0,2457145.5,13.51646251253368,33.05235967261669,-5.691298096775717,-0.9665320343056304,0.7048456572127896,0.5638136030189728
