,flag,epoch,sbx,sby,sbz,sbvx,sbvy,sbvz
0,1.0,2457120.0,-2.0113801424985356,1.229560001840941,-0.20499386025703165,-2.407264473207391,-3.251260987855057,-0.9830070540256061
1,1.0,2457120.0,-2.01138014323779,1.2295600359377488,-0.20499385152824823,-2.4072644777994316,-3.251260950378322,-0.9830070592497745
