,flag,epoch,sbx,sby,sbz,sbvx,sbvy,sbvz
0,1,2457328.5,-1.8998066961862605,2.4868015180612977,-0.4085250261397256,-3.082194457879983,-1.2337464388243042,1.1663088340077674
