,flag,epoch,sbx,sby,sbz,sbvx,sbvy,sbvz
0,1.0,2453450.0,-26.604114203646198,-14.3428986511752,2.124337787411355,0.5903558864232825,-1.1217280120219824,0.0664074191913175
