,flag,epoch,sbx,sby,sbz,sbvx,sbvy,sbvz
0,1.0,2457830.0,1.306973371575692,1.6732310806752846,-0.17551394496217743,-3.26167443269168,3.072072746191054,-0.42100501825856734
1,1.0,2457830.0,1.3069734367015884,1.6732310653673494,-0.17551394945155988,-3.261674323566308,3.0720727852230945,-0.4210049881290723
