,flag,epoch,sbx,sby,sbz,sbvx,sbvy,sbvz
0,1.0,2457360.0,-0.6516586077577993,2.276472723264228,0.17079869430755368,-3.7995254157032665,-1.7693022682446498,0.7547923891629937
