,flag,epoch,sbx,sby,sbz,sbvx,sbvy,sbvz
0,1.0,2456571.5,2.6676042164141034,-0.2882166746933473,0.2540595179543982,0.44605708920060533,4.120537673644304,-2.3522081413373535
