,mass_1,radius_1,x_1,y_1,z_1,vx_1,vy_1,vz_1,mass_2,radius_2,x_2,y_2,z_2,vx_2,vy_2,vz_2,mass_3,radius_3,x_3,y_3,z_3,vx_3,vy_3,vz_3,mass_4,radius_4,x_4,y_4,z_4,vx_4,vy_4,vz_4,mass_5,radius_5,x_5,y_5,z_5,vx_5,vy_5,vz_5,mass_6,radius_6,x_6,y_6,z_6,vx_6,vy_6,vz_6,mass_7,radius_7,x_7,y_7,z_7,vx_7,vy_7,vz_7,mass_8,radius_8,x_8,y_8,z_8,vx_8,vy_8,vz_8
0,1.660120825375342e-07,1.631393540950981e-08,0.3588068525783341,-0.1038831079521782,-0.04141236387224546,0.8620418709330303,10.332843299186132,0.7650877407361366,2.447838287784771e-06,4.045378434654418e-08,-0.1089010673733297,-0.7182103933004242,-0.003545997436323174,7.254686949422842,-1.1366877278353866,-0.4342521095301103,3.040432648020684e-06,4.437104331057835e-07,0.9925644499639377,0.1319847719346527,-4.814553577295698e-06,-0.9307014684468066,6.205473596282652,-0.00011508433147037282,3.2271560375549955e-07,2.270212793877687e-08,-1.209686299218005,-1.009393778786864,0.008560745949078068,3.466498351846462,-3.487197436400546,-0.15819910839853954,0.0009547919099366768,4.778945025452157e-07,2.122880948902991,-4.689117341119472,-0.02803888432331492,2.4789508953221873,1.2686287013563458,-0.06074019278695981,0.0002858856700231729,4.0286669668487467e-07,-8.914447001630004,2.772653231795639,0.3065203476024085,-0.7123884226130244,-1.9493315659263515,0.062322808275205165,4.3662496132004074e-05,1.708513622580592e-07,19.83421908694299,-3.236819606904958,-0.268919345544454,0.22281507076579712,1.3516755578304296,0.0021201449057366316,5.151383772628657e-05,1.6553711549585576e-07,23.98810822118165,-18.07517298420495,-0.1806281192104207,0.6845560982620282,0.9232941587940723,-0.03476557024934357
