,flag,epoch,sbx,sby,sbz,sbvx,sbvy,sbvz
0,1.0,2458364.5,2.2415141751622,-0.019999494228332693,0.06935578113224415,0.8798251210676953,4.364235332115737,0.24031431338923584
