,mass_1,radius_1,x_1,y_1,z_1,vx_1,vy_1,vz_1,mass_2,radius_2,x_2,y_2,z_2,vx_2,vy_2,vz_2,mass_3,radius_3,x_3,y_3,z_3,vx_3,vy_3,vz_3,mass_4,radius_4,x_4,y_4,z_4,vx_4,vy_4,vz_4,mass_5,radius_5,x_5,y_5,z_5,vx_5,vy_5,vz_5,mass_6,radius_6,x_6,y_6,z_6,vx_6,vy_6,vz_6,mass_7,radius_7,x_7,y_7,z_7,vx_7,vy_7,vz_7,mass_8,radius_8,x_8,y_8,z_8,vx_8,vy_8,vz_8
0,1.660120825375342e-07,1.631393540950981e-08,-0.2583626650757415,0.215219402025204,0.04128831651695209,-8.669731357969944,-7.474625395588427,0.1845785232525156,2.447838287784771e-06,4.045378434654418e-08,-0.717866655108856,-0.04242717368508037,0.04084364298096706,0.39111746778473067,-7.407471385335351,-0.12418253488349897,3.040432648020684e-06,4.437104331057835e-07,-0.07920782979624007,-1.012808076970035,4.362671202400586e-05,6.162617523888606,-0.5135735206475657,-1.5747110636620968e-06,3.2271560375549955e-07,2.270212793877687e-08,0.2398805804671083,-1.415831377446483,-0.03555235289812651,5.2320413675809645,1.2927268431356023,-0.10130523746507662,0.0009547919099366768,4.778945025452157e-07,-3.391187573271199,-4.202666714621019,0.09333473704114917,2.113657496889725,-1.6024448401129119,-0.040639752377470535,0.0002858856700231729,4.0286669668487467e-07,0.9262363173360967,-10.0217030482236,0.137326588639205,1.9195104821856896,0.1798724009906729,-0.07951550410901885,4.3662496132004074e-05,1.708513622580592e-07,17.40946364788482,9.60547334615804,-0.1897576204570989,-0.7023096731564155,1.1892673207725295,0.013491613529645287,5.151383772628657e-05,1.6553711549585576e-07,28.82342532250388,-8.09192894921601,-0.4976918378231791,0.3046022341056015,1.109389292192684,-0.0298976029746013
