,flag,epoch,sbx,sby,sbz,sbvx,sbvy,sbvz
0,1.0,2455300.0,-3.0286973837809623,0.9668359082866014,0.15502521129456137,-1.3693803399202324,-3.2014313052299816,-0.43848721441972677
1,1.0,2455300.0,-3.0286972656271804,0.9668360186555648,0.15502524845755894,-1.369380398648042,-3.201431391108367,-0.43848716476556443
