,flag,epoch,sbx,sby,sbz,sbvx,sbvy,sbvz
0,1.0,2456660.0,-11.665049722082987,-42.73661945821031,16.473450985680472,0.8912147512138384,-0.08433935482627386,0.05803031859104698
