,mass_1,radius_1,x_1,y_1,z_1,vx_1,vy_1,vz_1,mass_2,radius_2,x_2,y_2,z_2,vx_2,vy_2,vz_2,mass_3,radius_3,x_3,y_3,z_3,vx_3,vy_3,vz_3,mass_4,radius_4,x_4,y_4,z_4,vx_4,vy_4,vz_4,mass_5,radius_5,x_5,y_5,z_5,vx_5,vy_5,vz_5,mass_6,radius_6,x_6,y_6,z_6,vx_6,vy_6,vz_6,mass_7,radius_7,x_7,y_7,z_7,vx_7,vy_7,vz_7,mass_8,radius_8,x_8,y_8,z_8,vx_8,vy_8,vz_8
0,1.660120825375342e-07,1.631393540950981e-08,0.3445275900225174,-0.1812227741382835,-0.04641514818714903,2.772306932704339,9.56279830634201,0.5270736133127488,2.447838287784771e-06,4.045378434654418e-08,-0.6073680921479281,-0.3902649836755537,0.02969563210536575,3.9415139379640856,-6.249852465391251,-0.3131813533656579,3.040432648020684e-06,4.437104331057835e-07,0.4918237442814175,0.85644638829617,-3.806138714165513e-05,-5.551551581586569,3.105954011889473,-0.00010751071833174416,3.2271560375549955e-07,2.270212793877687e-08,-1.651450089384424,0.1122863381381216,0.04288258413236964,-0.15579695508646005,-4.662718690886911,-0.09388510638578984,0.0009547919099366768,4.778945025452157e-07,-4.436417566817042,-3.142564044607486,0.1123202906259647,1.56130079810176,-2.121130709867696,-0.026128054036327127,0.0002858856700231729,4.0286669668487467e-07,-0.1623848079879795,-10.06100230048995,0.1813355652753101,1.9275315487370055,-0.04098259349111959,-0.07600735815175567,4.3662496132004074e-05,1.708513622580592e-07,17.79261086917528,8.925733432627206,-0.1972353175287936,-0.6529365144280167,1.2150143086738887,0.012957086162607934,5.151383772628657e-05,1.6553711549585576e-07,28.64459897692939,-8.7170300284954,-0.4806772011927997,0.32797059154483604,1.1018559377742783,-0.030290452262768143
