,flag,epoch,sbx,sby,sbz,sbvx,sbvy,sbvz
0,1.0,2457857.5,-2.605588251374161,0.6636881996789312,0.5314039811496487,-2.0228746292240123,-0.10748695226989205,-4.850701615848015
