,mass_1,radius_1,x_1,y_1,z_1,vx_1,vy_1,vz_1,mass_2,radius_2,x_2,y_2,z_2,vx_2,vy_2,vz_2,mass_3,radius_3,x_3,y_3,z_3,vx_3,vy_3,vz_3,mass_4,radius_4,x_4,y_4,z_4,vx_4,vy_4,vz_4,mass_5,radius_5,x_5,y_5,z_5,vx_5,vy_5,vz_5,mass_6,radius_6,x_6,y_6,z_6,vx_6,vy_6,vz_6,mass_7,radius_7,x_7,y_7,z_7,vx_7,vy_7,vz_7,mass_8,radius_8,x_8,y_8,z_8,vx_8,vy_8,vz_8
0,1.660120825375342e-07,1.631393540950981e-08,-0.3347714639031973,-0.2919148633248436,0.006871793996627072,4.656321091772199,-7.281960515607841,-1.022219092093242,2.447838287784771e-06,4.045378434654418e-08,0.7203926323330921,-0.08784616784322141,-0.04277902433747781,0.8597301314607576,7.299741254990462,0.05029135039318491,3.040432648020684e-06,4.437104331057835e-07,0.9588877186445416,-0.3121649059884862,3.423356882864613e-06,1.8427833818947341,5.951599959059415,-0.00010908391440701022,3.2271560375549955e-07,2.270212793877687e-08,1.202602550281297,0.7874201681171522,-0.01304131287836567,-2.6047959332065798,4.712090170969093,0.16270004023424306,0.0009547919099366768,4.778945025452157e-07,-0.7296244777427483,-5.238449488870065,0.03807343199889598,2.6981403380677227,-0.2503673620135619,-0.05933752124803018,0.0002858856700231729,4.0286669668487467e-07,-7.908271669317662,4.765406415525793,0.2317533943444536,-1.158787765626622,-1.7501916141355578,0.07660812029660499,4.3662496132004074e-05,1.708513622580592e-07,19.54005674284353,-4.674493016140419,-0.2704401491545124,0.3257069699907582,1.329679387797659,0.000717866986710763,5.151383772628657e-05,1.6553711549585576e-07,23.23436001813303,-19.04863937386177,-0.1432254991054568,0.7215519676929351,0.8929020773514329,-0.035012406214247005
