,flag,epoch,sbx,sby,sbz,sbvx,sbvy,sbvz
0,1,2454348.5,-28.629499173779077,23.2784916676899,1.9598541305115456,-0.6789372399309487,-0.8120977163890856,0.42232123289518747
