,flag,epoch,sbx,sby,sbz,sbvx,sbvy,sbvz
0,1.0,2451260.0,2.417302507230595,0.2769328799490557,0.044939606279305766,-0.6998289760215992,4.040725484153843,0.4270382843407932
1,1.0,2451260.0,2.417302543413794,0.27693271085942117,0.044939628911857724,-0.699828834048212,4.04072547334016,0.4270383804480822
