,flag,epoch,sbx,sby,sbz,sbvx,sbvy,sbvz
0,1.0,2457732.5,-1.9108954344236158,1.0307892463459734,-0.1719098861858608,-2.819676069568809,-3.3999385392390207,-0.1551471774940841
