,mass_1,radius_1,x_1,y_1,z_1,vx_1,vy_1,vz_1,mass_2,radius_2,x_2,y_2,z_2,vx_2,vy_2,vz_2,mass_3,radius_3,x_3,y_3,z_3,vx_3,vy_3,vz_3,mass_4,radius_4,x_4,y_4,z_4,vx_4,vy_4,vz_4,mass_5,radius_5,x_5,y_5,z_5,vx_5,vy_5,vz_5,mass_6,radius_6,x_6,y_6,z_6,vx_6,vy_6,vz_6,mass_7,radius_7,x_7,y_7,z_7,vx_7,vy_7,vz_7,mass_8,radius_8,x_8,y_8,z_8,vx_8,vy_8,vz_8
0,1.660120825375342e-07,1.631393540950981e-08,-0.278144920503807,-0.3608030977737622,-0.003956604125050557,6.0575005084497935,-5.793731916071134,-1.0291938669928549,2.447838287784771e-06,4.045378434654418e-08,-0.2420243027304882,0.6763813409714904,0.02323068392618875,-6.98088557271604,-2.5304537543497814,0.3682250389157212,3.040432648020684e-06,4.437104331057835e-07,-0.7395509158689172,-0.685050118441734,1.856104921727339e-05,4.168049483943255,-4.633701742424552,9.543283578864229e-05,3.2271560375549955e-07,2.270212793877687e-08,-1.638296400259112,0.265920126531501,0.04580077777079961,-0.6280013816085493,-4.60906448430301,-0.08115724481822471,0.0009547919099366768,4.778945025452157e-07,4.815721008542366,-1.255220853312306,-0.1025551529825569,0.6615587415026629,2.8006167399932793,-0.026431795511777444,0.0002858856700231729,4.0286669668487467e-07,-9.494722816643707,-0.4253237940902674,0.3853391219877057,-0.01774714254078501,-2.0378813973293766,0.03620578860298807,4.3662496132004074e-05,1.708513622580592e-07,20.06459410610845,-1.073702054387987,-0.2638931660651451,0.06679760885231721,1.3697118904705072,0.004209739589628179,5.151383772628657e-05,1.6553711549585576e-07,25.02927641590421,-16.57536195103184,-0.2354511626913224,0.6261422335366953,0.9648844036643511,-0.0342560531063695
