,flag,epoch,sbx,sby,sbz,sbvx,sbvy,sbvz
0,1,2457700.0,1.5643196031331588,2.5652563913106055,-0.3845051020210409,-2.868052221348136,2.133597708089451,0.5014440390675948
