,flag,epoch,sbx,sby,sbz,sbvx,sbvy,sbvz
0,1,2457101.5,-1.6130491669810514,1.7507410085175796,0.16812557763565478,-3.591923309703296,-1.9449468524281404,-0.15924519786773741
