,flag,epoch,sbx,sby,sbz,sbvx,sbvy,sbvz
0,1.0,2457270.5,-35.94575569448411,-17.217445288686317,0.8108073381230333,0.4507834100441173,-0.9406008314089849,-0.037760333745955596
