,flag,epoch,sbx,sby,sbz,sbvx,sbvy,sbvz
0,1.0,2456612.5,-27.25607612299358,-44.809233717268405,7.726147731150884,0.9042051508478126,0.11309512248238698,0.33988451251711227
