,flag,epoch,sbx,sby,sbz,sbvx,sbvy,sbvz
0,1.0,2457730.0,1.6760680651258595,-1.1787996918570272,0.04954678184983102,2.6831519981284564,3.7784810276198555,0.4890266883574193
1,1.0,2457730.0,1.6760680714336893,-1.178799690291087,0.04954678362332222,2.6831519901697,3.77848102328645,0.4890267071034076
