,flag,epoch,sbx,sby,sbz,sbvx,sbvy,sbvz
0,1.0,2453853.5,18.60318948890899,20.326890945878887,0.8043977876062915,-0.6116447251236912,1.3185793129644103,0.2986054506778728
