,flag,epoch,sbx,sby,sbz,sbvx,sbvy,sbvz
0,1.0,2457577.5,29.516163297596457,36.46848632531084,-1.0538355945292572,-0.6665322255688159,0.5776727872984507,0.030342888289778346
