,flag,epoch,sbx,sby,sbz,sbvx,sbvy,sbvz
0,1.0,2457488.5,40.61471996346195,8.41598714224895,1.4882823597184092,0.10081376459745697,1.1037923364976099,-0.19819504113119366
