,flag,epoch,sbx,sby,sbz,sbvx,sbvy,sbvz
0,1.0,2460081.5,-3.1139077661816774,-2.8232935473684297,-0.5666247503698573,2.242361437193419,-2.6751481799603742,1.072064741020711
