,mass_1,radius_1,x_1,y_1,z_1,vx_1,vy_1,vz_1,mass_2,radius_2,x_2,y_2,z_2,vx_2,vy_2,vz_2,mass_3,radius_3,x_3,y_3,z_3,vx_3,vy_3,vz_3,mass_4,radius_4,x_4,y_4,z_4,vx_4,vy_4,vz_4,mass_5,radius_5,x_5,y_5,z_5,vx_5,vy_5,vz_5,mass_6,radius_6,x_6,y_6,z_6,vx_6,vy_6,vz_6,mass_7,radius_7,x_7,y_7,z_7,vx_7,vy_7,vz_7,mass_8,radius_8,x_8,y_8,z_8,vx_8,vy_8,vz_8
0,1.660120825375342e-07,1.631393540950981e-08,-0.3621520313569074,0.07413909963695613,0.0392819917274158,-4.192293466608446,-9.626477481603635,-0.40200105014671794,2.447838287784771e-06,4.045378434654418e-08,0.7099672847921852,-0.1516574574819734,-0.04304989075119817,1.5062768329745706,7.191505067041208,0.011723673446069173,3.040432648020684e-06,4.437104331057835e-07,0.2441381715977071,-0.9869456748223489,3.987071026951523e-05,5.997819609986606,1.4855027899945912,-8.815415384545985e-05,3.2271560375549955e-07,2.270212793877687e-08,-0.6706313690787873,1.477896406887074,0.04742858523756344,-4.46089085637053,-1.6770920619034415,0.07433367650797162,0.0009547919099366768,4.778945025452157e-07,-4.95013598719996,-2.281269196588269,0.1202384727301946,1.1214012892419885,-2.3753485568198736,-0.015228106991033923,0.0002858856700231729,4.0286669668487467e-07,-0.8973562783831531,-10.01686250201392,0.2098226265485352,1.9193896981305403,-0.1900779287720071,-0.07309728407940459,4.3662496132004074e-05,1.708513622580592e-07,18.03554219322464,8.458531033791909,-0.202113969241858,-0.6191035897209688,1.2313672438397691,0.012587399285824223,5.151383772628657e-05,1.6553711549585576e-07,28.51634574321118,-9.136861709787084,-0.4690597201669187,0.3436415795969483,1.0965819188022832,-0.030545521191143146
