,flag,epoch,sbx,sby,sbz,sbvx,sbvy,sbvz
0,1,2457193.5,-26.806540520103574,-30.974731897764514,0.7272178938260083,0.7461282698662319,-0.6924119216685153,-0.006918262189347987
