,flag,epoch,sbx,sby,sbz,sbvx,sbvy,sbvz
0,1.0,2456100.0,31.423467147790976,20.888480370333088,1.9385308127993464,-0.3803322493038063,0.9567764791122182,0.1947962593696879
