,flag,epoch,sbx,sby,sbz,sbvx,sbvy,sbvz
0,1.0,2456850.0,0.32151186814737187,-2.7261519648338743,0.6930525064991486,3.9054020384160792,0.0679662238005052,-0.05484748527960209
