,flag,epoch,sbx,sby,sbz,sbvx,sbvy,sbvz
0,1,2457393.5,2.816106218506392,0.7054532115591847,0.4651646567719529,-1.0981561979267485,3.630624854199652,-0.31327619344408003
