,flag,epoch,sbx,sby,sbz,sbvx,sbvy,sbvz
0,1.0,2457790.0,2.07193368964408,-0.5613658653590704,-0.21726382928777993,0.8792624531550652,4.402632676773087,-0.27410147677193575
1,1.0,2457790.0,2.0719336538237925,-0.5613657783642177,-0.21726382643059247,0.879262352754131,4.402632803584733,-0.274101493569228
