,flag,epoch,sbx,sby,sbz,sbvx,sbvy,sbvz
0,1,2454051.5,-46.3250040012268,9.937457662058746,-1.6025827964109225,-0.25655273822910224,-0.7711445284771311,-0.044123883922282094
