,flag,epoch,sbx,sby,sbz,sbvx,sbvy,sbvz
0,1.0,2457854.5,1.9364179989876242,1.7625018958796506,-0.19361139471101257,-2.4059922605781807,2.7893723782230704,0.3487698183500163
