,mass_1,radius_1,x_1,y_1,z_1,vx_1,vy_1,vz_1,mass_2,radius_2,x_2,y_2,z_2,vx_2,vy_2,vz_2,mass_3,radius_3,x_3,y_3,z_3,vx_3,vy_3,vz_3,mass_4,radius_4,x_4,y_4,z_4,vx_4,vy_4,vz_4,mass_5,radius_5,x_5,y_5,z_5,vx_5,vy_5,vz_5,mass_6,radius_6,x_6,y_6,z_6,vx_6,vy_6,vz_6,mass_7,radius_7,x_7,y_7,z_7,vx_7,vy_7,vz_7,mass_8,radius_8,x_8,y_8,z_8,vx_8,vy_8,vz_8
0,1.660120825375342e-07,1.631393540950981e-08,-0.2284041176391555,-0.4007734357857644,-0.0117888108377202,6.855800384849395,-4.594664963436935,-1.0044537708917634,2.447838287784771e-06,4.045378434654418e-08,0.08386514912503747,0.7151363231949008,0.004958890054061202,-7.362485704335518,0.822661313292795,0.43618551806581973,3.040432648020684e-06,4.437104331057835e-07,0.988467496903144,0.1570368381321557,-6.392798712736971e-06,-1.088328664673771,6.182596183522368,-0.00018450128161944792,3.2271560375549955e-07,2.270212793877687e-08,-0.09349001978316132,-1.459797771832463,-0.02828957625380835,5.294084813804509,0.1119295396520329,-0.12764140985514394,0.0009547919099366768,4.778945025452157e-07,2.077476322072089,4.587029079695633,-0.06553893525862037,-2.546362224956556,1.2694493299238951,0.05170969475983246,0.0002858856700231729,4.0286669668487467e-07,-8.32838713843919,-5.087321778689216,0.4200455498368493,0.949837058881237,-1.742692345023462,-0.007517287228381586,4.3662496132004074e-05,1.708513622580592e-07,19.93636231470682,2.234545094082194,-0.2499422172933157,-0.17253271531947778,1.3615191029805467,0.007309626574597843,5.151383772628657e-05,1.6553711549585576e-07,26.42943097538921,-14.17738708226912,-0.3170176894808689,0.5323196609749963,1.0179636853755254,-0.03321663806561089
