,flag,epoch,sbx,sby,sbz,sbvx,sbvy,sbvz
0,1.0,2457563.5,-22.93124650547725,-17.538811010398337,0.5331968172166611,0.7571431009351018,-1.0791338996625137,0.024565429523312386
