,flag,epoch,sbx,sby,sbz,sbvx,sbvy,sbvz
0,1.0,2457521.5,-39.807773389768016,5.3415543215545345,14.199241783632077,-0.06750914011112619,-0.9632822768987492,-0.27750157853811014
