,flag,epoch,sbx,sby,sbz,sbvx,sbvy,sbvz
0,1.0,2458764.5,2.6741509388006874,0.9311226134449161,-0.22653798658700713,0.22257378750621362,4.670215246995004,-0.1123952527811299
