,flag,epoch,sbx,sby,sbz,sbvx,sbvy,sbvz
0,1.0,2457740.0,27.642845106789444,23.138660833852857,-9.32200708542019,-0.6279448049140334,0.7805168942695435,0.4130783551973531
