,flag,epoch,sbx,sby,sbz,sbvx,sbvy,sbvz
0,1.0,2459854.5,2.875154768076413,1.162758197702641,-0.2246775550595224,1.700979675559133,-4.404990054169714,0.5651192579581916
