,mass_1,radius_1,x_1,y_1,z_1,vx_1,vy_1,vz_1,mass_2,radius_2,x_2,y_2,z_2,vx_2,vy_2,vz_2,mass_3,radius_3,x_3,y_3,z_3,vx_3,vy_3,vz_3,mass_4,radius_4,x_4,y_4,z_4,vx_4,vy_4,vz_4,mass_5,radius_5,x_5,y_5,z_5,vx_5,vy_5,vz_5,mass_6,radius_6,x_6,y_6,z_6,vx_6,vy_6,vz_6,mass_7,radius_7,x_7,y_7,z_7,vx_7,vy_7,vz_7,mass_8,radius_8,x_8,y_8,z_8,vx_8,vy_8,vz_8
0,1.660120825375342e-07,1.631393540950981e-08,-0.3803036931463852,0.02326257192922131,0.03679057816542031,-2.763986848105552,-9.815230673164441,-0.5484483350988533,2.447838287784771e-06,4.045378434654418e-08,0.2356752800421708,-0.6882232256491825,-0.02303666203733135,6.939601089961343,2.3683781986264028,-0.36798422544470566,3.040432648020684e-06,4.437104331057835e-07,0.9116729272283544,0.4024775390541502,-1.957760304047814e-05,-2.6402371628963204,5.725285411618512,-0.00020284919152939243,3.2271560375549955e-07,2.270212793877687e-08,1.174560770605973,-0.7276311138484862,-0.04407418592289947,2.8860892936845928,4.782849196062418,0.029396751946002216,0.0009547919099366768,4.778945025452157e-07,-5.431016946026878,-0.4713234674216711,0.1234828337148946,0.20546247390334121,-2.6182009916641946,0.006274096739882408,0.0002858856700231729,4.0286669668487467e-07,-2.260352093557604,-9.780789911529988,0.2599794420910143,1.8745022054960145,-0.46716323622729555,-0.06651026062254452,4.3662496132004074e-05,1.708513622580592e-07,18.45662363294908,7.564915027334254,-0.210887730111358,-0.5547158457246152,1.259731907553609,0.011869784548179628,5.151383772628657e-05,1.6553711549585576e-07,28.25941143062945,-9.91975676195847,-0.4469820569243746,0.3727045256715669,1.0862238309218972,-0.03100757003496603
