,mass_1,radius_1,x_1,y_1,z_1,vx_1,vy_1,vz_1,mass_2,radius_2,x_2,y_2,z_2,vx_2,vy_2,vz_2,mass_3,radius_3,x_3,y_3,z_3,vx_3,vy_3,vz_3,mass_4,radius_4,x_4,y_4,z_4,vx_4,vy_4,vz_4,mass_5,radius_5,x_5,y_5,z_5,vx_5,vy_5,vz_5,mass_6,radius_6,x_6,y_6,z_6,vx_6,vy_6,vz_6,mass_7,radius_7,x_7,y_7,z_7,vx_7,vy_7,vz_7,mass_8,radius_8,x_8,y_8,z_8,vx_8,vy_8,vz_8
0,1.660120825375342e-07,1.631393540950981e-08,0.2448768761740845,-0.3503021896466656,-0.05108924838070068,6.373286534982843,6.3888683415164556,-0.06265254797320663,2.447838287784771e-06,4.045378434654418e-08,-0.5860212544512419,-0.4221560891973313,0.02802858647920328,4.266305679265334,-6.02902056576822,-0.32885975230263353,3.040432648020684e-06,4.437104331057835e-07,0.9406394749346085,-0.3655825717688261,9.104699665788676e-06,2.173977120382751,5.833731496218777,-0.00022872681437160995,3.2271560375549955e-07,2.270212793877687e-08,0.6900293945817024,-1.22327186266154,-0.04256923173319049,4.644808399451012,2.9503308332558738,-0.052167347625553494,0.0009547919099366768,4.778945025452157e-07,-5.446376979174472,-0.1408846409823719,0.1224544242136675,0.03833068090215782,-2.6276242261221934,0.010053303439189159,0.0002858856700231729,4.0286669668487467e-07,-2.495697131364096,-9.71893048422535,0.2682742436861251,1.8626813946828655,-0.5151508416295018,-0.06520779194461823,4.3662496132004074e-05,1.708513622580592e-07,18.52576534033972,7.405969005961964,-0.2123745434148285,-0.5432811082232064,1.2643823481818217,0.011741261237123785,5.151383772628657e-05,1.6553711549585576e-07,28.21215262963501,-10.05643830905432,-0.4430719924598708,0.37778171670553184,1.084333835848665,-0.031085886876634463
