,flag,epoch,sbx,sby,sbz,sbvx,sbvy,sbvz
0,1,2457659.5,-2.8620670257124683,0.6896591844995179,1.0611353080732966,-0.6986955476891993,-3.4822733086366315,0.578541792514232
