,flag,epoch,sbx,sby,sbz,sbvx,sbvy,sbvz
0,1.0,2457860.5,-22.086863961112922,29.36652551694771,-0.6767579621768007,-0.775301826557909,-0.8226098493489961,-0.5787958932894006
