,flag,epoch,sbx,sby,sbz,sbvx,sbvy,sbvz
0,1,2457230.0,0.2843754358859045,3.2580929407274697,-0.024532029357625607,-3.2840752187980975,-0.3259998691802453,-0.15217893404797225
