,flag,epoch,sbx,sby,sbz,sbvx,sbvy,sbvz
0,1.0,2457847.5,34.424839483493436,7.378765288104946,-13.684247350701474,-0.11801225203839984,1.1088481081757597,-0.045742575718917135
