,flag,epoch,sbx,sby,sbz,sbvx,sbvy,sbvz
0,1.0,2455710.5,-34.470083332835486,4.737259896232487,-3.2531431114204894,-0.06184028600367488,-1.1436657880862628,-0.1041677341177715
