,mass_1,radius_1,x_1,y_1,z_1,vx_1,vy_1,vz_1,mass_2,radius_2,x_2,y_2,z_2,vx_2,vy_2,vz_2,mass_3,radius_3,x_3,y_3,z_3,vx_3,vy_3,vz_3,mass_4,radius_4,x_4,y_4,z_4,vx_4,vy_4,vz_4,mass_5,radius_5,x_5,y_5,z_5,vx_5,vy_5,vz_5,mass_6,radius_6,x_6,y_6,z_6,vx_6,vy_6,vz_6,mass_7,radius_7,x_7,y_7,z_7,vx_7,vy_7,vz_7,mass_8,radius_8,x_8,y_8,z_8,vx_8,vy_8,vz_8
0,1.660120825375342e-07,1.631393540950981e-08,-0.171475439705784,-0.4320233075558282,-0.01957204426368957,7.485099495516852,-3.285098357660137,-0.9550903264875352,2.447838287784771e-06,4.045378434654418e-08,-0.5802032569612757,-0.4302971427550014,0.02757771265033555,4.348835372274159,-5.968405118073287,-0.33285438985517135,3.040432648020684e-06,4.437104331057835e-07,0.9956937805857378,0.1095297578509821,-7.419938211474635e-06,-0.7896059619576792,6.222448808755908,-0.0002836279468195089,3.2271560375549955e-07,2.270212793877687e-08,-1.641124357803156,0.2454883761709601,0.0454103657557401,-0.5655874498207649,-4.617993141500888,-0.08289102124429858,0.0009547919099366768,4.778945025452157e-07,-0.1669518937285676,-5.258319907873228,0.02557623392652208,2.724335894371918,0.04262452300401758,-0.06113340149946615,0.0002858856700231729,4.0286669668487467e-07,3.340297057754041,-9.471159799638531,0.03169685446826572,1.8120873100596322,0.6719038086726271,-0.0837814086479651,4.3662496132004074e-05,1.708513622580592e-07,16.43486737513966,11.09470332546369,-0.1716450640411309,-0.8117046814652988,1.1237231098365907,0.014644258922217173,5.151383772628657e-05,1.6553711549585576e-07,29.1805206487352,-6.654021717609527,-0.5355564774114496,0.25014676450093076,1.1250862466438636,-0.02893924859428544
