,flag,epoch,sbx,sby,sbz,sbvx,sbvy,sbvz
0,1.0,2457481.5,16.66606100486141,-41.892639033891996,-0.9156721755442054,0.9145303558481036,0.24322582193903639,0.059471027543247
