,flag,epoch,sbx,sby,sbz,sbvx,sbvy,sbvz
0,1.0,2457590.0,0.3985651508697692,-2.458932161099708,-0.3047474188018039,3.8062282302459978,0.5806459971571686,-0.1005668415114632
1,1.0,2457590.0,0.3985651288296996,-2.4589322054116454,-0.30474739556779784,3.8062281826875917,0.5806459417583008,-0.10056689543748049
