,mass_1,radius_1,x_1,y_1,z_1,vx_1,vy_1,vz_1,mass_2,radius_2,x_2,y_2,z_2,vx_2,vy_2,vz_2,mass_3,radius_3,x_3,y_3,z_3,vx_3,vy_3,vz_3,mass_4,radius_4,x_4,y_4,z_4,vx_4,vy_4,vz_4,mass_5,radius_5,x_5,y_5,z_5,vx_5,vy_5,vz_5,mass_6,radius_6,x_6,y_6,z_6,vx_6,vy_6,vz_6,mass_7,radius_7,x_7,y_7,z_7,vx_7,vy_7,vz_7,mass_8,radius_8,x_8,y_8,z_8,vx_8,vy_8,vz_8
0,1.660120825375342e-07,1.631393540950981e-08,0.09487013410020097,-0.4435605923589416,-0.04494440531660128,7.988133179384746,2.675508244815257,-0.514422461273137,2.447838287784771e-06,4.045378434654418e-08,0.7080320487520835,0.1544017625693307,-0.03874920592733368,-1.600883138859278,7.184672849912739,0.19073963755795575,3.040432648020684e-06,4.437104331057835e-07,0.210355342662956,0.9620985648325449,-1.860774492171861e-05,-6.241410957799419,1.318592414656049,-9.324286935858365e-06,3.2271560375549955e-07,2.270212793877687e-08,-0.3596674546986652,-1.44215294112983,-0.02138231228903427,5.1524795014388705,-0.7977137074105595,-0.14325346546311418,0.0009547919099366768,4.778945025452157e-07,2.585778748794131,-4.421366148526843,-0.03950908305081576,2.347075926342157,1.5236675142822989,-0.058847569540762694,0.0002858856700231729,4.0286669668487467e-07,-9.04303276505523,2.396736187418526,0.3181889748764028,-0.6293926571161251,-1.9730352657845225,0.05943318977999344,4.3662496132004074e-05,1.708513622580592e-07,19.87513397684242,-2.977466434351421,-0.2684888058148089,0.20414806906953384,1.3548099803485842,0.0023732336467941475,5.151383772628657e-05,1.6553711549585576e-07,24.11864633106279,-17.89771715908248,-0.1872858477447377,0.6776894678331604,0.9285663013136699,-0.03471181430826039
