,mass_1,radius_1,x_1,y_1,z_1,vx_1,vy_1,vz_1,mass_2,radius_2,x_2,y_2,z_2,vx_2,vy_2,vz_2,mass_3,radius_3,x_3,y_3,z_3,vx_3,vy_3,vz_3,mass_4,radius_4,x_4,y_4,z_4,vx_4,vy_4,vz_4,mass_5,radius_5,x_5,y_5,z_5,vx_5,vy_5,vz_5,mass_6,radius_6,x_6,y_6,z_6,vx_6,vy_6,vz_6,mass_7,radius_7,x_7,y_7,z_7,vx_7,vy_7,vz_7,mass_8,radius_8,x_8,y_8,z_8,vx_8,vy_8,vz_8
0,1.660120825375342e-07,1.631393540950981e-08,0.207974344630039,-0.3828821358374939,-0.05036567889181091,6.975487185124205,5.415369902219975,-0.19765758526987642,2.447838287784771e-06,4.045378434654418e-08,-0.3456893452150218,-0.637127184466126,0.01122976167755935,6.4426073517175775,-3.55640665473646,-0.4205063991773031,3.040432648020684e-06,4.437104331057835e-07,1.00148390320457,-0.08178527385850808,-7.9497659388214e-07,0.40909083867800883,6.239457640271599,-0.00011888485451123797,3.2271560375549955e-07,2.270212793877687e-08,-1.321011292521264,-0.8843758178553847,0.01391420390914438,3.034952048002765,-3.8102964454195893,-0.15437006013063687,0.0009547919099366768,4.778945025452157e-07,2.037688381493986,-4.731736326004805,-0.02595552768639763,2.4995525121668396,1.2219749563954658,-0.06100758360926106,0.0002858856700231729,4.0286669668487467e-07,-8.88981432039095,2.839286937641763,0.3043787890340326,-0.7271420971715263,-1.9447230540295466,0.06282941005854778,4.3662496132004074e-05,1.708513622580592e-07,19.82653677991869,-3.283068077458402,-0.2689911319782284,0.22613808857529424,1.351083610812583,0.0020750843130142053,5.151383772628657e-05,1.6553711549585576e-07,23.96465974439729,-18.10675469896852,-0.1794381738073663,0.6857720328353748,0.9223408291835901,-0.03477479709529194
