,flag,epoch,sbx,sby,sbz,sbvx,sbvy,sbvz
0,1,2456963.5,-18.17542424627349,-31.244137810591916,3.890651359414729,0.8852754205897146,-0.7450307869340701,-0.09214945220797992
