,mass_1,radius_1,x_1,y_1,z_1,vx_1,vy_1,vz_1,mass_2,radius_2,x_2,y_2,z_2,vx_2,vy_2,vz_2,mass_3,radius_3,x_3,y_3,z_3,vx_3,vy_3,vz_3,mass_4,radius_4,x_4,y_4,z_4,vx_4,vy_4,vz_4,mass_5,radius_5,x_5,y_5,z_5,vx_5,vy_5,vz_5,mass_6,radius_6,x_6,y_6,z_6,vx_6,vy_6,vz_6,mass_7,radius_7,x_7,y_7,z_7,vx_7,vy_7,vz_7,mass_8,radius_8,x_8,y_8,z_8,vx_8,vy_8,vz_8
0,1.660120825375342e-07,1.631393540950981e-08,-0.03102901832673127,-0.4628942838254324,-0.03497628288792173,8.192017029035572,-0.16164507919075696,-0.7647828090465056,2.447838287784771e-06,4.045378434654418e-08,0.7141848837757451,-0.1298370585536096,-0.04299276247531975,1.2855454912157906,7.235259488179625,0.025003238230011576,3.040432648020684e-06,4.437104331057835e-07,0.9421894302487211,-0.361427123410505,8.310225242732845e-06,2.148339898441651,5.8435830954159576,-0.00021494659784962388,3.2271560375549955e-07,2.270212793877687e-08,-0.8363382886810667,1.404094897769744,0.04994749285045471,-4.197519214727819,-2.1809402496522234,0.057323051261989375,0.0009547919099366768,4.778945025452157e-07,-4.827190294810687,2.395102779312575,0.0980683058338187,-1.2590283230449757,-2.3410845791223784,0.037894503421710794,0.0002858856700231729,4.0286669668487467e-07,-4.295666317204106,-9.017815774995992,0.327761617334086,1.727680350013488,-0.8840979577881172,-0.053435196585285324,4.3662496132004074e-05,1.708513622580592e-07,19.02298000194802,6.125113927554077,-0.2235878823829405,-0.4514471154386374,1.2981406322188105,0.010690550770819875,5.151383772628657e-05,1.6553711549585576e-07,27.81468109657634,-11.13241196567973,-0.4117059778156184,0.41765123708995605,1.068971490995323,-0.03168319867420874
