,flag,epoch,sbx,sby,sbz,sbvx,sbvy,sbvz
0,1.0,2454140.0,36.498822300625925,-25.118302163779894,-0.847908283852189,0.6333041469822265,0.7230711726885881,-0.03173276657822626
