,flag,epoch,sbx,sby,sbz,sbvx,sbvy,sbvz
0,1.0,2457880.0,-1.5387765282720032,1.5698102869135953,-0.22354003795927302,-3.0343948262862503,-3.058959559804303,0.1605539887388392
1,1.0,2457880.0,-1.538776490552526,1.5698104850301355,-0.22354004916058234,-3.034394844610453,-3.058959231347338,0.1605540020781185
