,flag,epoch,sbx,sby,sbz,sbvx,sbvy,sbvz
0,1.0,2457890.0,-1.4680063902148865,1.9198383201164557,0.04272466712749935,-3.4279697532601183,-2.0417913359316566,0.5152558318790649
1,1.0,2457890.0,-1.4680064236640178,1.9198382426428773,0.04272463507979794,-3.4279697754405123,-2.0417914506972825,0.5152557358188813
