,flag,epoch,sbx,sby,sbz,sbvx,sbvy,sbvz
0,1.0,2456901.5,-12.915965368474684,-34.48011119565277,3.719747640140371,1.0258605020730085,-0.2104181560511093,0.4418219037848381
