,flag,epoch,sbx,sby,sbz,sbvx,sbvy,sbvz
0,1.0,2456490.0,-0.9628467181639218,2.9924764907112515,-0.1972588592203156,-3.503424170650961,-0.48321909835287236,0.29358638379271235
1,1.0,2456490.0,-0.9628464899124398,2.992476526885927,-0.197258867417017,-3.503424242817252,-0.4832189157961705,0.293586371854146
