,flag,epoch,sbx,sby,sbz,sbvx,sbvy,sbvz
0,1.0,2458003.5,0.8410768674366675,2.9925816005116226,0.1430120114172066,-3.0264410674268913,1.7289496315560526,-0.21881542336634466
