,flag,epoch,sbx,sby,sbz,sbvx,sbvy,sbvz
0,1,2457541.5,25.686685116755925,21.198364988236982,-0.034884487497048866,-0.828801069295297,0.8192549157119479,-0.27709696145117124
