,flag,epoch,sbx,sby,sbz,sbvx,sbvy,sbvz
0,1.0,2457737.5,-22.629939443711372,11.422261525010473,2.38313529292103,-0.37577943950911824,-1.1351119198409683,-0.049579608966317204
