,flag,epoch,sbx,sby,sbz,sbvx,sbvy,sbvz
0,1.0,2456930.0,1.0912290890069476,1.8488024066112088,-0.24931322039782253,-3.6344398569990206,2.9061987755549623,0.766661582486183
