,flag,epoch,sbx,sby,sbz,sbvx,sbvy,sbvz
0,1.0,2456905.5,36.671372278483844,17.39426772225454,1.6577855607371341,-0.39019625251014556,0.9310129903304201,0.0022346354654922207
