,flag,epoch,sbx,sby,sbz,sbvx,sbvy,sbvz
0,1.0,2458027.5,42.22747383180308,8.775672398959749,-10.60706090862221,-0.6111355975606163,0.9338808132414677,-0.2259804155919538
