,flag,epoch,sbx,sby,sbz,sbvx,sbvy,sbvz
0,1,2457504.5,24.92334313209605,17.228860527685434,-3.9744688380853654,-0.697136658235315,1.0417688161216316,0.08323742685287716
