,mass_1,radius_1,x_1,y_1,z_1,vx_1,vy_1,vz_1,mass_2,radius_2,x_2,y_2,z_2,vx_2,vy_2,vz_2,mass_3,radius_3,x_3,y_3,z_3,vx_3,vy_3,vz_3,mass_4,radius_4,x_4,y_4,z_4,vx_4,vy_4,vz_4,mass_5,radius_5,x_5,y_5,z_5,vx_5,vy_5,vz_5,mass_6,radius_6,x_6,y_6,z_6,vx_6,vy_6,vz_6,mass_7,radius_7,x_7,y_7,z_7,vx_7,vy_7,vz_7,mass_8,radius_8,x_8,y_8,z_8,vx_8,vy_8,vz_8
0,1.660120825375342e-07,1.631393540950981e-08,-0.3435955711478758,0.1113093422245464,0.04061934355373428,-5.291425207826005,-9.336781801904285,-0.27739769658400965,2.447838287784771e-06,4.045378434654418e-08,-0.7138419015387167,0.0812546289669346,0.04230925832761914,-0.8759883633019248,-7.372800648570536,-0.05048764425160158,3.040432648020684e-06,4.437104331057835e-07,-0.8565612512488082,0.4933722714894737,-1.361221892049182e-05,-3.238620987283273,-5.46881590647269,0.0001836168825000443,3.2271560375549955e-07,2.270212793877687e-08,-1.651933821890991,0.09402019003145493,0.04251789524432192,-0.09952296325547681,-4.666153884206786,-0.09532670600887984,0.0009547919099366768,4.778945025452157e-07,-1.689328089913579,4.928754759535968,0.01733203941107531,-2.6429669468793278,-0.7639550778996893,0.06231314788264929,0.0002858856700231729,4.0286669668487467e-07,-6.701903045723708,-7.264279030697491,0.3931166669735127,1.3848232242858898,-1.3876998152724487,-0.031035819501825254,4.3662496132004074e-05,1.708513622580592e-07,19.60472860808339,4.102309811089348,-0.2386764564935362,-0.30668933619335015,1.3381359036096057,0.008970252753585624,5.151383772628657e-05,1.6553711549585576e-07,27.12793746917321,-12.75204126628303,-0.3624729569619693,0.47806743988382144,1.043370885385777,-0.032525428802089425
