,flag,epoch,sbx,sby,sbz,sbvx,sbvy,sbvz
0,1.0,2457412.5,-23.919433059452395,8.217225354761311,7.890506675599891,-0.43402551014900675,-1.1108254854365263,-0.5195738081857412
