,flag,epoch,sbx,sby,sbz,sbvx,sbvy,sbvz
0,1.0,2451710.5,-1.2158015270560265,2.6103795525085913,0.9573857839617771,3.0161443273141577,0.0858824732529007,-3.639882894536559
