,mass_1,radius_1,x_1,y_1,z_1,vx_1,vy_1,vz_1,mass_2,radius_2,x_2,y_2,z_2,vx_2,vy_2,vz_2,mass_3,radius_3,x_3,y_3,z_3,vx_3,vy_3,vz_3,mass_4,radius_4,x_4,y_4,z_4,vx_4,vy_4,vz_4,mass_5,radius_5,x_5,y_5,z_5,vx_5,vy_5,vz_5,mass_6,radius_6,x_6,y_6,z_6,vx_6,vy_6,vz_6,mass_7,radius_7,x_7,y_7,z_7,vx_7,vy_7,vz_7,mass_8,radius_8,x_8,y_8,z_8,vx_8,vy_8,vz_8
0,1.660120825375342e-07,1.631393540950981e-08,-0.3320833793627482,0.1303576342221369,0.04111830098760318,-5.874793051289895,-9.127947015512971,-0.20687074681174478,2.447838287784771e-06,4.045378434654418e-08,-0.5528337779794572,-0.4654809496996173,0.0255199288676372,4.706298967768024,-5.686112024823238,-0.34954396708694996,3.040432648020684e-06,4.437104331057835e-07,-0.5241248275906488,0.8330269945528705,-2.763879018604372e-05,-5.421062452244359,-3.370038843074088,0.00014616792051483707,3.2271560375549955e-07,2.270212793877687e-08,-1.642397377220442,-0.1111279784382658,0.03797990372443522,0.5355012176210893,-4.662981877631165,-0.11085717181062649,0.0009547919099366768,4.778945025452157e-07,-5.224456817359412,1.438468150628933,0.1109302300864012,-0.7652181455690217,-2.5296256156005144,0.02762611097213778,0.0002858856700231729,4.0286669668487467e-07,-3.606870431808349,-9.336357581330812,0.3058687875226217,1.7891732456768594,-0.7424440699750382,-0.05834287769688825,4.3662496132004074e-05,1.708513622580592e-07,18.83911850547771,6.630922091269363,-0.2193200153741583,-0.4876930904943097,1.285568787531639,0.011108112214542403,5.151383772628657e-05,1.6553711549585576e-07,27.97514133648561,-10.7126998329193,-0.4240654759518935,0.40207462818782586,1.075053306031091,-0.03145478772766821
