,mass_1,radius_1,x_1,y_1,z_1,vx_1,vy_1,vz_1,mass_2,radius_2,x_2,y_2,z_2,vx_2,vy_2,vz_2,mass_3,radius_3,x_3,y_3,z_3,vx_3,vy_3,vz_3,mass_4,radius_4,x_4,y_4,z_4,vx_4,vy_4,vz_4,mass_5,radius_5,x_5,y_5,z_5,vx_5,vy_5,vz_5,mass_6,radius_6,x_6,y_6,z_6,vx_6,vy_6,vz_6,mass_7,radius_7,x_7,y_7,z_7,vx_7,vy_7,vz_7,mass_8,radius_8,x_8,y_8,z_8,vx_8,vy_8,vz_8
0,1.660120825375342e-07,1.631393540950981e-08,-0.3869798953041806,-0.004097137578294048,0.03517533135720051,-2.028943104382843,-9.833473347151298,-0.617217329184266,2.447838287784771e-06,4.045378434654418e-08,-0.1225275357267007,0.7084498410261216,0.01676902455064889,-7.304597542810774,-1.2996849277140627,0.4037782558145983,3.040432648020684e-06,4.437104331057835e-07,-0.67392778818311,0.7190075186499978,-1.174411455693486e-05,-4.687354258283816,-4.32095484162656,9.376299432568054e-05,3.2271560375549955e-07,2.270212793877687e-08,0.4221710669918635,-1.358197060266824,-0.03882405610475206,5.074258434005989,1.9563114204475383,-0.08362491955040242,0.0009547919099366768,4.778945025452157e-07,2.927116380304467,-4.179748038287203,-0.04815046043409332,2.2253730675270753,1.7134749896587786,-0.056912155240493395,0.0002858856700231729,4.0286669668487467e-07,-9.132099427742459,2.101114069399335,0.3268855201349072,-0.5643680882628481,-1.9890256108610105,0.05712331514730406,4.3662496132004074e-05,1.708513622580592e-07,19.90450891028573,-2.775143269552252,-0.2681199625523881,0.18958785268470674,1.3570320144539427,0.0025699065366567497,5.151383772628657e-05,1.6553711549585576e-07,24.21936516839714,-17.75886232765711,-0.1924620484260199,0.6723164291719683,0.9325866666595717,-0.03466874998492912
