,flag,epoch,sbx,sby,sbz,sbvx,sbvy,sbvz
0,1,2457690.0,-1.0804684993710874,-2.368390248650245,-0.6083736151989534,3.3424779022745073,-1.4917717369965982,0.31489418537267344
