,mass_1,radius_1,x_1,y_1,z_1,vx_1,vy_1,vz_1,mass_2,radius_2,x_2,y_2,z_2,vx_2,vy_2,vz_2,mass_3,radius_3,x_3,y_3,z_3,vx_3,vy_3,vz_3,mass_4,radius_4,x_4,y_4,z_4,vx_4,vy_4,vz_4,mass_5,radius_5,x_5,y_5,z_5,vx_5,vy_5,vz_5,mass_6,radius_6,x_6,y_6,z_6,vx_6,vy_6,vz_6,mass_7,radius_7,x_7,y_7,z_7,vx_7,vy_7,vz_7,mass_8,radius_8,x_8,y_8,z_8,vx_8,vy_8,vz_8
0,1.660120825375342e-07,1.631393540950981e-08,-0.1638985916163254,-0.4352522327172868,-0.02051849914148838,7.551516313367926,-3.1131200625490014,-0.9473265334689308,2.447838287784771e-06,4.045378434654418e-08,0.4339774665506374,-0.5838389073597658,-0.03303692539462131,5.879679056198378,4.38131464240656,-0.2793999732270021,3.040432648020684e-06,4.437104331057835e-07,-0.05055438933933422,0.9822371526875591,-1.538397612212464e-05,-6.377957247341162,-0.34654306225939124,1.1936057605267572e-05,3.2271560375549955e-07,2.270212793877687e-08,-0.7444435635863614,-1.329380593035171,-0.009565316438584218,4.65240681001845,-2.0594172735514507,-0.1574308124933158,0.0009547919099366768,4.778945025452157e-07,-2.520815540662718,-4.738404115884354,0.07607948835860223,2.401166941931807,-1.1657905393930996,-0.04889276506134069,0.0002858856700231729,4.0286669668487467e-07,-7.009315936167196,5.91981655598878,0.1758704667973086,-1.4222236280064346,-1.5624098767468693,0.08380562844400033,4.3662496132004074e-05,1.708513622580592e-07,19.29073394712266,-5.59298777347165,-0.2706243315430272,0.39115386959918863,1.3114488883347508,-0.0001882806948553176,5.151383772628657e-05,1.6553711549585576e-07,22.72456155845835,-19.66247124106513,-0.1188335745335485,0.7444760472317076,0.8724406739545025,-0.03513414009957819
