,flag,epoch,sbx,sby,sbz,sbvx,sbvy,sbvz
0,1.0,2456890.0,-33.13679762164477,-9.487347537217763,3.999834556399892,0.09895121148006746,-1.1277947947458333,0.011678139979348736
