,mass_1,radius_1,x_1,y_1,z_1,vx_1,vy_1,vz_1,mass_2,radius_2,x_2,y_2,z_2,vx_2,vy_2,vz_2,mass_3,radius_3,x_3,y_3,z_3,vx_3,vy_3,vz_3,mass_4,radius_4,x_4,y_4,z_4,vx_4,vy_4,vz_4,mass_5,radius_5,x_5,y_5,z_5,vx_5,vy_5,vz_5,mass_6,radius_6,x_6,y_6,z_6,vx_6,vy_6,vz_6,mass_7,radius_7,x_7,y_7,z_7,vx_7,vy_7,vz_7,mass_8,radius_8,x_8,y_8,z_8,vx_8,vy_8,vz_8
0,1.660120825375342e-07,1.631393540950981e-08,0.1573704168816516,-0.4161596985712061,-0.04844205419163383,7.553141955864734,4.154109997716963,-0.3536167506949893,2.447838287784771e-06,4.045378434654418e-08,-0.7054296624742733,-0.1431771955467412,0.03875101776109097,1.4221920697912762,-7.272962159288245,-0.18172858411984813,3.040432648020684e-06,4.437104331057835e-07,-0.8042006834969757,-0.6053127628994659,1.938267675061434e-05,3.6767688832022256,-5.044342484723232,0.0001418306437134903,3.2271560375549955e-07,2.270212793877687e-08,-1.627104194454035,-0.2123062662848906,0.03550393413649364,0.8525158892468703,-4.63205257039291,-0.1179862733473941,0.0009547919099366768,4.778945025452157e-07,3.107877582327329,3.909970020936785,-0.08578514468738309,-2.1929283028951,1.8478777750998168,0.04139836129664575,0.0002858856700231729,4.0286669668487467e-07,-8.705657192685619,-4.314335097131504,0.4216237623932002,0.7929166840055347,-1.8290058606719597,0.00024286593699520654,4.3662496132004074e-05,1.708513622580592e-07,20.00178446582967,1.644535624113952,-0.2529873129885464,-0.12994100986029278,1.3660881071718476,0.0067684493044903584,5.151383772628657e-05,1.6553711549585576e-07,26.19547466940382,-14.61588655430817,-0.3026040198749755,0.5493168387292732,1.009312665041004,-0.03342194113143077
