,mass_1,radius_1,x_1,y_1,z_1,vx_1,vy_1,vz_1,mass_2,radius_2,x_2,y_2,z_2,vx_2,vy_2,vz_2,mass_3,radius_3,x_3,y_3,z_3,vx_3,vy_3,vz_3,mass_4,radius_4,x_4,y_4,z_4,vx_4,vy_4,vz_4,mass_5,radius_5,x_5,y_5,z_5,vx_5,vy_5,vz_5,mass_6,radius_6,x_6,y_6,z_6,vx_6,vy_6,vz_6,mass_7,radius_7,x_7,y_7,z_7,vx_7,vy_7,vz_7,mass_8,radius_8,x_8,y_8,z_8,vx_8,vy_8,vz_8
0,1.660120825375342e-07,1.631393540950981e-08,0.249659609075307,-0.3454366846242511,-0.05113014962224835,6.280265554919999,6.519298127509059,-0.04342561859512296,2.447838287784771e-06,4.045378434654418e-08,0.5276829676924281,0.4939261214699429,-0.02367397065865935,-5.071102220167819,5.362105764243097,0.36620966286782497,3.040432648020684e-06,4.437104331057835e-07,0.7684406447884744,0.6279443540686289,-3.083937773853789e-05,-4.0786867590536815,4.842290274171251,-0.0002051966983004099,3.2271560375549955e-07,2.270212793877687e-08,1.389945015456617,0.1332073973310612,-0.03131496531581071,-0.29226446325410727,5.524616339296295,0.12293524371951889,0.0009547919099366768,4.778945025452157e-07,-2.536502647180469,-4.729000784044874,0.07639649885526223,2.3978333634236777,-1.1739645775311314,-0.04877655930317149,0.0002858856700231729,4.0286669668487467e-07,1.648263674352725,-9.925980164985326,0.1069301133286016,1.9007067082731754,0.32661115543553493,-0.08131187929941781,4.3662496132004074e-05,1.708513622580592e-07,17.13794904054988,10.05140166563552,-0.1845943300140529,-0.7349225597796446,1.171079727051504,0.013840441311092832,5.151383772628657e-05,1.6553711549585576e-07,28.93552836480396,-7.671842795582298,-0.5089367986621279,0.28875286675702694,1.1142727403293637,-0.029624509440793076
