,mass_1,radius_1,x_1,y_1,z_1,vx_1,vy_1,vz_1,mass_2,radius_2,x_2,y_2,z_2,vx_2,vy_2,vz_2,mass_3,radius_3,x_3,y_3,z_3,vx_3,vy_3,vz_3,mass_4,radius_4,x_4,y_4,z_4,vx_4,vy_4,vz_4,mass_5,radius_5,x_5,y_5,z_5,vx_5,vy_5,vz_5,mass_6,radius_6,x_6,y_6,z_6,vx_6,vy_6,vz_6,mass_7,radius_7,x_7,y_7,z_7,vx_7,vy_7,vz_7,mass_8,radius_8,x_8,y_8,z_8,vx_8,vy_8,vz_8
0,1.660120825375342e-07,1.631393540950981e-08,0.3087732980536091,-0.2661343643160752,-0.05007334674686248,4.677691551935051,8.265497079470714,0.24626969080009778,2.447838287784771e-06,4.045378434654418e-08,0.7069538357667977,-0.1654266197206835,-0.04306501151386766,1.645696070403657,7.160216550164392,0.0032524220610220555,3.040432648020684e-06,4.437104331057835e-07,-0.8188055577886072,0.5523360814787751,-1.999593849074388e-05,-3.6162729742813533,-5.232917520773328,0.00023525292333411837,3.2271560375549955e-07,2.270212793877687e-08,-1.303295151317704,-0.9063296462262155,0.01299343389751369,3.1096671668743685,-3.7594020286935668,-0.15508987672442534,0.0009547919099366768,4.778945025452157e-07,-4.046795789277238,-3.611516366150279,0.1055493769633183,1.803542709873286,-1.9282587612430284,-0.032348327379373314,0.0002858856700231729,4.0286669668487467e-07,0.2835802842939986,-10.06001856767304,0.1635686817328214,1.9271460523041508,0.0494871823736332,-0.07755920447577552,4.3662496132004074e-05,1.708513622580592e-07,17.6392042744102,9.205639776372747,-0.1942121685434713,-0.6732437343926817,1.2047178813054564,0.013178394140172618,5.151383772628657e-05,1.6553711549585576e-07,28.71937301613051,-8.46175326803277,-0.4876665858430978,0.31843449121710127,1.1049963446787279,-0.030131190087527092
