,flag,epoch,sbx,sby,sbz,sbvx,sbvy,sbvz
0,1.0,2456470.0,0.4861595041072616,-3.017381084957121,0.1934861723379867,3.4309795970523793,0.7166306515918857,-1.060065638732393
1,1.0,2456470.0,0.48615947069114107,-3.0173811835036197,0.19348622517336794,3.430979523680147,0.7166306097360645,-1.0600655249190423
