,flag,epoch,sbx,sby,sbz,sbvx,sbvy,sbvz
0,1.0,2457097.5,31.354384358499136,14.890305569355203,1.8662848348063896,-0.25761502988571433,0.7824905390919679,-0.7686187244448776
