,flag,epoch,sbx,sby,sbz,sbvx,sbvy,sbvz
0,1.0,2457890.0,2.0236388162572965,0.43371460447306764,-0.023775872197402334,-0.59584131432924,4.569876026274516,0.5433259842319579
1,1.0,2457890.0,2.0236388488542754,0.433714468875396,-0.023775907508239214,-0.5958411043893803,4.5698760451151355,0.5433260126451057
