,flag,epoch,sbx,sby,sbz,sbvx,sbvy,sbvz
0,1.0,2457106.5,33.906820830275684,17.324302992476266,-4.35466972679677,-0.22358477939521912,0.9972505051826209,0.09104133873861336
