,flag,epoch,sbx,sby,sbz,sbvx,sbvy,sbvz
0,1.0,2457920.0,-2.0986506800997864,0.766657025739742,0.07001635588678011,-1.3587845554703026,-4.023101449426876,0.527824717768212
1,1.0,2457920.0,-2.098650676328401,0.7666570376989198,0.07001635871110021,-1.3587845518941617,-4.023101445442722,0.527824705373573
