,flag,epoch,sbx,sby,sbz,sbvx,sbvy,sbvz
0,1,2457407.5,0.8339141128412068,2.3605519949561016,0.03755094468024786,-3.3313387191528507,1.5719174328337915,-0.20976454828507946
