,flag,epoch,sbx,sby,sbz,sbvx,sbvy,sbvz
0,1.0,2454554.5,-30.967990634911047,34.17745661193672,1.0027022237189769,-0.43120151754061253,-0.9249636360590598,-0.08118106295449713
