,mass_1,radius_1,x_1,y_1,z_1,vx_1,vy_1,vz_1,mass_2,radius_2,x_2,y_2,z_2,vx_2,vy_2,vz_2,mass_3,radius_3,x_3,y_3,z_3,vx_3,vy_3,vz_3,mass_4,radius_4,x_4,y_4,z_4,vx_4,vy_4,vz_4,mass_5,radius_5,x_5,y_5,z_5,vx_5,vy_5,vz_5,mass_6,radius_6,x_6,y_6,z_6,vx_6,vy_6,vz_6,mass_7,radius_7,x_7,y_7,z_7,vx_7,vy_7,vz_7,mass_8,radius_8,x_8,y_8,z_8,vx_8,vy_8,vz_8
0,1.660120825375342e-07,1.631393540950981e-08,0.2605755435088619,-0.333596160888233,-0.05116597909653348,6.05253259813191,6.823188372847157,0.0020383564708475297,2.447838287784771e-06,4.045378434654418e-08,0.5836677683183051,-0.4334920149579781,-0.03961930887860367,4.358992723192052,5.901630261998573,-0.17079257308608534,3.040432648020684e-06,4.437104331057835e-07,-0.9873179452627349,-0.1487219424649307,4.774172833711736e-06,0.8334910537794603,-6.237292111646596,0.00011326421114406604,3.2271560375549955e-07,2.270212793877687e-08,-1.198191357474464,1.141722338776373,0.05334717386332107,-3.3333714734479716,-3.2649190404541852,0.013464230775101664,0.0009547919099366768,4.778945025452157e-07,0.801412254132479,-5.153693682455732,0.003460812220769297,2.6917965962537385,0.5544116128513678,-0.06253731824197363,0.0002858856700231729,4.0286669668487467e-07,-8.497480378819997,3.743343429765924,0.2730100981965914,-0.9285168976404206,-1.869002548077915,0.06952090740182815,4.3662496132004074e-05,1.708513622580592e-07,19.70858689626549,-3.920950369629737,-0.2698274792800513,0.2718552591307342,1.3421619989460367,0.0014546997445388811,5.151383772628657e-05,1.6553711549585576e-07,23.63590942478182,-18.54048255634868,-0.1629392843443423,0.7023406252010037,0.9090504572748052,-0.034891961413286515
