,flag,epoch,sbx,sby,sbz,sbvx,sbvy,sbvz
0,1.0,2457950.0,1.834782116581966,1.7803470184747914,-0.30629219776840555,-2.4456639557242297,2.8624150206369547,-0.06286579520112277
1,1.0,2457950.0,1.8347821032150111,1.7803470490440731,-0.3062921790235408,-2.4456639541595306,2.86241500632899,-0.06286579748882411
