,flag,epoch,sbx,sby,sbz,sbvx,sbvy,sbvz
0,1.0,2454240.0,-39.44952163691069,-12.621067920342197,-0.2000219361539995,0.3178110833666088,-0.9398943362205296,-0.0013768370352521381
