,flag,epoch,sbx,sby,sbz,sbvx,sbvy,sbvz
0,1.0,2456220.0,1.5638355288955892,2.4429928532088905,-0.10581875085891512,-3.0214885357976553,2.062031846303923,-0.049902796052137245
1,1.0,2456220.0,1.5638356460901672,2.4429928276495527,-0.10581872525862931,-3.021488446463911,2.062031884395294,-0.049902892069702214
