,mass_1,radius_1,x_1,y_1,z_1,vx_1,vy_1,vz_1,mass_2,radius_2,x_2,y_2,z_2,vx_2,vy_2,vz_2,mass_3,radius_3,x_3,y_3,z_3,vx_3,vy_3,vz_3,mass_4,radius_4,x_4,y_4,z_4,vx_4,vy_4,vz_4,mass_5,radius_5,x_5,y_5,z_5,vx_5,vy_5,vz_5,mass_6,radius_6,x_6,y_6,z_6,vx_6,vy_6,vz_6,mass_7,radius_7,x_7,y_7,z_7,vx_7,vy_7,vz_7,mass_8,radius_8,x_8,y_8,z_8,vx_8,vy_8,vz_8
0,1.660120825375342e-07,1.631393540950981e-08,0.2117847976873846,-0.3799027320846803,-0.05047202184530151,6.921542334177285,5.512878837586305,-0.18450550897902301,2.447838287784771e-06,4.045378434654418e-08,0.6702861114018268,-0.2802232988187376,-0.04252376047101235,2.8079673077612672,6.784154458124245,-0.06897686455521079,3.040432648020684e-06,4.437104331057835e-07,-0.7549826788911351,0.6350850169593215,-2.374067307247699e-05,-4.14728747043407,-4.832240861233642,0.0002202467574922074,3.2271560375549955e-07,2.270212793877687e-08,-1.352628066621985,-0.8433995745254715,0.01552277218606175,2.8957341933896505,-3.900352406412457,-0.1527939055991619,0.0009547919099366768,4.778945025452157e-07,-4.076287337199424,-3.57972044005287,0.1060772385206931,1.7870347792008674,-1.942872397510036,-0.03191849725352134,0.0002858856700231729,4.0286669668487467e-07,0.2519214969207464,-10.0607787489405,0.1648418961131831,1.9273078867336768,0.04306475443352183,-0.07745450804738417,4.3662496132004074e-05,1.708513622580592e-07,17.65025189843186,9.1858436545604,-0.1944285214774333,-0.6718044209260221,1.205459625571004,0.013162575837621418,5.151383772628657e-05,1.6553711549585576e-07,28.7141364705607,-8.479903347099471,-0.4871715223276324,0.31911485069771645,1.1047756695034534,-0.030142787921649847
