,flag,epoch,sbx,sby,sbz,sbvx,sbvy,sbvz
0,1.0,2457610.0,0.5355718612680225,2.3784986362861305,0.10251616313576599,-3.820285111981862,0.6604335831619241,-0.38132634288839873
1,1.0,2457610.0,0.5355718675312948,2.378498631892864,0.10251614627093932,-3.820285117226852,0.6604335779159833,-0.381326338587642
