,flag,epoch,sbx,sby,sbz,sbvx,sbvy,sbvz
0,1,2456059.5,36.50167175688735,22.974633123176357,1.424578612749281,-0.5658955443384773,0.7887360170765392,0.002186452628865889
