,mass_1,radius_1,x_1,y_1,z_1,vx_1,vy_1,vz_1,mass_2,radius_2,x_2,y_2,z_2,vx_2,vy_2,vz_2,mass_3,radius_3,x_3,y_3,z_3,vx_3,vy_3,vz_3,mass_4,radius_4,x_4,y_4,z_4,vx_4,vy_4,vz_4,mass_5,radius_5,x_5,y_5,z_5,vx_5,vy_5,vz_5,mass_6,radius_6,x_6,y_6,z_6,vx_6,vy_6,vz_6,mass_7,radius_7,x_7,y_7,z_7,vx_7,vy_7,vz_7,mass_8,radius_8,x_8,y_8,z_8,vx_8,vy_8,vz_8
0,1.660120825375342e-07,1.631393540950981e-08,0.3587171533154618,-0.1049888484194785,-0.04149196800546682,0.8905151617459592,10.32444147987083,0.7618586736356807,2.447838287784771e-06,4.045378434654418e-08,-0.587116687948336,-0.4206202179484378,0.02812140590444828,4.250607576067073,-6.040227228040532,-0.32807790343906323,3.040432648020684e-06,4.437104331057835e-07,-0.628820202244927,-0.7906589292656715,2.455853720891042e-05,4.815921050736623,-3.935144219423863,0.00010908263012261623,3.2271560375549955e-07,2.270212793877687e-08,-1.579865734208438,-0.400445862519237,0.03040203568529785,1.4471096607742453,-4.518339568168286,-0.13020281577757317,0.0009547919099366768,4.778945025452157e-07,3.016997025258955,3.984807199056623,-0.08406225006600564,-2.2327449171704012,1.7965485328436654,0.04250252843278024,0.0002858856700231729,4.0286669668487467e-07,-8.67277969173194,-4.389292015588182,0.4216184908225459,0.8082042817314814,-1.8213753019223027,-0.0004994038341000064,4.3662496132004074e-05,1.708513622580592e-07,19.996365119406,1.700630148793153,-0.2527082921727128,-0.13398143792438905,1.3657137499396328,0.0068198829848485285,5.151383772628657e-05,1.6553711549585576e-07,26.21800104020793,-14.57441912121097,-0.3039761968985524,0.54771678828533,1.0101513040670305,-0.03340303899612948
