,flag,epoch,sbx,sby,sbz,sbvx,sbvy,sbvz
0,1,2455723.5,-31.622987097424236,27.159471805397608,-0.38614994067673003,-0.7020400842323633,-0.7046361068601193,-0.011170133854738177
