,mass_1,radius_1,x_1,y_1,z_1,vx_1,vy_1,vz_1,mass_2,radius_2,x_2,y_2,z_2,vx_2,vy_2,vz_2,mass_3,radius_3,x_3,y_3,z_3,vx_3,vy_3,vz_3,mass_4,radius_4,x_4,y_4,z_4,vx_4,vy_4,vz_4,mass_5,radius_5,x_5,y_5,z_5,vx_5,vy_5,vz_5,mass_6,radius_6,x_6,y_6,z_6,vx_6,vy_6,vz_6,mass_7,radius_7,x_7,y_7,z_7,vx_7,vy_7,vz_7,mass_8,radius_8,x_8,y_8,z_8,vx_8,vy_8,vz_8
0,1.660120825375342e-07,1.631393540950981e-08,0.004906001466625705,-0.4618580320003083,-0.03818658288041336,8.214493448742783,0.6368480937545402,-0.701676790132803,2.447838287784771e-06,4.045378434654418e-08,0.5601158850072036,-0.4636983889739752,-0.03867978098168149,4.664299954471438,5.661945965666352,-0.1916121457693458,3.040432648020684e-06,4.437104331057835e-07,0.4239518758914889,-0.9237021945812613,2.706444452832546e-05,5.608869661049267,2.5976772406076867,-8.730153381198856e-05,3.2271560375549955e-07,2.270212793877687e-08,-1.093957423213879,-1.114305262752026,0.003514080275899943,3.8398245572818075,-3.1437964348100453,-0.16015136272783712,0.0009547919099366768,4.778945025452157e-07,2.598717810787908,4.288390270077438,-0.07596294360275858,-2.3926323072780105,1.5610673082612192,0.0470584706301483,0.0002858856700231729,4.0286669668487467e-07,-8.520724156780078,-4.715282525732933,0.421233980373901,0.8745093631597539,-1.7863588183355994,-0.0037524349641561375,4.3662496132004074e-05,1.708513622580592e-07,19.9705479278966,1.94725488679124,-0.2514555353420923,-0.15177232169378885,1.363938180559362,0.007046155052161608,5.151383772628657e-05,1.6553711549585576e-07,26.31633391112734,-14.39155474700672,-0.3100044749790438,0.5406378465883174,1.0138178097003623,-0.03331830541315856
