,flag,epoch,sbx,sby,sbz,sbvx,sbvy,sbvz
0,1.0,2456390.0,38.77666694835882,18.61725864977687,-0.8093513653706353,-0.4053876429912497,0.8633634909172142,0.05203212442322221
