,flag,epoch,sbx,sby,sbz,sbvx,sbvy,sbvz
0,1.0,2456550.0,-2.9393269412922556,1.170726243525068,0.24523327639372305,-1.7720278493395936,-3.0480443653308518,0.2507250223317699
1,1.0,2456550.0,-2.9393271396604774,1.170725993750186,0.2452332893553333,-1.772027592345427,-3.048044386846391,0.25072502703976884
