,flag,epoch,sbx,sby,sbz,sbvx,sbvy,sbvz
0,1.0,2455800.0,-22.566096333568563,38.33683255578461,-0.38787926527184935,-0.7972343304467029,-0.482686833082735,-0.02603013121330376
