,mass_1,radius_1,x_1,y_1,z_1,vx_1,vy_1,vz_1,mass_2,radius_2,x_2,y_2,z_2,vx_2,vy_2,vz_2,mass_3,radius_3,x_3,y_3,z_3,vx_3,vy_3,vz_3,mass_4,radius_4,x_4,y_4,z_4,vx_4,vy_4,vz_4,mass_5,radius_5,x_5,y_5,z_5,vx_5,vy_5,vz_5,mass_6,radius_6,x_6,y_6,z_6,vx_6,vy_6,vz_6,mass_7,radius_7,x_7,y_7,z_7,vx_7,vy_7,vz_7,mass_8,radius_8,x_8,y_8,z_8,vx_8,vy_8,vz_8
0,1.660120825375342e-07,1.631393540950981e-08,0.0182187379588074,-0.4605889016299334,-0.0393045815965689,8.206938446789728,0.9340781826860468,-0.676682866866244,2.447838287784771e-06,4.045378434654418e-08,0.6634070787125719,0.2900113748118615,-0.03431340394400511,-2.983201976186022,6.736458583540668,0.26447568969853097,3.040432648020684e-06,4.437104331057835e-07,-0.9540074348936014,-0.3034610315467328,1.024913613103766e-05,1.80265963530075,-6.011612141761303,0.00018272669667247969,3.2271560375549955e-07,2.270212793877687e-08,1.317411863995562,0.5235963655721985,-0.02137551645421148,-1.692028913018075,5.185735044741282,0.15019420252700344,0.0009547919099366768,4.778945025452157e-07,0.7045283676585165,5.046341454480828,-0.03672373569139767,-2.7655941864151847,0.5125346338139302,0.05975825889258335,0.0002858856700231729,4.0286669668487467e-07,-7.795516697007161,-5.952224033491873,0.4138636264666757,1.1239067804312053,-1.6241278997338064,-0.016521837881798576,4.3662496132004074e-05,1.708513622580592e-07,19.83490440376413,2.931700393175106,-0.2460284263858395,-0.22268640771213838,1.3543247633133364,0.007938103804302736,5.151383772628657e-05,1.6553711549585576e-07,26.69753168645803,-13.65230147045858,-0.334006088153612,0.5121960001588283,1.0277256580262906,-0.03296693048354049
