,flag,epoch,sbx,sby,sbz,sbvx,sbvy,sbvz
0,1.0,2457570.0,1.5371127663635078,-1.888086195965224,0.24979064022996797,2.820674351399263,2.767344697457718,-0.14133584517173398
1,1.0,2457570.0,1.5371127569182548,-1.8880861787998509,0.24979063835863244,2.820674342910588,2.7673447567974745,-0.141335830321651
