,flag,epoch,sbx,sby,sbz,sbvx,sbvy,sbvz
0,1.0,2457610.0,1.9233605459108236,-1.0408953186513064,-0.27922868037033416,2.3418913156900834,3.701302316648598,-0.11964860638171086
1,1.0,2457610.0,1.9233605620411658,-1.0408953209434575,-0.27922868134596257,2.3418912933113076,3.7013022940290257,-0.11964856370439679
