,flag,epoch,sbx,sby,sbz,sbvx,sbvy,sbvz
0,1.0,2456620.0,-3.0517596771739113,1.23331082311842,-0.46443212300068076,-1.5742318831564663,-2.6584518874110556,-0.09839879291259619
