,flag,epoch,sbx,sby,sbz,sbvx,sbvy,sbvz
0,1.0,2457450.0,-2.181159737525411,-0.9783340071475014,-0.0580204666817949,2.053922795867229,-3.4730869580231976,0.38437104246653825
1,1.0,2457450.0,-2.1811597186276432,-0.9783339867861477,-0.058020472721491675,2.053922817942378,-3.4730869953867485,0.38437105340203254
