,flag,epoch,sbx,sby,sbz,sbvx,sbvy,sbvz
0,1.0,2457750.0,-0.08150451054708197,2.314730781570239,0.24443314101962463,-4.146319061795124,0.3922366256550123,-0.048640979171535245
1,1.0,2457750.0,-0.081504509299798,2.314730800836037,0.24443314380174744,-4.1463190350238355,0.39223664973519873,-0.048640980654304465
