,flag,epoch,sbx,sby,sbz,sbvx,sbvy,sbvz
0,1.0,2454211.5,-19.668033940493462,-34.97494259053309,-0.7563494457000939,0.8539268676132277,-0.35045726107381864,0.5314521547975642
