,flag,epoch,sbx,sby,sbz,sbvx,sbvy,sbvz
0,1.0,2457072.5,50.451402782095826,3.1813676749163804,1.717835853291069,0.01977057240394314,0.8382310955428033,0.4753525077398797
