,mass_1,radius_1,x_1,y_1,z_1,vx_1,vy_1,vz_1,mass_2,radius_2,x_2,y_2,z_2,vx_2,vy_2,vz_2,mass_3,radius_3,x_3,y_3,z_3,vx_3,vy_3,vz_3,mass_4,radius_4,x_4,y_4,z_4,vx_4,vy_4,vz_4,mass_5,radius_5,x_5,y_5,z_5,vx_5,vy_5,vz_5,mass_6,radius_6,x_6,y_6,z_6,vx_6,vy_6,vz_6,mass_7,radius_7,x_7,y_7,z_7,vx_7,vy_7,vz_7,mass_8,radius_8,x_8,y_8,z_8,vx_8,vy_8,vz_8
0,1.660120825375342e-07,1.631393540950981e-08,-0.1905480183278379,0.2620947874940618,0.03889733802811515,-10.386118473838312,-5.6411526144747075,0.4918669404414748,2.447838287784771e-06,4.045378434654418e-08,-0.3093291775835845,0.6480665782279705,0.02673984752200263,-6.692268754022069,-3.2235432146351224,0.3419691578643934,3.040432648020684e-06,4.437104331057835e-07,1.00331679225271,0.00719124515301607,-4.702827063379904e-06,-0.14732158070205037,6.260376762405513,-0.00025984979885065705,3.2271560375549955e-07,2.270212793877687e-08,-1.438841494055626,0.8362663234171677,0.05283612227637421,-2.376316281181972,-3.9825874944098936,-0.025138086665683627,0.0009547919099366768,4.778945025452157e-07,-4.677927737338966,-2.784109426877917,0.1162358308065665,1.3775857898860557,-2.2405625684345614,-0.021520047362806553,0.0002858856700231729,4.0286669668487467e-07,-0.478870874741826,-10.04899661115665,0.1937238751867953,1.9253495010769741,-0.10516992774271229,-0.07480672227338989,4.3662496132004074e-05,1.708513622580592e-07,17.89868063206273,8.725553560903514,-0.1993509108987776,-0.6384507467626178,1.2221557809362515,0.012800349736653139,5.151383772628657e-05,1.6553711549585576e-07,28.59016982414127,-8.89784848735181,-0.4756923348620385,0.334701905311417,1.0996103140297744,-0.030399741263164182
