,flag,epoch,sbx,sby,sbz,sbvx,sbvy,sbvz
0,1,2457700.0,2.0444087395831536,-1.9754257831972506,-0.6956249131313262,1.9317312314170376,2.422444914241549,1.0500822278422401
