,flag,epoch,sbx,sby,sbz,sbvx,sbvy,sbvz
0,1.0,2457128.5,-40.26346504000642,-7.00636162873664,7.290404930271758,0.0016498710748503646,-1.000450485649526,0.04540968895841265
