,flag,epoch,sbx,sby,sbz,sbvx,sbvy,sbvz
0,1.0,2454380.0,-37.14484231147944,24.866397216703312,0.7512327701343711,-0.49868054999588307,-0.7835636588189264,0.004847985176418413
