,mass_1,radius_1,x_1,y_1,z_1,vx_1,vy_1,vz_1,mass_2,radius_2,x_2,y_2,z_2,vx_2,vy_2,vz_2,mass_3,radius_3,x_3,y_3,z_3,vx_3,vy_3,vz_3,mass_4,radius_4,x_4,y_4,z_4,vx_4,vy_4,vz_4,mass_5,radius_5,x_5,y_5,z_5,vx_5,vy_5,vz_5,mass_6,radius_6,x_6,y_6,z_6,vx_6,vy_6,vz_6,mass_7,radius_7,x_7,y_7,z_7,vx_7,vy_7,vz_7,mass_8,radius_8,x_8,y_8,z_8,vx_8,vy_8,vz_8
0,1.660120825375342e-07,1.631393540950981e-08,0.3379780649168154,-0.2016585104213597,-0.04749015881626898,3.2491343316671473,9.295931348819389,0.46130286473159077,2.447838287784771e-06,4.045378434654418e-08,0.4594170237131407,0.5573631632698267,-0.01888576169733684,-5.723507953489773,4.667024684789146,0.3942093501333842,3.040432648020684e-06,4.437104331057835e-07,0.9538794717214855,0.2951373320260497,-7.550861678191357e-06,-1.9599753247745353,5.979524718491062,-0.0001048214027563743,3.2271560375549955e-07,2.270212793877687e-08,0.8764496936573327,1.193451541899466,0.003476188371016686,-3.9255592000354906,3.460480178439743,0.1689174638600314,0.0009547919099366768,4.778945025452157e-07,-0.4628566489279652,-5.256306112338324,0.03217805836855142,2.713867627772548,-0.11173578760099831,-0.0602645805106939,0.0002858856700231729,4.0286669668487467e-07,-8.020552162020756,4.591763477071584,0.2392471069037679,-1.1194984403416588,-1.7731625304161724,0.0754462159488812,4.3662496132004074e-05,1.708513622580592e-07,19.57169659489505,-4.543320716471682,-0.2703630009445001,0.31631496457971703,1.3320109901158466,0.0008476029483304903,5.151383772628657e-05,1.6553711549585576e-07,23.30531330888796,-18.96049176303608,-0.1466753980554669,0.7182058073463845,0.8957541273100537,-0.0349916981312781
