,flag,epoch,sbx,sby,sbz,sbvx,sbvy,sbvz
0,1.0,2457669.5,-1.7913005991573825,-2.126264866633223,-0.24714497465783436,2.78613914429212,-1.741133679431596,-0.19839798475056128
