,flag,epoch,sbx,sby,sbz,sbvx,sbvy,sbvz
0,1.0,2458040.0,-1.1913672875819887,-2.0707556001651852,0.11377719368424999,3.7289939935523173,-1.530059963788189,0.35609786558495493
1,1.0,2458040.0,-1.1913672510356164,-2.0707555881598547,0.11377720810558511,3.7289940570274664,-1.5300599166387423,0.35609786149911105
