,flag,epoch,sbx,sby,sbz,sbvx,sbvy,sbvz
0,1.0,2458000.5,3.1368678363749476,-0.4028319633730255,-0.3429016081467788,-0.015299343711442998,3.47145875258476,-0.09776508834130215
