,flag,epoch,sbx,sby,sbz,sbvx,sbvy,sbvz
0,1.0,2456838.5,24.67483293266821,21.642270874213427,-6.881709560084136,-0.6264190290471575,1.0874864113443001,-0.25981874592502163
