,mass_1,radius_1,x_1,y_1,z_1,vx_1,vy_1,vz_1,mass_2,radius_2,x_2,y_2,z_2,vx_2,vy_2,vz_2,mass_3,radius_3,x_3,y_3,z_3,vx_3,vy_3,vz_3,mass_4,radius_4,x_4,y_4,z_4,vx_4,vy_4,vz_4,mass_5,radius_5,x_5,y_5,z_5,vx_5,vy_5,vz_5,mass_6,radius_6,x_6,y_6,z_6,vx_6,vy_6,vz_6,mass_7,radius_7,x_7,y_7,z_7,vx_7,vy_7,vz_7,mass_8,radius_8,x_8,y_8,z_8,vx_8,vy_8,vz_8
0,1.660120825375342e-07,1.631393540950981e-08,-0.05852382101549097,-0.4613266630565809,-0.03232987377231399,8.133049974037359,-0.7703395151111704,-0.8089855422904031,2.447838287784771e-06,4.045378434654418e-08,0.02700801265300553,-0.7264991226588307,-0.01152911856026371,7.333089284625265,0.24731492142647546,-0.4197630524179281,3.040432648020684e-06,4.437104331057835e-07,0.974466614398752,-0.2560659107348459,8.654983599555842e-06,1.494902586644907,6.054055083103121,-0.00029602535108889174,3.2271560375549955e-07,2.270212793877687e-08,-1.649149348286545,-0.03538787099936373,0.03971169460748522,0.2996943750694251,-4.673437047272994,-0.10529447637596338,0.0009547919099366768,4.778945025452157e-07,4.284969738701394,-2.613616000848336,-0.08501328812826103,1.4037296859609212,2.4854052912886675,-0.041728837655026475,0.0002858856700231729,4.0286669668487467e-07,6.52459892939545,-7.501776359782832,-0.1292352871458421,1.4257303086732285,1.3351689946392749,-0.07993592895514429,4.3662496132004074e-05,1.708513622580592e-07,14.70603960594207,13.16536716399236,-0.1416563651093536,-0.9674728095058522,1.0058524462196476,0.016216877212983694,5.151383772628657e-05,1.6553711549585576e-07,29.58368622397491,-4.451020239249931,-0.5901819009189773,0.16461152191155862,1.143500975441694,-0.027307112239215444
