,flag,epoch,sbx,sby,sbz,sbvx,sbvy,sbvz
0,1.0,2457767.5,30.506498224888873,14.629608755854814,-10.519431767902725,-0.6202712368090786,0.9133527310215473,0.04363442533760515
