,flag,epoch,sbx,sby,sbz,sbvx,sbvy,sbvz
0,1,2457720.0,-1.9395753788468266,0.9548529070469516,-0.05729216959188018,-1.4248892371034985,-3.987547501972068,-0.0681476579575925
