,flag,epoch,sbx,sby,sbz,sbvx,sbvy,sbvz
0,1.0,2457282.5,-38.715888669505475,-16.21224535301478,1.7697556010495599,0.477658503352422,-0.9345616720510483,-0.5917293733222191
