,flag,epoch,sbx,sby,sbz,sbvx,sbvy,sbvz
0,1.0,2457630.0,0.7283857028995142,2.097722683548522,0.05920750371085378,-3.8737012108782043,1.923227849561201,-0.36642157138561365
1,1.0,2457630.0,0.7283857005303656,2.0977226954724926,0.05920750868586676,-3.8737011945422974,1.9232278447503777,-0.3664215583038299
