,flag,epoch,sbx,sby,sbz,sbvx,sbvy,sbvz
0,1.0,2457800.0,0.07638506174270421,2.4981180859121777,0.32823534386106995,-3.771746744111797,0.5224769998581841,0.09658763402358465
1,1.0,2457800.0,0.0763850677404363,2.498118109018341,0.3282353453757413,-3.7717467052665055,0.5224769974914902,0.09658764681011135
