,flag,epoch,sbx,sby,sbz,sbvx,sbvy,sbvz
0,1.0,2456980.0,-3.0156667016672634,2.0286442931535005,0.10114911839479476,-1.8256586182347134,-2.395392593809273,-0.009447301856221661
