,flag,epoch,sbx,sby,sbz,sbvx,sbvy,sbvz
0,1.0,2457140.0,0.4956046225108369,2.7485591898993746,-0.27665460662725216,-3.8708733267979474,0.5152648256084259,0.35431081747730325
1,1.0,2457140.0,0.49560460090278813,2.748559254736566,-0.27665461333128305,-3.8708732583860135,0.5152647458296729,0.3543108449207304
