,flag,epoch,sbx,sby,sbz,sbvx,sbvy,sbvz
0,1.0,2458196.5,-3.29352423012193,-0.37954485414675077,0.6098851387544548,-0.08391955582515237,-3.2297931022218496,0.22627514744452254
