,flag,epoch,sbx,sby,sbz,sbvx,sbvy,sbvz
0,1.0,2457235.5,-22.05587560917537,-28.652796913692892,4.178060937164863,0.7252312081286719,-0.7538014373433657,-0.27646642882880923
