,mass_1,radius_1,x_1,y_1,z_1,vx_1,vy_1,vz_1,mass_2,radius_2,x_2,y_2,z_2,vx_2,vy_2,vz_2,mass_3,radius_3,x_3,y_3,z_3,vx_3,vy_3,vz_3,mass_4,radius_4,x_4,y_4,z_4,vx_4,vy_4,vz_4,mass_5,radius_5,x_5,y_5,z_5,vx_5,vy_5,vz_5,mass_6,radius_6,x_6,y_6,z_6,vx_6,vy_6,vz_6,mass_7,radius_7,x_7,y_7,z_7,vx_7,vy_7,vz_7,mass_8,radius_8,x_8,y_8,z_8,vx_8,vy_8,vz_8
0,1.660120825375342e-07,1.631393540950981e-08,0.2843821261469948,-0.3040363177776861,-0.05093189002990237,5.464888994367241,7.509323224408682,0.11229848953507353,2.447838287784771e-06,4.045378434654418e-08,0.6184232196333276,0.3755458340695247,-0.03053438869701242,-3.857531866367959,6.28288377697688,0.3088172608782338,3.040432648020684e-06,4.437104331057835e-07,-0.4475543471425114,0.8760340675072862,-3.906980247407896e-05,-5.69853406849603,-2.8825977192859775,0.00014694632542403615,3.2271560375549955e-07,2.270212793877687e-08,-1.164968769747639,-1.05278164439966,0.006522763058022586,3.6187600428748374,-3.3544328005119466,-0.15907780783902198,0.0009547919099366768,4.778945025452157e-07,0.6521904256431664,-5.180479606810627,0.006925046556261658,2.704141945426097,0.474849428952492,-0.06247470832717631,0.0002858856700231729,4.0286669668487467e-07,3.879757537913307,-9.252059741646157,0.006423627967855046,1.769320144951442,0.782737451578443,-0.08400527232243471,4.3662496132004074e-05,1.708513622580592e-07,16.18664456263317,11.43061973530449,-0.1671957170728502,-0.8366841478825339,1.106959244211994,0.014903443525243115,5.151383772628657e-05,1.6553711549585576e-07,29.25389614565141,-6.314680079833988,-0.5442360226422652,0.23710889436833676,1.1284092507740282,-0.028699130626144303
