,flag,epoch,sbx,sby,sbz,sbvx,sbvy,sbvz
0,1.0,2456982.5,-6.057632513773051,-3.033424638190591,0.09504963449179737,0.7765990530478072,-2.59720634360883,0.24555936505667264
