,flag,epoch,sbx,sby,sbz,sbvx,sbvy,sbvz
0,1.0,2449976.5,-6.579833093653157,-10.762789540501723,-1.6152869084593746,1.5262776732270718,-1.4047122539234347,-0.5580754040167606
