,flag,epoch,sbx,sby,sbz,sbvx,sbvy,sbvz
0,1,2456863.5,-0.9240309201098009,-2.7502639980591574,0.5254219025636719,3.584146797457139,-0.854609350482169,-0.29636540594135685
