,flag,epoch,sbx,sby,sbz,sbvx,sbvy,sbvz
0,1.0,2457380.5,-12.748659544876942,-28.315615975281844,7.791589163277282,1.1423455812801049,-0.4130672033010447,-0.179767880716257
