,flag,epoch,sbx,sby,sbz,sbvx,sbvy,sbvz
0,1.0,2457680.0,2.1617609735121555,-0.046666269595535326,-0.18816116267805505,0.553655117953345,4.413786666998431,0.33926385180475027
1,1.0,2457680.0,2.1617609453122117,-0.04666624954055987,-0.18816115611570183,0.5536550875314586,4.413786720965618,0.3392638594227513
