,flag,epoch,sbx,sby,sbz,sbvx,sbvy,sbvz
0,1.0,2457736.5,44.00885665204517,12.365985819853432,-3.3484357578099018,-0.2617392261466465,0.8599283346417627,0.009498629883048483
