,flag,epoch,sbx,sby,sbz,sbvx,sbvy,sbvz
0,1.0,2459497.5,2.4956527240363227,2.091725249011495,-0.4865805554053121,-2.8708839997090783,3.5326925942579,-0.6831211179729103
