,flag,epoch,sbx,sby,sbz,sbvx,sbvy,sbvz
0,1.0,2457760.0,0.4607332274640174,2.094713184657431,-0.1661997592330179,-4.102765615535804,1.542634181210064,0.3699897690035273
1,1.0,2457760.0,0.4607332240921036,2.0947131788620443,-0.16619976596089048,-4.10276563306233,1.5426341680118123,0.3699897485634807
