,flag,epoch,sbx,sby,sbz,sbvx,sbvy,sbvz
0,1.0,2457210.0,-1.507973871774772,-2.7097639289436377,-0.2147719788027645,3.1079061480678467,-1.4353407235292144,-0.4168060493656763
1,1.0,2457210.0,-1.507973834802705,-2.709763888926161,-0.21477198101058553,3.107906200218264,-1.4353407524262327,-0.4168060835583211
