,flag,epoch,sbx,sby,sbz,sbvx,sbvy,sbvz
0,1.0,2457610.0,2.1160169297617095,0.3068489265797102,-0.10363267034136098,-0.9785405760061734,4.326718672275612,-0.4403389218639731
1,1.0,2457610.0,2.116016944585474,0.30684893226429566,-0.10363267329314826,-0.9785405612383382,4.326718643006282,-0.44033893264030144
