,flag,epoch,sbx,sby,sbz,sbvx,sbvy,sbvz
0,1.0,2455910.0,5.1137169894890455,-42.471019387916044,1.8825075215520566,0.9586956076249746,0.06782795520429069,-0.026872507508581032
