,flag,epoch,sbx,sby,sbz,sbvx,sbvy,sbvz
0,1.0,2457334.5,-38.63038054423253,-19.076423378201856,-0.133289865790291,0.5619798416216417,-0.8220264719672121,-0.013126817518681411
