,flag,epoch,sbx,sby,sbz,sbvx,sbvy,sbvz
0,1.0,2456820.5,45.65653505038395,-1.5611224803027284,-1.1607907794813417,-0.010568462115279202,0.9087695732183371,-0.029730180111611354
