,flag,epoch,sbx,sby,sbz,sbvx,sbvy,sbvz
0,1.0,2456480.0,-2.5054917351905353,-1.4427706347949236,-0.1074144705919004,1.7426519267132308,-3.1316314160630507,-0.14982222652345456
