,flag,epoch,sbx,sby,sbz,sbvx,sbvy,sbvz
0,1.0,2457740.0,-0.2116128864620952,2.5471360635196434,0.2826035290081414,-3.674388053271755,0.023356669549778872,0.24505871753007827
1,1.0,2457740.0,-0.21161286413839275,2.5471360193530073,0.28260353453900044,-3.6743881211849714,0.023356659406843453,0.24505871718977587
