,flag,epoch,sbx,sby,sbz,sbvx,sbvy,sbvz
0,1.0,2457127.5,-37.09100200621528,25.092286145920994,2.8198992179782847,-0.5273266920948013,-0.6156328629345925,-0.32898360340524885
