,flag,epoch,sbx,sby,sbz,sbvx,sbvy,sbvz
0,1,2451091.5,38.30425362838545,9.452547582505971,0.9842134861859129,-0.22128105755814367,0.8693083670608253,0.5507101265393815
