,flag,epoch,sbx,sby,sbz,sbvx,sbvy,sbvz
0,1.0,2459842.5,4.415152176235682,-0.12317308213304146,-0.8046166122383607,0.23690643154409985,3.490944321156499,-0.4796942759891824
