,flag,epoch,sbx,sby,sbz,sbvx,sbvy,sbvz
0,1.0,2457590.0,-2.2266853414536874,-0.275309208950253,0.25831709080933274,0.2817796135615677,-4.217984546696144,0.22163384825977903
1,1.0,2457590.0,-2.226685347481373,-0.2753091958396926,0.2583170944340831,0.2817795953310235,-4.217984539351083,0.22163385515642647
