,flag,epoch,sbx,sby,sbz,sbvx,sbvy,sbvz
0,1.0,2453796.5,15.31765583413111,-33.90589111361159,0.7139782370509848,1.0704685181936109,0.5062021964856991,0.14139043530008685
