,mass_1,radius_1,x_1,y_1,z_1,vx_1,vy_1,vz_1,mass_2,radius_2,x_2,y_2,z_2,vx_2,vy_2,vz_2,mass_3,radius_3,x_3,y_3,z_3,vx_3,vy_3,vz_3,mass_4,radius_4,x_4,y_4,z_4,vx_4,vy_4,vz_4,mass_5,radius_5,x_5,y_5,z_5,vx_5,vy_5,vz_5,mass_6,radius_6,x_6,y_6,z_6,vx_6,vy_6,vz_6,mass_7,radius_7,x_7,y_7,z_7,vx_7,vy_7,vz_7,mass_8,radius_8,x_8,y_8,z_8,vx_8,vy_8,vz_8
0,1.660120825375342e-07,1.631393540950981e-08,-0.0845980089059625,0.3006103212489986,0.03232480609259936,-11.954116927188315,-2.4058419314414152,0.9000750889784919,2.447838287784771e-06,4.045378434654418e-08,0.6173879127692687,0.377229925132655,-0.03045260762698759,-3.8751178633973278,6.272200709429624,0.3096582631408044,3.040432648020684e-06,4.437104331057835e-07,-0.9891030004952642,0.1021560006617586,-2.736184289010732e-07,-0.7477044275225636,-6.274155587300481,0.00026881145688945193,3.2271560375549955e-07,2.270212793877687e-08,-1.028899944049176,-1.164972453938768,0.0008399459860182158,4.023039138467838,-2.9461266317822026,-0.1604604370001953,0.0009547919099366768,4.778945025452157e-07,-3.905624924047314,-3.756672365706768,0.1029933844967404,1.8790928122550061,-1.8582685844104199,-0.034328705680777116,0.0002858856700231729,4.0286669668487467e-07,0.4312785040826967,-10.05507647759034,0.1576045756883716,1.926122315946891,0.07944376420354116,-0.07803730430170217,4.3662496132004074e-05,1.708513622580592e-07,17.58733627542533,9.297859774818333,-0.1931990945205446,-0.6799519279164579,1.2012277658892432,0.013251726304009028,5.151383772628657e-05,1.6553711549585576e-07,28.74366231688392,-8.377005287606814,-0.4899743613215031,0.31525610338544563,1.1060142904440757,-0.03007717770603115
