,flag,epoch,sbx,sby,sbz,sbvx,sbvy,sbvz
0,1.0,2457560.0,-0.9284184006671234,2.3096755067739743,-0.2683095999605824,-3.4645275394363204,-1.5867834887799706,-0.06935747847793226
1,1.0,2457560.0,-0.9284184023179776,2.3096754902157888,-0.2683095967194191,-3.4645275598653953,-1.58678350557737,-0.06935749673882975
