,flag,epoch,sbx,sby,sbz,sbvx,sbvy,sbvz
0,1,2456960.0,2.2223803690688593,-1.7342589935408386,-0.18095840992306222,2.4337777220295056,3.0351652116121555,-0.493506725768904
