,flag,epoch,sbx,sby,sbz,sbvx,sbvy,sbvz
0,1,2456521.5,-2.7789020144586156,-0.6758592836610048,0.5230202673574517,1.2423997691480577,-3.5971659805108773,-0.27450708589364303
