,flag,epoch,sbx,sby,sbz,sbvx,sbvy,sbvz
0,1.0,2457360.5,30.207305000895055,24.86032458159729,-21.803592154512565,-0.3308516650387712,1.0623035376919034,-0.020466896422810996
