,flag,epoch,sbx,sby,sbz,sbvx,sbvy,sbvz
0,1.0,2457980.0,-1.7786673668924744,1.2599479442079744,-0.013214990612003485,-2.4710261093972523,-3.528088126376433,0.48984366666156076
1,1.0,2457980.0,-1.7786673079033264,1.2599477618303694,-0.013215087013114381,-2.471026161592163,-3.528088393445568,0.48984415760204136
