,flag,epoch,sbx,sby,sbz,sbvx,sbvy,sbvz
0,1.0,2454831.5,5.925835973617412,-2.048351025501545,-6.301290878375813,1.642465260161775,1.0274969730989667,-0.0023031192027782193
