,flag,epoch,sbx,sby,sbz,sbvx,sbvy,sbvz
0,1,2455185.5,37.58505353260075,13.939601004419231,-3.854982147273634,-0.35277768373381746,0.9544982782699518,0.12123300668301044
