,flag,epoch,sbx,sby,sbz,sbvx,sbvy,sbvz
0,1.0,2456938.5,11.201590309390323,32.39352304307813,-1.4644028501568331,-1.1142865803728215,0.588408252479952,0.09059811950861374
