,flag,epoch,sbx,sby,sbz,sbvx,sbvy,sbvz
0,1,2457290.0,2.518709206340293,0.25735071972026896,0.4653114717201245,-0.4028719609011239,4.225837154060145,-0.32056275006066504
