,flag,epoch,sbx,sby,sbz,sbvx,sbvy,sbvz
0,1,2457131.5,-3.24575645548485,-0.6362009341604475,-0.3608546294888749,0.3653507971850332,-3.244428741458939,-0.8806457419452496
