,mass_1,radius_1,x_1,y_1,z_1,vx_1,vy_1,vz_1,mass_2,radius_2,x_2,y_2,z_2,vx_2,vy_2,vz_2,mass_3,radius_3,x_3,y_3,z_3,vx_3,vy_3,vz_3,mass_4,radius_4,x_4,y_4,z_4,vx_4,vy_4,vz_4,mass_5,radius_5,x_5,y_5,z_5,vx_5,vy_5,vz_5,mass_6,radius_6,x_6,y_6,z_6,vx_6,vy_6,vz_6,mass_7,radius_7,x_7,y_7,z_7,vx_7,vy_7,vz_7,mass_8,radius_8,x_8,y_8,z_8,vx_8,vy_8,vz_8
0,1.660120825375342e-07,1.631393540950981e-08,0.09453990042048274,0.2924421394272682,0.0152215730892178,-11.836072857627181,3.55088493601988,1.3760442934838926,2.447838287784771e-06,4.045378434654418e-08,-0.4824715311717523,0.5311711362007219,0.03512307034266616,-5.494921568489293,-5.006382188680602,0.2484885671405001,3.040432648020684e-06,4.437104331057835e-07,-0.8831715923717814,-0.4778966607885737,1.863515112933885e-05,2.8882865601470153,-5.550328073010136,0.0001764231422694683,3.2271560375549955e-07,2.270212793877687e-08,0.8857528612910116,1.185191938505865,0.003093565937687403,-3.899328928298872,3.4953772591482593,0.16894766053216487,0.0009547919099366768,4.778945025452157e-07,-4.276397466621926,3.219639163247972,0.0823195179577755,-1.692235037105116,-2.0738042243574153,0.04647871799970351,0.0002858856700231729,4.0286669668487467e-07,-4.926502204334204,-8.664168006519624,0.3467377978471217,1.6590818860607566,-1.0146970827544435,-0.048438354496025834,4.3662496132004074e-05,1.708513622580592e-07,19.18461117662055,5.639685839271978,-0.2274930113525299,-0.41672088035875227,1.309126388274739,0.010285721058866019,5.151383772628657e-05,1.6553711549585576e-07,27.65641970924352,-11.52931774346838,-0.3998689352047008,0.4323723668100047,1.0629298928771411,-0.03189465512308496
