,flag,epoch,sbx,sby,sbz,sbvx,sbvy,sbvz
0,1.0,2456800.0,3.0719326600908596,-0.21917188728931936,0.027369141804059,0.35969322658756137,3.4778933804131302,-0.3995252704046367
1,1.0,2456800.0,3.0719325736132537,-0.21917191421808124,0.02736915460109418,0.35969333076261795,3.4778934688482934,-0.39952525906694747
