,flag,epoch,sbx,sby,sbz,sbvx,sbvy,sbvz
0,1,2457570.0,-2.8846488320215236,1.5603321958740293,0.5896862492893207,-1.613247824501361,-2.8281918162183035,-0.18307198192044472
