,mass_1,radius_1,x_1,y_1,z_1,vx_1,vy_1,vz_1,mass_2,radius_2,x_2,y_2,z_2,vx_2,vy_2,vz_2,mass_3,radius_3,x_3,y_3,z_3,vx_3,vy_3,vz_3,mass_4,radius_4,x_4,y_4,z_4,vx_4,vy_4,vz_4,mass_5,radius_5,x_5,y_5,z_5,vx_5,vy_5,vz_5,mass_6,radius_6,x_6,y_6,z_6,vx_6,vy_6,vz_6,mass_7,radius_7,x_7,y_7,z_7,vx_7,vy_7,vz_7,mass_8,radius_8,x_8,y_8,z_8,vx_8,vy_8,vz_8
0,1.660120825375342e-07,1.631393540950981e-08,0.1157814320158946,0.285350040548128,0.01269502454669046,-11.578324030410199,4.2595815983504925,1.4102560615763193,2.447838287784771e-06,4.045378434654418e-08,-0.3370453123648629,-0.6418659926701962,0.01064499416638527,6.489552154880094,-3.467691528805216,-0.4220562796405412,3.040432648020684e-06,4.437104331057835e-07,0.1898499278133887,0.9662348153644467,-4.143671165817475e-05,-6.268253476120683,1.188150596994633,-2.4483500568407785e-05,3.2271560375549955e-07,2.270212793877687e-08,-1.64082452361571,-0.1242550946319114,0.03766504096203287,0.5767634414725183,-4.659942371493599,-0.1118043727386941,0.0009547919099366768,4.778945025452157e-07,-4.355946436106099,-3.248997558293658,0.1109616143544604,1.616066904939453,-2.0813249296466676,-0.027518825797863723,0.0002858856700231729,4.0286669668487467e-07,-0.06474743127210218,-10.06257651132923,0.1774767850031955,1.9277930000578485,-0.02117741424415769,-0.07636106945005487,4.3662496132004074e-05,1.708513622580592e-07,17.7594266243408,8.987217818603861,-0.1965778107624354,-0.6573919375460441,1.2127852207946501,0.01300549915551864,5.151383772628657e-05,1.6553711549585576e-07,28.66115805078665,-8.661203238625543,-0.4822105498839175,0.3258884382977786,1.102547023749948,-0.030256102205993222
