,mass_1,radius_1,x_1,y_1,z_1,vx_1,vy_1,vz_1,mass_2,radius_2,x_2,y_2,z_2,vx_2,vy_2,vz_2,mass_3,radius_3,x_3,y_3,z_3,vx_3,vy_3,vz_3,mass_4,radius_4,x_4,y_4,z_4,vx_4,vy_4,vz_4,mass_5,radius_5,x_5,y_5,z_5,vx_5,vy_5,vz_5,mass_6,radius_6,x_6,y_6,z_6,vx_6,vy_6,vz_6,mass_7,radius_7,x_7,y_7,z_7,vx_7,vy_7,vz_7,mass_8,radius_8,x_8,y_8,z_8,vx_8,vy_8,vz_8
0,1.660120825375342e-07,1.631393540950981e-08,0.3595958237976185,-0.04992664608398008,-0.03707767187934669,-0.5750096178942328,0.0,0.0,2.447838287784771e-06,4.045378434654418e-08,0.3681267295219928,0.6207553564969288,-0.01274930816893024,-6.3778116668740905,0.0,0.0,3.040432648020684e-06,4.437104331057835e-07,0.920117902292622,0.3837148891746602,-9.093126497613814e-06,-2.5212485854528732,0.0,0.0,3.2271560375549955e-07,2.270212793877687e-08,0.816162529540541,1.24389912682843,0.006013848650285472,-4.079479672010995,0.0,0.0,0.0009547919099366768,4.778945025452157e-07,-0.4219770631241817,-5.257828324058226,0.03126961204494214,2.715657385033652,-0.0904368138540462,-0.060393022217080414,0.0002858856700231729,4.0286669668487467e-07,-8.037364303502505,4.565037027484179,0.2403818317725191,-1.1134579607042376,-1.7765923973898625,0.07526574590395478,4.3662496132004074e-05,1.708513622580592e-07,19.576448908009,-4.523260428474728,-0.2703500884916232,0.31487857681129044,1.3323596420959818,0.0008674019941811976,5.151383772628657e-05,1.6553711549585576e-07,23.31612432320038,-18.94700007823815,-0.1472022852909352,0.7176934257624307,0.8961867687426376,-0.0349885079426636
