,mass_1,radius_1,x_1,y_1,z_1,vx_1,vy_1,vz_1,mass_2,radius_2,x_2,y_2,z_2,vx_2,vy_2,vz_2,mass_3,radius_3,x_3,y_3,z_3,vx_3,vy_3,vz_3,mass_4,radius_4,x_4,y_4,z_4,vx_4,vy_4,vz_4,mass_5,radius_5,x_5,y_5,z_5,vx_5,vy_5,vz_5,mass_6,radius_6,x_6,y_6,z_6,vx_6,vy_6,vz_6,mass_7,radius_7,x_7,y_7,z_7,vx_7,vy_7,vz_7,mass_8,radius_8,x_8,y_8,z_8,vx_8,vy_8,vz_8
0,1.660120825375342e-07,1.631393540950981e-08,-0.1150093972187479,-0.4514904845713908,-0.02633358006204304,7.895471770714767,-2.0201118437027974,-0.8895419241965298,2.447838287784771e-06,4.045378434654418e-08,0.1270537306729888,-0.716135935395218,-0.01713882248054254,7.22418442368036,1.2647213283842933,-0.39960910297909974,3.040432648020684e-06,4.437104331057835e-07,-0.4471303393675737,-0.9088067735376395,2.106732398353643e-05,5.53619088375046,-2.7975349668358627,4.6855644796716195e-05,3.2271560375549955e-07,2.270212793877687e-08,1.387425291423748,-0.065097872324253,-0.0354342035349089,0.4360714777564094,5.54214128199032,0.10541690030305684,0.0009547919099366768,4.778945025452157e-07,3.56517448320505,-3.59807045340728,-0.06484371452957274,1.9253292140025133,2.072822205358425,-0.05169041781879373,0.0002858856700231729,4.0286669668487467e-07,-9.284562968091352,1.486989122719724,0.3436554427669034,-0.42992755646795994,-2.0149278600277327,0.05222383557430434,4.3662496132004074e-05,1.708513622580592e-07,19.95805743384694,-2.358372327478969,-0.2672704486977573,0.15964288640997756,1.3612031476494433,0.0029713096886203644,5.151383772628657e-05,1.6553711549585576e-07,24.42383131141239,-17.47163258172942,-0.2030792419968869,0.661245676124453,0.940821770294746,-0.03457858224426895
