,mass_1,radius_1,x_1,y_1,z_1,vx_1,vy_1,vz_1,mass_2,radius_2,x_2,y_2,z_2,vx_2,vy_2,vz_2,mass_3,radius_3,x_3,y_3,z_3,vx_3,vy_3,vz_3,mass_4,radius_4,x_4,y_4,z_4,vx_4,vy_4,vz_4,mass_5,radius_5,x_5,y_5,z_5,vx_5,vy_5,vz_5,mass_6,radius_6,x_6,y_6,z_6,vx_6,vy_6,vz_6,mass_7,radius_7,x_7,y_7,z_7,vx_7,vy_7,vz_7,mass_8,radius_8,x_8,y_8,z_8,vx_8,vy_8,vz_8
0,1.660120825375342e-07,1.631393540950981e-08,-0.3786299365375217,0.02903754932799265,0.03711027654635393,-2.921975341592846,-9.80435193848573,-0.5330229848885023,2.447838287784771e-06,4.045378434654418e-08,0.6757848211992725,0.2601426306225415,-0.03543339467052882,-2.67874090193575,6.862121084640627,0.24863812568394533,3.040432648020684e-06,4.437104331057835e-07,-0.7522894359904266,0.6381684704209903,-1.883938291795549e-05,-4.167299032945806,-4.815691832798594,0.00017116991888169397,3.2271560375549955e-07,2.270212793877687e-08,1.369524070151866,0.3133048417674509,-0.02704934490054968,-0.9432738817977655,5.4194578276368945,0.13670733932990253,0.0009547919099366768,4.778945025452157e-07,-3.937492743928637,3.59595900760403,0.07317317813035487,-1.8933510431884781,-1.9068859280287804,0.050285492301748266,0.0002858856700231729,4.0286669668487467e-07,-5.23632404285047,-8.466376818041727,0.3556391597297108,1.6205859261889135,-1.0790952454151466,-0.04578774594848875,4.3662496132004074e-05,1.708513622580592e-07,19.26166265359165,5.39187109203266,-0.2294164239214226,-0.39900099872284034,1.3144418888152762,0.010076597146789193,5.151383772628657e-05,1.6553711549585576e-07,27.57403660920175,-11.72982952559827,-0.3938336635505092,0.4398191776716524,1.0598740535991442,-0.03200071910112774
