,mass_1,radius_1,x_1,y_1,z_1,vx_1,vy_1,vz_1,mass_2,radius_2,x_2,y_2,z_2,vx_2,vy_2,vz_2,mass_3,radius_3,x_3,y_3,z_3,vx_3,vy_3,vz_3,mass_4,radius_4,x_4,y_4,z_4,vx_4,vy_4,vz_4,mass_5,radius_5,x_5,y_5,z_5,vx_5,vy_5,vz_5,mass_6,radius_6,x_6,y_6,z_6,vx_6,vy_6,vz_6,mass_7,radius_7,x_7,y_7,z_7,vx_7,vy_7,vz_7,mass_8,radius_8,x_8,y_8,z_8,vx_8,vy_8,vz_8
0,1.660120825375342e-07,1.631393540950981e-08,0.06484730754029015,-0.4522578566950307,-0.04290440611482953,8.111023702441756,1.985867128044838,-0.581832863184502,2.447838287784771e-06,4.045378434654418e-08,-0.7152296688906848,-0.07686102645567874,0.04021896637134376,0.7435274282783886,-7.3781077609316785,-0.1441132375663943,3.040432648020684e-06,4.437104331057835e-07,0.718797993179684,0.6826330094004981,-3.171172671444836e-05,-4.429551370854627,4.533177341646651,-0.00017150093155274935,3.2271560375549955e-07,2.270212793877687e-08,-1.629860453763355,0.3213121245440567,0.04673294712985527,-0.7974566376262998,-4.577967131890404,-0.07636222808251089,0.0009547919099366768,4.778945025452157e-07,-4.505830612058903,-3.04596333512565,0.1134723580326033,1.5116851269558247,-2.1554604583445682,-0.024875188869535464,0.0002858856700231729,4.0286669668487467e-07,-0.249451748310206,-10.05875199742305,0.1847619126021776,1.9271335062677486,-0.058643571594694875,-0.07568533681779863,4.3662496132004074e-05,1.708513622580592e-07,17.82201715971491,8.870801055576292,-0.1978196723632127,-0.6489596188970069,1.2169902183778714,0.012913915904303824,5.151383772628657e-05,1.6553711549585576e-07,28.6297411872033,-8.766791895542497,-0.4793081560609337,0.3298237215410532,1.1012376226817042,-0.03032085419876474
