,flag,epoch,sbx,sby,sbz,sbvx,sbvy,sbvz
0,1,2457400.0,-0.6376052870349264,-2.7517901635324584,-0.41832139846908456,3.737732936859077,-0.6723521824362048,-0.3897614494533727
