,flag,epoch,sbx,sby,sbz,sbvx,sbvy,sbvz
0,1,2457433.5,39.82172685973771,-4.734431200035788,-0.6630310420843305,0.10284044867936076,1.0475658722627477,0.088856022466314
