,flag,epoch,sbx,sby,sbz,sbvx,sbvy,sbvz
0,1.0,2457420.0,2.746535469412201,-1.8382869208296635,0.12608805980903828,1.5017564461710504,2.745289270762495,0.022410528682950914
