,flag,epoch,sbx,sby,sbz,sbvx,sbvy,sbvz
0,1,2457048.5,-2.0039661815350853,1.5764210240925831,0.019952829283539794,-2.3631229144934327,-2.7175436225950502,0.275164862793148
