,flag,epoch,sbx,sby,sbz,sbvx,sbvy,sbvz
0,1.0,2457643.5,-15.896250395304914,-9.875548008604452,-0.6214193250854949,0.05310859984717487,-1.5780617254941949,1.0305603667660128
