,flag,epoch,sbx,sby,sbz,sbvx,sbvy,sbvz
0,1.0,2456540.0,26.570236210161237,12.772345618213294,1.7196234782169435,-0.4875566368860371,1.1985636347275308,0.08389225347698079
