,flag,epoch,sbx,sby,sbz,sbvx,sbvy,sbvz
0,1.0,2457590.0,-1.0618619484689622,2.0707695652527267,0.1665922142707479,-3.520492642896064,-2.120327345998656,0.4647493913378711
1,1.0,2457590.0,-1.0618619439748498,2.0707695674331736,0.16659220850579765,-3.520492644972545,-2.1203273435874563,0.4647493971631973
