,flag,epoch,sbx,sby,sbz,sbvx,sbvy,sbvz
0,1.0,2457310.0,-0.48145488134705383,2.5421173484015065,0.010599766131147124,-3.756754586841328,-0.9777655136110851,-0.5536864804197461
1,1.0,2457310.0,-0.481454839171217,2.542117327933461,0.01059977487498118,-3.7567546294869945,-0.9777654944488494,-0.5536865157512781
