,flag,epoch,sbx,sby,sbz,sbvx,sbvy,sbvz
0,1.0,2451690.0,-1.173998503628786,-2.5013587891040134,-0.11630336091403082,3.5871296983941527,-1.7490955711484697,0.20640484255958094
1,1.0,2451690.0,-1.1739983327882675,-2.501358846909441,-0.11630316167393023,3.5871298319971547,-1.7490953986055378,0.20640469724814092
