,flag,epoch,sbx,sby,sbz,sbvx,sbvy,sbvz
0,1.0,2453589.5,-28.902456541202895,40.76011397753144,0.5863141031840735,-0.7253529319463734,-0.3719428903495018,-0.2801873557141741
