,flag,epoch,sbx,sby,sbz,sbvx,sbvy,sbvz
0,1.0,2453590.0,-28.899824413645874,40.76148313439743,0.5873828902331777,-0.7253865258366327,-0.3718955463059015,-0.28018663303664315
