,flag,epoch,sbx,sby,sbz,sbvx,sbvy,sbvz
0,1.0,2458229.5,-3.208024835611713,0.207390121990417,-0.149044940745329,-0.24978768171590984,-3.275206589920882,-0.6502346063123388
