,flag,epoch,sbx,sby,sbz,sbvx,sbvy,sbvz
0,1.0,2457820.0,-0.585202290592666,2.569381657629593,-0.28316700096430253,-3.5535840598905333,-0.574502748668829,0.22780931944180433
1,1.0,2457820.0,-0.5852022816484176,2.5693816270278296,-0.28316698912619087,-3.553584114019044,-0.5745027706131246,0.2278093052818604
