,flag,epoch,sbx,sby,sbz,sbvx,sbvy,sbvz
0,1.0,2457740.0,-0.040492626949616584,-2.4464076899462217,0.26971999427225213,3.8938573239901726,-0.10774782851291584,0.07100068096983213
1,1.0,2457740.0,-0.04049259687526097,-2.4464076769636494,0.2697199862558208,3.8938573417936784,-0.10774777041279199,0.07100067224271456
