,flag,epoch,sbx,sby,sbz,sbvx,sbvy,sbvz
0,1.0,2457380.0,-3.998478491843103,-1.2321876333050727,-0.7994731543811167,0.6533677554508363,-2.356721920519191,-0.07540002983647252
