,mass_1,radius_1,x_1,y_1,z_1,vx_1,vy_1,vz_1,mass_2,radius_2,x_2,y_2,z_2,vx_2,vy_2,vz_2,mass_3,radius_3,x_3,y_3,z_3,vx_3,vy_3,vz_3,mass_4,radius_4,x_4,y_4,z_4,vx_4,vy_4,vz_4,mass_5,radius_5,x_5,y_5,z_5,vx_5,vy_5,vz_5,mass_6,radius_6,x_6,y_6,z_6,vx_6,vy_6,vz_6,mass_7,radius_7,x_7,y_7,z_7,vx_7,vy_7,vz_7,mass_8,radius_8,x_8,y_8,z_8,vx_8,vy_8,vz_8
0,1.660120825375342e-07,1.631393540950981e-08,0.01530966766279408,-0.4609037995295582,-0.03906513533593779,8.209469332532015,0.8688750702054368,-0.6821677857698549,2.447838287784771e-06,4.045378434654418e-08,0.07316968414591139,-0.7234412506508511,-0.01414126533384195,7.300801653638637,0.7170771609365066,-0.4114707624888712,3.040432648020684e-06,4.437104331057835e-07,-0.9154445377604878,0.3773001674743961,-9.379504688977915e-06,-2.496876983031349,-5.833402673575395,0.00022306343551142593,3.2271560375549955e-07,2.270212793877687e-08,-1.524594904373383,-0.5472483750646375,0.02594957479851935,1.9173828053162258,-4.373986959824707,-0.13871753446438728,0.0009547919099366768,4.778945025452157e-07,-5.291809743490975,1.194522800315596,0.1134502316919336,-0.6403404159705568,-2.560876745098845,0.02496175285676605,0.0002858856700231729,4.0286669668487467e-07,-3.434776195637716,-9.405812470222392,0.300223053859867,1.8025658233033648,-0.7071389964381062,-0.059487572915843064,4.3662496132004074e-05,1.708513622580592e-07,18.79196369491542,6.753958874568626,-0.2182507587467238,-0.49649463907718083,1.2823782381779107,0.011209011819995613,5.151383772628657e-05,1.6553711549585576e-07,28.01348804504171,-10.60961168835593,-0.4270769175003063,0.3982725088537514,1.0765447359383968,-0.031397940749118045
