,flag,epoch,sbx,sby,sbz,sbvx,sbvy,sbvz
0,1.0,2457930.0,1.852507112778318,1.5257171593404986,0.023603812680662334,-2.19204236880821,3.25575175215773,0.5026702745537054
1,1.0,2457930.0,1.8525070887314308,1.5257171828508174,0.023603809911293558,-2.1920424128658103,3.25575172602239,0.5026702780473087
