,mass_1,radius_1,x_1,y_1,z_1,vx_1,vy_1,vz_1,mass_2,radius_2,x_2,y_2,z_2,vx_2,vy_2,vz_2,mass_3,radius_3,x_3,y_3,z_3,vx_3,vy_3,vz_3,mass_4,radius_4,x_4,y_4,z_4,vx_4,vy_4,vz_4,mass_5,radius_5,x_5,y_5,z_5,vx_5,vy_5,vz_5,mass_6,radius_6,x_6,y_6,z_6,vx_6,vy_6,vz_6,mass_7,radius_7,x_7,y_7,z_7,vx_7,vy_7,vz_7,mass_8,radius_8,x_8,y_8,z_8,vx_8,vy_8,vz_8
0,1.660120825375342e-07,1.631393540950981e-08,0.07438407010331535,-0.4497718141387186,-0.0435714295961761,8.077613357151602,2.204396895665609,-0.5611988285270844,2.447838287784771e-06,4.045378434654418e-08,-0.6809467480613737,-0.2354377865550135,0.03608217507288161,2.364502530018818,-7.01594986807504,-0.23245942848130868,3.040432648020684e-06,4.437104331057835e-07,0.5538388558812033,-0.8513557574687419,1.051243333944364e-05,5.165043729207881,3.4033129782633615,-4.513971873559612e-05,3.2271560375549955e-07,2.270212793877687e-08,1.309573209343544,-0.4389544415399518,-0.04136885739441423,1.8195792079873183,5.283420344264603,0.06600292646405939,0.0009547919099366768,4.778945025452157e-07,-5.039243895954465,-2.082601280088735,0.1214097666597406,1.0193332676326397,-2.4196701770614633,-0.012765003611584738,0.0002858856700231729,4.0286669668487467e-07,-4.670240419591768,7.789956126761822,0.05024130329046024,-1.8563892678315823,-1.054275545982993,0.0922041370942108,4.3662496132004074e-05,1.708513622580592e-07,18.64467774643096,-7.418115012415002,-0.2690620142096187,0.520908633950179,1.2654212315948197,-0.002017700632961065,5.151383772628657e-05,1.6553711549585576e-07,21.63907436109827,-20.86724038574243,-0.0689789531841242,0.7887871984930266,0.8296076848803918,-0.035290697725821066
