,mass_1,radius_1,x_1,y_1,z_1,vx_1,vy_1,vz_1,mass_2,radius_2,x_2,y_2,z_2,vx_2,vy_2,vz_2,mass_3,radius_3,x_3,y_3,z_3,vx_3,vy_3,vz_3,mass_4,radius_4,x_4,y_4,z_4,vx_4,vy_4,vz_4,mass_5,radius_5,x_5,y_5,z_5,vx_5,vy_5,vz_5,mass_6,radius_6,x_6,y_6,z_6,vx_6,vy_6,vz_6,mass_7,radius_7,x_7,y_7,z_7,vx_7,vy_7,vz_7,mass_8,radius_8,x_8,y_8,z_8,vx_8,vy_8,vz_8
0,1.660120825375342e-07,1.631393540950981e-08,-0.3918587156914232,-0.03303837493924335,0.03326621670359022,-1.2741054498575028,-9.797289615818306,-0.6834118333451298,2.447838287784771e-06,4.045378434654418e-08,-0.69694167891503,-0.1811004899410469,0.03775136060433526,1.8093507632980603,-7.183526528814547,-0.2026503030123228,3.040432648020684e-06,4.437104331057835e-07,0.6274122497568559,0.7653137357220646,-4.148760879450948e-06,-4.961833713984617,3.9604102215868333,-2.3434998743244865e-05,3.2271560375549955e-07,2.270212793877687e-08,1.384803421528354,-0.09600689941451251,-0.03604343969031772,0.5504300349888708,5.534966957096082,0.10241137044104318,0.0009547919099366768,4.778945025452157e-07,-0.5795252880758384,5.120229360846137,-0.008294448132604462,-2.7760607799205954,-0.17988074789626393,0.06287577306854175,0.0002858856700231729,4.0286669668487467e-07,2.99701853308993,8.554403645036768,-0.2680246678654937,-2.0339478225279377,0.6692682130298563,0.06924898927944412,4.3662496132004074e-05,1.708513622580592e-07,16.12531296613836,-11.80146613265773,-0.2528643482628655,0.8350636041287363,1.0922555272398033,-0.006724575987125681,5.151383772628657e-05,1.6553711549585576e-07,18.52450602015745,-23.72111029601438,0.06164370493266928,0.8931447861594718,0.7122568799854786,-0.035244494700438805
