,flag,epoch,sbx,sby,sbz,sbvx,sbvy,sbvz
0,1.0,2457290.0,20.331053829018614,28.44687723759884,-2.5771039005612826,-0.8914809141683225,0.6074553421343589,0.06923212941735365
