,flag,epoch,sbx,sby,sbz,sbvx,sbvy,sbvz
0,1,2457620.0,1.0883710508968614,1.7486744399850338,0.07534031810849975,-4.0101904550570255,2.1222113503212743,-0.2663879933881229
