,mass_1,radius_1,x_1,y_1,z_1,vx_1,vy_1,vz_1,mass_2,radius_2,x_2,y_2,z_2,vx_2,vy_2,vz_2,mass_3,radius_3,x_3,y_3,z_3,vx_3,vy_3,vz_3,mass_4,radius_4,x_4,y_4,z_4,vx_4,vy_4,vz_4,mass_5,radius_5,x_5,y_5,z_5,vx_5,vy_5,vz_5,mass_6,radius_6,x_6,y_6,z_6,vx_6,vy_6,vz_6,mass_7,radius_7,x_7,y_7,z_7,vx_7,vy_7,vz_7,mass_8,radius_8,x_8,y_8,z_8,vx_8,vy_8,vz_8
0,1.660120825375342e-07,1.631393540950981e-08,-0.2355612117467978,-0.3958459695423503,-0.01073512519620116,6.757462821970053,-4.763708849562935,-1.0091858715653919,2.447838287784771e-06,4.045378434654418e-08,0.6743573576539518,0.26380777427314,-0.03529604963924568,-2.716237523214079,6.84742745229772,0.25067031194067374,3.040432648020684e-06,4.437104331057835e-07,0.5668706667966043,-0.8426128151442269,3.246294381766756e-05,5.111589029433097,3.484210192721805,-0.0001668935860307123,3.2271560375549955e-07,2.270212793877687e-08,-0.9157390205919941,1.359718659760633,0.05096747334696562,-4.046111205260871,-2.419764268484954,0.048591113039907,0.0009547919099366768,4.778945025452157e-07,-4.883674446449202,-2.416901380329042,0.1193145916646198,1.1903645497492432,-2.342393024131955,-0.016907793084191425,0.0002858856700231729,4.0286669668487467e-07,-0.7869448411443057,-10.02714671693483,0.2056065028510441,1.921309067797336,-0.167663496489628,-0.07356196323647186,4.3662496132004074e-05,1.708513622580592e-07,17.99979964886231,8.529259520262759,-0.2013886278495199,-0.6242256517976192,1.2289696250864302,0.012644126422375326,5.151383772628657e-05,1.6553711549585576e-07,28.53603560202838,-9.073790450812883,-0.4708148256209544,0.34128319251349015,1.0973954607229042,-0.030507011760427732
