,mass_1,radius_1,x_1,y_1,z_1,vx_1,vy_1,vz_1,mass_2,radius_2,x_2,y_2,z_2,vx_2,vy_2,vz_2,mass_3,radius_3,x_3,y_3,z_3,vx_3,vy_3,vz_3,mass_4,radius_4,x_4,y_4,z_4,vx_4,vy_4,vz_4,mass_5,radius_5,x_5,y_5,z_5,vx_5,vy_5,vz_5,mass_6,radius_6,x_6,y_6,z_6,vx_6,vy_6,vz_6,mass_7,radius_7,x_7,y_7,z_7,vx_7,vy_7,vz_7,mass_8,radius_8,x_8,y_8,z_8,vx_8,vy_8,vz_8
0,1.660120825375342e-07,1.631393540950981e-08,0.3309927977628597,-0.2202079392932731,-0.04835905172119218,3.671516754922436,9.029078650493751,0.4009646591341031,2.447838287784771e-06,4.045378434654418e-08,0.2720722687115308,0.6677876666365865,-0.006540228983134046,-6.866114397929944,2.753201538711573,0.4339846035728119,3.040432648020684e-06,4.437104331057835e-07,0.8904723865224924,-0.478359418501199,1.594646619540784e-05,2.871502075488241,5.51233703233043,-0.00024109665510384172,3.2271560375549955e-07,2.270212793877687e-08,-1.208604824697854,1.131616968125667,0.05337492128557006,-3.3006210637345794,-3.2950701013832293,0.011953219717929725,0.0009547919099366768,4.778945025452157e-07,-4.78542894611344,-2.600974467035791,0.1178807092983618,1.2841094691319923,-2.2937407525820173,-0.019207130717124536,0.0002858856700231729,4.0286669668487467e-07,-0.6343053015769058,-10.0392293734905,0.1997408851784882,1.9235495881253137,-0.136691290929033,-0.07418791384936314,4.3662496132004074e-05,1.708513622580592e-07,17.94995710164771,8.626704076569743,-0.2003816108038805,-0.6312882636255217,1.225617045428351,0.012722189082087524,5.151383772628657e-05,1.6553711549585576e-07,28.56300317399793,-8.986615701298248,-0.4732348893499345,0.33801999061693483,1.09850333956546,-0.030453547383784665
