,flag,epoch,sbx,sby,sbz,sbvx,sbvy,sbvz
0,1.0,2457567.5,31.641467908094448,26.619712299560444,-8.240426750958495,-0.5613068352813303,0.7980346256511048,-0.3580343024589358
