,flag,epoch,sbx,sby,sbz,sbvx,sbvy,sbvz
0,1.0,2457870.0,1.8149916955925913,1.327817331154418,-0.2901832987042693,-2.703460611851341,3.2690460121962905,0.11296965135453722
1,1.0,2457870.0,1.8149916671446755,1.3278173588600881,-0.2901832800639374,-2.70346065344401,3.2690460050680716,0.11296967152378988
