,mass_1,radius_1,x_1,y_1,z_1,vx_1,vy_1,vz_1,mass_2,radius_2,x_2,y_2,z_2,vx_2,vy_2,vz_2,mass_3,radius_3,x_3,y_3,z_3,vx_3,vy_3,vz_3,mass_4,radius_4,x_4,y_4,z_4,vx_4,vy_4,vz_4,mass_5,radius_5,x_5,y_5,z_5,vx_5,vy_5,vz_5,mass_6,radius_6,x_6,y_6,z_6,vx_6,vy_6,vz_6,mass_7,radius_7,x_7,y_7,z_7,vx_7,vy_7,vz_7,mass_8,radius_8,x_8,y_8,z_8,vx_8,vy_8,vz_8
0,1.660120825375342e-07,1.631393540950981e-08,0.183626726283325,-0.400310281577717,-0.04955573353937481,7.283466552547002,4.799944262184023,-0.27624760807733073,2.447838287784771e-06,4.045378434654418e-08,-0.7042215945499225,-0.1493301883840837,0.03860167438866154,1.4846872089853478,-7.259757091942026,-0.18503321770780765,3.040432648020684e-06,4.437104331057835e-07,0.9348985066558041,0.3479897275744939,-6.539697489984671e-06,-2.2944367687886933,5.865594741873315,-8.835155836244853e-05,3.2271560375549955e-07,2.270212793877687e-08,-1.454579213127468,-0.6866981110029527,0.02134453116600759,2.3733997526986577,-4.185378629637257,-0.14599729997519686,0.0009547919099366768,4.778945025452157e-07,-2.980907721515222,-4.485555528825746,0.08532558665674699,2.2632451131656626,-1.3970550905754728,-0.044846015079323565,0.0002858856700231729,4.0286669668487467e-07,-6.722068185114739,6.221835763861405,0.1591804363617758,-1.4917252310081481,-1.5012623455967828,0.08550241070832043,4.3662496132004074e-05,1.708513622580592e-07,19.21181667541279,-5.850948635499564,-0.2705619906951541,0.4095093420481612,1.3057413270446414,-0.0004437690241464286,5.151383772628657e-05,1.6553711549585576e-07,22.577178846956,-19.83387196826266,-0.1119048660667984,0.750830588741828,0.8665584404742954,-0.035162595615975296
