,mass_1,radius_1,x_1,y_1,z_1,vx_1,vy_1,vz_1,mass_2,radius_2,x_2,y_2,z_2,vx_2,vy_2,vz_2,mass_3,radius_3,x_3,y_3,z_3,vx_3,vy_3,vz_3,mass_4,radius_4,x_4,y_4,z_4,vx_4,vy_4,vz_4,mass_5,radius_5,x_5,y_5,z_5,vx_5,vy_5,vz_5,mass_6,radius_6,x_6,y_6,z_6,vx_6,vy_6,vz_6,mass_7,radius_7,x_7,y_7,z_7,vx_7,vy_7,vz_7,mass_8,radius_8,x_8,y_8,z_8,vx_8,vy_8,vz_8
0,1.660120825375342e-07,1.631393540950981e-08,0.2646318285560454,-0.3289484316235857,-0.05115827329919755,5.961949613871324,6.937506456462645,0.019753600731398292,2.447838287784771e-06,4.045378434654418e-08,0.711787398925672,0.1365124727679332,-0.03920897471673954,-1.4191832680726293,7.221899279148879,0.18080562874953607,3.040432648020684e-06,4.437104331057835e-07,-0.9435366729980206,0.3037594956570817,-3.916924444397574e-06,-2.0278920259083355,-6.005291636677337,0.0001457844128974271,3.2271560375549955e-07,2.270212793877687e-08,-1.34181202710179,0.9793499395530054,0.05346960690189739,-2.8208332503292786,-3.6930281861640677,-0.008116504777519722,0.0009547919099366768,4.778945025452157e-07,4.682694887594008,-1.720389926956978,-0.09764707199112461,0.91704175766358,2.7206118748403276,-0.03181689767244411,0.0002858856700231729,4.0286669668487467e-07,-9.485565158076527,-0.08198321637381141,0.3789934128612812,-0.09108003662663601,-2.0398973900951436,0.039162866878993154,4.3662496132004074e-05,1.708513622580592e-07,20.05194339265083,-1.304247684806435,-0.2645834235884225,0.08347391520979912,1.3686846666687467,0.003988398696515796,5.151383772628657e-05,1.6553711549585576e-07,24.92331257421526,-16.73747825533231,-0.2296780407910177,0.6325049068527646,0.9607301437338566,-0.0343178173843072
