,flag,epoch,sbx,sby,sbz,sbvx,sbvy,sbvz
0,1,2457040.0,-2.902150915993233,0.8768228419400284,-0.5574875306159136,-1.7551631806100723,-2.883919925114707,0.3105943144474435
