,flag,epoch,sbx,sby,sbz,sbvx,sbvy,sbvz
0,1,2457360.0,1.9508541939002533,0.21439593703267934,0.11403252330443923,0.06250952601104437,4.709194642303858,0.053875318793870544
