,flag,epoch,sbx,sby,sbz,sbvx,sbvy,sbvz
0,1,2458064.5,47.832526289273105,8.127618005470147,-22.5816762541403,-0.2619934961916442,0.7340769789574402,-0.17021539347472917
