,flag,epoch,sbx,sby,sbz,sbvx,sbvy,sbvz
0,1,2457267.5,-2.0045379777631487,1.7165805091316848,-0.28075511407028886,-2.3325225935988594,-3.1245779666999574,0.31396158775357763
