,flag,epoch,sbx,sby,sbz,sbvx,sbvy,sbvz
0,1,2457080.0,-0.27972868455925826,2.2387994310960964,0.24348340183467057,-4.315612759675725,0.17969548897591578,-0.03787764962357792
