,flag,epoch,sbx,sby,sbz,sbvx,sbvy,sbvz
0,1.0,2458152.5,2.166242953663814,1.3931631728941418,-0.04860900822351377,-2.2967856631885732,3.267327583348738,-0.4424503698524624
