,mass_1,radius_1,x_1,y_1,z_1,vx_1,vy_1,vz_1,mass_2,radius_2,x_2,y_2,z_2,vx_2,vy_2,vz_2,mass_3,radius_3,x_3,y_3,z_3,vx_3,vy_3,vz_3,mass_4,radius_4,x_4,y_4,z_4,vx_4,vy_4,vz_4,mass_5,radius_5,x_5,y_5,z_5,vx_5,vy_5,vz_5,mass_6,radius_6,x_6,y_6,z_6,vx_6,vy_6,vz_6,mass_7,radius_7,x_7,y_7,z_7,vx_7,vy_7,vz_7,mass_8,radius_8,x_8,y_8,z_8,vx_8,vy_8,vz_8
0,1.660120825375342e-07,1.631393540950981e-08,0.08762103081202986,-0.4459165997992073,-0.04447547753250797,8.022432484283664,2.5076123971074193,-0.5310704823777878,2.447838287784771e-06,4.045378434654418e-08,0.6151338343076442,-0.3872930735971177,-0.04080983612562487,3.8911375026862465,6.221686629570082,-0.13919850612862644,3.040432648020684e-06,4.437104331057835e-07,-0.6827927035319034,0.7107948042929785,-2.721849208621147e-05,-4.63394057552086,-4.376667992739648,0.00020278249122369338,3.2271560375549955e-07,2.270212793877687e-08,-1.398404979256945,-0.7782518363173551,0.01801132254693974,2.6768276411177148,-4.029399243993212,-0.15012641536202254,0.0009547919099366768,4.778945025452157e-07,-4.105506800291709,-3.547685582108982,0.1065980235012046,1.7704165597711021,-1.9573485855381811,-0.031486757678838476,0.0002858856700231729,4.0286669668487467e-07,0.2202602198508122,-10.0614334221571,0.1661133838040437,1.9274491695646907,0.03664159901512606,-0.07734897918213664,4.3662496132004074e-05,1.708513622580592e-07,17.66127587533733,9.166035363771913,-0.1946446145935742,-0.6703647013586858,1.2061994666077684,0.013146762319291776,5.151383772628657e-05,1.6553711549585576e-07,28.708888752705,-8.498049795806553,-0.4866762685575196,0.3197947139385558,1.1045543609642143,-0.03015435259483273
