,flag,epoch,sbx,sby,sbz,sbvx,sbvy,sbvz
0,1.0,2457615.5,2.7269410494039663,-1.1379247365072094,-0.4093385637017673,2.0457823862965565,3.8271447759881156,-1.5855752312117448
