,flag,epoch,sbx,sby,sbz,sbvx,sbvy,sbvz
0,1.0,2457350.0,0.2618775309718999,-3.414841894061218,0.37605170633836027,2.847201095925599,0.7319508379723815,0.6273619862766429
1,1.0,2457350.0,0.26187752835684064,-3.414841888604498,0.3760517099998828,2.8472011125099845,0.7319508416713038,0.6273619256015617
