,flag,epoch,sbx,sby,sbz,sbvx,sbvy,sbvz
0,1.0,2458244.5,37.95734825477864,-8.60734508179386,3.8083242672571433,0.20093155556282755,1.02179636815601,0.04767066717963022
