,flag,epoch,sbx,sby,sbz,sbvx,sbvy,sbvz
0,1,2457017.5,-2.600513634724805,-1.5342347692771023,0.10589728512213059,1.9557511529023694,-2.8541718869653714,-0.7181747782800133
