,flag,epoch,sbx,sby,sbz,sbvx,sbvy,sbvz
0,1,2457590.0,-2.334571897363698,-1.615166213859521,-0.12485123422702743,2.27697157680798,-2.866119723316286,0.16443930223315426
