,flag,epoch,sbx,sby,sbz,sbvx,sbvy,sbvz
0,1,2457130.0,-2.517186159808444,-0.6496637603344313,-0.05884977916365881,1.5598431695064894,-3.6575025943896957,-0.6048495697114169
