,flag,epoch,sbx,sby,sbz,sbvx,sbvy,sbvz
0,1.0,2458064.5,-3.2640384442519528,-0.9696158602069325,0.6138986789164392,0.9680403163957235,-3.113686937622778,0.2310221568966576
