,flag,epoch,sbx,sby,sbz,sbvx,sbvy,sbvz
0,1.0,2457586.5,-17.336567903661876,33.320929423506314,4.769084518169231,-0.7927325797224845,-0.5221725076507621,0.488396045599934
