,flag,epoch,sbx,sby,sbz,sbvx,sbvy,sbvz
0,1,2457696.5,1.2220695288380503,2.381221338965227,-0.6357009377150064,-2.6800579195576457,2.3507560262964553,0.6485269353940728
