,mass_1,radius_1,x_1,y_1,z_1,vx_1,vy_1,vz_1,mass_2,radius_2,x_2,y_2,z_2,vx_2,vy_2,vz_2,mass_3,radius_3,x_3,y_3,z_3,vx_3,vy_3,vz_3,mass_4,radius_4,x_4,y_4,z_4,vx_4,vy_4,vz_4,mass_5,radius_5,x_5,y_5,z_5,vx_5,vy_5,vz_5,mass_6,radius_6,x_6,y_6,z_6,vx_6,vy_6,vz_6,mass_7,radius_7,x_7,y_7,z_7,vx_7,vy_7,vz_7,mass_8,radius_8,x_8,y_8,z_8,vx_8,vy_8,vz_8
0,1.660120825375342e-07,1.631393540950981e-08,-0.3276223538646002,-0.3026608370831963,0.005327069598560068,4.878371431864563,-7.083056694073514,-1.0263220786756424,2.447838287784771e-06,4.045378434654418e-08,-0.1974436195641396,0.6909650887417635,0.02086709165281546,-7.128095850006737,-2.070965178070925,0.3829436698078596,3.040432648020684e-06,4.437104331057835e-07,0.6286270600493171,0.7643318864069765,-3.045789448438919e-05,-4.955625920417136,3.96812178876606,-0.00011983718544924893,3.2271560375549955e-07,2.270212793877687e-08,-1.481882340801921,0.7590313060614251,0.05227454241881781,-2.138278614170616,-4.113012833221464,-0.033706409537404704,0.0009547919099366768,4.778945025452157e-07,-5.052785383031234,1.919314053567933,0.1050921871321259,-1.0125248599080028,-2.4487915694952074,0.032825552882378796,0.0002858856700231729,4.0286669668487467e-07,-3.949459608024727,-9.186245578573565,0.3169022477399778,1.7601946211962738,-0.8128032471399101,-0.05596781739039743,4.3662496132004074e-05,1.708513622580592e-07,18.93153677139482,6.382171368637221,-0.2214445024185835,-0.4698969621543437,1.2918818845032107,0.01090454892361713,5.151383772628657e-05,1.6553711549585576e-07,27.89679525811251,-10.9199174184587,-0.4179833020672082,0.4097287595557056,1.0720743241495767,-0.03156693061357786
