,flag,epoch,sbx,sby,sbz,sbvx,sbvy,sbvz
0,1.0,2457687.5,-2.905661032463743,-0.2737219422678303,0.07725516690860891,0.6492427760466806,-3.479632731081627,-0.15565899519957307
