,flag,epoch,sbx,sby,sbz,sbvx,sbvy,sbvz
0,1.0,2457640.0,-1.8972613973300279,1.117864721355632,0.2753130443444763,-2.230807225388153,-3.6736249664353973,-0.10373321350984414
1,1.0,2457640.0,-1.8972614087861592,1.117864702834813,0.27531304739025675,-2.230807212810283,-3.67362497169396,-0.10373321857349614
