,mass_1,radius_1,x_1,y_1,z_1,vx_1,vy_1,vz_1,mass_2,radius_2,x_2,y_2,z_2,vx_2,vy_2,vz_2,mass_3,radius_3,x_3,y_3,z_3,vx_3,vy_3,vz_3,mass_4,radius_4,x_4,y_4,z_4,vx_4,vy_4,vz_4,mass_5,radius_5,x_5,y_5,z_5,vx_5,vy_5,vz_5,mass_6,radius_6,x_6,y_6,z_6,vx_6,vy_6,vz_6,mass_7,radius_7,x_7,y_7,z_7,vx_7,vy_7,vz_7,mass_8,radius_8,x_8,y_8,z_8,vx_8,vy_8,vz_8
0,1.660120825375342e-07,1.631393540950981e-08,-0.3863581145546899,-0.001179000969652463,0.03534976819313237,-2.106239678815657,-9.834262094133855,-0.6103274546106464,2.447838287784771e-06,4.045378434654418e-08,-0.4832242045037045,-0.5385251964845205,0.02050152527353649,5.4467502413616,-4.968612504331924,-0.3824353727449679,3.040432648020684e-06,4.437104331057835e-07,-0.5962080380887296,0.7837248703337873,-2.553306887423616e-05,-5.1035748395474485,-3.8282226529463155,0.0001612867005958854,3.2271560375549955e-07,2.270212793877687e-08,-1.633705681426424,-0.1748507473876294,0.03643124968957052,0.7343701974812004,-4.645608593898467,-0.11537416733901841,0.0009547919099366768,4.778945025452157e-07,-5.234810505846531,1.403806289660421,0.111305827681715,-0.7474514004187343,-2.5344521470309904,0.02724852395896953,0.0002858856700231729,4.0286669668487467e-07,-3.582364589281187,-9.346486672947432,0.3050689869125297,1.7911280599862496,-0.7374153437218369,-0.058507907474059144,4.3662496132004074e-05,1.708513622580592e-07,18.83243374260622,6.648517464501408,-0.2191678555584589,-0.48895072980062515,1.2851151556768607,0.01112244237121801,5.151383772628657e-05,1.6553711549585576e-07,27.98064172887023,-10.69798170170264,-0.4244960139491057,0.4015326536337873,1.0752657340704088,-0.03144680513821449
