,flag,epoch,sbx,sby,sbz,sbvx,sbvy,sbvz
0,1.0,2457710.0,-1.2204385866728535,-1.8391686474402191,0.24646619391329094,3.5284345886496267,-2.540870196277054,-0.21573099831711512
1,1.0,2457710.0,-1.2204385557875193,-1.8391686628404715,0.24646617653651187,3.5284346281798693,-2.540870157636873,-0.2157310138577823
