,mass_1,radius_1,x_1,y_1,z_1,vx_1,vy_1,vz_1,mass_2,radius_2,x_2,y_2,z_2,vx_2,vy_2,vz_2,mass_3,radius_3,x_3,y_3,z_3,vx_3,vy_3,vz_3,mass_4,radius_4,x_4,y_4,z_4,vx_4,vy_4,vz_4,mass_5,radius_5,x_5,y_5,z_5,vx_5,vy_5,vz_5,mass_6,radius_6,x_6,y_6,z_6,vx_6,vy_6,vz_6,mass_7,radius_7,x_7,y_7,z_7,vx_7,vy_7,vz_7,mass_8,radius_8,x_8,y_8,z_8,vx_8,vy_8,vz_8
0,1.660120825375342e-07,1.631393540950981e-08,-0.05253183676531423,0.3056241878402802,0.02979281240729943,-12.189113690920179,-1.3662292196950256,1.0065820574619881,2.447838287784771e-06,4.045378434654418e-08,-0.7114174737280995,0.09944025827530857,0.04241755725652631,-1.0626548720891233,-7.349406845123008,-0.03949364319591498,3.040432648020684e-06,4.437104331057835e-07,-0.1964944348328561,-0.9959884221943751,4.33547603788011e-05,6.062919125354081,-1.239907313426318,2.9923919394711677e-05,3.2271560375549955e-07,2.270212793877687e-08,0.1391063160189093,-1.437143095411992,-0.03352594264264406,5.280089879979553,0.9313826355347966,-0.11005591434463786,0.0009547919099366768,4.778945025452157e-07,-3.431538890632868,-4.171762886478136,0.0941092831961897,2.0972607858908945,-1.6225625345702284,-0.04018911531249054,0.0002858856700231729,4.0286669668487467e-07,0.8894425985481289,-10.02507871327953,0.1388495113345256,1.9201723506389556,0.17240222518794562,-0.0794121684983172,4.3662496132004074e-05,1.708513622580592e-07,17.42290750304176,9.582672449033195,-0.1900160190664918,-0.7006524245722544,1.1901690209874582,0.01347412388538894,5.151383772628657e-05,1.6553711549585576e-07,28.81758003022561,-8.113187939498832,-0.4971187246813587,0.3053957701554237,1.1091383417933167,-0.02991084369654535
