,flag,epoch,sbx,sby,sbz,sbvx,sbvy,sbvz
0,1.0,2458279.5,-3.1523926524677313,0.25646379826849264,0.2569586838640779,-0.5643552505900361,-3.0630556053193017,0.2440047017535698
