,flag,epoch,sbx,sby,sbz,sbvx,sbvy,sbvz
0,1.0,2457981.5,2.1850641425486343,1.8308277170738836,0.11975231871539838,-2.2238989220052208,3.103175768674553,0.7314398554003858
