,mass_1,radius_1,x_1,y_1,z_1,vx_1,vy_1,vz_1,mass_2,radius_2,x_2,y_2,z_2,vx_2,vy_2,vz_2,mass_3,radius_3,x_3,y_3,z_3,vx_3,vy_3,vz_3,mass_4,radius_4,x_4,y_4,z_4,vx_4,vy_4,vz_4,mass_5,radius_5,x_5,y_5,z_5,vx_5,vy_5,vz_5,mass_6,radius_6,x_6,y_6,z_6,vx_6,vy_6,vz_6,mass_7,radius_7,x_7,y_7,z_7,vx_7,vy_7,vz_7,mass_8,radius_8,x_8,y_8,z_8,vx_8,vy_8,vz_8
0,1.660120825375342e-07,1.631393540950981e-08,0.1912633695631107,-0.395169603963598,-0.04983683167641869,7.1933922205913206,4.990221297900624,-0.25215907886542105,2.447838287784771e-06,4.045378434654418e-08,0.4308298209349159,0.5794698785274196,-0.01691301496212511,-5.9518970614518905,4.375817836138887,0.4034857734701424,3.040432648020684e-06,4.437104331057835e-07,0.8096957237375335,-0.6081340027265534,2.167949205238931e-05,3.671504556407664,5.001167827449966,-0.0002233654923854594,3.2271560375549955e-07,2.270212793877687e-08,-1.124154262719596,1.209748485765187,0.05293964176866574,-3.5512490839639472,-3.043483366612381,0.023376106366335855,0.0009547919099366768,4.778945025452157e-07,-4.816714522594943,-2.544263678372956,0.1183452315025637,1.2552072705324333,-2.309227072727313,-0.018496180366627556,0.0002858856700231729,4.0286669668487467e-07,-0.6816949758829054,-10.0357427584983,0.2015665581069438,1.9229047540351938,-0.14630535298698968,-0.0739955838456272,4.3662496132004074e-05,1.708513622580592e-07,17.96548548010572,8.5964911749397,-0.2006947963641125,-0.6290981706727826,1.2266626934950255,0.012698027406855729,5.151383772628657e-05,1.6553711549585576e-07,28.55466165718058,-9.013679337231839,-0.4724842894606499,0.33903308771972424,1.0981614835813032,-0.030470144669542933
