,flag,epoch,sbx,sby,sbz,sbvx,sbvy,sbvz
0,1.0,2457580.0,1.6633281408624783,1.1041949955316164,0.10428931476519969,-2.465633678977597,3.9919716970175925,0.5642263729457939
1,1.0,2457580.0,1.6633281385926784,1.1041949947146605,0.104289310394469,-2.465633682197969,3.991971710394465,0.5642263833588239
