,flag,epoch,sbx,sby,sbz,sbvx,sbvy,sbvz
0,1,2457082.5,2.7724471146895,1.2424343605468868,-0.18780323637486385,-1.7093015922815944,3.284949933208545,0.07453319222263177
