,flag,epoch,sbx,sby,sbz,sbvx,sbvy,sbvz
0,1.0,2457520.0,2.022932025037342,0.4251920599272856,0.22284777064244915,-1.095790585018772,4.463992680664268,0.07399998968334548
1,1.0,2457520.0,2.022932002748023,0.42519204404387334,0.22284775399159867,-1.0957905683094566,4.463992738330815,0.0739999968002313
