,flag,epoch,sbx,sby,sbz,sbvx,sbvy,sbvz
0,1.0,2458045.5,-14.350268456653223,-20.179518291965707,13.675510609347743,1.2589126341816566,-0.44911931527396215,0.1103064148961659
