,flag,epoch,sbx,sby,sbz,sbvx,sbvy,sbvz
0,1.0,2457961.5,0.30795775338814985,-2.240672167476759,0.20790432646774876,4.125966462038075,0.23045637901646887,0.1555825428225735
