,flag,epoch,sbx,sby,sbz,sbvx,sbvy,sbvz
0,1.0,2456300.0,1.8870798503987358,-2.216442127014532,-0.17059501542245312,2.3264936368229914,2.9909591642935647,-0.18013001331835357
1,1.0,2456300.0,1.8870802038171028,-2.216441897926826,-0.17059509864555983,2.3264933006603394,2.990959342037082,-0.18012991549401944
