,flag,epoch,sbx,sby,sbz,sbvx,sbvy,sbvz
0,1.0,2457910.0,-1.7354173981576542,-1.4289526251554077,0.12140539045135446,2.9802881515294355,-3.1147704349402505,0.354461904475152
1,1.0,2457910.0,-1.7354173480751092,-1.4289526122359744,0.12140538804911473,2.980288257693129,-3.1147704297500485,0.35446192866609366
