,flag,epoch,sbx,sby,sbz,sbvx,sbvy,sbvz
0,1.0,2459504.5,1.7315115828917922,1.6402240897549045,-0.7573050181554366,-2.02939114376729,4.567453197031386,-0.5385211236794155
