,flag,epoch,sbx,sby,sbz,sbvx,sbvy,sbvz
0,1.0,2457471.5,29.481821544936118,34.23667319370802,-0.7033080635754589,-0.5624721217086392,0.6458022856750187,0.09176651618603865
