,flag,epoch,sbx,sby,sbz,sbvx,sbvy,sbvz
0,1.0,2457270.0,-3.1752904846897496,0.14197466637244016,-0.3324598575095159,-0.052733715821181776,-3.4136245146992423,-1.2000332324398686
