,mass_1,radius_1,x_1,y_1,z_1,vx_1,vy_1,vz_1,mass_2,radius_2,x_2,y_2,z_2,vx_2,vy_2,vz_2,mass_3,radius_3,x_3,y_3,z_3,vx_3,vy_3,vz_3,mass_4,radius_4,x_4,y_4,z_4,vx_4,vy_4,vz_4,mass_5,radius_5,x_5,y_5,z_5,vx_5,vy_5,vz_5,mass_6,radius_6,x_6,y_6,z_6,vx_6,vy_6,vz_6,mass_7,radius_7,x_7,y_7,z_7,vx_7,vy_7,vz_7,mass_8,radius_8,x_8,y_8,z_8,vx_8,vy_8,vz_8
0,1.660120825375342e-07,1.631393540950981e-08,-0.3237760675719834,0.1427448090375954,0.04136831528084378,-6.262101942205982,-8.966632669119834,-0.15815627547265157,2.447838287784771e-06,4.045378434654418e-08,-0.5592220629811061,-0.4576518077889885,0.02599591656131861,4.62682950049322,-5.752080926315135,-0.3458625414631751,3.040432648020684e-06,4.437104331057835e-07,-0.5166835569226456,0.8376079438847388,-2.783780716317635e-05,-5.450564385817354,-3.3226837241256253,0.00014459406124485682,3.2271560375549955e-07,2.270212793877687e-08,-1.643116831546565,-0.1047438005962319,0.03813134388594073,0.5156219298843727,-4.66428895157526,-0.11039664096818597,0.0009547919099366768,4.778945025452157e-07,-5.223408075698056,1.441930684604048,0.1108923861953294,-0.7669933774267327,-2.5291363207550424,0.02766381212775068,0.0002858856700231729,4.0286669668487467e-07,-3.609319542198085,-9.335340886784516,0.305948643255395,1.788977010998014,-0.7429466533098612,-0.05832634704994776,4.3662496132004074e-05,1.708513622580592e-07,18.83978603484415,6.629162212479526,-0.2193352205713875,-0.4875673133850039,1.2856141236684606,0.01110668098881495,5.151383772628657e-05,1.6553711549585576e-07,27.97459088922984,-10.71417148616548,-0.424022416149696,0.402128812167282,1.0750320874439754,-0.031455583201988914
