,flag,epoch,sbx,sby,sbz,sbvx,sbvy,sbvz
0,1.0,2457700.0,-0.0593493315624094,-2.505981923018158,-0.0694181558442044,3.7985111891877,-0.0729352547443219,0.37819462563740214
1,1.0,2457700.0,-0.059349323475910626,-2.5059819128139686,-0.06941815240572902,3.7985112037648796,-0.07293524418968551,0.3781946461231046
