,mass_1,radius_1,x_1,y_1,z_1,vx_1,vy_1,vz_1,mass_2,radius_2,x_2,y_2,z_2,vx_2,vy_2,vz_2,mass_3,radius_3,x_3,y_3,z_3,vx_3,vy_3,vz_3,mass_4,radius_4,x_4,y_4,z_4,vx_4,vy_4,vz_4,mass_5,radius_5,x_5,y_5,z_5,vx_5,vy_5,vz_5,mass_6,radius_6,x_6,y_6,z_6,vx_6,vy_6,vz_6,mass_7,radius_7,x_7,y_7,z_7,vx_7,vy_7,vz_7,mass_8,radius_8,x_8,y_8,z_8,vx_8,vy_8,vz_8
0,1.660120825375342e-07,1.631393540950981e-08,0.3576766460664995,-0.02679987504264496,-0.03500308806798177,-1.2183239521037261,10.707171152032096,0.9866834604410664,2.447838287784771e-06,4.045378434654418e-08,-0.5410657842780098,-0.4793888914174241,0.02464702898683961,4.846773413740895,-5.564400017683584,-0.3560182181082902,3.040432648020684e-06,4.437104331057835e-07,0.4060714196247919,0.8991636339157197,-3.950227785728103e-05,-5.829224301791229,2.562993062445491,-8.370088636978805e-05,3.2271560375549955e-07,2.270212793877687e-08,-1.652165012487441,0.04198646271984648,0.04142697694744495,0.06102807412328341,-4.672853116099018,-0.09941849357888531,0.0009547919099366768,4.778945025452157e-07,-4.412783802569697,-3.174416550619947,0.1119237232922829,1.5776792824823953,-2.10944078271749,-0.026543078705852895,0.0002858856700231729,4.0286669668487467e-07,-0.1333589318884557,-10.0615750931866,0.1801902342928404,1.9276296482834647,-0.035094644513006375,-0.07611330529806164,4.3662496132004074e-05,1.708513622580592e-07,17.78276885757669,8.944024361234668,-0.197040098883083,-0.6542615303758942,1.2143533549236876,0.012971500397985338,5.151383772628657e-05,1.6553711549585576e-07,28.64953296024365,-8.700436533377488,-0.4811332434546532,0.32735201908674155,1.1020618750002815,-0.03028024686679258
