,flag,epoch,sbx,sby,sbz,sbvx,sbvy,sbvz
0,1.0,2457230.0,-1.8365706677411746,-1.9596716737436544,-0.16485457718018784,2.4788231247863406,-2.7577165763699547,-0.17807167056683104
1,1.0,2457230.0,-1.8365706579512855,-1.959671668188728,-0.1648545681990873,2.478823121172406,-2.75771660380725,-0.17807166870779023
