,flag,epoch,sbx,sby,sbz,sbvx,sbvy,sbvz
0,1,2457399.5,-1.7922308433210725,2.1663468048783585,0.09541643253617205,-2.8776240738221204,-2.4270863365298414,0.1680535689712886
