,flag,epoch,sbx,sby,sbz,sbvx,sbvy,sbvz
0,1.0,2457190.0,25.385064582591024,46.47406808847259,4.771256958109586,-0.7964369217695644,0.2163866133048598,0.1776260294687842
