,flag,epoch,sbx,sby,sbz,sbvx,sbvy,sbvz
0,1.0,2457640.0,1.9418408636091908,0.34913930779107494,0.12237416832272745,-0.8693182178025903,4.6515142860299505,0.5234042582849286
1,1.0,2457640.0,1.941840864654118,0.34913930331252807,0.12237417594757083,-0.86931819604758,4.651514293672907,0.5234042467574506
