,flag,epoch,sbx,sby,sbz,sbvx,sbvy,sbvz
0,1.0,2459773.5,4.920951117158628,-1.904234763318448,0.5653588342987991,-2.151545998638853,-2.4750616395397222,-0.6147818428598623
