,flag,epoch,sbx,sby,sbz,sbvx,sbvy,sbvz
0,1.0,2455450.0,3.147036797691648,0.5310014936005654,-0.2189019889011878,-0.7186342019739842,3.1506239342656954,-0.1401462801126965
