,flag,epoch,sbx,sby,sbz,sbvx,sbvy,sbvz
0,1.0,2455030.0,-20.67679084256442,36.86702789027531,0.4470688637168887,-0.8360046108604372,-0.503068791661527,0.08194856694085778
