,flag,epoch,sbx,sby,sbz,sbvx,sbvy,sbvz
0,1,2457104.5,-3.585241147153246,-1.4813163975111026,0.035219959051908264,1.1105366676953976,-2.5587273336116025,-0.07283289690724985
