,mass_1,radius_1,x_1,y_1,z_1,vx_1,vy_1,vz_1,mass_2,radius_2,x_2,y_2,z_2,vx_2,vy_2,vz_2,mass_3,radius_3,x_3,y_3,z_3,vx_3,vy_3,vz_3,mass_4,radius_4,x_4,y_4,z_4,vx_4,vy_4,vz_4,mass_5,radius_5,x_5,y_5,z_5,vx_5,vy_5,vz_5,mass_6,radius_6,x_6,y_6,z_6,vx_6,vy_6,vz_6,mass_7,radius_7,x_7,y_7,z_7,vx_7,vy_7,vz_7,mass_8,radius_8,x_8,y_8,z_8,vx_8,vy_8,vz_8
0,1.660120825375342e-07,1.631393540950981e-08,-0.3746447699308862,-0.2087562433315921,0.0173127032855509,2.8863821154036624,-8.526782768156737,-0.9615425115895619,2.447838287784771e-06,4.045378434654418e-08,0.3976227904391913,-0.6091963200512593,-0.03129845976908549,6.1372000874440955,4.012359889379418,-0.299138744175072,3.040432648020684e-06,4.437104331057835e-07,0.8358341364087656,0.538105442227119,-2.432150400178779e-05,-3.503950967107567,5.260287526035146,-0.0001813668154263492,3.2271560375549955e-07,2.270212793877687e-08,1.24023861883881,-0.6066551541364946,-0.04315093554247386,2.4405569968626404,5.0290245721317755,0.0454897823185266,0.0009547919099366768,4.778945025452157e-07,-5.425552573110833,-0.5358011642872016,0.1236282930219223,0.2380552567861413,-2.61517442806721,0.005532260308898007,0.0002858856700231729,4.0286669668487467e-07,-2.214136253363282,-9.792185112082654,0.2583375052303071,1.8766757995594332,-0.45774574593543954,-0.06675998863955336,4.3662496132004074e-05,1.708513622580592e-07,18.44292753384299,7.595944305589719,-0.2105949407713009,-0.5569508323476414,1.258810511211966,0.011894965007149245,5.151383772628657e-05,1.6553711549585576e-07,28.2685828423214,-9.892986965274135,-0.4477459126477438,0.37170813332526137,1.0865911614842847,-0.03099202796805766
