,flag,epoch,sbx,sby,sbz,sbvx,sbvy,sbvz
0,1.0,2456950.0,-0.3470301798320803,2.5402430215020715,0.38457460947223915,-3.9453035249845514,0.32319714169385355,-0.013878152757297129
1,1.0,2456950.0,-0.3470301876344388,2.5402430328009706,0.38457460899658896,-3.9453035156323826,0.3231970782208499,-0.013878162482560723
