,flag,epoch,sbx,sby,sbz,sbvx,sbvy,sbvz
0,1.0,2457331.5,-31.23898756809978,-15.853339128227383,1.503045393669053,0.4530364051329578,-1.0228127243157812,-0.04809181529746406
