,flag,epoch,sbx,sby,sbz,sbvx,sbvy,sbvz
0,1.0,2456950.0,-30.35630076944015,-21.708097282751023,10.90101747472322,0.6435480189542959,-0.8763706155555391,0.045216663191001746
