,mass_1,radius_1,x_1,y_1,z_1,vx_1,vy_1,vz_1,mass_2,radius_2,x_2,y_2,z_2,vx_2,vy_2,vz_2,mass_3,radius_3,x_3,y_3,z_3,vx_3,vy_3,vz_3,mass_4,radius_4,x_4,y_4,z_4,vx_4,vy_4,vz_4,mass_5,radius_5,x_5,y_5,z_5,vx_5,vy_5,vz_5,mass_6,radius_6,x_6,y_6,z_6,vx_6,vy_6,vz_6,mass_7,radius_7,x_7,y_7,z_7,vx_7,vy_7,vz_7,mass_8,radius_8,x_8,y_8,z_8,vx_8,vy_8,vz_8
0,1.660120825375342e-07,1.631393540950981e-08,0.1969832669410208,-0.3911117597549827,-0.05003004138115862,7.122140234856165,5.134956919668562,-0.23393310727845987,2.447838287784771e-06,4.045378434654418e-08,0.4419901440572072,0.5711206255044861,-0.01768384616658877,-5.865287852332351,4.489675371697997,0.40001839559365593,3.040432648020684e-06,4.437104331057835e-07,-0.6508732347064075,0.7396446271533342,-2.021409352449013e-05,-4.819705463068338,-4.17487661473878,0.00013075929386345916,3.2271560375549955e-07,2.270212793877687e-08,-1.434902656535743,0.8426683131976023,0.05288920343060933,-2.3958939576978318,-3.9714290836785175,-0.024383834512338682,0.0009547919099366768,4.778945025452157e-07,3.595335205180636,3.441724922566635,-0.09474883804338574,-1.9410746986260512,2.1241232463196713,0.03461622999945861,0.0002858856700231729,4.0286669668487467e-07,-8.881911832733302,-3.878742391894353,0.4210640201803503,0.7038359611594079,-1.870302892515283,0.004515204253514129,4.3662496132004074e-05,1.708513622580592e-07,20.02965038598358,1.322643349437198,-0.2545462857359826,-0.10673185871461857,1.368074410272844,0.006472629408345677,5.151383772628657e-05,1.6553711549585576e-07,26.0650564003613,-14.85296984763553,-0.2947221328941778,0.5584944529954288,1.0045150036594885,-0.03352867007858203
