,flag,epoch,sbx,sby,sbz,sbvx,sbvy,sbvz
0,1.0,2456686.5,-18.379054751976952,-30.14663364267386,5.310979074392964,0.9438643606398535,-0.531266014475587,0.184317219016473
