,flag,epoch,sbx,sby,sbz,sbvx,sbvy,sbvz
0,1.0,2457306.5,-17.87419124753957,-26.33199473625426,2.7621583527695535,1.0034337758470329,-0.6730579529592251,-0.13374314554616984
