,flag,epoch,sbx,sby,sbz,sbvx,sbvy,sbvz
0,1.0,2458036.5,33.9756994861863,12.009105101967213,-12.737817360067893,-0.3096783244384605,1.0369899107317704,-0.1573627129559323
