,flag,epoch,sbx,sby,sbz,sbvx,sbvy,sbvz
0,1,2455930.0,2.783545826375304,-1.35100970191084,-0.692415344829567,1.6230098714038976,3.1150522232638087,0.2578065691156661
