,flag,epoch,sbx,sby,sbz,sbvx,sbvy,sbvz
0,1,2454396.5,30.76875530101592,-19.610285403824356,-1.0027146344773448,0.5643105624994763,0.893129002552269,-0.07687715536894174
