,flag,epoch,sbx,sby,sbz,sbvx,sbvy,sbvz
0,1.0,2457700.0,2.374398462847673,0.43481625514342664,-0.1427736661191093,-0.3496706272988349,4.00419833881633,-0.43022419627218456
1,1.0,2457700.0,2.374398406835121,0.4348162679730645,-0.14277365923118457,-0.3496706837982616,4.004198415857435,-0.43022423459825443
