,mass_1,radius_1,x_1,y_1,z_1,vx_1,vy_1,vz_1,mass_2,radius_2,x_2,y_2,z_2,vx_2,vy_2,vz_2,mass_3,radius_3,x_3,y_3,z_3,vx_3,vy_3,vz_3,mass_4,radius_4,x_4,y_4,z_4,vx_4,vy_4,vz_4,mass_5,radius_5,x_5,y_5,z_5,vx_5,vy_5,vz_5,mass_6,radius_6,x_6,y_6,z_6,vx_6,vy_6,vz_6,mass_7,radius_7,x_7,y_7,z_7,vx_7,vy_7,vz_7,mass_8,radius_8,x_8,y_8,z_8,vx_8,vy_8,vz_8
0,1.660120825375342e-07,1.631393540950981e-08,-0.3951260092350634,-0.08537990791317422,0.02927287658401951,0.036026500584521344,-9.60199493752011,-0.7879078644071925,2.447838287784771e-06,4.045378434654418e-08,-0.5704588186935126,-0.4433617131642658,0.02683736391240327,4.481253151588999,-5.867924838121314,-0.3390807684755448,3.040432648020684e-06,4.437104331057835e-07,-0.9093559720421719,-0.4237001830168241,2.188478783041046e-05,2.551751264883797,-5.719502144903551,0.00022186010649116042,3.2271560375549955e-07,2.270212793877687e-08,0.4063900341527907,1.476369793007826,0.02096451797302699,-4.734270127928589,1.7914725969342653,0.15372948993354005,0.0009547919099366768,4.778945025452157e-07,-5.17101681979202,-1.735087019840525,0.1229128657698738,0.8443902728468617,-2.4853216496835175,-0.0085743059231879,0.0002858856700231729,4.0286669668487467e-07,-1.327226372212528,-9.964378926715028,0.2260220199541263,1.9094750113785963,-0.27741451086155505,-0.0711911403650765,4.3662496132004074e-05,1.708513622580592e-07,18.17228516356597,8.18105169044345,-0.2049149351659888,-0.5990760059442488,1.2405144434570414,0.01236516808938928,5.151383772628657e-05,1.6553711549585576e-07,28.43816827762858,-9.38268625894367,-0.4621854358547899,0.3527795219914073,1.0933422707206837,-0.030693373504224467
