,flag,epoch,sbx,sby,sbz,sbvx,sbvy,sbvz
0,1.0,2457682.5,-1.1494485510008903,-2.9349268539402864,0.16108005636770567,3.2493612269324585,-0.9844726677298503,0.43340533300766243
