,mass_1,radius_1,x_1,y_1,z_1,vx_1,vy_1,vz_1,mass_2,radius_2,x_2,y_2,z_2,vx_2,vy_2,vz_2,mass_3,radius_3,x_3,y_3,z_3,vx_3,vy_3,vz_3,mass_4,radius_4,x_4,y_4,z_4,vx_4,vy_4,vz_4,mass_5,radius_5,x_5,y_5,z_5,vx_5,vy_5,vz_5,mass_6,radius_6,x_6,y_6,z_6,vx_6,vy_6,vz_6,mass_7,radius_7,x_7,y_7,z_7,vx_7,vy_7,vz_7,mass_8,radius_8,x_8,y_8,z_8,vx_8,vy_8,vz_8
0,1.660120825375342e-07,1.631393540950981e-08,0.08730202744502184,0.2945239278846753,0.01605423005158994,-11.911409053771628,3.3086376460916846,1.363233182771504,2.447838287784771e-06,4.045378434654418e-08,0.4094335842522848,-0.6013431594382084,-0.03186949052257941,6.057293076593905,4.131725562742837,-0.29297094108932087,3.040432648020684e-06,4.437104331057835e-07,-0.8360459612415895,0.5265607769047119,-1.523946187742251e-05,-3.451133944020879,-5.340514890844784,0.00016629483390864552,3.2271560375549955e-07,2.270212793877687e-08,1.366721000058157,-0.2230816435306082,-0.03823050669170985,1.019284259576227,5.480465003224507,0.08980026341160065,0.0009547919099366768,4.778945025452157e-07,1.080785507859062,4.962082009708131,-0.04479339541560497,-2.7288866736654116,0.7182579612424631,0.05808169507254036,0.0002858856700231729,4.0286669668487467e-07,-7.946300026021994,-5.727603131514595,0.415963125130818,1.0788653750936883,-1.6573912274740303,-0.014148094192621665,4.3662496132004074e-05,1.708513622580592e-07,19.86447536246843,2.746159253185664,-0.2471036287956425,-0.2093422120205163,1.356409761861853,0.007770704696241768,5.151383772628657e-05,1.6553711549585576e-07,26.62704785216938,-13.79281383297986,-0.3294884459567664,0.5175710354349132,1.0251546843924488,-0.03303545972922946
