,flag,epoch,sbx,sby,sbz,sbvx,sbvy,sbvz
0,1.0,2457050.0,2.7497458634241343,-0.791001460007105,-0.10447118103384802,0.9196806816169026,3.5766160326444485,0.0990245525320168
