,flag,epoch,sbx,sby,sbz,sbvx,sbvy,sbvz
0,1,2457665.5,-1.3478497916744265,2.1549276618350466,0.2915333825352495,-2.894793150583517,-2.5405436961670738,-0.016669116398438003
