,flag,epoch,sbx,sby,sbz,sbvx,sbvy,sbvz
0,1.0,2457720.0,-1.4063746863989541,-1.9382946395887477,-0.1914222343977763,3.5126055340368385,-1.802219988713052,-0.3076276225615733
1,1.0,2457720.0,-1.406374747754032,-1.9382945986390687,-0.19142224079920847,3.512605490753573,-1.8022200561736448,-0.3076275554910619
