,flag,epoch,sbx,sby,sbz,sbvx,sbvy,sbvz
0,1.0,2457916.5,2.4295067639654753,0.3386006011792527,0.15798725209033132,-0.9341352877032836,3.8725183673022627,0.29184891045906164
