,flag,epoch,sbx,sby,sbz,sbvx,sbvy,sbvz
0,1.0,2457738.5,0.3843358148567769,1.7563528728451578,-0.9315160534263426,-0.5716863953457457,-1.0776258270393104,-6.035540977999216
