,mass_1,radius_1,x_1,y_1,z_1,vx_1,vy_1,vz_1,mass_2,radius_2,x_2,y_2,z_2,vx_2,vy_2,vz_2,mass_3,radius_3,x_3,y_3,z_3,vx_3,vy_3,vz_3,mass_4,radius_4,x_4,y_4,z_4,vx_4,vy_4,vz_4,mass_5,radius_5,x_5,y_5,z_5,vx_5,vy_5,vz_5,mass_6,radius_6,x_6,y_6,z_6,vx_6,vy_6,vz_6,mass_7,radius_7,x_7,y_7,z_7,vx_7,vy_7,vz_7,mass_8,radius_8,x_8,y_8,z_8,vx_8,vy_8,vz_8
0,1.660120825375342e-07,1.631393540950981e-08,-0.3127465499312672,-0.3228021182845992,0.002320951670972893,5.290335352077724,-6.680552289959753,-1.031249211234511,2.447838287784771e-06,4.045378434654418e-08,0.3083608561253226,-0.6589495236100519,-0.0268254548924937,6.6415320073720086,3.1059799656395746,-0.3407486720408561,3.040432648020684e-06,4.437104331057835e-07,0.1659988873767829,-1.003026632517291,2.985217227538709e-05,6.097361339954682,1.0024419543604843,-3.9078851834358836e-05,3.2271560375549955e-07,2.270212793877687e-08,-1.250885094668583,-0.9661063402901048,0.01047234405093035,3.3164046839146,-3.608580014075332,-0.15703835799919819,0.0009547919099366768,4.778945025452157e-07,2.702736145769231,4.218723796916263,-0.07800130247520275,-2.356202597154817,1.6195064649453765,0.04600029409754817,0.0002858856700231729,4.0286669668487467e-07,-8.558684088828256,-4.636838917328156,0.4213811419565982,0.8585827681505994,-1.7950601835704425,-0.002966152278365129,4.3662496132004074e-05,1.708513622580592e-07,19.9771018577712,1.887496808766085,-0.2517629886926576,-0.14745599075136778,1.3643889355046208,0.006991038450514437,5.151383772628657e-05,1.6553711549585576e-07,26.29261317244234,-14.43594631119337,-0.3085444841221105,0.5423612542715062,1.0129335821949645,-0.033339349969683504
