,flag,epoch,sbx,sby,sbz,sbvx,sbvy,sbvz
0,1.0,2456109.5,-9.451276150833424,-2.948262844676947,-0.9832370254812466,0.3415395896920833,-2.226163492575161,-0.4831475337439563
