,mass_1,radius_1,x_1,y_1,z_1,vx_1,vy_1,vz_1,mass_2,radius_2,x_2,y_2,z_2,vx_2,vy_2,vz_2,mass_3,radius_3,x_3,y_3,z_3,vx_3,vy_3,vz_3,mass_4,radius_4,x_4,y_4,z_4,vx_4,vy_4,vz_4,mass_5,radius_5,x_5,y_5,z_5,vx_5,vy_5,vz_5,mass_6,radius_6,x_6,y_6,z_6,vx_6,vy_6,vz_6,mass_7,radius_7,x_7,y_7,z_7,vx_7,vy_7,vz_7,mass_8,radius_8,x_8,y_8,z_8,vx_8,vy_8,vz_8
0,1.660120825375342e-07,1.631393540950981e-08,0.3541960677002019,-0.002831796943755735,-0.03272609359894745,-1.9025806536992684,10.735453909247134,1.0517532748637966,2.447838287784771e-06,4.045378434654418e-08,-0.07407000545082007,0.7154032871937213,0.01408330325498512,-7.373263352902698,-0.8008513045505531,0.4145030259930731,3.040432648020684e-06,4.437104331057835e-07,-0.03680273430564664,-1.015467835052809,3.782632856446446e-05,6.177354080993816,-0.2510493618134434,-1.8026495890934588e-05,3.2271560375549955e-07,2.270212793877687e-08,-0.3517160391681838,-1.443523151227592,-0.02161803335236904,5.1585641996245455,-0.7706247952023871,-0.14275224305850584,0.0009547919099366768,4.778945025452157e-07,-5.426824104509021,0.3912921852234925,0.1198069395164612,-0.23136785839543947,-2.6214115056509044,0.0160639170779716,0.0002858856700231729,4.0286669668487467e-07,-2.870950445467318,-9.606787061798238,0.2812658893646993,1.841175143328947,-0.5917499946545209,-0.06302282460634226,4.3662496132004074e-05,1.708513622580592e-07,18.63396898268379,7.14906067105516,-0.2147324138073593,-0.524848008141394,1.2716909513938388,0.011534444176608136,5.151383772628657e-05,1.6553711549585576e-07,28.13479161353423,-10.2758159389238,-0.4367614887379587,0.385894304201139,1.0812841762455632,-0.03120864194220706
