,flag,epoch,sbx,sby,sbz,sbvx,sbvy,sbvz
0,1,2457142.5,-2.2028234131680544,-0.7986173475650105,0.055375217389414755,1.52067710044074,-4.017072900086601,-0.4639840701178294
