,flag,epoch,sbx,sby,sbz,sbvx,sbvy,sbvz
0,1,2454571.5,40.73965438746698,-19.12655106077797,0.2313132665753337,0.3673969085169802,0.85202157023541,-0.03466981121504357
