,flag,epoch,sbx,sby,sbz,sbvx,sbvy,sbvz
0,1,2456990.0,1.8615006272270862,0.6929162292421966,0.013296780507516062,-1.0688764309340153,4.981094514546263,0.1659056584659903
