,mass_1,radius_1,x_1,y_1,z_1,vx_1,vy_1,vz_1,mass_2,radius_2,x_2,y_2,z_2,vx_2,vy_2,vz_2,mass_3,radius_3,x_3,y_3,z_3,vx_3,vy_3,vz_3,mass_4,radius_4,x_4,y_4,z_4,vx_4,vy_4,vz_4,mass_5,radius_5,x_5,y_5,z_5,vx_5,vy_5,vz_5,mass_6,radius_6,x_6,y_6,z_6,vx_6,vy_6,vz_6,mass_7,radius_7,x_7,y_7,z_7,vx_7,vy_7,vz_7,mass_8,radius_8,x_8,y_8,z_8,vx_8,vy_8,vz_8
0,1.660120825375342e-07,1.631393540950981e-08,-0.3812301857835276,-0.1872436677527229,0.01967399608572209,2.410478980805895,-8.776100832754015,-0.9382548865986999,2.447838287784771e-06,4.045378434654418e-08,0.7235120085058712,0.0485190422259191,-0.04108569649320697,-0.5245390734109848,7.337438374076828,0.1309166076064903,3.040432648020684e-06,4.437104331057835e-07,0.404150011312535,-0.9326006761774628,3.691007806875355e-05,5.66354818013408,2.4752161869876113,-0.00012761626431086258,3.2271560375549955e-07,2.270212793877687e-08,-0.7903194537922289,1.426953347244543,0.0492983993378313,-4.277792430159167,-2.041241379034054,0.06220911420874917,0.0009547919099366768,4.778945025452157e-07,-4.918982196518582,-2.346092154441909,0.1198105744317482,1.1543503922169,-2.3598955276155245,-0.016029425412036166,0.0002858856700231729,4.0286669668487467e-07,-0.844793180274997,-10.02192047149058,0.2078182810978152,1.9203350760795463,-0.17940613989845194,-0.07331977769635944,4.3662496132004074e-05,1.708513622580592e-07,18.01855866284151,8.49222845568906,-0.201768975414217,-0.6215431805210052,1.2302285543090516,0.01261440638813843,5.151383772628657e-05,1.6553711549585576e-07,28.52573877759301,-9.106833611626284,-0.4698957608535782,0.3425193156618361,1.0969703789741003,-0.030527231569076104
