,flag,epoch,sbx,sby,sbz,sbvx,sbvy,sbvz
0,1.0,2457260.0,2.559092763390533,0.5907170023889128,0.30874840437529855,-0.7620319160318328,3.9898529560606213,-0.26927296860905076
1,1.0,2457260.0,2.559092726636937,0.5907170136572553,0.3087483914285721,-0.7620319860696638,3.9898529971646544,-0.26927293856071177
