,mass_1,radius_1,x_1,y_1,z_1,vx_1,vy_1,vz_1,mass_2,radius_2,x_2,y_2,z_2,vx_2,vy_2,vz_2,mass_3,radius_3,x_3,y_3,z_3,vx_3,vy_3,vz_3,mass_4,radius_4,x_4,y_4,z_4,vx_4,vy_4,vz_4,mass_5,radius_5,x_5,y_5,z_5,vx_5,vy_5,vz_5,mass_6,radius_6,x_6,y_6,z_6,vx_6,vy_6,vz_6,mass_7,radius_7,x_7,y_7,z_7,vx_7,vy_7,vz_7,mass_8,radius_8,x_8,y_8,z_8,vx_8,vy_8,vz_8
0,1.660120825375342e-07,1.631393540950981e-08,-0.1977561391605732,0.2580848629468719,0.03923118854870288,-10.23271248836697,-5.846347327195247,0.4610898200747042,2.447838287784771e-06,4.045378434654418e-08,0.2701664191522792,0.6685913202351507,-0.006423786389927758,-6.873658088292096,2.7334932708575486,0.4341314250918762,3.040432648020684e-06,4.437104331057835e-07,0.8867012660903406,0.4528993290879577,-2.046405951181932e-05,-2.9606758200590635,5.572725949528277,-0.00018619452652892562,3.2271560375549955e-07,2.270212793877687e-08,-1.318953905195749,1.00869636959825,0.053507345644348,-2.9124245361929986,-3.624234405596278,-0.004462723352939774,0.0009547919099366768,4.778945025452157e-07,-4.985033436837476,2.075845936437988,0.102926108613924,-1.093406404750117,-2.4165828139121572,0.03450220738967714,0.0002858856700231729,4.0286669668487467e-07,-4.062381729248648,-9.133202463798618,0.3204771392185624,1.7499536001789813,-0.8360282274905018,-0.05515642102576767,4.3662496132004074e-05,1.708513622580592e-07,18.96157800448023,6.298985896950774,-0.2221438934530277,-0.46393514246554357,1.2939434945337882,0.01083606264597094,5.151383772628657e-05,1.6553711549585576e-07,27.87035119115112,-10.98886216002896,-0.4159511033487214,0.412288970556883,1.071079892962001,-0.03160414998862693
