,flag,epoch,sbx,sby,sbz,sbvx,sbvy,sbvz
0,1,2457396.5,0.04578229309214832,3.241285082423589,0.6914603025362381,-3.162234714933158,0.8252436241260598,-0.5802352349512115
