,flag,epoch,sbx,sby,sbz,sbvx,sbvy,sbvz
0,1,2457063.5,40.444679721553754,-1.2352579167638513,1.001930126160374,0.04428222986239485,1.0129901118029774,0.040325256117369916
