,flag,epoch,sbx,sby,sbz,sbvx,sbvy,sbvz
0,1,2457610.0,-0.6529318464723933,2.153973194015332,0.28910476947900315,-4.3756078042084035,-0.3411313992955782,0.12245654819745573
