,flag,epoch,sbx,sby,sbz,sbvx,sbvy,sbvz
0,1.0,2456850.0,-2.1175183880090596,1.680192452673254,-0.0032360959013883472,-1.8941003699806014,-3.456145659320546,-0.7333127259154392
1,1.0,2456850.0,-2.117518510419331,1.6801923771387712,-0.003236103711507815,-1.8941001769107044,-3.4561456944932436,-0.7333127040230356
