,mass_1,radius_1,x_1,y_1,z_1,vx_1,vy_1,vz_1,mass_2,radius_2,x_2,y_2,z_2,vx_2,vy_2,vz_2,mass_3,radius_3,x_3,y_3,z_3,vx_3,vy_3,vz_3,mass_4,radius_4,x_4,y_4,z_4,vx_4,vy_4,vz_4,mass_5,radius_5,x_5,y_5,z_5,vx_5,vy_5,vz_5,mass_6,radius_6,x_6,y_6,z_6,vx_6,vy_6,vz_6,mass_7,radius_7,x_7,y_7,z_7,vx_7,vy_7,vz_7,mass_8,radius_8,x_8,y_8,z_8,vx_8,vy_8,vz_8
0,1.660120825375342e-07,1.631393540950981e-08,0.29462924330819,0.1447721197011869,-0.01519947578989581,-6.534576261425277,9.676672864994607,1.3901903449092845,2.447838287784771e-06,4.045378434654418e-08,-0.4542304048531708,-0.5636441182187303,0.01848031902575048,5.700178911191024,-4.670145856915203,-0.39299859851032864,3.040432648020684e-06,4.437104331057835e-07,0.3082389757474951,0.9362007737710997,-4.065712641597719e-05,-6.070965290814147,1.9417988651274476,-5.676051961509697e-05,3.2271560375549955e-07,2.270212793877687e-08,-1.649212079450704,-0.03479443335807267,0.03974554708485693,0.2986478146489851,-4.67337966290362,-0.10526084089168179,0.0009547919099366768,4.778945025452157e-07,-4.386720974856448,-3.208962863759467,0.1114839888336779,1.595453746005415,-2.0965486532678024,-0.026994330910045237,0.0002858856700231729,4.0286669668487467e-07,-0.1016928129372144,-10.0620988377996,0.1789389690319778,1.9277169091468547,-0.028671258317400992,-0.07622810778923116,4.3662496132004074e-05,1.708513622580592e-07,17.77200936449885,8.963966737889615,-0.1968268855515348,-0.6557066855542709,1.213630701052359,0.012987219029112294,5.151383772628657e-05,1.6553711549585576e-07,28.65490485990689,-8.682331004762293,-0.4816305686340119,0.3266766840357664,1.1022861450751817,-0.03026909271502284
