,flag,epoch,sbx,sby,sbz,sbvx,sbvy,sbvz
0,1.0,2456870.0,-0.3597230996620646,2.583355153288547,0.43321617521303385,-3.8036462076796558,-0.9771997946255452,0.8007993986814522
