,flag,sbx,sby,sbz,sbvx,sbvy,sbvz
0,1.0,-32.60151212109637,29.600272409827934,11.847670707053789,-0.45631378440157716,-0.6808812924352967,0.44546750936510193
