,flag,epoch,sbx,sby,sbz,sbvx,sbvy,sbvz
0,1.0,2457870.0,0.3883305181269683,-2.3270524607629364,-0.08555654929892491,3.9583645882108303,0.539384676998052,-0.4832097995542594
1,1.0,2457870.0,0.3883305139760558,-2.3270524514038606,-0.0855565588743043,3.958364601372886,0.5393846849853424,-0.4832098031658562
