,flag,epoch,sbx,sby,sbz,sbvx,sbvy,sbvz
0,1,2457336.5,-2.239640395725953,1.9784444162521497,-0.3417521763918376,-2.57195727901113,-2.536742248296267,-0.3861321230275388
