,flag,epoch,sbx,sby,sbz,sbvx,sbvy,sbvz
0,1.0,2457770.0,-2.348692055802729,0.8399931012953021,0.05181517700672375,-0.865674315531085,-3.800937296277331,0.4542757508634425
1,1.0,2457770.0,-2.3486920509026046,0.8399931336463334,0.05181516759099834,-0.8656743447258121,-3.800937276532984,0.4542757637843731
