,flag,epoch,sbx,sby,sbz,sbvx,sbvy,sbvz
0,1.0,2456550.0,-3.365333573413603,-0.47385274989367987,0.4598620930611731,0.06873920319057489,-3.368838948499439,-0.26451026139854056
1,1.0,2456550.0,-3.3653334564553665,-0.47385265573823687,0.4598619360435069,0.06873927108892382,-3.368839089431928,-0.264510226251776
