,mass_1,radius_1,x_1,y_1,z_1,vx_1,vy_1,vz_1,mass_2,radius_2,x_2,y_2,z_2,vx_2,vy_2,vz_2,mass_3,radius_3,x_3,y_3,z_3,vx_3,vy_3,vz_3,mass_4,radius_4,x_4,y_4,z_4,vx_4,vy_4,vz_4,mass_5,radius_5,x_5,y_5,z_5,vx_5,vy_5,vz_5,mass_6,radius_6,x_6,y_6,z_6,vx_6,vy_6,vz_6,mass_7,radius_7,x_7,y_7,z_7,vx_7,vy_7,vz_7,mass_8,radius_8,x_8,y_8,z_8,vx_8,vy_8,vz_8
0,1.660120825375342e-07,1.631393540950981e-08,-0.3720810378621567,-0.2160852438587132,0.01648044434816706,3.046667349644808,0.0,0.0,2.447838287784771e-06,4.045378434654418e-08,-0.7185441776936562,0.01843038218801897,0.04171888540801503,-0.23212849032344332,0.0,0.0,3.040432648020684e-06,4.437104331057835e-07,-0.5645006084455161,-0.8390331245958497,2.96917125221535e-05,5.1114946925471125,0.0,0.0,3.2271560375549955e-07,2.270212793877687e-08,0.55323296835975,1.412042499402656,0.01600840371781037,-4.564618787925574,0.0,0.0,0.0009547919099366768,4.778945025452157e-07,-4.405057884500847,3.055344801823541,0.0858807610815184,-1.605169524539833,-2.1367195592109938,0.04479097877531862,0.0002858856700231729,4.0286669668487467e-07,-4.79645049187904,-8.742292580462776,0.3429162343579049,1.6742791498978258,-0.9877207104727065,-0.04951209511465447,4.3662496132004074e-05,1.708513622580592e-07,19.15181076421383,5.741747711108249,-0.2266871340556181,-0.42400265342245863,1.3068780569229639,0.010370170403745209,5.151383772628657e-05,1.6553711549585576e-07,27.69003768652156,-11.44632952029783,-0.4023559665221088,0.4293099439525119,1.0641919439672582,-0.031851805851776924
