,flag,epoch,sbx,sby,sbz,sbvx,sbvy,sbvz
0,1.0,2457160.0,-18.777386716512023,43.39785296572475,2.244264086963886,-0.7871506184487126,-0.38741179383819263,0.06216287248899555
