,flag,epoch,sbx,sby,sbz,sbvx,sbvy,sbvz
0,1.0,2456385.5,-2.484328479547286,-0.29693979970054407,0.027179977233659655,1.0416742200673488,-3.7984271012240334,-0.9732750766025561
