,mass_1,radius_1,x_1,y_1,z_1,vx_1,vy_1,vz_1,mass_2,radius_2,x_2,y_2,z_2,vx_2,vy_2,vz_2,mass_3,radius_3,x_3,y_3,z_3,vx_3,vy_3,vz_3,mass_4,radius_4,x_4,y_4,z_4,vx_4,vy_4,vz_4,mass_5,radius_5,x_5,y_5,z_5,vx_5,vy_5,vz_5,mass_6,radius_6,x_6,y_6,z_6,vx_6,vy_6,vz_6,mass_7,radius_7,x_7,y_7,z_7,vx_7,vy_7,vz_7,mass_8,radius_8,x_8,y_8,z_8,vx_8,vy_8,vz_8
0,1.660120825375342e-07,1.631393540950981e-08,0.2370125078834698,0.211551489062869,-0.004458723037850388,-8.868942358341757,8.10431021154559,1.4758815942279777,2.447838287784771e-06,4.045378434654418e-08,0.506346240917835,0.515573009010798,-0.02215079703525552,-5.293241460672212,5.144947084339263,0.37599196258472617,3.040432648020684e-06,4.437104331057835e-07,0.9732602505567475,0.2281813708821088,-1.28127845800431e-05,-1.5366836617581912,6.094565270401081,-0.00021105515508613301,3.2271560375549955e-07,2.270212793877687e-08,-1.199201258034396,1.14092780775509,0.05333901751905964,-3.330136501154049,-3.2675438889159207,0.013264381037165951,0.0009547919099366768,4.778945025452157e-07,-4.942206974735461,2.168084785730001,0.1015847458181838,-1.1411613966792158,-2.3961551681426574,0.03548624011568157,0.0002858856700231729,4.0286669668487467e-07,-4.129338103958351,-9.100893336202267,0.3225819398449767,1.743717951043135,-0.8498093987682256,-0.05466857429241472,4.3662496132004074e-05,1.708513622580592e-07,18.97929236728088,6.249365811410273,-0.2225584528601988,-0.46037346619620256,1.295159762535602,0.010794959007291296,5.151383772628657e-05,1.6553711549585576e-07,27.8545188816398,-11.02990517655362,-0.4147392933198356,0.4138192501202955,1.070485381120008,-0.03162643881589582
