,flag,epoch,sbx,sby,sbz,sbvx,sbvy,sbvz
0,1.0,2457476.5,29.29221368780736,35.68206736852448,-1.1611475229196087,-0.7016459422941246,0.5520765328489909,0.02826138947406367
