,flag,epoch,sbx,sby,sbz,sbvx,sbvy,sbvz
0,1.0,2457840.0,2.1303900964802085,0.1534405209594215,-0.14062797363653548,-0.6147711240688473,4.40120800844965,-0.42018096161882024
1,1.0,2457840.0,2.1303900466339294,0.1534405255767387,-0.14062797744198924,-0.6147711579198083,4.40120809443697,-0.42018096492638635
