,flag,epoch,sbx,sby,sbz,sbvx,sbvy,sbvz
0,1.0,2459037.5,31.476934139615935,-12.21395980024069,20.277552142874292,0.5124031677654096,0.9169393829159546,0.001169985431654714
