,flag,epoch,sbx,sby,sbz,sbvx,sbvy,sbvz
0,1.0,2457449.5,21.162690778660703,28.467654235194786,-1.7208003949188826,-0.6905716837207938,0.8524607981334752,0.10743377418440209
