,flag,epoch,sbx,sby,sbz,sbvx,sbvy,sbvz
0,1.0,2457210.0,2.4261176390569332,0.7241007205389598,0.19907415503169898,-1.1694980803406412,3.904063508071915,-0.4888434630380814
