,mass_1,radius_1,x_1,y_1,z_1,vx_1,vy_1,vz_1,mass_2,radius_2,x_2,y_2,z_2,vx_2,vy_2,vz_2,mass_3,radius_3,x_3,y_3,z_3,vx_3,vy_3,vz_3,mass_4,radius_4,x_4,y_4,z_4,vx_4,vy_4,vz_4,mass_5,radius_5,x_5,y_5,z_5,vx_5,vy_5,vz_5,mass_6,radius_6,x_6,y_6,z_6,vx_6,vy_6,vz_6,mass_7,radius_7,x_7,y_7,z_7,vx_7,vy_7,vz_7,mass_8,radius_8,x_8,y_8,z_8,vx_8,vy_8,vz_8
0,1.660120825375342e-07,1.631393540950981e-08,0.2432686234981113,-0.3519015222315677,-0.05107248343383002,6.403643653399567,6.345298231031554,-0.0690222192632523,2.447838287784771e-06,4.045378434654418e-08,-0.6349302639640654,0.3343152797966618,0.04122308162290569,-3.47324183352297,-6.572403342881789,0.11031767750376383,3.040432648020684e-06,4.437104331057835e-07,0.1810804586027151,0.9678510746410359,-3.572417641808243e-05,-6.2790606457278,1.1320994487274976,-1.1992241016156375e-05,3.2271560375549955e-07,2.270212793877687e-08,-1.608930883430273,0.4212255049497228,0.04831406613797161,-1.1034369985058632,-4.508118804791899,-0.06738556851466372,0.0009547919099366768,4.778945025452157e-07,-5.127928776875219,1.726826125055223,0.1075729336648155,-0.9133272675338688,-2.484332621669452,0.03075295882111904,0.0002858856700231729,4.0286669668487467e-07,-3.811641619028666,-9.248563771046497,0.3124971783982416,1.7722268816296876,-0.7844822421473197,-0.0569386402915552,4.3662496132004074e-05,1.708513622580592e-07,18.89458991245176,6.482876777264849,-0.2205904051247671,-0.4771056239790948,1.2893516815228254,0.010987246312960369,5.151383772628657e-05,1.6553711549585576e-07,27.92864499555417,-10.83621783614446,-0.4204446635883993,0.4066314803820455,1.073278126874004,-0.03152162128161679
