,flag,epoch,sbx,sby,sbz,sbvx,sbvy,sbvz
0,1.0,2458127.5,-11.042204308909575,0.6834617106305518,-0.26257948636211825,-0.8201710885263609,0.18707716717792852,2.1952526994165193
