,mass_1,radius_1,x_1,y_1,z_1,vx_1,vy_1,vz_1,mass_2,radius_2,x_2,y_2,z_2,vx_2,vy_2,vz_2,mass_3,radius_3,x_3,y_3,z_3,vx_3,vy_3,vz_3,mass_4,radius_4,x_4,y_4,z_4,vx_4,vy_4,vz_4,mass_5,radius_5,x_5,y_5,z_5,vx_5,vy_5,vz_5,mass_6,radius_6,x_6,y_6,z_6,vx_6,vy_6,vz_6,mass_7,radius_7,x_7,y_7,z_7,vx_7,vy_7,vz_7,mass_8,radius_8,x_8,y_8,z_8,vx_8,vy_8,vz_8
0,1.660120825375342e-07,1.631393540950981e-08,-0.3503745026404443,-0.2651872789626337,0.01049492642238938,4.0983187177128935,-7.735219875161234,-1.0080476764858834,2.447838287784771e-06,4.045378434654418e-08,0.2169522402152405,-0.6943704016286938,-0.02201608222097019,7.00156620501342,2.177921578649791,-0.3743560830204104,3.040432648020684e-06,4.437104331057835e-07,-0.3612181752140033,-0.9472343356682003,5.148814657322223e-06,5.769459782456467,-2.2624375979206404,1.1998028731615998e-05,3.2271560375549955e-07,2.270212793877687e-08,-0.3884505378938094,-1.437164837883233,-0.02055540315606866,5.128215482759509,-0.8953621323392452,-0.14479484763836012,0.0009547919099366768,4.778945025452157e-07,0.6906363940192713,5.046746021227053,-0.03641781829205914,-2.768181299954753,0.5045357531477245,0.05986467087344549,0.0002858856700231729,4.0286669668487467e-07,3.905942818486182,8.202681650110527,-0.2980549727529384,-1.9502464651239129,0.8722001537167062,0.06238834819994747,4.3662496132004074e-05,1.708513622580592e-07,15.73640738028991,-12.29338407991327,-0.2496687728364745,0.8711302907490709,1.0657470286631685,-0.007297630940398971,5.151383772628657e-05,1.6553711549585576e-07,18.11458824252929,-24.04237553661583,0.07770040726829404,0.9053256754364942,0.6971868639543543,-0.035203701480698936
