,flag,epoch,sbx,sby,sbz,sbvx,sbvy,sbvz
0,1,2457450.0,2.4635724845403475,-0.5899127647350231,-0.045605605311078795,0.7492331393649433,4.227423115254669,0.10251891986888048
