,mass_1,radius_1,x_1,y_1,z_1,vx_1,vy_1,vz_1,mass_2,radius_2,x_2,y_2,z_2,vx_2,vy_2,vz_2,mass_3,radius_3,x_3,y_3,z_3,vx_3,vy_3,vz_3,mass_4,radius_4,x_4,y_4,z_4,vx_4,vy_4,vz_4,mass_5,radius_5,x_5,y_5,z_5,vx_5,vy_5,vz_5,mass_6,radius_6,x_6,y_6,z_6,vx_6,vy_6,vz_6,mass_7,radius_7,x_7,y_7,z_7,vx_7,vy_7,vz_7,mass_8,radius_8,x_8,y_8,z_8,vx_8,vy_8,vz_8
0,1.660120825375342e-07,1.631393540950981e-08,0.1637312527644373,-0.4125875298984552,-0.04873354343183311,7.493156091465953,4.308697353193005,-0.3354248320254348,2.447838287784771e-06,4.045378434654418e-08,-0.678781666947716,0.2335408762126873,0.04237270233598496,-2.438607884275954,-7.019451631899191,0.04452620749254763,3.040432648020684e-06,4.437104331057835e-07,1.003232982519161,0.01182607665053108,-2.96091315286904e-06,-0.176132200749499,6.259844966425939,-0.0002037821624039075,3.2271560375549955e-07,2.270212793877687e-08,0.4090110895498461,-1.363092387325721,-0.03859942738972911,5.0892615538895045,1.9084180229232401,-0.0849279911728986,0.0009547919099366768,4.778945025452157e-07,-3.153027310830922,4.244698786312433,0.05292568224111912,-2.247675054539146,-1.514765189234772,0.05658581435863537,0.0002858856700231729,4.0286669668487467e-07,-5.833011132567823,-8.034919770949355,0.3719049437140865,1.5363461131379814,-1.2038774338178089,-0.04026553046599825,4.3662496132004074e-05,1.708513622580592e-07,19.40567877231636,4.893340961439132,-0.2331434514806157,-0.3633137183677304,1.3243628447245175,0.009652523702757964,5.151383772628657e-05,1.6553711549585576e-07,27.40504327959354,-12.1290948730845,-0.3817032843266235,0.4547232055708964,1.0535957296336584,-0.03220882265472971
