,mass_1,radius_1,x_1,y_1,z_1,vx_1,vy_1,vz_1,mass_2,radius_2,x_2,y_2,z_2,vx_2,vy_2,vz_2,mass_3,radius_3,x_3,y_3,z_3,vx_3,vy_3,vz_3,mass_4,radius_4,x_4,y_4,z_4,vx_4,vy_4,vz_4,mass_5,radius_5,x_5,y_5,z_5,vx_5,vy_5,vz_5,mass_6,radius_6,x_6,y_6,z_6,vx_6,vy_6,vz_6,mass_7,radius_7,x_7,y_7,z_7,vx_7,vy_7,vz_7,mass_8,radius_8,x_8,y_8,z_8,vx_8,vy_8,vz_8
0,1.660120825375342e-07,1.631393540950981e-08,0.3441124102328939,-0.1826189998362774,-0.04649373522213701,2.8053028106640774,9.545557125814387,0.5225432129437448,2.447838287784771e-06,4.045378434654418e-08,-0.69341209942667,-0.1944938346787324,0.03735376314588316,1.9465463615050704,-7.146646084211538,-0.21026768546671162,3.040432648020684e-06,4.437104331057835e-07,0.5099919297100938,-0.8786252254396372,2.658291175131032e-05,5.33263349747629,3.131103911170121,-0.00010195042622447338,3.2271560375549955e-07,2.270212793877687e-08,0.2497871731965312,1.526333405373056,0.02584524935640929,-4.850472175080057,1.259251569961825,0.14546341211231117,0.0009547919099366768,4.778945025452157e-07,-0.1073538579050863,5.131679936161935,-0.01891035727181907,-2.7914624319960404,0.07320850280216873,0.062160713180301155,0.0002858856700231729,4.0286669668487467e-07,-7.454208123097122,-6.415037062891753,0.4083169711498886,1.2163927724008627,-1.5495302898271892,-0.02150703798372999,4.3662496132004074e-05,1.708513622580592e-07,19.76584286636342,3.325897489375497,-0.2436625177584413,-0.2509812400539786,1.3494517020664638,0.008288178720578708,5.151383772628657e-05,1.6553711549585576e-07,26.84521146337419,-13.35185205054407,-0.3435974258057748,0.5007754490988233,1.033094566461891,-0.03282219357339754
