,mass_1,radius_1,x_1,y_1,z_1,vx_1,vy_1,vz_1,mass_2,radius_2,x_2,y_2,z_2,vx_2,vy_2,vz_2,mass_3,radius_3,x_3,y_3,z_3,vx_3,vy_3,vz_3,mass_4,radius_4,x_4,y_4,z_4,vx_4,vy_4,vz_4,mass_5,radius_5,x_5,y_5,z_5,vx_5,vy_5,vz_5,mass_6,radius_6,x_6,y_6,z_6,vx_6,vy_6,vz_6,mass_7,radius_7,x_7,y_7,z_7,vx_7,vy_7,vz_7,mass_8,radius_8,x_8,y_8,z_8,vx_8,vy_8,vz_8
0,1.660120825375342e-07,1.631393540950981e-08,0.1512403482486299,0.2701431367977608,0.008195586672958957,-11.017035379635605,5.427669608476412,1.4543198779834607,2.447838287784771e-06,4.045378434654418e-08,-0.6760260324257964,0.2412048300292644,0.0423207306413033,-2.517235757431715,-6.992315470611225,0.049466876394821425,3.040432648020684e-06,4.437104331057835e-07,0.5472820352277186,0.8230126936782973,-2.582493701590123e-05,-5.33500130556764,3.456129717523,-9.704751879548927e-05,3.2271560375549955e-07,2.270212793877687e-08,0.5795581779330612,-1.287115844513456,-0.04119693653160363,4.853966888286679,2.5366340328362487,-0.06603176307253754,0.0009547919099366768,4.778945025452157e-07,1.741196744743489,4.740010713822603,-0.0586491598715518,-2.6229072700286737,1.082485497674845,0.05419812069284247,0.0002858856700231729,4.0286669668487467e-07,-8.20190216978979,-5.312120201324782,0.4189178611867521,0.9952293887401842,-1.7142843881433099,-0.00982309823021391,4.3662496132004074e-05,1.708513622580592e-07,19.91309520317695,2.411500438513952,-0.248981188932286,-0.18528325117836245,1.3598476078109045,0.007469647138059504,5.151383772628657e-05,1.6553711549585576e-07,26.49832577925168,-14.04484049493906,-0.3213334052832355,0.527213596450967,1.0204578054189555,-0.03315462843335527
