,flag,epoch,sbx,sby,sbz,sbvx,sbvy,sbvz
0,1.0,2457293.5,28.715595288733212,21.81590789229383,4.166841325235288,-0.8032871843449929,0.7777035751774485,0.12178188917740311
