,flag,epoch,sbx,sby,sbz,sbvx,sbvy,sbvz
0,1.0,2457660.0,-1.6709508680959217,-1.3307072534959639,0.2568872944854208,2.9174090121957095,-3.389376656133171,0.11376678583314838
1,1.0,2457660.0,-1.6709508710069976,-1.3307072463627065,0.256887281753118,2.9174090122335516,-3.389376659485466,0.11376678292193587
