,flag,epoch,sbx,sby,sbz,sbvx,sbvy,sbvz
0,1.0,2457288.5,-27.489195155913713,-13.069663107125264,0.2071432451200339,0.7094753032859373,-0.8407287392587347,0.6243993413070311
