,flag,epoch,sbx,sby,sbz,sbvx,sbvy,sbvz
0,1.0,2457486.5,31.474065435397126,38.04696843531983,-0.25689521512274327,-0.5906887502979651,0.61202481522264,-0.0517323431427343
