,flag,epoch,sbx,sby,sbz,sbvx,sbvy,sbvz
0,1.0,2457535.5,41.93994611353967,-14.573390720944317,-1.5551459142801802,0.24672994148551605,0.9071929974522941,-0.019776350062379103
