,flag,epoch,sbx,sby,sbz,sbvx,sbvy,sbvz
0,1,2457600.0,0.9754931976721077,-1.6571069208064038,0.07983368486762264,4.438209763434591,1.8670846885606918,0.5951949129523397
