,flag,epoch,sbx,sby,sbz,sbvx,sbvy,sbvz
0,1.0,2455580.0,-2.1262490141674615,2.310866440062816,0.5544139898947288,-2.6615644286248954,-1.6090718392341534,0.4716745960003524
1,1.0,2455580.0,-2.126249021949999,2.3108664522774163,0.5544139997553219,-2.661564399741886,-1.609071840084736,0.471674618974889
