,flag,epoch,sbx,sby,sbz,sbvx,sbvy,sbvz
0,1.0,2456943.5,2.306526949979773,0.3786337090014875,0.3167585868796415,-1.6210852038563697,4.9511860893884405,-0.6052515792859221
