,flag,epoch,sbx,sby,sbz,sbvx,sbvy,sbvz
0,1,2456470.0,-3.7469614631531845,-0.0011934497345380546,0.010471041964978297,0.06410054763876895,-2.9080233826303923,-0.020853109279263524
