,flag,epoch,sbx,sby,sbz,sbvx,sbvy,sbvz
0,1.0,2457900.0,2.446762204820308,0.31062907976338405,-0.12485595681301931,-0.5527079965951629,3.8513633335050392,-0.39697083301491687
1,1.0,2457900.0,2.446762235510965,0.3106288053497205,-0.12485601062862023,-0.5527077627961361,3.8513633582537614,-0.39697085241957747
