,flag,epoch,sbx,sby,sbz,sbvx,sbvy,sbvz
0,1,2457320.0,-0.9992954131061496,2.058605883089728,-0.03960176566284016,-3.5056907451129358,-2.0598654621678563,-0.25777493499678106
