,flag,epoch,sbx,sby,sbz,sbvx,sbvy,sbvz
0,1.0,2457780.0,-1.238270661664793,2.1406983835814817,-0.2628008624814543,-3.202802376364051,-2.067830938900135,0.16248064842198354
1,1.0,2457780.0,-1.238270653559715,2.1406983877719754,-0.2628008677360653,-3.20280239746491,-2.0678309191027,0.16248066268151223
