,flag,epoch,sbx,sby,sbz,sbvx,sbvy,sbvz
0,1.0,2456730.0,2.5711971075665674,-0.9277755341633432,0.12500565952298745,1.1245692832795597,3.339629187550132,-0.44275337059159875
