,flag,epoch,sbx,sby,sbz,sbvx,sbvy,sbvz
0,1.0,2457000.0,-10.191850230021831,-26.860572898861918,4.006750416576756,1.2377253078894335,-0.2850139581316482,0.3322104318987574
