,flag,epoch,sbx,sby,sbz,sbvx,sbvy,sbvz
0,1,2457530.0,-2.1937911471062326,-0.8990449842838018,-0.3099575920578126,1.8140035601115998,-3.5538453150388136,-0.7161708666702812
