,flag,epoch,sbx,sby,sbz,sbvx,sbvy,sbvz
0,1.0,2457380.0,1.9944254575105786,-0.009780160091232615,-0.2666005887393673,0.24343506310420285,4.7157407075552245,-0.08367406554638575
1,1.0,2457380.0,1.9944254627605091,-0.009780142687887627,-0.2666005735208996,0.24343510936465387,4.715740692240913,-0.08367400790555725
