,mass_1,radius_1,x_1,y_1,z_1,vx_1,vy_1,vz_1,mass_2,radius_2,x_2,y_2,z_2,vx_2,vy_2,vz_2,mass_3,radius_3,x_3,y_3,z_3,vx_3,vy_3,vz_3,mass_4,radius_4,x_4,y_4,z_4,vx_4,vy_4,vz_4,mass_5,radius_5,x_5,y_5,z_5,vx_5,vy_5,vz_5,mass_6,radius_6,x_6,y_6,z_6,vx_6,vy_6,vz_6,mass_7,radius_7,x_7,y_7,z_7,vx_7,vy_7,vz_7,mass_8,radius_8,x_8,y_8,z_8,vx_8,vy_8,vz_8
0,1.660120825375342e-07,1.631393540950981e-08,-0.3027045333933421,-0.3349347097055186,0.0004015574693819592,5.536652416693971,-6.417606916560075,-1.0323330707826175,2.447838287784771e-06,4.045378434654418e-08,-0.6603629056114676,0.2810148016606201,0.04196184714869278,-2.926282589404377,-6.832379557890608,0.07514446819528435,3.040432648020684e-06,4.437104331057835e-07,0.8986308203512755,0.4296872887971476,-2.187943278313337e-05,-2.8130246630505606,5.645789504475711,-0.0002241141437064712,3.2271560375549955e-07,2.270212793877687e-08,-1.573748574707762,0.5427965723627243,0.04999717196463946,-1.4750690834983038,-4.395210657271607,-0.055903035448532,0.0009547919099366768,4.778945025452157e-07,-4.578978422224274,-2.938842597051401,0.1146643005572395,1.4567605338062257,-2.1916325362659053,-0.02349565808884719,0.0002858856700231729,4.0286669668487467e-07,-0.3444091394936742,-10.05538737008295,0.1884829845817775,1.9265235765594053,-0.07790278961690353,-0.0753269442449426,4.3662496132004074e-05,1.708513622580592e-07,17.85389174532735,8.810773280770643,-0.1984549286786575,-0.6446162847607949,1.2191351775340573,0.012866909655592418,5.151383772628657e-05,1.6553711549585576e-07,28.6134372857346,-8.821045720454437,-0.4778130942414019,0.33184266502388576,1.1005635620635608,-0.030353689129652674
