,flag,epoch,sbx,sby,sbz,sbvx,sbvy,sbvz
0,1.0,2458045.5,32.26750337986857,26.033490988551936,-8.96999133062168,-0.7296128320402684,0.6540021489341368,0.3188896181058105
