,flag,epoch,sbx,sby,sbz,sbvx,sbvy,sbvz
0,1.0,2457410.0,-2.1682959670974125,1.0772171933113355,0.593550136329758,-1.9991137246324728,-3.5815931758273765,-0.06592654978738917
1,1.0,2457410.0,-2.1682960628073573,1.0772171417053866,0.5935501432067649,-1.9991136552511104,-3.5815931035535096,-0.06592656422125472
