,flag,epoch,sbx,sby,sbz,sbvx,sbvy,sbvz
0,1.0,2453872.5,33.194583229652736,-29.819845302866973,-2.4288849453049766,0.6280028200876779,0.6858288543105677,-0.012315481425710385
