,mass_1,radius_1,x_1,y_1,z_1,vx_1,vy_1,vz_1,mass_2,radius_2,x_2,y_2,z_2,vx_2,vy_2,vz_2,mass_3,radius_3,x_3,y_3,z_3,vx_3,vy_3,vz_3,mass_4,radius_4,x_4,y_4,z_4,vx_4,vy_4,vz_4,mass_5,radius_5,x_5,y_5,z_5,vx_5,vy_5,vz_5,mass_6,radius_6,x_6,y_6,z_6,vx_6,vy_6,vz_6,mass_7,radius_7,x_7,y_7,z_7,vx_7,vy_7,vz_7,mass_8,radius_8,x_8,y_8,z_8,vx_8,vy_8,vz_8
0,1.660120825375342e-07,1.631393540950981e-08,0.2168707899980662,0.2286681583926329,-0.001220434837969033,-9.489235657259174,7.502924014531123,1.483794169836196,2.447838287784771e-06,4.045378434654418e-08,0.4761949836270781,-0.5498359889838531,-0.03500813652767012,5.535588903189282,4.809994904548512,-0.2536751496185548,3.040432648020684e-06,4.437104331057835e-07,-0.5671513499783815,-0.8371897055403072,1.36028888043665e-05,5.1003462709361225,-3.5480735546215847,4.5173886797197675e-05,3.2271560375549955e-07,2.270212793877687e-08,-1.242826838561571,1.096250059025679,0.05350068001204319,-3.188390030746985,-3.397243266497129,0.007141701998042554,0.0009547919099366768,4.778945025452157e-07,-3.840907494114618,-3.821155602601388,0.1018115914303434,1.911271868869226,-1.825901830591241,-0.03518867164591699,0.0002858856700231729,4.0286669668487467e-07,-6.081075437425424,6.810514870831278,0.1234238138288697,-1.6278593253312132,-1.363303449182122,0.08850932483511209,4.3662496132004074e-05,1.708513622580592e-07,19.03583289758041,-6.384634654375306,-0.2702708599625376,0.44748213089581207,1.2931241452734366,-0.0009755016951036214,5.151383772628657e-05,1.6553711549585576e-07,22.26614128769642,-20.18722353581904,-0.09745362721798703,0.7638952513316203,0.8542235562749735,-0.0352149910440862
