,flag,epoch,sbx,sby,sbz,sbvx,sbvy,sbvz
0,1.0,2456670.0,2.5698344608845827,-1.7428737960072782,-0.7008332763081578,1.723393257685661,3.0782213988288287,0.357291664827736
1,1.0,2456670.0,2.5698346206852167,-1.7428737228084927,-0.7008333135601094,1.7233930834184388,3.0782213647037806,0.3572916692731579
