,flag,epoch,sbx,sby,sbz,sbvx,sbvy,sbvz
0,1.0,2457670.5,38.446015205411776,6.329253877756477,-3.8197616464437147,-0.22250962225066123,1.0567702345135397,-0.06033002042926987
