,mass_1,radius_1,x_1,y_1,z_1,vx_1,vy_1,vz_1,mass_2,radius_2,x_2,y_2,z_2,vx_2,vy_2,vz_2,mass_3,radius_3,x_3,y_3,z_3,vx_3,vy_3,vz_3,mass_4,radius_4,x_4,y_4,z_4,vx_4,vy_4,vz_4,mass_5,radius_5,x_5,y_5,z_5,vx_5,vy_5,vz_5,mass_6,radius_6,x_6,y_6,z_6,vx_6,vy_6,vz_6,mass_7,radius_7,x_7,y_7,z_7,vx_7,vy_7,vz_7,mass_8,radius_8,x_8,y_8,z_8,vx_8,vy_8,vz_8
0,1.660120825375342e-07,1.631393540950981e-08,0.1782197505661517,0.255421652098373,0.004521191963307745,-10.47202420257695,6.297161803084135,1.4752624372387917,2.447838287784771e-06,4.045378434654418e-08,0.5253654458363898,-0.5029031055595798,-0.0372151998316478,5.060562104906845,5.309055879562032,-0.21920279234256548,3.040432648020684e-06,4.437104331057835e-07,-0.09177528627808662,-1.011687166898609,4.238730646098047e-05,6.155999868617123,-0.591196221682672,-2.9126768323692436e-06,3.2271560375549955e-07,2.270212793877687e-08,-0.4181535721775312,1.548680682996039,0.04271565403654034,-4.740869522887572,-0.8976714098718552,0.0975383170737439,0.0009547919099366768,4.778945025452157e-07,-5.009724071701092,-2.1503841248915,0.1210282782496944,1.054928632232503,-2.4049344109242234,-0.01361798558431843,0.0002858856700231729,4.0286669668487467e-07,-1.00240092451645,-10.00587031602081,0.2138128900766773,1.917328576544901,-0.21140871047768078,-0.07264567444934328,4.3662496132004074e-05,1.708513622580592e-07,18.06930880873523,8.391042992941948,-0.2028017409524079,-0.6142208194213065,1.233630247451977,0.012533416942838832,5.151383772628657e-05,1.6553711549585576e-07,28.49746758861249,-9.19688591586047,-0.4673861441314168,0.3458826848166497,1.0958014044181756,-0.030581837748279658
