,flag,epoch,sbx,sby,sbz,sbvx,sbvy,sbvz
0,1,2457334.5,1.9275991139172188,-0.07598825992840841,0.10959902338590545,0.6989215365641779,4.731531400208316,0.09056911135833959
