,flag,epoch,sbx,sby,sbz,sbvx,sbvy,sbvz
0,1,2456880.0,-0.6116540004572786,-2.7772705957206876,-0.14238390518547853,3.5777357727254246,-0.8185519987208089,-0.21926825712854658
