,flag,epoch,sbx,sby,sbz,sbvx,sbvy,sbvz
0,1.0,2457460.0,1.0534248681000762,-1.9125709369895414,-0.08276040187457646,3.5955332855415865,2.5103455325804545,0.4623780686667316
1,1.0,2457460.0,1.0534248431701303,-1.9125709391360455,-0.0827604289336768,3.5955333236056615,2.510345511724508,0.4623780816651136
