,mass_1,radius_1,x_1,y_1,z_1,vx_1,vy_1,vz_1,mass_2,radius_2,x_2,y_2,z_2,vx_2,vy_2,vz_2,mass_3,radius_3,x_3,y_3,z_3,vx_3,vy_3,vz_3,mass_4,radius_4,x_4,y_4,z_4,vx_4,vy_4,vz_4,mass_5,radius_5,x_5,y_5,z_5,vx_5,vy_5,vz_5,mass_6,radius_6,x_6,y_6,z_6,vx_6,vy_6,vz_6,mass_7,radius_7,x_7,y_7,z_7,vx_7,vy_7,vz_7,mass_8,radius_8,x_8,y_8,z_8,vx_8,vy_8,vz_8
0,1.660120825375342e-07,1.631393540950981e-08,0.05046849126223348,0.3027440266649878,0.0201081340804297,-12.19708362428215,2.0698325205519126,1.288089994708789,2.447838287784771e-06,4.045378434654418e-08,-0.3010058432504223,-0.6598482186697181,0.008318617162358214,6.670427463187163,-3.0986823065323663,-0.42743219738967814,3.040432648020684e-06,4.437104331057835e-07,0.1554162520766689,0.9721404565169965,-4.154527989313632e-05,-6.307351308637858,0.9686369222177836,-1.5166949613611107e-05,3.2271560375549955e-07,2.270212793877687e-08,-1.637448551254579,-0.1497539287474747,0.03704785815438374,0.6563134673694736,-4.653298009504776,-0.11361734684715383,0.0009547919099366768,4.778945025452157e-07,-4.347081273883666,-3.260382272384736,0.1108105201783336,1.6219317675591274,-2.076939221640847,-0.027668292990509265,0.0002858856700231729,4.0286669668487467e-07,-0.05419136525770107,-10.06268661055856,0.1770585510402876,1.927809744568998,-0.01903632702965818,-0.07639887161063418,4.3662496132004074e-05,1.708513622580592e-07,17.75582562460099,8.993858006025485,-0.1965065822754996,-0.6578731965964342,1.2125432051595273,0.013010704432657736,5.151383772628657e-05,1.6553711549585576e-07,28.66294190206467,-8.655165816422244,-0.4823762131355639,0.32566324541308206,1.1026214298474497,-0.03025240120084331
