,mass_1,radius_1,x_1,y_1,z_1,vx_1,vy_1,vz_1,mass_2,radius_2,x_2,y_2,z_2,vx_2,vy_2,vz_2,mass_3,radius_3,x_3,y_3,z_3,vx_3,vy_3,vz_3,mass_4,radius_4,x_4,y_4,z_4,vx_4,vy_4,vz_4,mass_5,radius_5,x_5,y_5,z_5,vx_5,vy_5,vz_5,mass_6,radius_6,x_6,y_6,z_6,vx_6,vy_6,vz_6,mass_7,radius_7,x_7,y_7,z_7,vx_7,vy_7,vz_7,mass_8,radius_8,x_8,y_8,z_8,vx_8,vy_8,vz_8
0,1.660120825375342e-07,1.631393540950981e-08,0.2007507973660553,0.240728860692468,0.001251571076347981,-9.930268365525608,0.0,0.0,2.447838287784771e-06,4.045378434654418e-08,0.7021660819574586,-0.1848694463799887,-0.04305504282119992,1.8429268739790403,0.0,0.0,3.040432648020684e-06,4.437104331057835e-07,-0.4441093854682004,0.8778240701107537,-2.762123203206895e-05,-5.709384281533128,0.0,0.0,3.2271560375549955e-07,2.270212793877687e-08,1.389868042708266,-0.02601387552835538,-0.03465849393397087,0.2922590390115037,0.0,0.0,0.0009547919099366768,4.778945025452157e-07,-3.818929679980858,3.711626883941951,0.0700398076776808,-1.9557182990200965,-1.848115937378926,0.05143690756439176,0.0002858856700231729,4.0286669668487467e-07,-5.335753426344009,-8.399263957413103,0.3584326819083905,1.6075129897631686,-1.0998120186749576,-0.044907348290638006,4.3662496132004074e-05,1.708513622580592e-07,19.28606312123649,5.310847250876217,-0.2300350419667759,-0.3931981912827345,1.3161281272227667,0.010007778908278945,5.151383772628657e-05,1.6553711549585576e-07,27.54686804817846,-11.79508859549821,-0.3918613050841792,0.44225468839987536,1.0588695973069997,-0.032035217310601216
