,flag,epoch,sbx,sby,sbz,sbvx,sbvy,sbvz
0,1.0,2457755.5,21.080235927405493,-22.798184193010837,5.101142188251526,0.8564476791878514,0.8015745170637157,-0.47728024893904214
