,flag,epoch,sbx,sby,sbz,sbvx,sbvy,sbvz
0,1,2456948.5,2.811504372683757,-1.3316460110787678,-0.5207344486707732,1.0872340531723097,2.98934726965415,0.4550084722585944
