,flag,epoch,sbx,sby,sbz,sbvx,sbvy,sbvz
0,1.0,2455890.0,2.223517574507511,-1.832735892360906,-0.09418960781234721,2.761314468833936,2.67557121255174,-0.08558761825733094
1,1.0,2455890.0,2.223517897387915,-1.8327354070463542,-0.09418932456363067,2.761314167843877,2.6755716390137017,-0.08558740776387863
