,flag,epoch,sbx,sby,sbz,sbvx,sbvy,sbvz
0,1.0,2457850.0,-2.432957563246328,0.24697390138498732,-0.20267353749975994,-0.7762469867832686,-3.840949111597678,0.24570336638125043
1,1.0,2457850.0,-2.4329575608037644,0.24697391628443033,-0.20267354180423042,-0.7762469895112515,-3.8409491069645125,0.24570334069800848
