,flag,epoch,sbx,sby,sbz,sbvx,sbvy,sbvz
0,1.0,2457930.0,2.1856212881711627,0.6378747742466857,0.14432680363688552,-0.6450638710904474,4.114561346921005,-0.31997519011288234
1,1.0,2457930.0,2.185621281154852,0.637874760132676,0.14432678894253803,-0.6450638586342786,4.114561372607658,-0.31997518254947716
