,flag,epoch,sbx,sby,sbz,sbvx,sbvy,sbvz
0,1.0,2455670.0,2.894048415738734,1.789157539435278,0.16663300985801174,-1.806729696011161,2.7788832202906217,0.17967636496068606
1,1.0,2455670.0,2.8940483418390386,1.7891575617426705,0.1666329813009153,-1.8067297472661898,2.7788832435308417,0.17967637688342195
