,flag,epoch,sbx,sby,sbz,sbvx,sbvy,sbvz
0,1.0,2456950.5,24.605825117519835,19.26122736520367,-6.180923944702624,-0.9359444590395941,0.7746117705912756,0.048322511112076895
