,flag,epoch,sbx,sby,sbz,sbvx,sbvy,sbvz
0,1.0,2457621.5,-1.496193756071209,-2.159730301924136,-0.19490625108401805,2.856769878062965,-2.1186595293829513,-0.03978832116797748
