,flag,epoch,sbx,sby,sbz,sbvx,sbvy,sbvz
0,1.0,2457660.0,-2.230138348132406,-1.5745614152989793,-0.059612370466940755,2.015482586265131,-2.856063418656275,-0.42278531462426694
1,1.0,2457660.0,-2.230138287780399,-1.5745614029872492,-0.059612368024288244,2.015482671493518,-2.8560634492429515,-0.42278537516020837
