,flag,epoch,sbx,sby,sbz,sbvx,sbvy,sbvz
0,1.0,2458010.0,1.725675938018407,1.0017185033617135,0.2041225655724127,-2.124357294209831,4.208080193650881,-0.13324986011862044
1,1.0,2458010.0,1.7256758482862231,1.001718627178745,0.20412259522841086,-2.124357528068079,4.208080095370329,-0.13324987017269946
