,flag,epoch,sbx,sby,sbz,sbvx,sbvy,sbvz
0,1.0,2456920.0,37.34811950980746,-18.08375252747315,-2.0068226302155248,0.483190081424779,0.8881121600343487,0.15520398290289464
