,flag,epoch,sbx,sby,sbz,sbvx,sbvy,sbvz
0,1.0,2457950.0,1.834782116581966,1.7803470184747914,-0.30629219776840555,-2.4456639557242297,2.8624150206369547,-0.06286579520112277
1,1.0,2457950.0,1.8347820937035233,1.7803470156392196,-0.3062921858355562,-2.445664001760002,2.862415004137195,-0.06286579039580184
