,flag,epoch,sbx,sby,sbz,sbvx,sbvy,sbvz
0,1.0,2457240.0,-2.6087797455834187,2.1906271273864024,-0.5944534434062758,-2.0168840486130923,-2.431734833841591,0.4541707278885415
1,1.0,2457240.0,-2.6087797128986256,2.190627120691677,-0.5944533832433695,-2.0168840911405197,-2.43173486360007,0.45417067211135465
