,flag,epoch,sbx,sby,sbz,sbvx,sbvy,sbvz
0,1.0,2458198.5,1.866679225833326,1.0820186460576295,0.2571511979259547,-1.9906736551148712,4.250013413417351,-0.2348392113466439
