,flag,epoch,sbx,sby,sbz,sbvx,sbvy,sbvz
0,1.0,2457710.0,-1.1761076821534813,2.3494429094766494,0.28874967804373436,-3.244531439042172,-1.6319111894392972,0.17176080301124277
1,1.0,2457710.0,-1.1761076938266903,2.349442905200457,0.2887496789486607,-3.244531433223119,-1.6319111941449898,0.17176080724266446
