,flag,epoch,sbx,sby,sbz,sbvx,sbvy,sbvz
0,1.0,2457599.5,30.831262857871984,0.2382903488435424,-13.598721916852098,0.0732080650856581,1.2966557860006238,0.2138730823919731
