,flag,epoch,sbx,sby,sbz,sbvx,sbvy,sbvz
0,1.0,2457620.0,-1.4618559291970699,1.8684941143360114,-0.05141847970676787,-3.454278909788819,-2.0435568964368858,0.4499975590362729
1,1.0,2457620.0,-1.4618559132614557,1.8684941402828141,-0.051418480500438665,-3.4542789284407376,-2.0435568471463035,0.44999754466078745
