,flag,epoch,sbx,sby,sbz,sbvx,sbvy,sbvz
0,1.0,2457740.0,1.8459336881799633,1.6646275944537643,0.274985509821543,-2.283837236022881,3.0849053503409603,0.12297177087081561
1,1.0,2457740.0,1.8459336782307005,1.6646275863627085,0.27498549731223587,-2.283837259883742,3.084905347728264,0.1229717534664717
