,flag,epoch,sbx,sby,sbz,sbvx,sbvy,sbvz
0,1.0,2457300.0,2.216566677167034,0.6290742542105761,0.11960607370750406,-1.9652376241811857,3.9686200586655334,0.5454731365645346
