,mass_1,radius_1,x_1,y_1,z_1,vx_1,vy_1,vz_1,mass_2,radius_2,x_2,y_2,z_2,vx_2,vy_2,vz_2,mass_3,radius_3,x_3,y_3,z_3,vx_3,vy_3,vz_3,mass_4,radius_4,x_4,y_4,z_4,vx_4,vy_4,vz_4,mass_5,radius_5,x_5,y_5,z_5,vx_5,vy_5,vz_5,mass_6,radius_6,x_6,y_6,z_6,vx_6,vy_6,vz_6,mass_7,radius_7,x_7,y_7,z_7,vx_7,vy_7,vz_7,mass_8,radius_8,x_8,y_8,z_8,vx_8,vy_8,vz_8
0,1.660120825375342e-07,1.631393540950981e-08,0.3566332790077199,-0.01841316869512696,-0.03422291044641437,-1.4555255219691483,0.0,0.0,2.447838287784771e-06,4.045378434654418e-08,0.5099398940693086,-0.5185590258472771,-0.03653656082366818,5.219603878519627,0.0,0.0,3.040432648020684e-06,4.437104331057835e-07,-0.9959287138717364,-0.03606428176270397,6.043916762078719e-06,0.12499729722538305,0.0,0.0,3.2271560375549955e-07,2.270212793877687e-08,-1.36470375407362,-0.8270030906373487,0.01616296109599953,2.8399566170981405,0.0,0.0,0.0009547919099366768,4.778945025452157e-07,-5.331811840219692,1.02211410573373,0.1150612326627572,-0.5522986330358133,-2.5792345325508217,0.023068716084740315,0.0002858856700231729,4.0286669668487467e-07,-3.313562226274256,-9.452412703791797,0.2962063303430244,1.8115332572997427,-0.6822916976347314,-0.060274399524217044,4.3662496132004074e-05,1.708513622580592e-07,18.75845353493512,6.839901712553632,-0.2174965011831188,-0.5026553816762376,1.280116780352085,0.011280230798335206,5.151383772628657e-05,1.6553711549585576e-07,28.04011344784441,-10.5373649109006,-0.4291816400811032,0.395597072624345,1.077587789151446,-0.031357029382967985
