,flag,epoch,sbx,sby,sbz,sbvx,sbvy,sbvz
0,1.0,2457980.0,2.214407611306201,0.36378647618780735,-0.08710563938031463,-0.21905177925362962,4.342602325621281,-0.4769421218269751
1,1.0,2457980.0,2.214407600789353,0.36378649256639506,-0.08710564383896677,-0.21905181235412216,4.34260233492003,-0.47694213668134344
