,flag,epoch,sbx,sby,sbz,sbvx,sbvy,sbvz
0,1.0,2457710.0,1.5090427508000792,2.022129533024252,-0.17988890694297568,-2.8425898658320214,2.4428977080913374,-0.32679278888207297
1,1.0,2457710.0,1.5090427710127872,2.022129562898875,-0.17988891008070534,-2.8425898095202267,2.442897694613165,-0.32679277757388764
