,flag,epoch,sbx,sby,sbz,sbvx,sbvy,sbvz
0,1.0,2457567.5,40.121433142615814,7.111903943106212,0.7030454051048687,-0.24321038993115035,1.0059777282851912,0.08936649997760697
