,flag,epoch,sbx,sby,sbz,sbvx,sbvy,sbvz
0,1.0,2457596.5,-75.27068461722416,20.143015086581748,-19.073172465871693,-0.10127249668394601,-0.4681386986249457,0.2932937087000815
