,flag,epoch,sbx,sby,sbz,sbvx,sbvy,sbvz
0,1.0,2457230.0,-0.8458392201133104,2.2020310841103794,-0.2264837681102322,-4.026308904522955,-0.9568112973647895,-0.193618509575447
1,1.0,2457230.0,-0.8458391983793032,2.202031083031187,-0.22648379027607835,-4.026308926602985,-0.9568112706460515,-0.19361853101485563
