,mass_1,radius_1,x_1,y_1,z_1,vx_1,vy_1,vz_1,mass_2,radius_2,x_2,y_2,z_2,vx_2,vy_2,vz_2,mass_3,radius_3,x_3,y_3,z_3,vx_3,vy_3,vz_3,mass_4,radius_4,x_4,y_4,z_4,vx_4,vy_4,vz_4,mass_5,radius_5,x_5,y_5,z_5,vx_5,vy_5,vz_5,mass_6,radius_6,x_6,y_6,z_6,vx_6,vy_6,vz_6,mass_7,radius_7,x_7,y_7,z_7,vx_7,vy_7,vz_7,mass_8,radius_8,x_8,y_8,z_8,vx_8,vy_8,vz_8
0,1.660120825375342e-07,1.631393540950981e-08,0.3172302190121811,0.1066570346817364,-0.02039033099178038,-5.268289994210989,10.198122783813185,1.3166197798789083,2.447838287784771e-06,4.045378434654418e-08,-0.6901787465029174,-0.2061850811096181,0.03700379718017727,2.065515292835289,-7.1116357367450735,-0.2166674512131412,3.040432648020684e-06,4.437104331057835e-07,0.9221438462527658,0.3791077494837911,-1.475457821470046e-05,-2.491459318958094,5.788269646475512,-0.0001830433195707465,3.2271560375549955e-07,2.270212793877687e-08,0.7027096724378257,-1.214929590579051,-0.04270374878958592,4.618384555966879,2.997969091302315,-0.05054083040824346,0.0009547919099366768,4.778945025452157e-07,-3.286862658473305,4.151420422672667,0.05630781531959166,-2.195945450916175,-1.5822028961548935,0.05570796417614179,0.0002858856700231729,4.0286669668487467e-07,-5.740047676044439,-8.106845844742343,0.3694525059477125,1.5504225699878968,-1.1843696666413757,-0.04116535685008648,4.3662496132004074e-05,1.708513622580592e-07,19.3836236174171,4.973065165287125,-0.2325600145928355,-0.3690169319505879,1.3228396297265634,0.009720221259742146,5.151383772628657e-05,1.6553711549585576e-07,27.43236115404344,-12.06560349220508,-0.3836423349218174,0.45235386429908364,1.0546063206495853,-0.03217642781246585
