,flag,epoch,sbx,sby,sbz,sbvx,sbvy,sbvz
0,1,2457262.5,-1.5213277894355635,-2.1633137282377444,0.1678558268472578,3.5467055235009934,-1.5457296355892955,0.37269199702938677
