,mass_1,radius_1,x_1,y_1,z_1,vx_1,vy_1,vz_1,mass_2,radius_2,x_2,y_2,z_2,vx_2,vy_2,vz_2,mass_3,radius_3,x_3,y_3,z_3,vx_3,vy_3,vz_3,mass_4,radius_4,x_4,y_4,z_4,vx_4,vy_4,vz_4,mass_5,radius_5,x_5,y_5,z_5,vx_5,vy_5,vz_5,mass_6,radius_6,x_6,y_6,z_6,vx_6,vy_6,vz_6,mass_7,radius_7,x_7,y_7,z_7,vx_7,vy_7,vz_7,mass_8,radius_8,x_8,y_8,z_8,vx_8,vy_8,vz_8
0,1.660120825375342e-07,1.631393540950981e-08,-0.3149391214170984,0.1548983762828666,0.04155065043134173,-6.6484380029487316,-8.786559580616434,-0.10799826889658573,2.447838287784771e-06,4.045378434654418e-08,-0.5655009233297369,-0.4497331155517594,0.02646681753766084,4.546432072046606,-5.816942811691065,-0.342112387893372,3.040432648020684e-06,4.437104331057835e-07,-0.5092021867446312,0.8421238860864112,-2.803466218268335e-05,-5.4796474197266765,-3.2750640570273326,0.00014300931533525057,3.2271560375549955e-07,2.270212793877687e-08,-1.643809074216154,-0.09835788683154234,0.03828215253598549,0.49574502892237915,-4.665518072211756,-0.10993453482876579,0.0009547919099366768,4.778945025452157e-07,-5.222356904058655,1.445392547944373,0.1108544907014052,-0.7687683433320278,-2.5286458181657134,0.027701502735338536,0.0002858856700231729,4.0286669668487467e-07,-3.611768383863889,-9.334323504275526,0.3060284763555174,1.788780640048785,-0.7434491834446121,-0.05830981139509328,4.3662496132004074e-05,1.708513622580592e-07,18.84045339202905,6.627402271630959,-0.2193504238095854,-0.4874415332295132,1.285659455354866,0.011105250069198729,5.151383772628657e-05,1.6553711549585576e-07,27.9740403678015,-10.71564311036832,-0.423979355258888,0.4021829943503934,1.0750108737285673,-0.031456378189391405
