,flag,epoch,sbx,sby,sbz,sbvx,sbvy,sbvz
0,1.0,2455410.0,-26.42718073989812,-30.159372256966407,-1.9806910498493493,0.8473976873856169,-0.575613269536561,-0.20415246704298837
