,flag,epoch,sbx,sby,sbz,sbvx,sbvy,sbvz
0,1.0,2457480.0,-1.591675682569857,1.9609486474831868,0.3093453035545538,-2.767082911493319,-2.5418665298476486,0.06570381807178896
1,1.0,2457480.0,-1.591675706207266,1.9609486037440012,0.30934530835428975,-2.767082916991004,-2.5418665876716386,0.06570380723609874
