,flag,epoch,sbx,sby,sbz,sbvx,sbvy,sbvz
0,1.0,2455440.0,2.027175864638576,2.991449673337602,0.37698597397713246,-2.1558569802907455,2.1158926116259824,-1.0120588153328036
1,1.0,2455440.0,2.027175934822278,2.9914495163597437,0.3769856672511263,-2.1558571056536944,2.1158927839482025,-1.012058552252092
