,flag,epoch,sbx,sby,sbz,sbvx,sbvy,sbvz
0,1,2453869.5,41.14142110223445,-12.44145484523759,1.5619366464641693,0.2725529637270631,0.9153491280884498,0.08989420633392121
