,mass_1,radius_1,x_1,y_1,z_1,vx_1,vy_1,vz_1,mass_2,radius_2,x_2,y_2,z_2,vx_2,vy_2,vz_2,mass_3,radius_3,x_3,y_3,z_3,vx_3,vy_3,vz_3,mass_4,radius_4,x_4,y_4,z_4,vx_4,vy_4,vz_4,mass_5,radius_5,x_5,y_5,z_5,vx_5,vy_5,vz_5,mass_6,radius_6,x_6,y_6,z_6,vx_6,vy_6,vz_6,mass_7,radius_7,x_7,y_7,z_7,vx_7,vy_7,vz_7,mass_8,radius_8,x_8,y_8,z_8,vx_8,vy_8,vz_8
0,1.660120825375342e-07,1.631393540950981e-08,0.3296775528703625,0.08011946121585979,-0.02369990144286364,-4.415573144207759,10.444429954456593,1.258512635980628,2.447838287784771e-06,4.045378434654418e-08,-0.3149007834741758,0.6453724975309547,0.02701797885038444,-6.664496396781288,-3.280695620794806,0.33963619798043093,3.040432648020684e-06,4.437104331057835e-07,-0.9489532475548186,-0.3196937582045126,1.355592550870965e-05,1.9039211450012716,-5.978720835294401,0.0001936801433127131,3.2271560375549955e-07,2.270212793877687e-08,0.9882684997779905,1.084184959870806,-0.001539084287243686,-3.582307627682506,3.8791322528423686,0.16920750740466567,0.0009547919099366768,4.778945025452157e-07,-4.229655020470766,3.276104020276035,0.08103908697236116,-1.7222534905384537,-2.050881001589912,0.04705537133607169,0.0002858856700231729,4.0286669668487467e-07,-4.971851181167114,-8.636258210292613,0.3480587734491764,1.6536525347762296,-1.0241092001613041,-0.048058687393407754,4.3662496132004074e-05,1.708513622580592e-07,19.19598532189826,5.603833174138588,-0.2277742099719943,-0.41415987112366354,1.3099100122803191,0.010255786782732194,5.151383772628657e-05,1.6553711549585576e-07,27.64456725668437,-11.55841314580714,-0.3989954995601354,0.4334495662410735,1.0624890919015288,-0.03190985839581497
