,flag,epoch,sbx,sby,sbz,sbvx,sbvy,sbvz
0,1.0,2457404.5,-36.55112049649458,1.6704896323537177,-6.6018599911348685,0.1631386597871727,-1.123889977557254,-0.3396068598492161
