,flag,epoch,sbx,sby,sbz,sbvx,sbvy,sbvz
0,1.0,2456910.0,-1.0951631026805053,-2.7764297530109423,0.4675769652271012,3.2339267508942107,-1.3317297543301923,0.9753054212764285
