,flag,epoch,sbx,sby,sbz,sbvx,sbvy,sbvz
0,1.0,2457800.0,-2.2774633138900002,0.7798966885185736,0.30502016521308334,-1.597787374675481,-3.5856392179300784,0.21863109471718067
1,1.0,2457800.0,-2.277463356756021,0.7798966572968576,0.30502017186661046,-1.5977873308111539,-3.5856391841224258,0.2186311144712401
