,mass_1,radius_1,x_1,y_1,z_1,vx_1,vy_1,vz_1,mass_2,radius_2,x_2,y_2,z_2,vx_2,vy_2,vz_2,mass_3,radius_3,x_3,y_3,z_3,vx_3,vy_3,vz_3,mass_4,radius_4,x_4,y_4,z_4,vx_4,vy_4,vz_4,mass_5,radius_5,x_5,y_5,z_5,vx_5,vy_5,vz_5,mass_6,radius_6,x_6,y_6,z_6,vx_6,vy_6,vz_6,mass_7,radius_7,x_7,y_7,z_7,vx_7,vy_7,vz_7,mass_8,radius_8,x_8,y_8,z_8,vx_8,vy_8,vz_8
0,1.660120825375342e-07,1.631393540950981e-08,-0.305480487409972,-0.3316773051883937,0.0009237831808842855,5.470836725356657,-6.489849416249105,-1.0321996759620662,2.447838287784771e-06,4.045378434654418e-08,0.626685882294782,0.3617925380855092,-0.03120308688206926,-3.7165386803499056,6.366137819693408,0.30175378400317865,3.040432648020684e-06,4.437104331057835e-07,-0.6678838690771206,-0.7570658877408006,3.106836290365057e-05,4.60983104383428,-4.180693230181724,0.00013375604833702203,3.2271560375549955e-07,2.270212793877687e-08,-0.8915637295719923,-1.254694368363552,-0.004411756295704413,4.3585299610660275,-2.522487631269289,-0.1598306529566229,0.0009547919099366768,4.778945025452157e-07,-5.392478703786477,0.6847939556232231,0.1178195203651094,-0.38047910036073246,-2.606577436040458,0.019338387179847608,0.0002858856700231729,4.0286669668487467e-07,-3.076893607921348,-9.537997055512983,0.2882701911022419,1.8279760278085486,-0.6338454728779936,-0.06176805124408934,4.3662496132004074e-05,1.708513622580592e-07,18.69230827941517,7.006088437186955,-0.2160206081997189,-0.5145824115595113,1.2756419065959763,0.011417177958608096,5.151383772628657e-05,1.6553711549585576e-07,28.09122170899467,-10.39709684765019,-0.4332543913385771,0.3903932743532654,1.0795831178992408,-0.03127759483451838
