,flag,epoch,sbx,sby,sbz,sbvx,sbvy,sbvz
0,1.0,2457728.5,32.52103535243167,8.971007042579707,-2.2594034743076237,-0.21579591165800102,1.0703570606831736,0.06765974694318261
