,mass_1,radius_1,x_1,y_1,z_1,vx_1,vy_1,vz_1,mass_2,radius_2,x_2,y_2,z_2,vx_2,vy_2,vz_2,mass_3,radius_3,x_3,y_3,z_3,vx_3,vy_3,vz_3,mass_4,radius_4,x_4,y_4,z_4,vx_4,vy_4,vz_4,mass_5,radius_5,x_5,y_5,z_5,vx_5,vy_5,vz_5,mass_6,radius_6,x_6,y_6,z_6,vx_6,vy_6,vz_6,mass_7,radius_7,x_7,y_7,z_7,vx_7,vy_7,vz_7,mass_8,radius_8,x_8,y_8,z_8,vx_8,vy_8,vz_8
0,1.660120825375342e-07,1.631393540950981e-08,0.2420925594181603,0.206807550111432,-0.005327710037211704,-8.698313742751424,8.25381696033446,1.4726397340869688,2.447838287784771e-06,4.045378434654418e-08,0.6734881327506125,-0.2722961476920721,-0.04259468447836942,2.7279459331788467,6.817310986323735,-0.06432899778450818,3.040432648020684e-06,4.437104331057835e-07,-0.2928012978157782,-0.9712605667714214,-4.257677781545857e-06,5.914135835467802,-1.8374241598092391,-1.0918213742187484e-05,3.2271560375549955e-07,2.270212793877687e-08,0.6600865162467412,1.352934658339991,0.01211661215986975,-4.398826397116571,2.6756590976767805,0.1641896828275827,0.0009547919099366768,4.778945025452157e-07,4.78239220521513,-1.405164362369225,-0.1012866604848692,0.7410552846079247,2.7761371791797305,-0.02808809798164762,0.0002858856700231729,4.0286669668487467e-07,8.430345158891345,3.964083611360134,-0.404188162591153,-0.9747773415181873,1.8430217372735913,0.006682944448091073,4.3662496132004074e-05,1.708513622580592e-07,12.79924125575501,-15.18697252426331,-0.2223573510456361,1.0886490404323248,0.86200422822788,-0.010935326667191318,5.151383772628657e-05,1.6553711549585576e-07,15.29380976461553,-25.97125985252328,0.1822998374216885,0.9812095100746686,0.5913967514974364,-0.03473813868342187
