,flag,epoch,sbx,sby,sbz,sbvx,sbvy,sbvz
0,1,2457850.0,-1.5467992817337608,-2.6019356881169484,-0.21234559269612047,2.97416982207014,-1.2811502685556508,0.20672890666730742
