,flag,epoch,sbx,sby,sbz,sbvx,sbvy,sbvz
0,1,2457500.0,-2.9675094941068707,-0.2378444098091521,-0.07127939323142762,-0.21044611271896882,-3.290886116159623,-0.7165672514953785
