,flag,epoch,sbx,sby,sbz,sbvx,sbvy,sbvz
0,1.0,2457870.0,0.4852945416524966,-2.4504725714610123,0.0007612705279406787,3.7288954814662856,0.7797919595160551,-0.5038149959759521
1,1.0,2457870.0,0.4852945767842043,-2.4504725790348343,0.0007612754973881433,3.728895467165994,0.7797919507616745,-0.503814980849707
