,flag,epoch,sbx,sby,sbz,sbvx,sbvy,sbvz
0,1.0,2457060.0,-3.0523760639150495,1.9740922092759248,0.14153572639658785,-1.8213403161111787,-2.4035769101113305,0.057031003706461296
