,flag,epoch,sbx,sby,sbz,sbvx,sbvy,sbvz
0,1.0,2457697.5,-23.25385997966827,-37.715468463489785,-0.40589664286549487,0.8477953518054677,-0.4032908550454149,-0.033018247501032744
1,1.0,2457697.5,-23.253935937044574,-37.715623530344246,-0.40588755795942194,0.8477780617257655,-0.40331915289730236,-0.03302247809803391
