,mass_1,radius_1,x_1,y_1,z_1,vx_1,vy_1,vz_1,mass_2,radius_2,x_2,y_2,z_2,vx_2,vy_2,vz_2,mass_3,radius_3,x_3,y_3,z_3,vx_3,vy_3,vz_3,mass_4,radius_4,x_4,y_4,z_4,vx_4,vy_4,vz_4,mass_5,radius_5,x_5,y_5,z_5,vx_5,vy_5,vz_5,mass_6,radius_6,x_6,y_6,z_6,vx_6,vy_6,vz_6,mass_7,radius_7,x_7,y_7,z_7,vx_7,vy_7,vz_7,mass_8,radius_8,x_8,y_8,z_8,vx_8,vy_8,vz_8
0,1.660120825375342e-07,1.631393540950981e-08,-0.3154841416574662,0.1541747259920453,0.04154099123046306,-6.62520413240229,-8.798019264355622,-0.11108277489327073,2.447838287784771e-06,4.045378434654418e-08,0.7250624642419465,-0.02378897980015205,-0.04216673306634518,0.210174618478849,7.349971265252327,0.0886467059497384,3.040432648020684e-06,4.437104331057835e-07,-0.877225803767206,-0.4892023572315723,2.213553896681512e-05,2.9581650200273444,-5.511746176235178,0.0001894738269800738,3.2271560375549955e-07,2.270212793877687e-08,-1.114768675203557,-1.097317264385768,0.004364252450110849,3.777188287523223,-3.205025222852305,-0.15986613100680652,0.0009547919099366768,4.778945025452157e-07,-5.369658978289623,0.8272523684327452,0.1167173029952047,-0.4529790919790133,-2.5963938046172,0.020918066968243394,0.0002858856700231729,4.0286669668487467e-07,-3.176803685164236,-9.502729592069986,0.2916353843727938,1.8212027572337894,-0.6542881523743236,-0.06114432963670315,4.3662496132004074e-05,1.708513622580592e-07,18.7203479348518,6.936186068764738,-0.2166442040131325,-0.5095652307917246,1.277538945333791,0.011359664152943282,5.151383772628657e-05,1.6553711549585576e-07,28.06978491321009,-10.4561886878197,-0.4315408049612739,0.3925851237834481,1.078745660452792,-0.03131109377551743
