,flag,epoch,sbx,sby,sbz,sbvx,sbvy,sbvz
0,1.0,2457766.5,0.4732010384480352,2.6336462712611137,0.03821685343159417,-3.5539055057529083,1.101292554942565,0.05233036472185333
