,flag,epoch,sbx,sby,sbz,sbvx,sbvy,sbvz
0,1.0,2456850.0,0.10508213153944124,2.3012807885115043,-0.4436422251486376,-4.174188617419078,0.5873419358416432,0.7124507517482913
1,1.0,2456850.0,0.10508217493515981,2.3012808074077404,-0.44364224054299034,-4.174188571005487,0.5873419847425351,0.7124507632309773
