,flag,epoch,sbx,sby,sbz,sbvx,sbvy,sbvz
0,1.0,2456270.0,-36.000770612736574,-26.37678752794295,0.40745071492235285,0.5809081698904369,-0.7269180553199561,-0.053608502593122234
