,flag,epoch,sbx,sby,sbz,sbvx,sbvy,sbvz
0,1.0,2457910.0,-2.2520373292474654,-1.635154133090329,-0.21507738738652898,2.0571825042926197,-2.801710250596739,0.19944790150196576
1,1.0,2457910.0,-2.252037306869568,-1.635154170914671,-0.2150773908725521,2.0571825351899795,-2.801710220220495,0.19944790468093798
