,flag,epoch,sbx,sby,sbz,sbvx,sbvy,sbvz
0,1.0,2457610.0,0.42382296332088865,-2.070502220798994,-0.11658716686271126,4.4195236730429786,0.7697800637719481,0.41259314339397796
1,1.0,2457610.0,0.4238229635567268,-2.0705022088983944,-0.11658716484261575,4.419523695714832,0.769780073125158,0.41259315414965736
