,flag,epoch,sbx,sby,sbz,sbvx,sbvy,sbvz
0,1.0,2457799.5,2.9829864264950534,-0.996221390900875,-0.11495038228393271,1.3919390199965127,3.207048825216147,-0.09988858590601964
