,flag,epoch,sbx,sby,sbz,sbvx,sbvy,sbvz
0,1.0,2456780.0,1.95635593333791,1.0020049507219189,-0.13053770789779395,-1.677430870355987,3.9120880490092746,-0.6875551254621846
