,flag,epoch,sbx,sby,sbz,sbvx,sbvy,sbvz
0,1.0,2457560.0,-39.05550303814931,-17.231938994602693,3.8297247237496537,0.28221138837491255,-0.8396307031288791,-0.3712498859667095
