,flag,epoch,sbx,sby,sbz,sbvx,sbvy,sbvz
0,1,2451391.5,42.33223762536699,-10.556035923501636,-0.17372837537987684,0.3376174299218546,0.8340800976139486,-0.08292829748980005
