,flag,epoch,sbx,sby,sbz,sbvx,sbvy,sbvz
0,1.0,2453363.5,-43.00854643169558,5.987330661948203,-2.7422627448447248,0.2930759553648281,-1.0699725464715761,-0.5035663914288049
