,flag,epoch,sbx,sby,sbz,sbvx,sbvy,sbvz
0,1.0,2457946.5,2.3834447626788893,1.7816624482014625,-0.10586548842815448,-2.3904582953463227,2.7057665939367666,-0.06980399170274068
