,mass_1,radius_1,x_1,y_1,z_1,vx_1,vy_1,vz_1,mass_2,radius_2,x_2,y_2,z_2,vx_2,vy_2,vz_2,mass_3,radius_3,x_3,y_3,z_3,vx_3,vy_3,vz_3,mass_4,radius_4,x_4,y_4,z_4,vx_4,vy_4,vz_4,mass_5,radius_5,x_5,y_5,z_5,vx_5,vy_5,vz_5,mass_6,radius_6,x_6,y_6,z_6,vx_6,vy_6,vz_6,mass_7,radius_7,x_7,y_7,z_7,vx_7,vy_7,vz_7,mass_8,radius_8,x_8,y_8,z_8,vx_8,vy_8,vz_8
0,1.660120825375342e-07,1.631393540950981e-08,0.04255296324582115,-0.457002850776728,-0.04124685424480101,8.170739581665794,1.4805358305743148,-0.6286033052469052,2.447838287784771e-06,4.045378434654418e-08,-0.7169820803629551,-0.05663312305542516,0.04059756180499178,0.5365087744199796,-7.397402595770123,-0.1324315864027469,3.040432648020684e-06,4.437104331057835e-07,0.7308156833034105,0.670118818331876,-3.123745985581464e-05,-4.349159176911966,4.608198505351866,-0.00017494164997388335,3.2271560375549955e-07,2.270212793877687e-08,-1.627624630535546,0.3338354221185987,0.04694050707271939,-0.8358001962941761,-4.570253266851954,-0.07525958945569487,0.0009547919099366768,4.778945025452157e-07,-4.509965233408855,-3.040059206031885,0.1135403581507489,1.5086553406582035,-2.1575051582557587,-0.02479889058125395,0.0002858856700231729,4.0286669668487467e-07,-0.2547279125964759,-10.05858997507825,0.1849691007744389,1.9271044105794262,-0.05971374727677672,-0.0756656192098579,4.3662496132004074e-05,1.708513622580592e-07,17.82379358421655,8.867468954426238,-0.1978550251610646,-0.6487184768840601,1.2171096661424756,0.01291130297459211,5.151383772628657e-05,1.6553711549585576e-07,28.62883802545091,-8.769806868544704,-0.4792251395779268,0.3299359371939783,1.101200155764847,-0.030322686460166944
