,flag,epoch,sbx,sby,sbz,sbvx,sbvy,sbvz
0,1.0,2457820.0,-1.9574040047691672,1.1365367654102874,-0.23642315983732354,-1.7917246603133141,-3.75115418803309,0.18632372748484968
1,1.0,2457820.0,-1.957404033517065,1.136536798471218,-0.23642316706774114,-1.7917246399149869,-3.7511541169659526,0.1863237125815584
